# {"t_start": 1757073748.4113672, "env_id": "graff-v0"} 
r,obj_lift,obj_grab,l,t
5689.652709,0.82,0.83,200,7.69516
4123.861727,0.735,0.74,200,12.308028
5099.077412,0.825,0.835,200,17.005249
5136.007938,0.815,0.835,200,21.67443
5718.047286,0.82,0.83,200,26.338289
5681.693512,0.795,0.81,200,31.026312
5585.322808,0.8,0.805,200,35.786022
4222.086637,0.875,0.875,200,40.536427
5743.792629,0.855,0.855,200,45.370858
3362.062232,0.89,0.89,200,50.19164
5558.940047,0.795,0.8,200,57.390349
5735.702953,0.835,0.845,200,62.224017
5327.98969,0.83,0.83,200,66.992999
5646.249039,0.785,0.8,200,71.684617
5606.813834,0.79,0.8,200,76.286938
2902.884795,0.86,0.865,200,81.105056
2665.044779,0.88,0.88,200,85.889723
4104.46283,0.875,0.875,200,90.652902
5669.055565,0.815,0.825,200,95.486164
5658.717322,0.805,0.805,200,100.202345
4571.50077,0.43,0.46,200,107.22422
5555.383384,0.79,0.79,200,112.128198
5709.976734,0.83,0.83,200,116.864171
5682.134241,0.815,0.82,200,121.646297
5667.44919,0.8,0.81,200,126.425482
5742.736991,0.86,0.865,200,131.26866
4829.048227,0.825,0.835,200,136.054842
5720.031222,0.825,0.825,200,140.652733
5725.874537,0.825,0.83,200,145.361232
5736.847682,0.84,0.84,200,149.900894
5431.152874,0.78,0.785,200,157.158339
5724.522703,0.82,0.84,200,161.838405
5380.242293,0.81,0.82,200,166.5725
4153.35059,0.825,0.845,200,171.264273
5752.865224,0.875,0.88,200,175.878201
5659.203921,0.8,0.8,200,180.608517
5738.037296,0.835,0.845,200,185.265248
5030.739589,0.815,0.835,200,189.907421
5684.558912,0.815,0.825,200,194.749161
5746.932131,0.85,0.86,200,199.590533
5656.863281,0.8,0.805,200,206.376304
2956.508363,0.85,0.86,200,211.142696
4888.623697,0.825,0.85,200,215.720878
4559.793816,0.835,0.855,200,220.415737
4257.625222,0.835,0.835,200,225.259791
5661.293816,0.79,0.795,200,230.009507
5665.58212,0.785,0.815,200,234.815948
3310.222269,0.865,0.865,200,239.535894
4370.904144,0.84,0.86,200,244.331702
5746.92591,0.87,0.87,200,249.118175
4631.32484,0.83,0.83,200,256.15835
5669.839849,0.815,0.815,200,260.936139
5013.999608,0.53,0.53,200,265.703973
5727.581946,0.835,0.835,200,270.458165
4730.327007,0.81,0.845,200,275.20267
5653.14248,0.765,0.775,200,279.838948
3003.180668,0.88,0.88,200,284.398728
5612.023103,0.79,0.805,200,289.083085
4977.39282,0.82,0.84,200,293.917741
5555.705232,0.785,0.805,200,298.832828
4337.84406,0.855,0.855,200,306.206876
3717.819598,0.045,0.055,200,310.996006
5711.754137,0.815,0.84,200,315.801316
5478.039578,0.77,0.785,200,320.658413
4355.418012,0.885,0.885,200,325.48736
2661.04815,0.86,0.865,200,330.336933
5743.462078,0.85,0.86,200,335.142113
5667.658575,0.8,0.805,200,340.008035
4426.916146,0.84,0.86,200,344.915053
5660.335241,0.79,0.79,200,349.707519
4811.402106,0.84,0.84,200,356.946728
5756.803321,0.855,0.875,200,361.738881
5744.983529,0.845,0.845,200,366.566872
5660.071435,0.78,0.785,200,371.381257
3987.543251,0.84,0.87,200,376.100163
5640.106615,0.79,0.8,200,380.912673
5753.306341,0.86,0.86,200,385.758885
4855.250619,0.835,0.845,200,390.423412
4569.58003,0.845,0.85,200,394.994446
5758.660163,0.855,0.855,200,399.736698
5739.620001,0.855,0.86,200,406.867269
5033.26087,0.565,0.585,200,411.752537
5609.136676,0.815,0.815,200,416.563949
5271.948879,0.8,0.825,200,421.413184
5708.366057,0.83,0.83,200,426.254511
5586.255065,0.785,0.785,200,431.08333
4637.095099,0.825,0.845,200,435.992086
5579.930001,0.785,0.8,200,440.82126
3234.617723,0.845,0.86,200,445.746092
5751.963819,0.845,0.85,200,450.504848
5623.052501,0.795,0.795,200,457.483038
5689.565143,0.815,0.83,200,462.371634
2675.083695,0.88,0.88,200,467.202409
5747.260154,0.835,0.855,200,472.035818
4912.163735,0.515,0.515,200,476.800691
5422.854187,0.765,0.77,200,481.659699
4617.451472,0.84,0.86,200,486.529052
4594.492229,0.85,0.85,200,491.373678
5602.849901,0.8,0.805,200,496.032455
5721.739657,0.83,0.83,200,500.782825
5607.932027,0.855,0.86,200,507.88411
4281.884664,0.825,0.855,200,512.757681
3977.592476,0.87,0.875,200,517.665102
2494.384996,0.87,0.875,200,522.449731
4789.110056,0.83,0.835,200,527.154465
5724.061935,0.855,0.865,200,531.936138
5164.551877,0.8,0.82,200,536.590983
4549.957522,0.815,0.835,200,541.323801
5482.298481,0.805,0.81,200,546.144629
5741.820327,0.835,0.84,200,550.999069
4107.823064,0.845,0.855,200,557.967545
5344.938819,0.555,0.565,200,562.747971
5616.793306,0.8,0.805,200,567.64907
4924.889682,0.485,0.5,200,572.408994
5741.530525,0.845,0.85,200,577.273346
4962.190932,0.71,0.73,200,581.845707
4218.803306,0.365,0.39,200,586.458309
4948.267359,0.61,0.61,200,591.261156
2919.138849,0.875,0.88,200,596.022963
5550.92158,0.82,0.82,200,600.722963
5623.071033,0.81,0.815,200,607.647265
5752.128,0.845,0.855,200,612.468296
4138.574727,0.82,0.85,200,617.248674
5722.853656,0.845,0.85,200,621.906577
5505.675175,0.77,0.78,200,626.582735
2473.579071,0.865,0.87,200,631.454287
5741.103764,0.835,0.845,200,636.202854
4274.456856,0.87,0.87,200,640.843794
4732.428288,0.82,0.84,200,645.605607
2798.204148,0.875,0.875,200,650.440644
4357.494817,0.8,0.825,200,657.505604
3396.498305,0.855,0.87,200,662.341595
3823.538333,0.855,0.87,200,667.026182
4135.460097,0.835,0.86,200,671.825091
5664.603538,0.805,0.81,200,676.489972
3081.463046,0.885,0.885,200,681.260256
5614.381577,0.79,0.795,200,685.885552
4883.383702,0.845,0.845,200,690.571738
5651.355384,0.805,0.81,200,695.319507
3226.751424,0.855,0.865,200,700.023187
5755.47533,0.855,0.86,200,706.788472
5739.659439,0.845,0.85,200,711.551296
5634.928919,0.795,0.795,200,716.237675
5746.646183,0.86,0.875,200,721.045855
4750.994979,0.84,0.845,200,725.780709
4253.924278,0.88,0.88,200,730.615141
3909.464572,0.83,0.85,200,735.280911
5076.871856,0.83,0.83,200,740.045893
5722.617846,0.85,0.855,200,744.792849
5431.724298,0.83,0.835,200,749.577741
5677.257386,0.83,0.83,200,756.527967
5658.201579,0.8,0.805,200,761.280151
5512.125163,0.785,0.79,200,766.121019
3442.71809,0.85,0.865,200,770.831621
5746.111394,0.84,0.85,200,775.424895
5540.3408,0.79,0.805,200,780.036656
5268.566873,0.405,0.42,200,784.644252
5695.21035,0.82,0.825,200,789.44039
5596.545405,0.8,0.81,200,794.262627
5696.776908,0.83,0.83,200,799.108711
5279.410257,0.54,0.54,200,806.099596
5718.500145,0.83,0.835,200,810.955851
3238.167086,0.88,0.88,200,815.823643
5656.742632,0.81,0.815,200,820.706658
5681.396747,0.82,0.835,200,825.434575
4306.043405,0.815,0.82,200,830.178541
5472.24828,0.785,0.785,200,834.871578
5619.21207,0.825,0.825,200,839.70322
2966.916566,0.845,0.855,200,844.508081
4427.130677,0.825,0.855,200,849.3193
5717.982536,0.825,0.83,200,856.387259
5636.421021,0.815,0.815,200,861.110472
5714.161035,0.855,0.855,200,865.965296
3665.778886,0.835,0.85,200,870.711156
5729.74227,0.835,0.835,200,875.501632
5500.842485,0.78,0.78,200,880.335314
5744.183742,0.84,0.85,200,885.212288
5666.945352,0.78,0.805,200,890.012622
4364.556456,0.835,0.85,200,894.809873
5761.704047,0.855,0.86,200,899.633088
5635.315018,0.8,0.8,200,906.438846
4291.519371,0.875,0.88,200,911.067628
2640.024047,0.87,0.875,200,915.772411
3118.450702,0.86,0.865,200,920.60012
4825.481991,0.83,0.83,200,925.439395
3518.916256,0.85,0.865,200,930.177054
5734.249133,0.835,0.84,200,934.965173
2995.437536,0.07,0.07,200,939.740329
2650.579476,0.87,0.87,200,944.496312
5124.622677,0.625,0.625,200,949.373561
4517.799796,0.8,0.825,200,956.475706
5635.975264,0.785,0.8,200,961.254722
5749.721162,0.845,0.85,200,966.063292
4350.505595,0.825,0.83,200,970.893328
3106.478785,0.855,0.865,200,975.750833
2924.489374,0.87,0.875,200,980.49515
2566.059329,0.875,0.88,200,985.218229
3133.699118,0.85,0.86,200,989.84803
5462.991006,0.79,0.79,200,994.502464
5738.833897,0.84,0.845,200,999.221277
5620.944548,0.81,0.815,200,1006.229156
4367.902115,0.825,0.84,200,1010.976783
5724.30656,0.825,0.83,200,1015.858301
2895.663965,0.865,0.865,200,1020.52643
5616.904062,0.77,0.775,200,1025.149103
5755.873499,0.85,0.855,200,1029.822854
3881.054591,0.525,0.53,200,1034.539525
5573.879444,0.79,0.795,200,1039.26105
5700.293256,0.82,0.825,200,1043.959054
5703.639206,0.84,0.84,200,1048.838777
3304.200269,0.87,0.87,200,1055.85633
2777.729604,0.835,0.85,200,1060.579896
3079.159097,0.86,0.87,200,1065.290284
5751.955418,0.845,0.85,200,1070.020803
4325.046753,0.84,0.85,200,1074.77454
5557.882143,0.77,0.77,200,1079.581953
5506.653754,0.785,0.785,200,1084.319386
5750.074811,0.845,0.85,200,1089.043408
3171.778095,0.835,0.85,200,1093.84918
5741.783022,0.84,0.87,200,1098.610561
2747.687501,0.85,0.865,200,1105.539005
4489.343433,0.88,0.88,200,1110.294537
4960.946426,0.845,0.85,200,1115.118433
5659.409872,0.8,0.805,200,1120.011187
5627.951995,0.76,0.76,200,1124.928249
5642.024127,0.805,0.81,200,1129.725612
5726.165224,0.835,0.84,200,1134.344989
4272.096641,0.82,0.84,200,1139.037245
3397.784317,0.88,0.885,200,1143.79845
5425.838587,0.785,0.79,200,1148.6447
5437.75186,0.77,0.77,200,1155.820834
5720.536899,0.825,0.84,200,1160.590877
5516.949598,0.78,0.8,200,1165.204831
5651.208158,0.81,0.82,200,1169.971955
5592.070773,0.785,0.8,200,1174.696231
5663.785529,0.79,0.805,200,1179.502028
3582.18463,0.47,0.47,200,1184.277082
2561.695506,0.87,0.875,200,1189.11275
5573.600543,0.795,0.805,200,1193.797704
3338.355938,0.865,0.87,200,1198.709323
5743.930517,0.845,0.85,200,1205.876827
5729.614522,0.835,0.835,200,1210.626337
4549.076798,0.805,0.83,200,1215.367298
5738.138118,0.845,0.865,200,1220.088927
5571.31169,0.795,0.795,200,1224.892041
5521.922533,0.8,0.8,200,1229.535591
4306.446375,0.295,0.325,200,1234.335726
2637.983094,0.87,0.87,200,1239.122355
2927.543667,0.555,0.585,200,1243.903598
4250.462263,0.83,0.86,200,1248.675858
4475.55453,0.835,0.84,200,1255.70543
4525.437733,0.875,0.88,200,1260.57146
5743.736499,0.84,0.845,200,1265.279164
4995.59982,0.81,0.82,200,1269.895331
5688.304327,0.835,0.835,200,1274.717119
4345.665348,0.855,0.855,200,1279.431865
3544.100971,0.87,0.875,200,1284.121034
4932.13195,0.825,0.835,200,1288.87362
2766.743883,0.875,0.875,200,1293.492513
5686.919464,0.825,0.83,200,1298.108506
4059.381244,0.875,0.875,200,1305.147883
4558.031321,0.82,0.83,200,1309.939301
5087.002911,0.54,0.545,200,1314.643524
3155.020152,0.86,0.86,200,1319.525035
4532.900602,0.82,0.84,200,1324.444885
2571.002214,0.86,0.875,200,1329.241692
5698.792818,0.855,0.86,200,1334.030155
5749.625828,0.84,0.855,200,1338.91767
5472.424134,0.79,0.79,200,1343.76553
5739.024544,0.845,0.845,200,1348.507386
5748.80647,0.845,0.855,200,1355.32859
5657.604556,0.8,0.8,200,1360.000065
5604.014495,0.805,0.805,200,1364.65796
5735.066645,0.83,0.845,200,1369.420167
5479.122492,0.83,0.835,200,1374.177202
4204.66593,0.84,0.855,200,1378.854425
5570.296698,0.8,0.8,200,1383.665731
3230.385107,0.875,0.875,200,1388.535213
5560.039852,0.79,0.79,200,1393.401142
5593.695651,0.81,0.815,200,1398.277634
4549.195129,0.825,0.845,200,1405.261645
5748.167687,0.855,0.875,200,1410.109461
5471.539368,0.775,0.78,200,1414.868811
3948.970293,0.875,0.875,200,1419.628708
5742.813491,0.84,0.855,200,1424.362206
5583.095582,0.79,0.795,200,1429.19947
2907.98238,0.84,0.855,200,1433.984025
2477.037621,0.855,0.865,200,1438.704754
5755.715184,0.855,0.855,200,1443.396092
5654.307348,0.81,0.82,200,1448.246098
5674.124544,0.815,0.82,200,1455.235623
2538.93118,0.87,0.87,200,1459.980653
4785.030794,0.72,0.72,200,1464.843392
5465.883236,0.785,0.785,200,1469.601022
2544.998824,0.84,0.87,200,1474.271696
5551.081282,0.795,0.795,200,1479.137449
5499.295422,0.795,0.795,200,1483.969032
4873.7901,0.82,0.84,200,1488.755954
4603.334722,0.84,0.84,200,1493.586403
5757.612442,0.845,0.86,200,1498.409705
5709.824532,0.825,0.84,200,1505.597241
5656.336838,0.81,0.815,200,1510.353953
5659.003329,0.785,0.785,200,1515.138314
5619.875653,0.82,0.82,200,1519.886048
5625.931801,0.8,0.8,200,1524.649277
2771.734548,0.555,0.56,200,1529.356255
4636.96942,0.75,0.75,200,1534.022057
5625.258105,0.775,0.775,200,1538.79731
5490.170668,0.785,0.785,200,1543.577656
5023.38661,0.83,0.835,200,1548.333363
3567.107393,0.835,0.85,200,1555.285236
3821.374929,0.825,0.855,200,1560.089589
4816.149414,0.125,0.125,200,1564.894948
4421.58339,0.84,0.84,200,1569.554395
5568.073602,0.795,0.795,200,1574.210157
5494.00954,0.815,0.825,200,1579.029536
5757.159148,0.845,0.86,200,1583.902544
4882.46198,0.825,0.845,200,1588.533071
5487.80903,0.78,0.78,200,1593.288963
5743.532402,0.855,0.86,200,1598.19728
5747.849862,0.845,0.85,200,1605.019183
5110.138905,0.64,0.66,200,1609.676929
5629.100375,0.81,0.815,200,1614.478499
5457.7746,0.77,0.785,200,1619.273247
5759.606106,0.855,0.87,200,1624.07375
5738.082503,0.835,0.84,200,1629.002319
5727.757296,0.855,0.87,200,1633.77846
5640.819606,0.8,0.805,200,1638.557992
5107.057822,0.82,0.84,200,1643.319733
3245.981695,0.875,0.875,200,1647.997555
4295.29447,0.86,0.87,200,1654.934205
5608.722487,0.8,0.8,200,1659.641731
5606.848543,0.795,0.8,200,1664.261176
5743.400436,0.865,0.865,200,1669.086581
5718.905085,0.83,0.835,200,1673.777981
5733.247722,0.835,0.85,200,1678.66904
5663.56508,0.81,0.825,200,1683.491627
5758.345749,0.87,0.87,200,1688.21331
2617.429481,0.85,0.875,200,1693.029992
5766.099771,0.86,0.88,200,1697.7348
5671.465609,0.815,0.825,200,1704.833885
5537.770947,0.79,0.795,200,1709.702713
5625.515754,0.795,0.795,200,1714.620298
5728.254311,0.83,0.83,200,1719.642396
5760.953837,0.86,0.87,200,1724.472385
5538.596012,0.795,0.795,200,1729.360376
5738.163186,0.855,0.865,200,1734.184812
4386.541325,0.87,0.875,200,1738.967832
5762.824028,0.865,0.88,200,1743.784075
5657.39915,0.825,0.825,200,1748.513204
4074.964664,0.85,0.86,200,1755.881616
2567.324247,0.86,0.86,200,1760.632833
5719.085347,0.835,0.835,200,1765.515489
4521.571881,0.805,0.83,200,1770.270646
4738.119354,0.835,0.835,200,1775.062513
5739.777793,0.84,0.85,200,1779.853427
2929.965939,0.875,0.88,200,1784.625387
5417.838569,0.815,0.83,200,1789.429589
4486.253705,0.815,0.85,200,1794.161155
2889.062117,0.865,0.87,200,1798.963562
5737.579115,0.86,0.86,200,1805.683477
5732.612112,0.87,0.87,200,1810.424557
5629.630863,0.815,0.815,200,1815.195351
5761.069182,0.86,0.87,200,1820.051919
2570.067,0.865,0.865,200,1824.864453
3892.548908,0.745,0.765,200,1829.673925
3089.681806,0.84,0.86,200,1834.517445
5632.640047,0.8,0.805,200,1839.211932
5514.000342,0.79,0.79,200,1843.956608
5631.37978,0.815,0.82,200,1848.681809
2477.806158,0.85,0.855,200,1855.691818
5649.306821,0.8,0.8,200,1860.534238
3876.298691,0.83,0.84,200,1865.243294
5601.554281,0.805,0.805,200,1870.030151
5758.348546,0.875,0.88,200,1874.79969
3899.12561,0.82,0.855,200,1879.586846
2983.580997,0.865,0.87,200,1884.329461
4598.18207,0.825,0.845,200,1889.117386
5729.519624,0.825,0.845,200,1893.90732
5558.638627,0.795,0.805,200,1898.708269
5635.719586,0.81,0.815,200,1905.767212
5751.18491,0.87,0.88,200,1910.421919
4618.137129,0.53,0.535,200,1915.093976
5570.317603,0.81,0.81,200,1919.79129
5748.804286,0.845,0.855,200,1924.343709
5741.566418,0.845,0.845,200,1929.114319
3004.087253,0.88,0.88,200,1933.798269
5735.339024,0.84,0.845,200,1938.488495
5624.765909,0.8,0.8,200,1943.074257
5752.723149,0.835,0.85,200,1947.599889
5682.564009,0.82,0.825,200,1954.568728
4336.761136,0.83,0.84,200,1959.043386
5347.022151,0.815,0.815,200,1963.750984
4896.52647,0.83,0.85,200,1968.545695
5663.868069,0.845,0.87,200,1973.239521
4127.101035,0.81,0.84,200,1977.971602
5176.316099,0.815,0.815,200,1982.640841
5473.242182,0.795,0.795,200,1987.271805
5633.188938,0.83,0.835,200,1992.120965
5604.537687,0.79,0.79,200,1996.824837
4114.462044,0.84,0.855,200,2003.885715
4606.446349,0.825,0.845,200,2008.574086
4193.548977,0.88,0.88,200,2013.434814
3878.483753,0.585,0.585,200,2018.260227
2479.530435,0.85,0.87,200,2023.161937
5731.711132,0.855,0.885,200,2028.017021
5486.394809,0.805,0.815,200,2032.901806
5655.039386,0.855,0.88,200,2037.772599
4240.203401,0.85,0.865,200,2042.777942
5752.016274,0.85,0.85,200,2047.64769
5756.404923,0.875,0.88,200,2054.649452
5546.064718,0.795,0.8,200,2059.377386
5289.244747,0.81,0.815,200,2064.164171
5667.946443,0.84,0.84,200,2068.987581
5649.810783,0.845,0.87,200,2073.835731
5742.118662,0.85,0.855,200,2078.732862
5761.654823,0.865,0.865,200,2083.60156
5618.014052,0.805,0.815,200,2088.283188
4652.520647,0.64,0.665,200,2092.935387
2552.916255,0.88,0.885,200,2097.643243
5765.770842,0.85,0.86,200,2104.89732
5742.976624,0.84,0.84,200,2109.732435
2603.062194,0.87,0.88,200,2114.530669
5758.826874,0.85,0.855,200,2119.404531
5745.369525,0.85,0.855,200,2124.152454
5079.348717,0.84,0.84,200,2129.010209
2957.60344,0.86,0.86,200,2133.900361
5675.504896,0.815,0.815,200,2138.681879
5618.956834,0.81,0.81,200,2143.489527
4290.043537,0.84,0.85,200,2148.215664
4051.309357,0.845,0.85,200,2155.209861
5730.928805,0.855,0.86,200,2160.002235
3205.686028,0.855,0.865,200,2164.685999
5258.581279,0.825,0.83,200,2169.411829
5729.55878,0.85,0.865,200,2174.221992
5442.473819,0.77,0.77,200,2179.030447
5741.07766,0.85,0.85,200,2183.828622
3620.885832,0.845,0.865,200,2188.78464
5602.186644,0.8,0.8,200,2193.687385
5570.443772,0.805,0.805,200,2198.534965
5623.377522,0.81,0.825,200,2205.722341
4354.671707,0.83,0.845,200,2210.378678
5735.64229,0.83,0.835,200,2215.216171
4324.522391,0.81,0.84,200,2220.000186
4162.2676,0.845,0.86,200,2224.741144
4832.465784,0.81,0.84,200,2229.496412
5711.416559,0.85,0.86,200,2234.293902
2980.288439,0.86,0.86,200,2239.045337
5654.56751,0.83,0.83,200,2243.885816
4882.058999,0.855,0.86,200,2248.80177
5678.192491,0.855,0.88,200,2255.764972
5680.026938,0.81,0.82,200,2260.482402
5752.184972,0.84,0.85,200,2265.288485
5653.09035,0.81,0.82,200,2270.072598
5763.999787,0.865,0.865,200,2274.764978
5619.589051,0.805,0.81,200,2279.574922
5695.772037,0.84,0.84,200,2284.348461
4142.008404,0.835,0.845,200,2289.020091
5728.056299,0.835,0.84,200,2293.758038
3563.809449,0.845,0.855,200,2298.46422
5664.909277,0.84,0.87,200,2305.49533
3083.800829,0.84,0.855,200,2310.36831
5669.406559,0.805,0.805,200,2315.214066
5401.319839,0.82,0.825,200,2320.006195
5639.958203,0.81,0.815,200,2324.926016
5698.241562,0.825,0.83,200,2329.828933
5740.703984,0.85,0.855,200,2334.567196
5652.722464,0.825,0.825,200,2339.27708
5681.865512,0.825,0.825,200,2344.047604
5657.018748,0.825,0.83,200,2348.774823
5467.250305,0.815,0.825,200,2356.172431
2633.933787,0.875,0.88,200,2361.130497
5607.769364,0.805,0.805,200,2365.89656
3857.403151,0.86,0.88,200,2370.580354
5036.375548,0.645,0.645,200,2375.324015
3105.121494,0.32,0.325,200,2380.10953
5656.889196,0.795,0.8,200,2384.937432
5656.887179,0.82,0.82,200,2389.618256
4205.430559,0.835,0.86,200,2394.397068
5488.594334,0.82,0.82,200,2399.071857
3532.321175,0.845,0.87,200,2406.285609
5684.41588,0.855,0.87,200,2411.072654
5569.251679,0.8,0.81,200,2415.847183
5743.36637,0.84,0.855,200,2420.71043
5732.670471,0.835,0.84,200,2425.479046
5622.711678,0.815,0.815,200,2430.390502
3866.725004,0.475,0.495,200,2435.15994
5451.496671,0.78,0.78,200,2439.953443
2242.520388,0.325,0.325,200,2444.582006
5709.827061,0.825,0.83,200,2449.389211
2817.33677,0.85,0.865,200,2456.143849
5629.978109,0.825,0.83,200,2460.906198
2744.713152,0.62,0.62,200,2465.653979
5762.723801,0.855,0.86,200,2470.359862
5006.826987,0.8,0.825,200,2475.056385
5665.957985,0.815,0.815,200,2479.720442
5631.93692,0.83,0.86,200,2484.463505
5619.803313,0.805,0.805,200,2489.244875
5721.227637,0.84,0.845,200,2494.082243
5654.841585,0.815,0.82,200,2498.892012
5639.716312,0.805,0.81,200,2505.989264
5211.970404,0.775,0.78,200,2510.556028
5665.859144,0.8,0.8,200,2515.159014
5753.589572,0.85,0.855,200,2519.749598
5649.154238,0.82,0.82,200,2524.407645
4515.81046,0.825,0.84,200,2529.217685
5587.675368,0.795,0.795,200,2533.924124
5691.639807,0.825,0.835,200,2538.574637
4213.070623,0.825,0.845,200,2543.456033
5730.238355,0.86,0.86,200,2548.331094
5722.187051,0.83,0.845,200,2555.541383
5496.252419,0.79,0.79,200,2560.380255
5722.28303,0.84,0.84,200,2565.147134
5635.642373,0.82,0.825,200,2569.910294
5668.201566,0.825,0.825,200,2574.667588
5753.047031,0.845,0.86,200,2579.447157
5779.585825,0.875,0.875,200,2584.326353
5645.044735,0.78,0.785,200,2589.220301
5652.30585,0.81,0.82,200,2594.132829
4704.667248,0.835,0.845,200,2599.051615
5207.690281,0.84,0.84,200,2606.213072
5751.621851,0.835,0.855,200,2611.248163
2930.058356,0.86,0.88,200,2616.201163
5468.415789,0.78,0.785,200,2621.010556
5756.877971,0.855,0.865,200,2625.842759
5742.40815,0.84,0.84,200,2630.694333
4230.38572,0.835,0.85,200,2635.455106
5741.382867,0.84,0.855,200,2640.336299
5746.028519,0.85,0.85,200,2645.040752
5685.658451,0.86,0.86,200,2649.908069
3445.169095,0.865,0.875,200,2656.974468
5569.275173,0.79,0.795,200,2661.891029
5490.888312,0.785,0.795,200,2666.67288
5111.269502,0.825,0.85,200,2671.581522
5522.569347,0.795,0.795,200,2676.258231
5470.935291,0.785,0.795,200,2681.115558
5737.473545,0.845,0.845,200,2686.043505
5663.223581,0.82,0.825,200,2690.897032
5757.74892,0.86,0.86,200,2695.726846
5631.463991,0.805,0.825,200,2700.481821
3631.891104,0.645,0.655,200,2707.66368
5676.25395,0.805,0.805,200,2712.416266
5241.797961,0.7,0.7,200,2717.227016
5712.725262,0.82,0.835,200,2721.925575
5366.256136,0.8,0.815,200,2726.701163
3969.642772,0.83,0.85,200,2731.510878
5759.54141,0.845,0.86,200,2736.258349
5662.785029,0.825,0.825,200,2741.018479
5723.590813,0.855,0.87,200,2745.790955
5690.844561,0.82,0.825,200,2750.56405
5763.722811,0.85,0.86,200,2757.465561
5762.277027,0.86,0.86,200,2762.244268
4503.472833,0.82,0.84,200,2767.169105
5767.089165,0.855,0.88,200,2772.04202
5656.835186,0.805,0.805,200,2776.789364
5670.448939,0.8,0.8,200,2781.560873
3286.636478,0.87,0.875,200,2786.333241
5610.878837,0.82,0.82,200,2791.039848
5668.100818,0.79,0.81,200,2795.875983
3182.638599,0.865,0.865,200,2800.607574
5567.712305,0.81,0.81,200,2807.589624
5753.441418,0.86,0.88,200,2812.362906
5605.059538,0.805,0.81,200,2817.079689
5639.086626,0.8,0.8,200,2821.972968
4558.220076,0.82,0.845,200,2826.718267
2746.50887,0.88,0.89,200,2831.46536
5651.016789,0.815,0.82,200,2836.434561
5648.531406,0.815,0.825,200,2841.242152
5633.39053,0.81,0.81,200,2846.226865
5759.463904,0.85,0.865,200,2851.034112
5748.617521,0.84,0.85,200,2858.089542
5650.997827,0.79,0.81,200,2863.102674
2610.544487,0.855,0.865,200,2868.02305
5743.945982,0.85,0.85,200,2872.840444
5475.982011,0.785,0.795,200,2877.681619
5668.789418,0.87,0.875,200,2882.460697
4063.722456,0.86,0.86,200,2887.220228
2642.589836,0.87,0.875,200,2892.10573
4658.436117,0.875,0.875,200,2896.901609
5690.792677,0.825,0.83,200,2901.662138
5754.038271,0.85,0.855,200,2908.947243
5472.039214,0.785,0.785,200,2913.740793
3618.411731,0.795,0.795,200,2918.509585
5667.963444,0.795,0.795,200,2923.25969
5723.872057,0.835,0.84,200,2927.933131
5599.184346,0.815,0.815,200,2932.604887
5650.683165,0.82,0.82,200,2937.445306
5672.701303,0.825,0.825,200,2942.200107
2638.88575,0.855,0.86,200,2946.903783
4119.613089,0.26,0.275,200,2951.570406
5717.676784,0.84,0.84,200,2958.425598
5571.259452,0.795,0.81,200,2963.18942
4241.242331,0.83,0.85,200,2967.945219
5658.618765,0.78,0.79,200,2972.642684
2021.927109,0.0,0.0,200,2977.485229
5665.154132,0.815,0.82,200,2982.187442
5645.419175,0.855,0.865,200,2986.833363
5514.580025,0.795,0.82,200,2991.610767
5560.752547,0.8,0.8,200,2996.296442
5471.241939,0.765,0.785,200,3001.104206
5748.669941,0.84,0.845,200,3008.328487
5751.885196,0.855,0.855,200,3013.081942
5745.709762,0.86,0.87,200,3017.796651
5675.358201,0.855,0.865,200,3022.579068
5655.360233,0.805,0.805,200,3027.275478
5614.445597,0.815,0.815,200,3032.083577
5661.914347,0.81,0.825,200,3036.893512
5711.942767,0.83,0.835,200,3041.774113
5526.732469,0.8,0.805,200,3046.960052
5402.918006,0.805,0.815,200,3051.919417
2563.986877,0.865,0.875,200,3058.877371
5045.359378,0.83,0.83,200,3063.665651
3884.003858,0.865,0.865,200,3068.298057
5764.287003,0.86,0.87,200,3073.170479
4840.404347,0.82,0.82,200,3077.959666
5608.300289,0.81,0.825,200,3082.661794
5456.025027,0.775,0.78,200,3087.447224
5449.415154,0.79,0.805,200,3092.370228
5743.355726,0.845,0.845,200,3097.244707
5726.936845,0.85,0.855,200,3102.233241
5714.714762,0.835,0.84,200,3109.130474
5609.958778,0.87,0.88,200,3114.02848
4686.450535,0.85,0.86,200,3118.879352
4460.6394,0.83,0.845,200,3123.725525
5640.688208,0.815,0.82,200,3128.563199
4188.896014,0.86,0.86,200,3133.414068
5656.44552,0.785,0.785,200,3138.222696
5071.960555,0.835,0.835,200,3142.948758
5769.472043,0.855,0.86,200,3147.67308
5733.890135,0.83,0.84,200,3152.551473
5474.831746,0.775,0.775,200,3159.362611
5746.948727,0.85,0.85,200,3164.254193
5439.145434,0.805,0.83,200,3169.228734
4623.213837,0.825,0.84,200,3174.114997
5747.948705,0.84,0.86,200,3178.869194
3446.790187,0.83,0.855,200,3183.797503
5540.961464,0.8,0.8,200,3188.625358
5115.673712,0.585,0.59,200,3193.539223
4550.304391,0.815,0.85,200,3198.415531
5733.369742,0.845,0.845,200,3203.21589
5749.242583,0.84,0.855,200,3210.493788
5487.057765,0.87,0.87,200,3215.402177
5761.319963,0.86,0.865,200,3220.421382
5762.851213,0.87,0.87,200,3225.346899
5208.201703,0.83,0.84,200,3230.269549
4506.16046,0.825,0.825,200,3235.158131
5540.093833,0.8,0.8,200,3239.933018
5325.706733,0.825,0.83,200,3244.681943
2328.69027,0.02,0.035,200,3249.494594
3867.288503,0.865,0.865,200,3254.218659
5754.84449,0.855,0.86,200,3261.578645
5679.038232,0.815,0.825,200,3266.397482
5745.028996,0.85,0.87,200,3271.17994
3176.628759,0.88,0.88,200,3276.103017
3938.062022,0.52,0.53,200,3280.960247
5731.244989,0.835,0.84,200,3285.874116
2975.26377,0.875,0.875,200,3290.640064
5647.504071,0.82,0.82,200,3295.533034
2923.327126,0.87,0.87,200,3300.447069
5656.099195,0.82,0.82,200,3305.344354
5740.083503,0.86,0.865,200,3312.395415
5750.158119,0.85,0.85,200,3317.271903
5733.38109,0.845,0.845,200,3322.119919
5757.421364,0.855,0.865,200,3327.119267
5769.593656,0.865,0.865,200,3331.978042
5739.096779,0.835,0.845,200,3336.804207
5684.065818,0.86,0.86,200,3341.501089
4489.442453,0.505,0.51,200,3346.24599
5673.029139,0.815,0.815,200,3351.036406
5684.881635,0.805,0.805,200,3355.620811
5704.195261,0.835,0.835,200,3362.855716
3352.093945,0.69,0.69,200,3367.626005
4597.936222,0.835,0.835,200,3372.452483
5663.998844,0.81,0.815,200,3377.326561
5715.559518,0.865,0.875,200,3382.261179
5233.514734,0.88,0.88,200,3387.015105
3457.821418,0.88,0.88,200,3391.895574
5584.654462,0.795,0.81,200,3396.757812
5609.074038,0.825,0.825,200,3401.609368
2677.66938,0.88,0.88,200,3406.32744
5652.156047,0.82,0.82,200,3413.231109
3039.387424,0.885,0.885,200,3418.081922
5319.554199,0.665,0.675,200,3422.963881
5043.367936,0.6,0.605,200,3427.719614
4070.234738,0.745,0.745,200,3432.504181
4285.119282,0.84,0.855,200,3437.364286
5746.972539,0.87,0.885,200,3442.31941
5745.318433,0.85,0.85,200,3447.201371
3528.118161,0.875,0.875,200,3451.983904
5649.343178,0.82,0.82,200,3456.691568
5052.557794,0.555,0.555,200,3463.930727
2500.934471,0.875,0.885,200,3468.729949
5664.376049,0.83,0.83,200,3473.516958
4405.224488,0.86,0.86,200,3478.287019
5434.103921,0.825,0.84,200,3483.002416
5675.435916,0.8,0.81,200,3487.822889
5730.596571,0.85,0.87,200,3492.520009
5753.107601,0.855,0.86,200,3497.249858
5631.657984,0.795,0.8,200,3502.087954
2979.903513,0.86,0.87,200,3506.940724
2555.316632,0.86,0.87,200,3514.035058
5632.786074,0.83,0.83,200,3518.825624
5757.107082,0.86,0.86,200,3523.587186
3477.312544,0.875,0.88,200,3528.257719
5180.194481,0.865,0.865,200,3532.956583
5612.463824,0.855,0.865,200,3537.534024
5663.714849,0.8,0.81,200,3542.380784
4218.444917,0.88,0.88,200,3547.217762
5755.935425,0.845,0.855,200,3551.926053
5494.920095,0.88,0.89,200,3556.589081
5568.207729,0.8,0.805,200,3563.642525
5496.233539,0.835,0.84,200,3568.434265
5757.988249,0.845,0.855,200,3573.230592
4476.200107,0.855,0.86,200,3578.128332
5758.352068,0.845,0.855,200,3583.085617
5746.846151,0.84,0.85,200,3587.818317
3253.127674,0.505,0.51,200,3592.579549
4572.506573,0.825,0.835,200,3597.443021
5741.723003,0.85,0.85,200,3602.200936
3717.978989,0.865,0.865,200,3606.957773
5659.548119,0.83,0.83,200,3613.76768
5664.7498,0.78,0.795,200,3618.480217
4128.318568,0.835,0.855,200,3623.118688
5663.185954,0.83,0.835,200,3627.741859
5649.255467,0.8,0.805,200,3632.413473
5757.937012,0.855,0.865,200,3637.053751
4542.445705,0.84,0.84,200,3641.755413
5746.809871,0.845,0.85,200,3646.400171
5696.328075,0.82,0.82,200,3651.064456
5726.017013,0.83,0.83,200,3655.732664
4623.180328,0.72,0.725,200,3662.761559
5565.317383,0.805,0.81,200,3667.445763
4176.566695,0.885,0.9,200,3672.182542
3146.819712,0.875,0.88,200,3676.83651
3978.500245,0.845,0.85,200,3681.581643
5776.557496,0.875,0.88,200,3686.30324
5740.359001,0.86,0.88,200,3690.96196
5411.172967,0.82,0.83,200,3695.653456
3330.475032,0.855,0.87,200,3700.390765
5743.65641,0.86,0.86,200,3705.018597
5753.19656,0.87,0.87,200,3712.189449
5696.39146,0.83,0.835,200,3716.958312
5701.575598,0.865,0.865,200,3721.6447
5569.341761,0.82,0.82,200,3726.459006
5668.57094,0.805,0.805,200,3731.224171
5750.048172,0.85,0.85,200,3736.023481
5610.314269,0.825,0.83,200,3740.789596
5666.358731,0.81,0.81,200,3745.471496
5691.482886,0.875,0.885,200,3750.07722
5518.081977,0.805,0.845,200,3754.679966
5723.077706,0.88,0.885,200,3761.654698
5050.92992,0.595,0.62,200,3766.27055
2732.795398,0.855,0.855,200,3771.03181
5772.445341,0.87,0.87,200,3775.757363
5763.071418,0.865,0.865,200,3780.524568
5245.034697,0.695,0.695,200,3785.244329
5632.898466,0.825,0.825,200,3789.963817
5412.443952,0.82,0.82,200,3794.682254
5593.926307,0.805,0.805,200,3799.479966
5756.516565,0.855,0.855,200,3804.213389
5732.773085,0.84,0.84,200,3811.258902
4925.408269,0.835,0.835,200,3815.980772
5676.221043,0.795,0.795,200,3820.61112
4070.23909,0.845,0.855,200,3825.263196
5604.745283,0.845,0.855,200,3829.966067
5707.804299,0.85,0.865,200,3834.744723
3984.252039,0.855,0.865,200,3839.516637
5681.330767,0.795,0.805,200,3844.280037
3279.379979,0.23,0.23,200,3849.002258
5713.328331,0.86,0.86,200,3853.841139
5737.528791,0.835,0.84,200,3861.06672
5753.781812,0.85,0.85,200,3865.978776
5763.731129,0.86,0.865,200,3870.843064
5657.411642,0.795,0.795,200,3875.600261
5547.161015,0.79,0.8,200,3880.412751
5625.559533,0.825,0.825,200,3885.055103
5684.21582,0.785,0.81,200,3889.734562
3821.710826,0.83,0.845,200,3894.548068
5677.926059,0.81,0.81,200,3899.298504
5057.403962,0.535,0.565,200,3904.01929
4708.991211,0.83,0.85,200,3910.848074
5754.509576,0.875,0.885,200,3915.551246
5747.841813,0.86,0.86,200,3920.387253
5614.303676,0.835,0.835,200,3925.130552
5661.927347,0.83,0.83,200,3929.80677
4609.968865,0.83,0.86,200,3934.46308
5672.070547,0.82,0.82,200,3939.356488
5679.948553,0.795,0.81,200,3944.147203
5233.520099,0.835,0.835,200,3948.929509
5774.989451,0.87,0.875,200,3953.838894
5650.764482,0.825,0.825,200,3960.95035
5523.125369,0.795,0.8,200,3965.695119
5674.376236,0.83,0.83,200,3970.631595
5631.657123,0.805,0.82,200,3975.478271
5462.689086,0.83,0.83,200,3980.258466
4298.767572,0.835,0.85,200,3985.097963
2386.513487,0.71,0.715,200,3989.889065
5685.457904,0.815,0.835,200,3994.678524
5771.464173,0.88,0.88,200,3999.37392
5681.231424,0.81,0.815,200,4004.167181
5758.628389,0.855,0.865,200,4011.309282
5714.266993,0.845,0.845,200,4016.03272
5752.83789,0.845,0.85,200,4021.026621
2558.928432,0.0,0.0,200,4025.888149
5749.982447,0.84,0.845,200,4030.7835
4210.562334,0.865,0.875,200,4035.645246
5670.440796,0.86,0.875,200,4040.402622
5654.938139,0.8,0.8,200,4045.362344
5762.535688,0.865,0.865,200,4050.323297
5645.35598,0.815,0.815,200,4055.078448
5683.563556,0.81,0.81,200,4062.238828
5749.985812,0.855,0.855,200,4067.104587
5692.031189,0.825,0.83,200,4071.849661
5695.866575,0.815,0.815,200,4076.657678
5666.477549,0.79,0.8,200,4081.499205
5653.298106,0.82,0.82,200,4086.415465
5747.849383,0.845,0.85,200,4091.251107
3972.610446,0.835,0.85,200,4096.104851
5761.880421,0.84,0.86,200,4100.964168
5669.590193,0.82,0.825,200,4105.690074
5649.655106,0.81,0.81,200,4112.61382
5672.25614,0.79,0.8,200,4117.22001
5359.786721,0.845,0.845,200,4121.893672
5756.759156,0.85,0.855,200,4126.643731
4251.426825,0.835,0.85,200,4131.373979
4985.397965,0.83,0.845,200,4136.009495
5644.256711,0.825,0.825,200,4140.753559
5731.153332,0.855,0.86,200,4145.535411
5737.476235,0.855,0.855,200,4150.463744
3686.248456,0.495,0.5,200,4155.47356
5639.755612,0.82,0.825,200,4162.709097
5737.181452,0.855,0.865,200,4167.360944
4670.312482,0.555,0.565,200,4172.052642
5677.547111,0.81,0.815,200,4176.845119
5673.806829,0.79,0.79,200,4181.690007
2989.739793,0.23,0.27,200,4186.22986
5747.725523,0.85,0.86,200,4190.932278
5677.537839,0.815,0.815,200,4195.639161
5525.738753,0.825,0.825,200,4200.465692
5734.783046,0.845,0.845,200,4205.283087
3806.467344,0.875,0.875,200,4212.278419
5674.687521,0.82,0.82,200,4217.121045
5762.947425,0.86,0.86,200,4221.862039
5746.343421,0.86,0.885,200,4226.586637
5636.360139,0.83,0.83,200,4231.309066
5691.010093,0.82,0.82,200,4236.045882
5665.25105,0.81,0.81,200,4240.904204
5649.160193,0.8,0.805,200,4245.718596
5500.624032,0.78,0.795,200,4250.558564
5735.893437,0.84,0.84,200,4255.311044
5021.461309,0.52,0.53,200,4262.411027
5618.135657,0.815,0.825,200,4267.209007
5585.065031,0.825,0.83,200,4272.056038
5674.042861,0.81,0.81,200,4276.698727
5676.769902,0.805,0.805,200,4281.419106
5739.012352,0.845,0.845,200,4286.092301
3750.730912,0.875,0.875,200,4290.898025
4427.804804,0.865,0.865,200,4295.666103
4138.866179,0.83,0.845,200,4300.381794
4720.150667,0.855,0.855,200,4305.179991
4355.740486,0.51,0.525,200,4312.098948
5735.159803,0.83,0.84,200,4316.930231
5243.406827,0.63,0.63,200,4321.797543
4835.879932,0.845,0.845,200,4326.510002
5639.468598,0.815,0.815,200,4331.193824
5661.184946,0.82,0.82,200,4335.999367
5742.593897,0.84,0.845,200,4340.895444
5638.510406,0.82,0.825,200,4345.579379
4187.082289,0.85,0.865,200,4350.396986
5667.032836,0.805,0.805,200,4355.135375
5656.461551,0.82,0.825,200,4362.342233
5651.252219,0.82,0.82,200,4367.016858
5768.286905,0.875,0.875,200,4371.792892
5333.74854,0.815,0.83,200,4376.619293
3630.036677,0.86,0.86,200,4381.296494
5703.811093,0.855,0.86,200,4386.011085
5637.675956,0.82,0.82,200,4390.742569
5179.653679,0.835,0.835,200,4395.524094
5729.193297,0.835,0.84,200,4400.320488
4952.745519,0.84,0.84,200,4405.086169
5666.961212,0.815,0.825,200,4412.024024
5743.581506,0.86,0.87,200,4416.834373
5684.49046,0.81,0.81,200,4421.606154
5665.641904,0.815,0.815,200,4426.438048
5743.131762,0.845,0.845,200,4431.318947
5673.478585,0.795,0.795,200,4436.066887
3770.427099,0.42,0.445,200,4440.923895
5709.771092,0.825,0.825,200,4445.700179
3851.324287,0.87,0.875,200,4450.589221
5672.00169,0.825,0.825,200,4455.453101
5668.792184,0.81,0.81,200,4462.514854
5650.511078,0.825,0.825,200,4467.240656
4299.13438,0.875,0.875,200,4471.883919
5512.828561,0.79,0.8,200,4476.535137
5484.044266,0.775,0.785,200,4481.338894
5675.290121,0.81,0.82,200,4486.051094
5729.529367,0.86,0.875,200,4490.76631
5695.503092,0.815,0.82,200,4495.526187
5630.248881,0.825,0.825,200,4500.280891
4615.037491,0.84,0.855,200,4505.070158
5482.050481,0.84,0.85,200,4511.859135
4658.073874,0.855,0.855,200,4516.74386
5749.597738,0.845,0.875,200,4521.546198
5729.883553,0.87,0.885,200,4526.367723
3101.711363,0.86,0.86,200,4531.225888
3013.247448,0.87,0.875,200,4535.97796
5760.993576,0.86,0.865,200,4540.864084
4585.783144,0.855,0.855,200,4545.720937
5400.299307,0.83,0.845,200,4550.516395
3589.68374,0.21,0.235,200,4555.274933
5415.719407,0.835,0.835,200,4562.583989
5695.706338,0.815,0.815,200,4567.418996
5730.954933,0.865,0.88,200,4572.086159
5692.529958,0.81,0.81,200,4576.955379
5566.814553,0.855,0.87,200,4581.909517
4401.051272,0.87,0.87,200,4586.66361
4361.117182,0.86,0.86,200,4591.476362
5667.241833,0.79,0.795,200,4596.273108
5681.483321,0.81,0.81,200,4601.04347
3012.135636,0.87,0.87,200,4605.779027
4975.684297,0.835,0.845,200,4612.870361
4328.293187,0.855,0.855,200,4617.550514
5628.292526,0.82,0.835,200,4622.201888
5737.767342,0.835,0.845,200,4627.083633
5723.025454,0.835,0.835,200,4631.906032
5757.571166,0.85,0.86,200,4636.715474
4906.080753,0.84,0.84,200,4641.49409
4271.477151,0.855,0.855,200,4646.218574
5423.518019,0.84,0.84,200,4650.950181
5761.080984,0.85,0.855,200,4655.575084
5252.690451,0.825,0.845,200,4662.709229
5686.80461,0.845,0.845,200,4667.533542
5751.815383,0.85,0.85,200,4672.386966
5744.128945,0.845,0.845,200,4677.093782
5640.169635,0.82,0.83,200,4681.888696
5726.122686,0.83,0.835,200,4686.578008
5716.334277,0.87,0.875,200,4691.393765
5360.439612,0.655,0.66,200,4696.215706
3643.795347,0.89,0.89,200,4701.018131
5691.011432,0.81,0.815,200,4705.830387
4952.343306,0.84,0.84,200,4712.939938
5592.395436,0.8,0.8,200,4717.641808
5744.099619,0.84,0.85,200,4722.486346
5644.589975,0.815,0.82,200,4727.351404
4822.771677,0.84,0.84,200,4732.14026
5756.522728,0.85,0.86,200,4736.853938
5767.804548,0.85,0.865,200,4741.609378
5721.729816,0.87,0.87,200,4746.349893
5029.487349,0.665,0.68,200,4751.020012
4325.752816,0.85,0.855,200,4755.818925
5663.454798,0.785,0.785,200,4762.84519
5756.458979,0.87,0.875,200,4767.473486
5322.921592,0.815,0.82,200,4772.245266
3003.292929,0.26,0.275,200,4776.935666
5706.725079,0.83,0.83,200,4781.606962
5390.697255,0.875,0.875,200,4786.253828
4913.145946,0.825,0.85,200,4791.078404
5407.81556,0.835,0.84,200,4795.998677
5724.779882,0.83,0.835,200,4800.65668
5764.42642,0.855,0.86,200,4805.521627
3791.797626,0.865,0.865,200,4812.288628
5700.091546,0.875,0.875,200,4817.08031
5759.26488,0.865,0.87,200,4821.886354
5509.671399,0.785,0.8,200,4826.622663
4854.095367,0.845,0.85,200,4831.283755
5764.005179,0.85,0.86,200,4835.956018
5744.061648,0.84,0.845,200,4840.662409
5726.430467,0.835,0.84,200,4845.292104
4595.92642,0.87,0.875,200,4850.091601
5714.074626,0.835,0.835,200,4854.743462
5593.386235,0.825,0.83,200,4861.693061
3343.358857,0.87,0.87,200,4866.342728
5746.779143,0.845,0.855,200,4871.106236
5684.851129,0.82,0.82,200,4875.939781
5723.566297,0.875,0.88,200,4880.781914
4341.740473,0.855,0.855,200,4885.517984
4716.003656,0.84,0.845,200,4890.206201
5517.050828,0.795,0.8,200,4894.725029
5752.768069,0.855,0.865,200,4899.325106
5703.124334,0.85,0.85,200,4903.948785
5690.835852,0.82,0.82,200,4911.066629
5533.178966,0.795,0.8,200,4915.758414
5656.026782,0.83,0.835,200,4920.556636
5670.461181,0.82,0.83,200,4925.215559
5641.39344,0.825,0.825,200,4930.033784
5631.005525,0.82,0.82,200,4934.645837
5684.615038,0.82,0.82,200,4939.348101
5688.146282,0.81,0.81,200,4944.235916
4210.668143,0.85,0.85,200,4948.810552
5660.916363,0.8,0.805,200,4953.516896
5725.276289,0.855,0.86,200,4960.34543
5634.507262,0.82,0.825,200,4965.102754
4531.129614,0.865,0.865,200,4969.832537
5752.608765,0.865,0.865,200,4974.439566
5744.875641,0.845,0.85,200,4979.324486
5488.797812,0.835,0.835,200,4984.00569
5595.428807,0.815,0.815,200,4988.679868
4173.582133,0.87,0.87,200,4993.255904
5652.688603,0.805,0.815,200,4997.997184
5477.547877,0.78,0.78,200,5002.780372
5545.985467,0.805,0.805,200,5009.555565
5753.950452,0.845,0.87,200,5014.229666
4425.005259,0.835,0.85,200,5019.009792
5754.732816,0.845,0.845,200,5023.7067
5695.567057,0.83,0.835,200,5028.388374
5696.934589,0.84,0.855,200,5033.091843
5770.692697,0.855,0.865,200,5037.766016
4322.356649,0.86,0.865,200,5042.558191
3872.115434,0.87,0.87,200,5047.208817
5752.573721,0.855,0.855,200,5051.94455
5080.92668,0.86,0.88,200,5058.736686
5699.026174,0.82,0.835,200,5063.419308
5340.005679,0.835,0.84,200,5068.131593
5586.153751,0.74,0.74,200,5072.895469
3191.723056,0.87,0.87,200,5077.599154
5099.332256,0.825,0.825,200,5082.241977
4732.073086,0.825,0.84,200,5086.808473
5713.78604,0.825,0.825,200,5091.483865
4856.442687,0.835,0.835,200,5096.274045
5760.25069,0.855,0.86,200,5101.074733
4441.637546,0.865,0.865,200,5108.002171
5500.307087,0.81,0.83,200,5112.813563
5337.300295,0.815,0.82,200,5117.650624
3824.273108,0.88,0.88,200,5122.388539
5746.737833,0.845,0.845,200,5127.171148
5733.972009,0.84,0.84,200,5131.978466
5720.041072,0.84,0.85,200,5136.717687
5670.683602,0.835,0.835,200,5141.572796
5719.675122,0.825,0.84,200,5146.384097
4862.450235,0.845,0.85,200,5151.321039
5248.14663,0.84,0.845,200,5158.629443
5743.350494,0.84,0.85,200,5163.536997
4246.51838,0.865,0.865,200,5168.511299
4352.068059,0.835,0.85,200,5173.309319
5238.076871,0.64,0.64,200,5178.062979
5695.080682,0.82,0.82,200,5182.843976
4422.209721,0.86,0.86,200,5187.718565
5641.227853,0.825,0.83,200,5192.486587
5676.957811,0.805,0.805,200,5197.216355
5668.14076,0.82,0.835,200,5202.067988
4259.171121,0.63,0.65,200,5208.907325
5767.079732,0.865,0.87,200,5213.793448
5534.839918,0.82,0.83,200,5218.618162
4944.538822,0.835,0.845,200,5223.501438
5774.022884,0.85,0.865,200,5228.29984
3827.951888,0.875,0.885,200,5233.066219
4961.352901,0.845,0.85,200,5237.944016
5511.518816,0.83,0.845,200,5242.719538
5476.472021,0.88,0.88,200,5247.441295
4520.847226,0.85,0.855,200,5252.269438
5635.328314,0.795,0.81,200,5259.467354
5054.352347,0.78,0.79,200,5264.157451
5721.703023,0.85,0.865,200,5268.910097
4712.30327,0.83,0.845,200,5273.812155
4712.525096,0.6,0.62,200,5278.689863
5743.364356,0.85,0.85,200,5283.53008
5684.357312,0.82,0.82,200,5288.367246
4287.291566,0.86,0.86,200,5293.188409
5454.00123,0.82,0.84,200,5297.988556
4930.561742,0.87,0.87,200,5302.815034
5616.675725,0.81,0.81,200,5309.871606
5729.760798,0.845,0.845,200,5314.740928
4916.901841,0.16,0.16,200,5319.487809
5561.775777,0.795,0.805,200,5324.33436
5641.53649,0.81,0.815,200,5329.07704
5674.3406,0.81,0.815,200,5333.842504
5747.279421,0.85,0.855,200,5338.574414
4984.422698,0.84,0.85,200,5343.432562
5729.771047,0.84,0.845,200,5348.242949
5744.282994,0.84,0.84,200,5352.997517
5652.762483,0.83,0.83,200,5360.059664
5595.043286,0.795,0.8,200,5364.990897
5764.231507,0.84,0.865,200,5369.871068
5078.134797,0.83,0.835,200,5374.690977
4579.057649,0.84,0.85,200,5379.488372
3525.326479,0.86,0.86,200,5384.208291
5671.590457,0.82,0.82,200,5389.081548
5726.651046,0.835,0.835,200,5393.736657
5747.265313,0.845,0.85,200,5398.457723
5444.542592,0.83,0.83,200,5403.289207
5542.712165,0.86,0.875,200,5410.335356
5632.903314,0.815,0.815,200,5415.260362
5650.494154,0.815,0.82,200,5420.03536
3163.038798,0.86,0.865,200,5424.720878
5541.324699,0.8,0.805,200,5429.372333
5567.788409,0.835,0.835,200,5434.125634
5673.796708,0.825,0.825,200,5438.877522
5749.06044,0.85,0.86,200,5443.754356
5748.891296,0.86,0.87,200,5448.53026
5757.388985,0.855,0.855,200,5453.256866
5003.18732,0.84,0.84,200,5460.095388
5399.148486,0.835,0.835,200,5464.813916
5689.131214,0.81,0.81,200,5469.573097
4010.039613,0.85,0.85,200,5474.364473
3003.540757,0.045,0.055,200,5479.198489
5670.524289,0.82,0.82,200,5484.085654
5648.384767,0.815,0.815,200,5488.93898
5711.022927,0.86,0.86,200,5493.660011
5491.261183,0.82,0.835,200,5498.399026
5662.711488,0.825,0.83,200,5503.143162
5560.363951,0.835,0.835,200,5510.294585
5503.47959,0.84,0.85,200,5515.020586
5743.517304,0.84,0.855,200,5519.733434
4944.915073,0.86,0.86,200,5524.490515
5680.745355,0.835,0.835,200,5529.389292
5660.127868,0.83,0.83,200,5534.117805
5715.446455,0.86,0.87,200,5538.869154
5725.581811,0.86,0.875,200,5543.641834
4633.768687,0.845,0.845,200,5548.496914
5689.933871,0.835,0.835,200,5553.255406
5695.945432,0.825,0.825,200,5560.343207
5737.741985,0.86,0.875,200,5565.173684
5724.521521,0.865,0.885,200,5569.865891
5681.577025,0.845,0.845,200,5574.641796
5556.342616,0.8,0.805,200,5579.452851
5734.816236,0.85,0.855,200,5584.298526
5738.140559,0.86,0.865,200,5588.979604
4849.357105,0.555,0.58,200,5593.826715
5760.240631,0.855,0.86,200,5598.644416
5746.483084,0.855,0.855,200,5603.380121
5712.169686,0.86,0.865,200,5610.560773
5581.436643,0.805,0.81,200,5615.365104
2443.319758,0.02,0.03,200,5620.230499
5757.46954,0.865,0.865,200,5625.000574
5725.028901,0.83,0.835,200,5629.750625
5622.487149,0.82,0.82,200,5634.557221
5747.228365,0.835,0.845,200,5639.272489
5572.967726,0.8,0.8,200,5644.074645
5742.200691,0.84,0.845,200,5648.948477
4306.393413,0.84,0.85,200,5653.789225
4711.02505,0.825,0.85,200,5660.61963
5678.253481,0.805,0.805,200,5665.358511
4092.283518,0.845,0.855,200,5670.069321
5680.681161,0.82,0.82,200,5674.727305
5676.035291,0.815,0.815,200,5679.496976
5697.79371,0.83,0.83,200,5684.253605
4375.097254,0.725,0.74,200,5688.977383
5690.470243,0.81,0.81,200,5693.689547
5707.456616,0.835,0.835,200,5698.398604
4632.212825,0.855,0.855,200,5703.235757
3223.988153,0.855,0.855,200,5710.277087
5651.253641,0.81,0.81,200,5715.014241
5732.422768,0.855,0.865,200,5719.782526
5682.013532,0.8,0.8,200,5724.555058
5640.374929,0.835,0.835,200,5729.255337
5663.729502,0.795,0.8,200,5733.910457
5416.687167,0.82,0.82,200,5738.766072
4410.387653,0.695,0.715,200,5743.489395
5259.589003,0.83,0.83,200,5748.374594
3666.178666,0.865,0.865,200,5753.135331
5556.538381,0.81,0.81,200,5760.526262
4325.635732,0.855,0.86,200,5765.237337
5742.47865,0.845,0.845,200,5770.025156
5701.61547,0.815,0.82,200,5774.771618
5534.123062,0.795,0.795,200,5779.568741
5632.840238,0.82,0.82,200,5784.307669
5682.819335,0.8,0.8,200,5789.099602
5734.510546,0.865,0.885,200,5793.848451
5612.894853,0.87,0.87,200,5798.687841
4227.255129,0.865,0.865,200,5803.461652
4873.190352,0.83,0.835,200,5810.457684
5658.680811,0.815,0.83,200,5815.251319
5688.846648,0.825,0.825,200,5820.113556
5691.152722,0.805,0.81,200,5825.017092
5673.795471,0.86,0.865,200,5829.930248
5742.770618,0.845,0.845,200,5834.780907
5661.203863,0.815,0.82,200,5839.659932
5530.594761,0.78,0.795,200,5844.469101
5746.372904,0.84,0.845,200,5849.349741
5009.177194,0.84,0.84,200,5854.25975
5738.109984,0.825,0.835,200,5861.291812
5762.093516,0.85,0.875,200,5865.899753
5755.941669,0.85,0.855,200,5870.525838
5645.433276,0.815,0.83,200,5875.225967
5761.099004,0.855,0.855,200,5880.016044
5686.107416,0.81,0.815,200,5884.826775
5755.184506,0.86,0.865,200,5889.575812
5699.171925,0.815,0.815,200,5894.334181
4199.401014,0.86,0.86,200,5899.037485
4820.44776,0.835,0.835,200,5903.823941
5780.076484,0.86,0.87,200,5910.869366
5774.995633,0.865,0.88,200,5915.504835
5618.943503,0.84,0.84,200,5920.043378
5724.615136,0.83,0.84,200,5924.721833
4420.219811,0.86,0.86,200,5929.597768
5746.320982,0.845,0.85,200,5934.338526
4350.748297,0.095,0.1,200,5939.121723
4097.134732,0.87,0.87,200,5943.738903
5109.584131,0.83,0.85,200,5948.574334
4216.80706,0.6,0.625,200,5953.1781
5760.992433,0.845,0.855,200,5960.047019
5657.179087,0.815,0.815,200,5964.872522
5705.259097,0.86,0.86,200,5969.64441
4419.596338,0.84,0.845,200,5974.388572
5562.422876,0.79,0.8,200,5978.998591
5654.951314,0.84,0.84,200,5983.843059
4147.232299,0.865,0.865,200,5988.642236
5737.387114,0.85,0.85,200,5993.267605
5764.357068,0.87,0.87,200,5997.933033
5739.169182,0.85,0.865,200,6002.631448
5669.338726,0.85,0.87,200,6009.630672
5763.037602,0.845,0.855,200,6014.248172
5760.813825,0.85,0.865,200,6018.836867
4356.397041,0.86,0.87,200,6023.468747
5572.152436,0.8,0.8,200,6028.052878
5760.472377,0.85,0.86,200,6032.774809
5591.272461,0.795,0.81,200,6037.50401
5591.096093,0.83,0.84,200,6042.25722
5746.177591,0.83,0.84,200,6047.050033
5754.298181,0.86,0.865,200,6051.803686
5615.307331,0.8,0.81,200,6058.625915
5641.071052,0.815,0.815,200,6063.178233
5688.030373,0.825,0.825,200,6067.762897
5689.206599,0.82,0.82,200,6072.443933
5737.377635,0.855,0.885,200,6076.999282
4798.967695,0.85,0.85,200,6081.641328
5761.998834,0.855,0.88,200,6086.519302
5663.133218,0.81,0.81,200,6091.272275
5731.136516,0.835,0.835,200,6096.006593
5015.109021,0.835,0.84,200,6100.544425
5711.969521,0.86,0.865,200,6107.363451
5623.545594,0.82,0.82,200,6112.069005
5745.547958,0.845,0.845,200,6116.82789
5759.286442,0.85,0.855,200,6121.467184
5664.180959,0.825,0.825,200,6126.047198
5574.586307,0.8,0.815,200,6130.662908
5700.918736,0.825,0.835,200,6135.20308
5677.128999,0.825,0.83,200,6139.878701
5739.395811,0.835,0.84,200,6144.35162
5573.720698,0.8,0.8,200,6148.978154
5654.751757,0.84,0.87,200,6155.648865
5657.643234,0.83,0.835,200,6160.263856
5765.371656,0.85,0.865,200,6164.835523
5680.503379,0.815,0.815,200,6169.601614
5680.696339,0.805,0.81,200,6174.339453
4195.821425,0.865,0.865,200,6179.071839
4170.518153,0.465,0.475,200,6183.651081
5683.458863,0.835,0.835,200,6188.294859
5679.156848,0.825,0.825,200,6192.90408
5721.321473,0.835,0.835,200,6197.399414
4557.297425,0.84,0.85,200,6204.164194
5686.129022,0.81,0.81,200,6208.727631
5678.580704,0.83,0.83,200,6213.380237
5759.875099,0.865,0.875,200,6218.065795
5627.840917,0.815,0.825,200,6222.651337
5707.205903,0.835,0.835,200,6227.287465
5755.164796,0.855,0.855,200,6231.867762
5676.165368,0.83,0.835,200,6236.380232
5620.905216,0.78,0.78,200,6240.86996
5706.692565,0.855,0.87,200,6245.288237
4105.088682,0.86,0.86,200,6252.001626
5701.241659,0.82,0.835,200,6256.588203
5764.018873,0.86,0.865,200,6261.139261
4660.740747,0.855,0.855,200,6265.854285
4083.306401,0.86,0.86,200,6270.392816
5765.429338,0.855,0.86,200,6274.949598
5669.870737,0.82,0.825,200,6279.503673
5658.370402,0.83,0.83,200,6284.127249
4441.471408,0.745,0.755,200,6288.761815
5688.82351,0.825,0.825,200,6293.380845
5754.46208,0.855,0.855,200,6300.131131
3077.366041,0.875,0.89,200,6304.722241
3772.859005,0.86,0.86,200,6309.197961
5740.120432,0.84,0.85,200,6313.68085
5781.600609,0.875,0.875,200,6318.287806
5577.750404,0.71,0.71,200,6322.880969
5753.118131,0.85,0.86,200,6327.595301
5676.974099,0.805,0.83,200,6332.094743
5560.14149,0.82,0.82,200,6336.676725
4733.343651,0.84,0.845,200,6341.367103
5694.241565,0.865,0.875,200,6347.973688
5627.806449,0.82,0.83,200,6352.657966
5749.431948,0.84,0.855,200,6357.121417
5626.920018,0.83,0.83,200,6361.687567
5666.355235,0.835,0.835,200,6366.372048
5655.271759,0.83,0.83,200,6370.860222
5639.588163,0.84,0.84,200,6375.469889
5338.701696,0.835,0.835,200,6380.067647
5654.793906,0.82,0.82,200,6384.607862
5684.215387,0.815,0.815,200,6389.293455
5759.276494,0.84,0.855,200,6396.080103
5770.450796,0.85,0.865,200,6400.59635
5578.48829,0.82,0.835,200,6405.071758
5717.841421,0.855,0.865,200,6409.472281
5673.622808,0.81,0.815,200,6414.072668
5673.572648,0.865,0.88,200,6418.604997
5730.003029,0.855,0.86,200,6423.228565
5687.472753,0.805,0.805,200,6427.84947
5737.321256,0.86,0.88,200,6432.307274
5762.075473,0.865,0.865,200,6436.864355
5732.017611,0.87,0.87,200,6443.864266
4992.547248,0.84,0.84,200,6448.661403
3670.163823,0.55,0.55,200,6453.373963
5758.855986,0.845,0.86,200,6457.948825
5724.608072,0.865,0.865,200,6462.484893
5689.049809,0.81,0.81,200,6467.189739
5684.939792,0.81,0.81,200,6471.899682
5770.309798,0.855,0.885,200,6476.612074
5640.613724,0.835,0.835,200,6481.217612
5636.741346,0.825,0.825,200,6485.892137
5731.070466,0.83,0.845,200,6492.770931
5670.937787,0.825,0.83,200,6497.313546
5545.920618,0.8,0.8,200,6501.932377
5684.586905,0.865,0.87,200,6506.575083
5737.697961,0.835,0.845,200,6511.032377
5573.191448,0.81,0.81,200,6515.546413
5415.471384,0.825,0.835,200,6520.21272
4893.600076,0.835,0.835,200,6524.857658
5751.849302,0.85,0.85,200,6529.570487
5560.331038,0.795,0.795,200,6534.119964
5749.261659,0.85,0.85,200,6540.720991
4197.836901,0.86,0.86,200,6545.438274
5736.893027,0.86,0.875,200,6550.234049
5724.793312,0.86,0.865,200,6554.753781
5755.946266,0.85,0.85,200,6559.537853
4656.449787,0.85,0.86,200,6564.124052
5761.148055,0.845,0.855,200,6568.91478
5721.796384,0.84,0.84,200,6573.611676
5671.658868,0.825,0.825,200,6578.239794
5664.39789,0.82,0.82,200,6582.758703
5600.866988,0.83,0.84,200,6589.415066
5747.644296,0.86,0.88,200,6594.023632
5577.856188,0.84,0.865,200,6598.638854
5773.47077,0.865,0.875,200,6603.151716
5563.566876,0.79,0.79,200,6607.794382
5735.341205,0.855,0.855,200,6612.450405
4660.435869,0.85,0.855,200,6617.287275
5202.531128,0.43,0.43,200,6621.88551
5048.500422,0.655,0.68,200,6626.34768
5693.500455,0.82,0.82,200,6630.847657
5621.869681,0.815,0.815,200,6637.665128
5766.117286,0.86,0.86,200,6642.25164
4570.846502,0.855,0.855,200,6646.888813
4418.822823,0.85,0.855,200,6651.527012
5693.997343,0.825,0.825,200,6656.16862
5753.964501,0.845,0.85,200,6660.791093
5714.755708,0.84,0.84,200,6665.447003
5758.848733,0.855,0.855,200,6670.051852
5765.664119,0.865,0.865,200,6674.657298
5750.115686,0.84,0.845,200,6679.154714
5716.033929,0.86,0.865,200,6685.970819
5481.691558,0.83,0.83,200,6690.581704
5693.084857,0.82,0.82,200,6695.138614
5625.07396,0.86,0.86,200,6699.726754
5213.074947,0.825,0.835,200,6704.1713
5690.168004,0.865,0.87,200,6708.704372
5688.311978,0.815,0.82,200,6713.429928
5514.19844,0.835,0.835,200,6717.945785
5679.374177,0.81,0.81,200,6722.619405
5738.175234,0.865,0.87,200,6727.11087
5745.525337,0.865,0.865,200,6733.936356
3621.454635,0.87,0.875,200,6738.417162
5642.287597,0.865,0.865,200,6742.969141
5751.810664,0.86,0.88,200,6747.665218
5658.343331,0.815,0.815,200,6752.341041
5630.310752,0.84,0.84,200,6757.012581
5625.773871,0.835,0.835,200,6761.797357
5754.774017,0.85,0.85,200,6766.421452
5702.985232,0.855,0.865,200,6770.988376
5695.847262,0.835,0.835,200,6775.636391
5735.543719,0.845,0.845,200,6782.496126
5723.158334,0.83,0.835,200,6787.074742
5705.256536,0.84,0.84,200,6791.952391
5340.868012,0.545,0.555,200,6796.635218
5616.554589,0.805,0.815,200,6801.2807
5656.06072,0.825,0.825,200,6805.942299
5709.499644,0.845,0.86,200,6810.617508
5633.064759,0.81,0.81,200,6815.264651
5766.003205,0.855,0.86,200,6819.98626
4551.970461,0.87,0.87,200,6824.316276
5668.744459,0.82,0.825,200,6830.911536
5729.606017,0.84,0.84,200,6835.435249
5525.513319,0.795,0.795,200,6840.067629
5516.408989,0.84,0.845,200,6844.599745
5671.352269,0.82,0.82,200,6849.233336
5710.123543,0.865,0.87,200,6853.776264
5692.745627,0.815,0.825,200,6858.284247
4038.718143,0.855,0.86,200,6862.948411
5275.040598,0.84,0.84,200,6867.626735
5668.765577,0.815,0.815,200,6872.161703
5694.862049,0.82,0.82,200,6879.151563
5688.414468,0.82,0.825,200,6883.830489
5531.832525,0.795,0.8,200,6888.284331
5465.961709,0.865,0.87,200,6892.986442
5740.70332,0.86,0.865,200,6897.390849
5689.185754,0.82,0.82,200,6901.985946
5716.26988,0.845,0.85,200,6906.495306
5565.009274,0.785,0.79,200,6910.974439
5672.020706,0.835,0.835,200,6915.388836
5693.58956,0.82,0.82,200,6919.963041
5769.512131,0.875,0.885,200,6926.405306
5694.774256,0.85,0.875,200,6930.567381
5688.167372,0.82,0.82,200,6935.028718
4412.0942,0.855,0.855,200,6939.407839
4991.730381,0.85,0.85,200,6943.928867
5652.637116,0.825,0.825,200,6948.46059
5671.738616,0.835,0.835,200,6952.980985
5757.900508,0.855,0.86,200,6957.38034
5657.89807,0.82,0.835,200,6961.842955
5647.946764,0.82,0.825,200,6966.54324
5705.231164,0.86,0.865,200,6973.201976
5755.863205,0.84,0.85,200,6977.922435
5757.304352,0.845,0.85,200,6982.533646
4878.218069,0.83,0.85,200,6987.160117
5736.218419,0.865,0.87,200,6991.631973
5753.859326,0.84,0.845,200,6996.270407
5697.582649,0.81,0.81,200,7000.86637
5661.128708,0.82,0.82,200,7005.308398
5728.589683,0.875,0.88,200,7009.820128
5758.015075,0.855,0.855,200,7014.27318
5664.486074,0.825,0.83,200,7020.999613
5608.988606,0.82,0.82,200,7025.760442
4722.215935,0.835,0.845,200,7030.371053
5730.18902,0.86,0.875,200,7034.940542
5690.827674,0.83,0.83,200,7039.426187
5650.854734,0.835,0.835,200,7043.884253
5652.955651,0.82,0.82,200,7048.526283
5685.189093,0.815,0.82,200,7053.157755
5675.433273,0.825,0.825,200,7057.636181
5584.669545,0.8,0.8,200,7062.240276
5684.134877,0.825,0.825,200,7069.12591
5665.375044,0.825,0.825,200,7073.788213
5684.539488,0.875,0.885,200,7078.415877
2914.055932,0.005,0.005,200,7083.033633
5775.257218,0.86,0.865,200,7087.717488
5693.421623,0.825,0.825,200,7092.368504
5742.411571,0.835,0.845,200,7096.941649
5753.949448,0.84,0.85,200,7101.564494
5710.848448,0.86,0.86,200,7106.272037
5675.765354,0.83,0.83,200,7111.080209
5647.687588,0.865,0.87,200,7117.797863
5762.770009,0.85,0.85,200,7122.388708
5768.500504,0.86,0.865,200,7127.071071
5760.731519,0.85,0.86,200,7131.799102
5685.59709,0.82,0.82,200,7136.415432
3819.966145,0.405,0.405,200,7140.98135
5674.663783,0.825,0.825,200,7145.820797
5671.680963,0.825,0.825,200,7150.516853
4532.276152,0.85,0.855,200,7155.187619
4229.731758,0.86,0.865,200,7159.896327
5753.868092,0.85,0.86,200,7166.862025
5750.077249,0.88,0.88,200,7171.529768
5750.988097,0.86,0.865,200,7176.113581
5322.03327,0.845,0.845,200,7180.772997
5538.796551,0.78,0.795,200,7185.47828
5712.78595,0.83,0.84,200,7190.206908
5744.559937,0.845,0.855,200,7194.922227
4413.042565,0.855,0.86,200,7199.620375
5329.594026,0.845,0.845,200,7204.307216
5697.390919,0.82,0.82,200,7208.936893
4491.432321,0.84,0.855,200,7215.507412
5660.921458,0.825,0.825,200,7219.994696
5569.804121,0.855,0.86,200,7224.509559
5667.299958,0.83,0.83,200,7229.12537
4398.296403,0.865,0.865,200,7233.593402
5670.840865,0.83,0.83,200,7238.07374
5678.695342,0.82,0.82,200,7242.628127
5534.222141,0.795,0.795,200,7247.163714
5631.959363,0.82,0.82,200,7251.643113
5749.415522,0.85,0.855,200,7256.24613
5760.226652,0.86,0.86,200,7263.044342
4500.053632,0.87,0.87,200,7267.843433
4445.160819,0.855,0.855,200,7272.493368
4839.256378,0.83,0.845,200,7277.067326
5713.441736,0.835,0.835,200,7281.763119
5691.819049,0.82,0.82,200,7286.205397
5712.823266,0.86,0.86,200,7290.719895
5724.823156,0.84,0.845,200,7295.27078
5733.656509,0.845,0.845,200,7299.785334
5774.878112,0.875,0.885,200,7304.435476
5716.825167,0.855,0.855,200,7311.377486
5767.032535,0.87,0.87,200,7316.12108
5707.400879,0.835,0.84,200,7320.910137
5676.437029,0.805,0.805,200,7325.593759
5773.886807,0.865,0.87,200,7330.145006
5710.085722,0.83,0.83,200,7334.865499
5719.593051,0.865,0.875,200,7339.34158
5407.725142,0.835,0.84,200,7344.17818
5670.121373,0.83,0.83,200,7349.000017
5733.251667,0.85,0.85,200,7353.723535
4902.980528,0.84,0.855,200,7360.747126
5641.316804,0.835,0.855,200,7365.559585
5708.94959,0.84,0.84,200,7370.329336
5741.088698,0.87,0.88,200,7375.119245
5763.157896,0.86,0.865,200,7379.830238
5717.883827,0.845,0.845,200,7384.586508
5722.303593,0.83,0.835,200,7389.047081
5687.845643,0.825,0.825,200,7393.703166
5758.108915,0.855,0.855,200,7398.338543
5646.874263,0.835,0.835,200,7402.986677
5726.073524,0.85,0.855,200,7409.741919
5715.775497,0.86,0.87,200,7414.302262
4622.291018,0.855,0.855,200,7418.897366
5577.436697,0.84,0.84,200,7423.424407
5690.491407,0.81,0.81,200,7427.941218
5660.697302,0.845,0.845,200,7432.597137
5611.611565,0.865,0.885,200,7437.162924
4937.013165,0.875,0.875,200,7441.732334
4280.80023,0.85,0.86,200,7446.386831
5771.982557,0.86,0.865,200,7451.079577
5687.750708,0.83,0.83,200,7457.613134
5786.065098,0.87,0.875,200,7462.198555
5685.032255,0.81,0.83,200,7466.799121
5729.750693,0.835,0.84,200,7471.324595
5758.363308,0.855,0.855,200,7475.82193
5693.573913,0.82,0.83,200,7480.378348
5736.019402,0.87,0.88,200,7484.963328
5665.503439,0.865,0.875,200,7489.549746
5686.001347,0.805,0.81,200,7494.130728
5686.891825,0.825,0.825,200,7498.804492
5668.553634,0.815,0.825,200,7505.573676
5714.992237,0.865,0.875,200,7510.186443
4710.612814,0.86,0.86,200,7514.757775
5730.177875,0.845,0.85,200,7519.482328
3809.159721,0.875,0.885,200,7524.056522
5566.378243,0.785,0.785,200,7528.740897
5736.938497,0.835,0.845,200,7533.352569
5666.648133,0.805,0.805,200,7537.87508
5231.363436,0.845,0.845,200,7542.461022
5763.311555,0.855,0.855,200,7547.133402
5536.459768,0.845,0.845,200,7554.203177
5673.734425,0.79,0.795,200,7558.758147
5273.05552,0.84,0.85,200,7563.174607
3695.264786,0.86,0.86,200,7567.75412
5236.297048,0.84,0.85,200,7572.303388
4642.002061,0.835,0.855,200,7576.721952
5678.630489,0.82,0.82,200,7581.410482
5745.505161,0.85,0.86,200,7585.930979
5608.720335,0.84,0.84,200,7590.711449
4165.242185,0.86,0.86,200,7595.30135
5730.950452,0.85,0.85,200,7602.107877
5686.811569,0.795,0.8,200,7606.599336
5699.073603,0.83,0.83,200,7611.127085
5722.437284,0.825,0.83,200,7615.635792
5701.803253,0.835,0.835,200,7620.216211
4559.031126,0.845,0.86,200,7624.584225
4478.458408,0.855,0.855,200,7629.055115
5756.921708,0.85,0.87,200,7633.521494
4193.966708,0.85,0.865,200,7638.15717
5632.967471,0.825,0.835,200,7642.807585
5588.595233,0.825,0.835,200,7649.603201
5690.215949,0.82,0.82,200,7654.2583
5685.181542,0.835,0.835,200,7658.863837
5630.430211,0.81,0.81,200,7663.399837
5738.745922,0.84,0.84,200,7667.931626
5685.829744,0.825,0.835,200,7672.557746
5712.1297,0.85,0.85,200,7677.082319
3263.087862,0.875,0.88,200,7681.674933
5588.393079,0.865,0.88,200,7686.368341
5742.650443,0.84,0.855,200,7691.09434
5726.069841,0.85,0.87,200,7698.119317
5697.609367,0.835,0.835,200,7702.897175
4763.599701,0.86,0.86,200,7707.618018
5766.078848,0.865,0.865,200,7712.038048
5717.655313,0.86,0.865,200,7716.640077
5580.98163,0.785,0.785,200,7721.277327
5725.075406,0.845,0.855,200,7725.76583
5591.402105,0.795,0.81,200,7730.353925
5693.394409,0.825,0.825,200,7734.933763
5737.274002,0.835,0.84,200,7739.536018
5699.266468,0.82,0.82,200,7746.54324
4707.915227,0.83,0.845,200,7751.061572
4881.945212,0.85,0.85,200,7755.668627
5748.735692,0.845,0.86,200,7760.22956
4780.98732,0.84,0.86,200,7764.779061
5705.750845,0.825,0.825,200,7769.320526
3833.490952,0.865,0.875,200,7773.917546
5685.933698,0.805,0.805,200,7778.547778
5766.199642,0.86,0.86,200,7783.122869
5763.368638,0.87,0.88,200,7787.699687
5746.375062,0.865,0.89,200,7794.401836
5752.928805,0.855,0.86,200,7799.14108
5762.851902,0.865,0.88,200,7803.733348
5656.34983,0.805,0.805,200,7808.33425
4835.921265,0.5,0.51,200,7812.900038
5712.799729,0.835,0.835,200,7817.496913
5639.637045,0.85,0.875,200,7822.144928
5737.722922,0.865,0.865,200,7826.734747
5671.044221,0.83,0.83,200,7831.423503
5743.088387,0.84,0.845,200,7836.037078
5654.642403,0.835,0.835,200,7842.949174
5576.500384,0.805,0.81,200,7847.597678
5709.609503,0.825,0.825,200,7852.234819
5740.861696,0.84,0.85,200,7856.919229
5708.668903,0.855,0.88,200,7861.468868
5538.149603,0.785,0.795,200,7866.10159
5624.168247,0.825,0.84,200,7870.82538
5210.631976,0.835,0.85,200,7875.508594
5598.899521,0.835,0.835,200,7880.189651
5681.346251,0.835,0.84,200,7884.802424
5597.817372,0.795,0.8,200,7891.610391
5697.40358,0.82,0.825,200,7896.139212
4232.943248,0.855,0.855,200,7900.841192
5767.609528,0.865,0.865,200,7905.470311
2849.026165,0.88,0.885,200,7910.270774
5731.5283,0.86,0.87,200,7914.9768
5758.788588,0.87,0.87,200,7919.598946
5755.205978,0.86,0.87,200,7924.268406
5598.575251,0.815,0.815,200,7928.914764
5738.063198,0.835,0.84,200,7933.519491
5658.951455,0.79,0.79,200,7940.156264
4553.271562,0.845,0.855,200,7944.844267
5762.004364,0.855,0.86,200,7949.565007
5773.855644,0.855,0.865,200,7954.088877
5720.420893,0.865,0.87,200,7958.57797
5570.530464,0.84,0.845,200,7963.186128
5600.959008,0.805,0.805,200,7967.891428
5665.585453,0.835,0.835,200,7972.520496
5730.754968,0.855,0.86,200,7977.025933
5627.835672,0.825,0.84,200,7981.65463
5765.901675,0.865,0.87,200,7988.369279
5690.263699,0.815,0.815,200,7992.877349
5669.573437,0.85,0.85,200,7997.505506
3969.86947,0.875,0.88,200,8002.103172
5658.639622,0.835,0.835,200,8006.934977
4678.978104,0.855,0.87,200,8011.617275
5599.312974,0.8,0.8,200,8016.131857
5554.742628,0.845,0.855,200,8020.646432
5573.247811,0.795,0.8,200,8025.29697
5700.351058,0.815,0.815,200,8029.899583
5681.273915,0.815,0.82,200,8036.828212
5537.901696,0.765,0.775,200,8041.485363
5696.026136,0.86,0.87,200,8046.188586
5683.340714,0.805,0.805,200,8050.918508
5729.768255,0.87,0.875,200,8055.627771
5697.473374,0.82,0.82,200,8060.339552
4119.245127,0.855,0.865,200,8064.96702
5751.195345,0.855,0.855,200,8069.472669
5663.11748,0.825,0.825,200,8074.032499
5673.898853,0.825,0.825,200,8078.585342
5740.239302,0.845,0.86,200,8085.396681
4585.317963,0.565,0.565,200,8090.067392
5768.914287,0.86,0.87,200,8094.661165
5599.988388,0.8,0.8,200,8099.282672
5777.325095,0.875,0.885,200,8104.026134
5679.468997,0.805,0.805,200,8108.672809
5668.647101,0.815,0.825,200,8113.245895
5652.515163,0.84,0.84,200,8117.812336
5746.855508,0.875,0.885,200,8122.458183
5760.397473,0.855,0.86,200,8127.102367
5777.219106,0.87,0.87,200,8133.853383
5611.798283,0.805,0.805,200,8138.565794
5691.865674,0.82,0.82,200,8143.286496
5766.156124,0.84,0.855,200,8147.819574
5600.677019,0.82,0.82,200,8152.517644
5733.505815,0.83,0.845,200,8157.052783
5636.272649,0.84,0.84,200,8161.809069
5763.70063,0.865,0.87,200,8166.429918
5683.295451,0.86,0.88,200,8170.975039
5769.299572,0.855,0.86,200,8175.667175
5610.407835,0.805,0.805,200,8182.505246
5664.777193,0.855,0.865,200,8187.277399
4328.844519,0.87,0.87,200,8191.875901
5700.433104,0.825,0.825,200,8196.559088
4214.087512,0.87,0.87,200,8201.319726
5705.608303,0.83,0.83,200,8206.110486
5699.606307,0.82,0.82,200,8210.695339
5688.184981,0.825,0.825,200,8215.485216
5755.339148,0.835,0.845,200,8220.282214
5654.456958,0.84,0.84,200,8224.90517
5065.887474,0.84,0.85,200,8231.839035
4772.727477,0.845,0.865,200,8236.642689
5673.236436,0.79,0.8,200,8241.337384
5651.998266,0.825,0.825,200,8245.99964
5733.668881,0.87,0.88,200,8250.723902
5676.235349,0.82,0.82,200,8255.433894
5693.531037,0.82,0.825,200,8260.065651
5642.411652,0.845,0.845,200,8264.725043
5765.679542,0.86,0.87,200,8269.488297
5654.031958,0.85,0.875,200,8274.173731
5689.506134,0.84,0.84,200,8281.125596
5671.871085,0.815,0.815,200,8285.815727
4127.903795,0.855,0.865,200,8290.720361
5775.984172,0.855,0.87,200,8295.544593
5685.641859,0.805,0.805,200,8300.164361
5745.194046,0.84,0.84,200,8304.923347
5572.327102,0.795,0.8,200,8309.571618
4913.207288,0.84,0.84,200,8314.342591
5667.619705,0.82,0.82,200,8319.069266
4339.794722,0.86,0.865,200,8323.680902
5681.944617,0.795,0.805,200,8330.353477
5759.134743,0.84,0.84,200,8334.831242
5735.451398,0.845,0.845,200,8339.349948
5671.930735,0.835,0.84,200,8343.961613
5655.046773,0.84,0.845,200,8348.58021
5764.419287,0.855,0.86,200,8353.275702
5711.488747,0.835,0.84,200,8357.832731
5670.447964,0.835,0.84,200,8362.443164
3151.506243,0.71,0.72,200,8367.17088
4534.01291,0.68,0.715,200,8371.846466
5682.491638,0.805,0.805,200,8378.701468
5773.276428,0.86,0.865,200,8383.396295
4653.219578,0.855,0.87,200,8388.092432
5719.025806,0.86,0.87,200,8392.662691
5664.632189,0.855,0.875,200,8397.179422
5677.822304,0.8,0.8,200,8401.79052
5713.372923,0.825,0.83,200,8406.495589
4134.960686,0.875,0.875,200,8411.121861
5683.685261,0.815,0.815,200,8415.792238
5685.385853,0.805,0.815,200,8420.571658
5767.54475,0.85,0.87,200,8427.495396
5749.506734,0.825,0.84,200,8432.070056
5665.660686,0.775,0.775,200,8436.763583
5741.057539,0.87,0.885,200,8441.399104
5748.474444,0.85,0.85,200,8446.042146
5742.840072,0.83,0.835,200,8450.687691
5234.370135,0.83,0.85,200,8455.236894
5615.865339,0.84,0.845,200,8459.91142
5558.912005,0.805,0.805,200,8464.592515
5756.95474,0.845,0.845,200,8469.20421
5673.51041,0.83,0.83,200,8476.276261
5718.736773,0.825,0.83,200,8481.033317
5464.117714,0.73,0.74,200,8485.762849
5772.903508,0.865,0.865,200,8490.337897
5684.701806,0.825,0.83,200,8494.999477
5761.338789,0.845,0.855,200,8499.687089
5755.903955,0.845,0.855,200,8504.351597
3987.013758,0.865,0.87,200,8508.987544
5459.723475,0.835,0.835,200,8513.733046
5694.210837,0.85,0.87,200,8518.497391
5634.657419,0.81,0.815,200,8525.226438
4940.54483,0.84,0.855,200,8529.926953
5745.167713,0.845,0.855,200,8534.59972
5569.055818,0.795,0.805,200,8539.157181
5712.187425,0.845,0.845,200,8543.807806
5700.238094,0.855,0.87,200,8548.48933
5724.968666,0.845,0.845,200,8553.103743
4946.685525,0.39,0.39,200,8557.774235
5456.632395,0.8,0.8,200,8562.487444
5646.308415,0.805,0.82,200,8567.063935
5691.117058,0.81,0.81,200,8573.989075
5786.718946,0.87,0.875,200,8578.619558
5667.655463,0.83,0.835,200,8583.098121
4721.166254,0.85,0.85,200,8587.689998
4794.759011,0.85,0.86,200,8592.329279
5672.608137,0.84,0.845,200,8596.942182
5641.607552,0.81,0.82,200,8601.605947
5662.837257,0.865,0.865,200,8606.231044
5633.903749,0.85,0.88,200,8610.963187
5688.471723,0.835,0.835,200,8615.677043
4538.130297,0.845,0.865,200,8622.538362
4660.406017,0.86,0.86,200,8627.129954
5669.929451,0.86,0.875,200,8631.791372
5774.796172,0.87,0.88,200,8636.47583
5663.056795,0.825,0.825,200,8641.114851
3162.595723,0.5,0.5,200,8645.838175
5736.303332,0.855,0.86,200,8650.464279
5781.792498,0.86,0.87,200,8655.036763
5678.418608,0.845,0.845,200,8659.842181
5726.201982,0.84,0.84,200,8664.483065
5761.276366,0.85,0.87,200,8671.469965
5650.962955,0.805,0.815,200,8676.081539
5713.914244,0.815,0.835,200,8680.679763
5756.934174,0.85,0.865,200,8685.310215
4251.966378,0.845,0.845,200,8689.988927
5653.177492,0.83,0.83,200,8694.546428
5783.15489,0.875,0.875,200,8699.090056
3873.74073,0.875,0.875,200,8703.76877
5283.912711,0.83,0.85,200,8708.370249
5739.200666,0.835,0.84,200,8712.953841
5667.903283,0.845,0.845,200,8719.929387
4697.222117,0.84,0.85,200,8724.695972
5772.024853,0.865,0.865,200,8729.416827
5357.091769,0.84,0.855,200,8734.01456
5676.495281,0.825,0.83,200,8738.742945
5635.594094,0.85,0.85,200,8743.310888
5741.754883,0.84,0.85,200,8747.913455
5720.449211,0.835,0.835,200,8752.513498
5701.198419,0.815,0.815,200,8757.20741
4865.534123,0.655,0.69,200,8761.838621
5744.126204,0.835,0.84,200,8768.660107
5770.507808,0.865,0.865,200,8773.401061
5696.98198,0.815,0.815,200,8778.107566
5688.316991,0.84,0.84,200,8782.791986
5428.080388,0.84,0.84,200,8787.515786
5624.291577,0.865,0.87,200,8792.189435
5584.804184,0.805,0.81,200,8797.056829
5648.164102,0.82,0.82,200,8801.765668
5734.24716,0.845,0.85,200,8806.428546
5756.794694,0.85,0.855,200,8811.232444
5629.231991,0.83,0.83,200,8818.023676
5753.473041,0.84,0.855,200,8822.721512
5717.466646,0.86,0.865,200,8827.379007
5750.694254,0.84,0.85,200,8832.190307
5709.539454,0.84,0.84,200,8836.91732
5754.894729,0.845,0.845,200,8841.561709
5769.112358,0.87,0.875,200,8846.230041
5661.312879,0.85,0.85,200,8850.811273
5679.023662,0.815,0.825,200,8855.326172
5769.401539,0.865,0.87,200,8859.928715
5609.539804,0.805,0.81,200,8866.878343
5747.877622,0.84,0.855,200,8871.674589
5655.434602,0.83,0.835,200,8876.395127
5683.791528,0.86,0.87,200,8880.857569
5762.673397,0.84,0.86,200,8885.407315
5732.266672,0.835,0.845,200,8890.017574
5100.348237,0.83,0.835,200,8894.596817
4776.575539,0.84,0.845,200,8899.280314
5769.94782,0.86,0.86,200,8903.808766
5695.891346,0.815,0.815,200,8908.324173
5733.253857,0.84,0.845,200,8915.110222
5677.349494,0.835,0.835,200,8919.772047
5720.642874,0.875,0.88,200,8924.368784
5738.120106,0.865,0.865,200,8929.095177
5687.067098,0.81,0.81,200,8933.802338
5773.574424,0.865,0.865,200,8938.457411
5701.40285,0.82,0.82,200,8943.10476
5685.611543,0.82,0.82,200,8947.593054
5681.590736,0.855,0.86,200,8952.27219
4342.524928,0.675,0.69,200,8956.694315
5784.419203,0.855,0.88,200,8963.662009
5554.64283,0.835,0.84,200,8968.334785
5746.885352,0.835,0.845,200,8972.989182
4463.38259,0.865,0.865,200,8977.484658
5664.299922,0.825,0.825,200,8981.862725
5682.638841,0.8,0.8,200,8986.335246
5407.03369,0.84,0.855,200,8990.746424
5724.064213,0.86,0.865,200,8995.177073
5704.751294,0.855,0.86,200,8999.58951
5591.523175,0.815,0.815,200,9004.074865
5633.292489,0.825,0.83,200,9010.633674
5729.79115,0.86,0.865,200,9015.335929
3059.154137,0.88,0.89,200,9019.668854
5604.186409,0.81,0.81,200,9024.135608
5739.766038,0.835,0.84,200,9028.459283
5776.890143,0.845,0.87,200,9032.903753
5691.641493,0.83,0.83,200,9037.598307
5686.361851,0.81,0.81,200,9042.303211
5633.21384,0.845,0.845,200,9046.80431
5678.326674,0.84,0.84,200,9051.351476
5768.474789,0.86,0.865,200,9058.033696
5735.262736,0.835,0.845,200,9062.762918
4843.154495,0.625,0.63,200,9067.348795
5673.736437,0.82,0.82,200,9071.904256
5667.348015,0.825,0.825,200,9076.581326
5734.322509,0.875,0.895,200,9081.214152
5700.142443,0.81,0.81,200,9085.922183
4657.33194,0.66,0.675,200,9090.626081
5734.701714,0.845,0.85,200,9095.236592
5629.051904,0.81,0.82,200,9099.844512
5701.931882,0.82,0.82,200,9106.686178
5734.169936,0.84,0.85,200,9111.431524
5765.508118,0.855,0.86,200,9116.154155
5767.025133,0.875,0.88,200,9120.766459
5620.222864,0.82,0.835,200,9125.399765
5717.999205,0.84,0.84,200,9130.052349
5646.145038,0.815,0.815,200,9134.681271
5134.179964,0.82,0.84,200,9139.234528
5632.375316,0.825,0.825,200,9143.869375
5670.634108,0.825,0.83,200,9148.474988
5631.055611,0.84,0.84,200,9155.262507
5673.0362,0.8,0.82,200,9159.699181
5621.701529,0.82,0.82,200,9164.115721
5604.75675,0.83,0.84,200,9168.674647
5696.635466,0.865,0.87,200,9173.265485
5733.316855,0.83,0.845,200,9177.804767
4879.800969,0.85,0.85,200,9182.494924
5687.920516,0.82,0.82,200,9187.079191
5656.106213,0.845,0.845,200,9191.829934
5628.563505,0.85,0.85,200,9196.493644
4219.546271,0.86,0.87,200,9203.24592
4112.286337,0.615,0.62,200,9207.854464
5775.210045,0.86,0.87,200,9212.505275
5766.94159,0.86,0.86,200,9217.270344
5690.679082,0.815,0.815,200,9221.865547
5722.458094,0.86,0.87,200,9226.447818
5724.245758,0.85,0.85,200,9231.059887
5737.189247,0.845,0.865,200,9235.524115
5770.580273,0.86,0.865,200,9240.138371
4617.506159,0.355,0.355,200,9244.719951
5246.687964,0.85,0.85,200,9251.437476
5426.094137,0.835,0.845,200,9256.093745
5685.368676,0.81,0.81,200,9260.676644
5748.394572,0.855,0.865,200,9265.252559
5730.430024,0.825,0.845,200,9269.70533
5264.767817,0.84,0.855,200,9274.255099
5735.256537,0.835,0.845,200,9278.860676
5663.655425,0.845,0.845,200,9283.593221
5726.73184,0.84,0.865,200,9288.137285
5765.905182,0.855,0.86,200,9292.639775
4841.560776,0.845,0.855,200,9299.427596
5634.702771,0.845,0.845,200,9304.072614
5778.167029,0.855,0.865,200,9308.667065
5703.122191,0.825,0.83,200,9313.389913
5684.253132,0.82,0.82,200,9317.896447
5725.647296,0.83,0.84,200,9322.316952
4770.694628,0.86,0.86,200,9326.841424
4787.858369,0.865,0.865,200,9331.462265
5704.802864,0.82,0.82,200,9336.082536
5704.743533,0.83,0.83,200,9340.68325
5662.054644,0.825,0.825,200,9347.675085
5761.522419,0.84,0.85,200,9352.382274
5696.479684,0.825,0.825,200,9357.074562
5756.029095,0.84,0.85,200,9361.513717
5777.90532,0.86,0.865,200,9366.002562
5741.138369,0.86,0.875,200,9370.660601
5581.623053,0.795,0.795,200,9375.35775
5759.848838,0.845,0.855,200,9380.0786
5666.844958,0.85,0.85,200,9384.749746
5690.662526,0.81,0.81,200,9389.44596
5701.054698,0.855,0.88,200,9396.372484
5431.209007,0.855,0.855,200,9401.089939
5781.689633,0.86,0.875,200,9405.719717
5686.498992,0.835,0.835,200,9410.436034
5685.549489,0.88,0.88,200,9415.096272
5746.366164,0.84,0.84,200,9419.587303
5642.589642,0.805,0.815,200,9424.260522
5749.386798,0.845,0.845,200,9428.718997
5634.932255,0.84,0.84,200,9433.26822
5665.899722,0.83,0.83,200,9437.974393
5736.115121,0.87,0.875,200,9444.503505
5584.43539,0.8,0.805,200,9449.177674
5521.482311,0.86,0.87,200,9453.922421
5704.410457,0.87,0.88,200,9458.595972
5606.72644,0.805,0.805,200,9463.36554
5592.718525,0.8,0.805,200,9468.040387
5764.470052,0.855,0.855,200,9472.656379
5762.505899,0.85,0.865,200,9477.401126
5715.113337,0.84,0.84,200,9482.179895
5694.200084,0.81,0.81,200,9487.004971
5625.228525,0.805,0.82,200,9493.925734
5615.942,0.86,0.875,200,9498.701683
4782.048367,0.87,0.885,200,9503.550293
5785.106668,0.87,0.88,200,9508.358296
5111.438983,0.84,0.845,200,9513.054879
5697.521248,0.83,0.83,200,9517.719024
5690.364199,0.83,0.83,200,9522.270301
5669.662289,0.825,0.825,200,9526.896677
5741.333618,0.855,0.855,200,9531.624606
5549.043846,0.785,0.8,200,9536.443408
4211.8078,0.875,0.88,200,9543.51834
4490.695847,0.65,0.675,200,9548.101062
5652.210903,0.805,0.815,200,9552.823515
5653.917548,0.835,0.84,200,9557.580721
5521.194988,0.83,0.85,200,9562.172601
5745.300535,0.845,0.845,200,9566.753215
5584.755141,0.835,0.855,200,9571.406919
5754.849335,0.865,0.875,200,9575.908779
5666.476492,0.84,0.84,200,9580.463885
5690.128718,0.85,0.85,200,9585.173329
4514.519432,0.83,0.84,200,9592.091086
5693.858392,0.83,0.83,200,9596.766899
5690.807879,0.83,0.835,200,9601.451104
5696.701136,0.855,0.86,200,9606.093076
5646.896693,0.82,0.82,200,9610.807947
3721.576005,0.87,0.87,200,9615.384749
5755.226355,0.845,0.845,200,9619.957059
5717.392708,0.865,0.865,200,9624.508066
5770.910417,0.865,0.865,200,9629.077808
5673.137357,0.82,0.82,200,9633.677015
5623.613207,0.805,0.805,200,9640.354731
5644.661057,0.84,0.845,200,9644.806253
5683.777519,0.835,0.835,200,9649.249342
5349.861642,0.835,0.84,200,9653.913316
5563.688344,0.855,0.875,200,9658.61018
5164.439446,0.855,0.855,200,9663.211187
4604.152557,0.865,0.865,200,9667.802247
5772.906887,0.87,0.87,200,9672.427722
5620.248051,0.84,0.84,200,9677.108355
5754.455619,0.845,0.845,200,9681.88989
3562.520215,0.855,0.855,200,9688.923213
5680.271804,0.81,0.81,200,9693.415862
5578.50536,0.85,0.865,200,9697.888053
5765.818394,0.85,0.855,200,9702.350603
4470.595647,0.875,0.885,200,9707.054563
4146.038913,0.875,0.875,200,9711.713072
5704.907861,0.82,0.82,200,9716.502752
5744.012927,0.84,0.84,200,9721.228703
5641.396706,0.83,0.83,200,9725.905648
4301.39628,0.845,0.85,200,9730.599213
5763.695185,0.86,0.865,200,9737.370188
5767.037999,0.86,0.86,200,9741.966539
5721.122071,0.86,0.87,200,9746.485023
5665.288706,0.79,0.79,200,9750.987971
5677.568899,0.82,0.82,200,9755.435223
5752.595558,0.84,0.84,200,9759.970232
5687.8333,0.82,0.83,200,9764.497262
5642.765779,0.825,0.825,200,9769.204665
5753.24223,0.84,0.86,200,9773.622048
5684.311113,0.825,0.825,200,9778.14267
5008.628158,0.87,0.87,200,9784.876616
5691.935946,0.86,0.865,200,9789.488614
5592.910012,0.795,0.8,200,9793.838496
5780.663104,0.86,0.865,200,9798.117392
5682.915871,0.82,0.835,200,9802.435614
5730.631991,0.85,0.85,200,9806.887869
5774.056775,0.86,0.86,200,9811.248184
5546.91117,0.865,0.875,200,9815.743473
5769.330683,0.86,0.86,200,9820.347353
5743.990659,0.84,0.84,200,9824.892337
5773.272095,0.855,0.86,200,9831.684767
5664.214274,0.835,0.835,200,9835.995322
5696.076965,0.815,0.82,200,9840.535475
5764.491699,0.865,0.87,200,9844.808994
5735.620992,0.875,0.875,200,9849.161855
5650.005643,0.815,0.83,200,9853.658697
5701.720803,0.835,0.84,200,9858.201967
5655.275298,0.845,0.845,200,9862.890712
5775.53123,0.85,0.86,200,9867.334354
5660.756089,0.83,0.83,200,9871.951587
5671.144917,0.8,0.8,200,9878.814599
5707.983744,0.825,0.825,200,9883.350233
5232.488083,0.85,0.85,200,9888.069988
4891.393966,0.855,0.86,200,9892.520946
5739.70986,0.87,0.875,200,9896.956675
5642.754683,0.855,0.885,200,9901.524867
5675.176117,0.84,0.84,200,9905.946958
4997.512565,0.86,0.865,200,9910.619162
5687.946779,0.835,0.835,200,9915.134872
5569.179258,0.78,0.78,200,9919.625643
5145.828003,0.83,0.845,200,9926.238001
5687.412204,0.83,0.83,200,9930.678902
5690.979913,0.815,0.82,200,9935.083189
5671.503979,0.8,0.8,200,9939.538319
5683.515414,0.83,0.83,200,9943.957148
5640.090574,0.84,0.84,200,9948.409365
5651.548296,0.81,0.825,200,9953.0317
4991.952765,0.835,0.835,200,9957.419865
5682.698497,0.81,0.81,200,9962.047343
5643.39926,0.815,0.815,200,9966.493176
5694.765435,0.81,0.81,200,9973.25071
5642.199611,0.845,0.85,200,9977.728685
5704.872228,0.83,0.83,200,9982.124228
5308.444268,0.84,0.84,200,9986.40781
5763.180305,0.855,0.855,200,9990.754737
5746.20858,0.84,0.855,200,9995.135291
5598.472685,0.805,0.81,200,9999.651037
5763.39139,0.855,0.855,200,10004.113308
5743.468334,0.86,0.86,200,10008.487077
5661.485721,0.825,0.825,200,10012.944324
5769.165757,0.86,0.865,200,10019.611808
2940.254989,0.155,0.155,200,10024.144332
5688.202685,0.81,0.81,200,10028.677671
5741.951018,0.84,0.85,200,10033.202074
4952.877089,0.825,0.85,200,10037.740809
5780.153206,0.86,0.87,200,10042.342796
5670.409628,0.815,0.815,200,10046.942897
5774.331871,0.86,0.86,200,10051.644968
5657.488276,0.835,0.835,200,10056.209846
5702.520687,0.815,0.815,200,10060.794515
5775.779382,0.855,0.86,200,10067.754452
4783.495658,0.84,0.86,200,10072.304877
5716.549192,0.84,0.84,200,10077.050517
5693.154479,0.815,0.815,200,10081.781733
5723.929808,0.83,0.835,200,10086.274997
5694.929484,0.815,0.815,200,10090.812026
5759.981233,0.865,0.87,200,10095.376726
5665.082225,0.83,0.83,200,10099.932748
5267.55288,0.645,0.645,200,10104.498868
5736.004716,0.86,0.87,200,10109.198942
4959.487882,0.855,0.855,200,10115.974762
5678.972851,0.83,0.835,200,10120.569756
5688.619402,0.825,0.825,200,10125.05788
5687.766643,0.805,0.81,200,10129.737902
5683.326855,0.83,0.83,200,10134.319092
4794.422182,0.845,0.845,200,10138.948068
5255.148418,0.85,0.86,200,10143.378407
5676.867727,0.795,0.795,200,10148.033472
5509.085257,0.84,0.84,200,10152.748001
5693.513269,0.82,0.83,200,10157.397139
5790.216205,0.87,0.88,200,10164.224466
5666.722381,0.785,0.785,200,10168.872903
5772.893886,0.86,0.86,200,10173.632408
5699.48904,0.81,0.81,200,10178.29965
5449.633218,0.72,0.735,200,10182.883681
5669.361365,0.835,0.84,200,10187.536947
3798.590464,0.88,0.895,200,10192.243321
5751.683072,0.86,0.865,200,10196.735389
5594.994653,0.8,0.81,200,10201.351976
5725.303379,0.83,0.835,200,10205.966528
4289.206774,0.835,0.85,200,10212.772805
5642.979517,0.815,0.82,200,10217.414532
5640.503427,0.845,0.845,200,10222.034697
5693.088455,0.825,0.825,200,10226.618814
5064.874745,0.835,0.84,200,10231.226321
5686.260024,0.84,0.845,200,10235.869908
5689.852568,0.855,0.86,200,10240.394701
4503.815982,0.85,0.85,200,10245.215741
5729.595989,0.86,0.865,200,10249.766182
2775.183545,0.445,0.455,200,10254.275322
5730.249815,0.855,0.855,200,10260.917145
5511.16386,0.83,0.85,200,10265.47853
5779.82272,0.865,0.87,200,10270.095196
5695.598633,0.835,0.835,200,10274.741551
5398.97669,0.87,0.88,200,10279.298235
5787.850782,0.87,0.87,200,10283.876806
5703.170117,0.815,0.815,200,10288.489792
5644.507407,0.825,0.825,200,10293.203382
5667.920787,0.83,0.83,200,10297.812833
5685.058092,0.825,0.825,200,10302.342843
5806.799374,0.87,0.89,200,10308.92063
5694.194922,0.835,0.835,200,10313.379889
5691.878566,0.845,0.845,200,10318.027989
5321.309097,0.84,0.84,200,10322.730726
5681.24009,0.82,0.82,200,10327.40382
5333.234203,0.845,0.855,200,10332.171295
5521.104912,0.81,0.81,200,10336.727908
5704.173678,0.855,0.87,200,10341.340575
3351.885983,0.465,0.465,200,10346.119415
5700.807181,0.875,0.885,200,10350.803314
5660.485546,0.86,0.865,200,10357.556243
5651.021901,0.875,0.885,200,10362.144064
5770.680666,0.865,0.865,200,10366.821821
4959.247167,0.855,0.86,200,10371.387681
5697.809526,0.825,0.825,200,10375.821869
5759.040869,0.87,0.87,200,10380.52634
5696.30473,0.825,0.825,200,10385.220098
5703.384167,0.805,0.805,200,10389.828212
5768.268151,0.86,0.86,200,10394.419078
5349.403486,0.83,0.83,200,10399.020668
5317.84798,0.845,0.855,200,10405.82902
4817.6976,0.87,0.87,200,10410.406291
4309.257643,0.87,0.87,200,10415.047343
5763.462876,0.845,0.855,200,10419.648183
5735.903876,0.835,0.84,200,10424.363353
5636.03064,0.82,0.82,200,10429.067033
5658.479251,0.835,0.835,200,10433.682425
5628.878916,0.8,0.815,200,10438.319887
5769.852232,0.86,0.86,200,10443.065708
5711.176347,0.835,0.84,200,10447.726979
5774.593313,0.865,0.865,200,10454.548699
5737.780525,0.84,0.85,200,10459.08969
4950.375262,0.85,0.855,200,10463.773031
5680.76349,0.81,0.81,200,10468.168169
5772.183914,0.855,0.86,200,10472.745869
5736.590164,0.825,0.845,200,10477.174262
5649.583861,0.845,0.85,200,10481.662483
5683.424138,0.84,0.86,200,10486.054736
5765.360335,0.865,0.865,200,10490.57057
5703.162412,0.82,0.83,200,10495.258995
5745.671859,0.835,0.84,200,10502.087988
5704.069576,0.82,0.835,200,10506.76838
5680.338666,0.865,0.87,200,10511.235524
5116.453766,0.865,0.87,200,10515.744842
5700.201257,0.81,0.82,200,10520.428557
5765.921646,0.85,0.855,200,10524.93877
5721.304547,0.875,0.875,200,10529.724502
5625.344289,0.805,0.805,200,10534.374713
5679.87122,0.815,0.815,200,10539.126761
5555.140786,0.84,0.84,200,10543.674046
5303.047904,0.87,0.875,200,10550.64055
3232.677142,0.875,0.885,200,10555.163159
5669.924566,0.785,0.785,200,10559.771353
5574.638008,0.84,0.855,200,10564.38906
5662.813013,0.83,0.835,200,10569.152199
5610.215732,0.84,0.84,200,10573.874778
5721.00531,0.845,0.845,200,10578.473671
5663.063178,0.87,0.875,200,10583.194852
5691.347455,0.815,0.815,200,10587.847069
5665.65423,0.845,0.85,200,10592.551421
5727.152732,0.85,0.85,200,10599.456042
5709.211754,0.815,0.825,200,10604.06558
5753.442007,0.86,0.88,200,10608.719722
5700.585448,0.815,0.815,200,10613.375713
5771.643174,0.86,0.86,200,10618.074521
5757.081093,0.855,0.855,200,10622.777055
5671.522491,0.8,0.8,200,10627.356097
5762.018403,0.85,0.86,200,10632.092947
5701.624713,0.875,0.88,200,10636.788781
5677.84272,0.84,0.85,200,10641.509424
5557.325662,0.865,0.88,200,10648.470215
5762.240474,0.855,0.875,200,10653.218091
5778.716505,0.84,0.875,200,10657.854841
5667.367696,0.81,0.81,200,10662.554881
5772.742755,0.86,0.87,200,10667.112355
5627.187969,0.805,0.805,200,10671.776217
5500.376475,0.835,0.855,200,10676.593915
5729.790031,0.865,0.87,200,10681.108039
5697.766759,0.81,0.81,200,10685.688279
4773.36104,0.865,0.865,200,10690.402988
5104.827625,0.855,0.86,200,10697.400629
5058.81592,0.855,0.855,200,10702.195191
5668.534457,0.84,0.845,200,10706.898341
5707.901892,0.82,0.82,200,10711.594587
5775.023031,0.855,0.865,200,10716.285629
5692.778037,0.81,0.81,200,10720.943825
5732.012898,0.865,0.875,200,10725.57886
5600.179969,0.795,0.805,200,10730.276109
5225.846808,0.835,0.85,200,10735.011465
5603.44598,0.815,0.815,200,10739.696034
5760.845497,0.855,0.865,200,10746.801621
5643.631897,0.805,0.815,200,10751.55945
5644.330824,0.84,0.84,200,10756.240873
5456.133393,0.83,0.86,200,10760.96219
5699.858948,0.815,0.815,200,10765.696501
5731.273795,0.85,0.85,200,10770.404069
5669.319317,0.815,0.825,200,10775.039615
5681.48653,0.825,0.825,200,10779.669471
5616.77851,0.8,0.815,200,10784.469653
5743.393848,0.835,0.84,200,10789.108058
5670.580015,0.815,0.825,200,10795.844491
5735.641549,0.825,0.84,200,10800.563253
5745.062833,0.85,0.86,200,10805.296525
4819.197976,0.855,0.86,200,10810.019957
5620.975957,0.805,0.805,200,10814.667211
5780.289167,0.855,0.87,200,10819.329108
5772.092689,0.87,0.885,200,10824.098961
5687.158071,0.82,0.82,200,10828.787746
4037.937801,0.87,0.87,200,10833.448565
4888.759291,0.845,0.865,200,10838.148311
5448.769812,0.85,0.85,200,10845.198174
5039.188652,0.845,0.85,200,10849.857325
5662.737279,0.815,0.82,200,10854.489496
4831.548498,0.84,0.85,200,10859.078939
5681.553211,0.81,0.81,200,10863.711905
5692.391213,0.825,0.83,200,10868.564111
5635.892026,0.805,0.81,200,10873.223418
5651.535366,0.805,0.805,200,10877.848065
5750.142748,0.865,0.87,200,10882.52782
5723.647004,0.805,0.83,200,10887.295682
5733.603805,0.835,0.835,200,10894.364733
5698.212544,0.82,0.82,200,10899.108495
5241.141358,0.875,0.875,200,10903.914323
3684.060621,0.355,0.365,200,10908.620776
5732.337003,0.86,0.87,200,10913.240692
5707.191739,0.83,0.83,200,10918.023383
5746.513689,0.855,0.855,200,10922.85565
5521.58454,0.835,0.86,200,10927.496592
5623.641291,0.8,0.81,200,10932.184287
5635.465522,0.87,0.875,200,10936.815932
5675.166735,0.8,0.8,200,10943.57392
5763.996843,0.86,0.87,200,10948.234687
4833.686699,0.865,0.875,200,10952.865371
5720.245845,0.875,0.89,200,10957.491942
5768.361925,0.855,0.86,200,10961.942866
5628.775493,0.845,0.845,200,10966.557065
5679.502407,0.83,0.83,200,10971.095025
5657.954915,0.815,0.82,200,10975.718052
5678.851973,0.825,0.825,200,10980.301672
5710.392645,0.83,0.84,200,10984.993095
5736.962552,0.84,0.85,200,10991.763175
5755.473164,0.83,0.855,200,10996.382216
4810.556747,0.88,0.88,200,11000.995154
5690.137131,0.825,0.825,200,11005.727399
5696.006678,0.82,0.82,200,11010.39589
4857.3038,0.835,0.86,200,11014.96786
5752.231265,0.855,0.86,200,11019.495481
5699.833345,0.83,0.83,200,11024.084317
4309.683243,0.855,0.87,200,11028.806188
5647.615488,0.85,0.86,200,11033.290393
5725.046225,0.865,0.875,200,11040.157844
5740.939174,0.855,0.865,200,11044.742362
5668.628646,0.86,0.875,200,11049.478872
5771.293301,0.86,0.865,200,11054.231387
5645.911584,0.84,0.84,200,11059.104107
5666.722901,0.845,0.845,200,11063.849623
5752.458836,0.84,0.85,200,11068.534041
4892.890033,0.875,0.88,200,11073.201967
5643.793113,0.835,0.84,200,11077.974587
2497.663685,0.045,0.045,200,11082.596516
4607.675506,0.86,0.86,200,11089.288907
5669.245549,0.835,0.84,200,11093.895994
5684.872876,0.84,0.845,200,11098.447654
5662.28517,0.795,0.82,200,11103.171348
5178.537374,0.875,0.875,200,11107.931405
5508.837268,0.865,0.89,200,11112.565498
5694.857228,0.815,0.815,200,11117.323125
5702.458173,0.84,0.84,200,11122.021203
5686.465827,0.825,0.825,200,11126.716135
2833.735265,0.105,0.11,200,11131.485326
5463.607687,0.865,0.875,200,11138.50976
5703.68452,0.855,0.87,200,11143.172187
2277.986786,0.13,0.145,200,11147.7726
4555.531653,0.86,0.86,200,11152.509207
5719.685687,0.845,0.855,200,11157.251553
5690.317888,0.815,0.815,200,11162.035161
5751.686899,0.865,0.875,200,11166.665824
5747.851746,0.87,0.875,200,11171.281044
5772.818964,0.865,0.865,200,11175.895197
4627.994147,0.87,0.87,200,11180.470254
5739.805219,0.86,0.87,200,11187.207608
5733.925641,0.855,0.865,200,11191.925589
4220.117785,0.87,0.87,200,11196.434102
5748.704184,0.835,0.835,200,11201.199267
5624.28919,0.865,0.865,200,11205.826653
5564.837297,0.785,0.8,200,11210.365718
5680.027077,0.835,0.855,200,11214.81057
5738.68921,0.83,0.84,200,11219.479997
5714.893594,0.835,0.845,200,11224.087338
5659.327714,0.82,0.825,200,11228.711466
5767.040009,0.86,0.86,200,11235.459507
5698.549981,0.835,0.835,200,11240.003918
5734.264016,0.875,0.875,200,11244.593317
5748.590981,0.845,0.845,200,11249.109898
5692.978097,0.82,0.825,200,11253.510522
5718.270923,0.84,0.84,200,11258.01356
5672.112915,0.835,0.84,200,11262.540217
5697.638513,0.82,0.835,200,11267.089362
5653.828517,0.845,0.85,200,11271.589737
5684.382949,0.865,0.87,200,11276.282333
5696.455653,0.835,0.835,200,11282.910102
5747.24796,0.845,0.845,200,11287.313235
5764.138316,0.855,0.87,200,11291.850076
5700.983734,0.815,0.82,200,11296.408353
5742.778499,0.84,0.84,200,11301.088805
5769.451346,0.855,0.855,200,11305.616234
5779.388191,0.855,0.87,200,11310.050539
5086.869103,0.825,0.855,200,11314.661033
5684.591235,0.82,0.835,200,11319.259245
4185.539892,0.86,0.87,200,11323.929594
5745.855659,0.85,0.865,200,11330.807394
5781.247377,0.86,0.87,200,11335.571681
5675.711358,0.82,0.82,200,11340.273566
5201.227076,0.85,0.855,200,11344.83857
5605.334388,0.795,0.795,200,11349.525739
5706.094501,0.81,0.815,200,11354.118869
5676.866372,0.845,0.845,200,11358.75484
5687.646201,0.805,0.805,200,11363.454949
5771.148016,0.86,0.87,200,11368.047895
5765.063896,0.855,0.855,200,11372.683745
5625.840856,0.82,0.82,200,11379.820176
5675.386192,0.82,0.82,200,11384.501596
5691.074732,0.87,0.875,200,11388.971445
5657.498897,0.855,0.865,200,11393.567698
5466.18124,0.845,0.845,200,11398.270993
5711.142869,0.83,0.835,200,11403.042029
5705.961611,0.825,0.825,200,11407.661486
5786.226476,0.86,0.87,200,11412.45675
5751.437575,0.845,0.85,200,11417.205833
5676.936329,0.81,0.81,200,11421.893597
5707.658599,0.875,0.89,200,11428.658411
5467.145342,0.855,0.875,200,11433.301815
5684.909638,0.825,0.825,200,11438.017628
5678.209699,0.84,0.845,200,11442.688931
5745.549044,0.84,0.84,200,11447.342599
5692.121921,0.835,0.84,200,11451.895894
5013.110433,0.805,0.825,200,11456.272299
4773.33765,0.855,0.865,200,11460.748491
5742.772045,0.84,0.84,200,11465.265326
5757.701018,0.85,0.85,200,11469.700325
5704.516108,0.855,0.865,200,11476.461306
5763.120258,0.865,0.875,200,11481.056118
5763.472672,0.855,0.855,200,11485.688957
5691.539489,0.81,0.81,200,11490.359539
5758.16339,0.855,0.865,200,11495.123672
5744.772976,0.835,0.845,200,11499.827005
4926.427195,0.845,0.865,200,11504.403293
5719.165644,0.855,0.865,200,11508.97459
5135.650733,0.845,0.85,200,11513.722693
5577.591939,0.795,0.795,200,11518.4523
5635.37987,0.85,0.85,200,11525.429615
5766.088647,0.845,0.86,200,11530.035007
5773.590606,0.86,0.86,200,11534.692047
5602.119968,0.835,0.84,200,11539.324375
5771.14498,0.86,0.87,200,11543.842164
5676.804214,0.83,0.84,200,11548.595275
5670.263528,0.815,0.83,200,11553.231636
5696.829292,0.825,0.825,200,11557.845121
5671.840027,0.79,0.79,200,11562.528903
5665.688404,0.82,0.825,200,11567.327929
5676.857298,0.87,0.87,200,11574.352341
4153.377571,0.87,0.87,200,11578.992307
4522.500856,0.875,0.88,200,11583.667693
5450.275305,0.845,0.85,200,11588.322822
5616.121493,0.835,0.835,200,11593.025951
4578.644107,0.86,0.875,200,11597.736719
5730.089118,0.835,0.84,200,11602.562934
5730.412111,0.83,0.845,200,11607.217125
5682.715143,0.865,0.875,200,11611.925562
5714.405629,0.825,0.825,200,11616.573741
5693.441772,0.815,0.815,200,11623.320681
5762.672151,0.85,0.85,200,11628.075968
5678.249743,0.82,0.83,200,11632.703089
5724.353792,0.87,0.88,200,11637.273708
5748.594002,0.865,0.865,200,11641.873733
5652.5775,0.85,0.855,200,11646.429295
5740.955085,0.87,0.875,200,11651.085736
5734.317646,0.86,0.865,200,11655.757432
5762.715719,0.86,0.86,200,11660.451812
5750.810605,0.835,0.84,200,11665.189397
3572.65861,0.27,0.29,200,11671.954874
5688.527609,0.825,0.83,200,11676.641046
5742.469107,0.83,0.85,200,11681.26557
5632.846356,0.845,0.845,200,11685.865231
5132.594889,0.84,0.855,200,11690.481726
5695.964108,0.81,0.81,200,11695.111023
5758.211072,0.855,0.86,200,11699.857579
5779.039971,0.855,0.87,200,11704.586537
5702.533811,0.835,0.835,200,11709.219141
5694.388664,0.83,0.83,200,11713.935808
5764.71749,0.845,0.855,200,11720.920858
4720.869509,0.87,0.87,200,11725.470987
5704.466875,0.83,0.83,200,11730.010218
3811.604685,0.88,0.885,200,11734.630928
5754.500999,0.845,0.845,200,11739.359235
5757.953132,0.845,0.85,200,11743.947634
5653.103617,0.825,0.83,200,11748.659525
5744.459675,0.86,0.875,200,11753.510092
5361.186544,0.815,0.835,200,11758.169111
5624.874147,0.845,0.845,200,11763.018703
5647.570329,0.855,0.87,200,11769.940448
5665.105062,0.82,0.83,200,11774.827984
5687.114808,0.805,0.805,200,11779.56594
5762.518851,0.855,0.88,200,11784.272973
5683.199331,0.81,0.81,200,11789.054316
5755.80383,0.845,0.86,200,11793.869614
5628.34152,0.855,0.865,200,11798.598128
5756.121692,0.855,0.855,200,11803.312261
3910.791646,0.435,0.455,200,11808.05757
5676.707854,0.825,0.825,200,11812.918364
5758.463314,0.85,0.85,200,11819.908639
5733.432858,0.83,0.835,200,11824.592009
5664.802547,0.83,0.83,200,11829.373381
4093.449624,0.86,0.875,200,11834.108649
5757.136677,0.845,0.85,200,11838.935531
5747.542238,0.845,0.845,200,11843.782075
5769.715324,0.855,0.865,200,11848.461222
5734.842875,0.84,0.84,200,11853.232712
4900.283438,0.86,0.86,200,11857.915012
5756.865497,0.845,0.845,200,11862.751906
5762.696256,0.85,0.85,200,11869.84337
5737.248118,0.845,0.845,200,11874.551549
5201.555784,0.845,0.86,200,11879.151526
5678.627341,0.815,0.835,200,11883.877363
5696.748402,0.815,0.815,200,11888.646014
5703.391921,0.82,0.825,200,11893.410573
5754.986283,0.845,0.85,200,11898.302862
4833.606301,0.845,0.86,200,11902.973827
5589.475992,0.795,0.81,200,11907.839056
5676.075314,0.805,0.805,200,11912.655304
5624.061638,0.815,0.815,200,11919.638715
5731.653301,0.845,0.865,200,11924.311133
5576.01945,0.805,0.805,200,11929.139959
5730.583221,0.875,0.885,200,11934.030859
5650.156017,0.86,0.89,200,11938.817798
5676.376455,0.855,0.87,200,11943.615577
5742.69851,0.835,0.85,200,11948.336498
5724.329185,0.835,0.845,200,11953.044843
5771.920351,0.845,0.86,200,11957.923098
5702.300503,0.825,0.835,200,11962.605844
5576.710362,0.85,0.855,200,11969.527963
5607.101462,0.8,0.81,200,11974.251865
5769.661013,0.855,0.86,200,11978.941082
5740.533738,0.835,0.84,200,11983.790786
5595.784884,0.8,0.805,200,11988.562701
5772.201311,0.845,0.86,200,11993.205518
5764.441794,0.85,0.85,200,11997.915291
5694.560317,0.82,0.835,200,12002.686711
4255.891584,0.875,0.875,200,12007.335111
5734.720013,0.83,0.83,200,12011.885254
5681.957324,0.795,0.795,200,12018.799808
5753.171537,0.855,0.86,200,12023.270587
5687.872091,0.825,0.835,200,12027.927662
5779.629617,0.86,0.87,200,12032.577097
5666.761544,0.84,0.84,200,12037.165271
5278.685874,0.615,0.62,200,12041.828144
5564.099822,0.84,0.86,200,12046.524941
5689.71186,0.835,0.84,200,12051.223436
5751.959334,0.845,0.85,200,12055.856798
2263.595044,0.205,0.21,200,12060.470193
4609.924824,0.845,0.85,200,12067.404448
5733.717966,0.84,0.84,200,12071.987259
5760.245106,0.865,0.87,200,12076.68363
5726.291719,0.87,0.88,200,12081.204422
5230.812482,0.86,0.86,200,12085.746699
5697.675108,0.815,0.83,200,12090.197222
4827.014435,0.835,0.855,200,12094.749871
5745.399258,0.86,0.865,200,12099.055637
3475.538742,0.865,0.87,200,12103.553747
5771.682919,0.855,0.865,200,12108.119036
5624.033613,0.805,0.82,200,12114.792368
5770.637126,0.86,0.86,200,12119.248547
5724.813108,0.865,0.875,200,12123.812266
5697.787834,0.815,0.815,200,12128.390271
5764.585896,0.855,0.86,200,12132.943394
3090.635331,0.76,0.76,200,12137.531051
5729.448069,0.83,0.845,200,12141.9971
5598.781013,0.835,0.84,200,12146.54904
4653.984655,0.67,0.685,200,12151.227576
5697.755562,0.82,0.82,200,12155.701973
5741.173424,0.86,0.87,200,12162.393386
5713.74826,0.835,0.835,200,12167.018865
5585.820391,0.84,0.855,200,12171.813167
5775.109645,0.865,0.88,200,12176.307189
5680.308844,0.83,0.83,200,12180.821237
5763.796586,0.87,0.88,200,12185.423016
5619.790006,0.83,0.83,200,12190.089814
5687.059927,0.835,0.835,200,12194.605624
5789.839282,0.88,0.88,200,12199.211734
5743.764402,0.84,0.855,200,12203.981651
5613.060538,0.8,0.805,200,12211.063745
5616.581814,0.805,0.805,200,12215.677409
5708.918616,0.86,0.875,200,12220.185083
5788.17715,0.87,0.875,200,12224.696633
5635.045962,0.805,0.82,200,12229.240854
5016.958342,0.865,0.865,200,12233.634182
5660.304573,0.81,0.815,200,12238.192304
5587.296887,0.855,0.855,200,12242.746765
4671.715387,0.87,0.87,200,12247.384844
5172.039477,0.86,0.86,200,12252.045902
5725.631857,0.855,0.86,200,12258.890305
5695.607486,0.82,0.835,200,12263.519067
5616.215378,0.84,0.84,200,12268.199212
5702.830639,0.81,0.815,200,12272.743225
5711.276035,0.83,0.83,200,12277.299167
5474.134513,0.855,0.86,200,12281.725086
5658.140525,0.81,0.825,200,12286.448482
5738.271375,0.855,0.865,200,12291.165051
5723.067294,0.875,0.875,200,12295.851584
3399.792835,0.875,0.89,200,12300.413658
4974.650808,0.865,0.87,200,12307.106543
5667.172112,0.84,0.845,200,12311.730425
4451.67952,0.59,0.615,200,12316.30842
5754.097814,0.865,0.865,200,12320.971314
5657.723949,0.83,0.835,200,12325.733859
5761.3335,0.865,0.865,200,12330.285239
5456.578811,0.855,0.855,200,12334.965106
5732.68539,0.835,0.84,200,12339.679948
5742.883919,0.845,0.85,200,12344.442094
5700.68541,0.805,0.815,200,12349.064896
5710.574042,0.865,0.875,200,12355.945486
5665.950765,0.8,0.8,200,12360.736804
5664.636577,0.835,0.835,200,12365.498458
5749.959779,0.845,0.845,200,12370.053442
3191.958845,0.875,0.875,200,12374.609756
5663.936473,0.81,0.82,200,12379.007787
5573.721635,0.795,0.8,200,12383.525136
5768.212342,0.85,0.86,200,12388.198565
5774.668831,0.865,0.87,200,12392.88168
5697.599506,0.875,0.885,200,12397.482892
4505.201407,0.855,0.865,200,12404.264642
5518.998725,0.8,0.8,200,12408.78968
4879.279893,0.83,0.855,200,12413.513771
4073.657772,0.39,0.44,200,12418.043135
5678.936469,0.835,0.84,200,12422.653543
5776.162461,0.87,0.875,200,12427.137322
5764.547929,0.85,0.86,200,12431.787808
5767.091056,0.855,0.855,200,12436.472456
5583.160216,0.795,0.805,200,12441.065914
5175.577732,0.855,0.865,200,12445.70744
5660.592026,0.845,0.85,200,12452.588306
5728.27994,0.855,0.865,200,12457.10791
5700.080555,0.83,0.83,200,12461.674365
5166.663557,0.845,0.845,200,12466.187826
5659.93011,0.86,0.865,200,12470.836376
4517.882169,0.84,0.875,200,12475.468152
5645.66887,0.82,0.82,200,12480.066133
4887.363209,0.55,0.55,200,12484.678932
5646.787091,0.84,0.845,200,12489.274732
5681.80326,0.795,0.795,200,12494.02548
5680.583765,0.8,0.805,200,12500.69005
5623.207804,0.795,0.81,200,12505.276002
4835.042534,0.88,0.88,200,12509.933333
5425.579237,0.84,0.85,200,12514.596337
5151.183816,0.71,0.73,200,12519.323754
5696.170056,0.86,0.875,200,12523.998724
5622.83028,0.805,0.805,200,12528.61766
5676.997402,0.84,0.84,200,12533.23649
5684.003293,0.8,0.8,200,12537.762703
5608.456984,0.83,0.835,200,12542.428182
5780.38166,0.87,0.88,200,12549.19666
5700.262639,0.835,0.84,200,12553.791537
5684.9472,0.845,0.855,200,12558.325338
5189.122369,0.83,0.855,200,12562.966455
5657.079913,0.835,0.835,200,12567.4841
5685.242564,0.815,0.815,200,12572.075174
4623.082385,0.86,0.86,200,12576.736333
5673.583491,0.83,0.83,200,12581.427707
5636.683231,0.835,0.835,200,12586.137283
5772.655203,0.87,0.87,200,12590.709937
5760.746015,0.84,0.845,200,12597.548576
5682.9938,0.83,0.83,200,12602.07869
5663.311334,0.825,0.825,200,12606.650558
5729.555024,0.83,0.845,200,12611.158327
5690.401855,0.83,0.83,200,12615.661667
5775.580056,0.86,0.86,200,12620.050056
5759.027741,0.845,0.85,200,12624.579873
5714.391462,0.855,0.865,200,12628.903943
5307.860062,0.865,0.875,200,12633.360678
5668.591168,0.85,0.85,200,12637.913981
5755.289391,0.84,0.845,200,12644.595802
5521.3062,0.845,0.865,200,12648.863302
5703.797866,0.84,0.84,200,12653.338889
5511.220678,0.835,0.85,200,12658.020226
5763.502445,0.855,0.865,200,12662.574555
5689.142858,0.8,0.81,200,12667.14155
5679.871147,0.835,0.85,200,12671.78913
5521.847858,0.85,0.85,200,12676.3836
5734.2174,0.83,0.83,200,12681.177261
5574.626319,0.79,0.805,200,12685.846429
5760.203834,0.85,0.865,200,12692.701462
5754.858264,0.86,0.865,200,12697.341254
5690.754122,0.835,0.835,200,12701.939331
5733.010661,0.835,0.84,200,12706.47276
5646.751261,0.87,0.875,200,12710.831429
5555.120106,0.85,0.88,200,12715.462804
5593.546978,0.81,0.81,200,12719.884692
5701.392552,0.845,0.85,200,12724.521132
5711.962907,0.83,0.83,200,12729.249951
5723.466089,0.83,0.83,200,12733.867438
5780.828962,0.855,0.87,200,12740.780828
5755.286929,0.85,0.855,200,12745.444138
5692.799878,0.83,0.85,200,12749.874498
5699.920586,0.835,0.835,200,12754.375924
5669.047673,0.835,0.835,200,12759.023353
5625.088222,0.81,0.81,200,12763.590604
5746.399992,0.87,0.87,200,12768.264084
5239.213033,0.83,0.83,200,12772.823541
5693.480568,0.835,0.835,200,12777.301696
5604.933948,0.87,0.88,200,12781.802696
5783.291145,0.855,0.865,200,12788.427338
5337.922018,0.845,0.845,200,12793.053543
5686.132692,0.825,0.83,200,12797.715254
5700.128512,0.865,0.88,200,12802.327463
5690.974462,0.83,0.835,200,12806.823755
5746.506951,0.835,0.845,200,12811.369306
5767.129251,0.855,0.855,200,12815.987348
5105.659386,0.86,0.86,200,12820.649871
5538.597195,0.835,0.87,200,12825.157074
5684.072176,0.83,0.835,200,12829.676611
5772.329217,0.86,0.86,200,12836.403581
5527.935144,0.84,0.85,200,12840.97052
5732.978959,0.84,0.845,200,12845.472399
5715.390843,0.855,0.855,200,12849.984829
5656.239087,0.82,0.82,200,12854.379395
4360.373927,0.725,0.75,200,12858.875705
5709.73711,0.835,0.835,200,12863.532148
5686.806026,0.82,0.82,200,12867.974784
5590.38482,0.795,0.81,200,12872.660241
5691.380687,0.825,0.825,200,12877.154387
5652.94428,0.835,0.84,200,12883.889112
5696.46568,0.815,0.83,200,12888.47205
5744.065857,0.85,0.865,200,12892.970422
5682.387525,0.845,0.855,200,12897.485082
5486.336331,0.84,0.845,200,12902.008171
5607.304832,0.865,0.87,200,12906.647324
5674.100309,0.835,0.84,200,12911.192224
5631.216136,0.855,0.87,200,12915.745187
5695.891853,0.83,0.83,200,12920.18897
5240.708585,0.855,0.855,200,12924.756778
5790.834459,0.865,0.875,200,12931.52304
5565.153377,0.79,0.79,200,12936.110076
5700.676259,0.835,0.835,200,12940.678305
5753.052517,0.87,0.875,200,12945.324653
5690.247482,0.81,0.81,200,12949.81179
5727.640222,0.86,0.865,200,12954.330319
5754.940674,0.85,0.86,200,12958.861432
5664.261298,0.84,0.84,200,12963.583217
5723.829783,0.84,0.84,200,12968.268147
5693.477572,0.805,0.805,200,12973.076065
5706.995196,0.815,0.835,200,12979.94871
5691.177314,0.815,0.825,200,12984.72582
5747.833621,0.855,0.87,200,12989.470611
5007.944497,0.685,0.71,200,12994.087574
5690.064956,0.81,0.815,200,12998.620133
5694.855834,0.865,0.865,200,13003.246475
5685.439267,0.815,0.815,200,13007.934072
5691.399406,0.825,0.825,200,13012.692666
5760.455911,0.84,0.845,200,13017.314045
5426.096758,0.86,0.86,200,13022.033249
5756.172428,0.85,0.85,200,13028.910289
5747.196021,0.84,0.84,200,13033.594951
5647.498116,0.825,0.825,200,13038.22371
5768.305943,0.87,0.875,200,13042.871709
5754.419996,0.835,0.84,200,13047.564708
5758.992598,0.84,0.845,200,13052.202198
5206.357642,0.855,0.855,200,13056.868038
5690.488366,0.805,0.805,200,13061.638776
5761.014322,0.86,0.865,200,13066.413755
5671.34014,0.83,0.83,200,13071.163388
5740.698393,0.86,0.875,200,13078.022329
5494.169291,0.83,0.845,200,13082.643736
5762.364252,0.845,0.85,200,13087.407245
5413.864977,0.835,0.84,200,13092.111486
5758.476178,0.84,0.85,200,13096.792126
5551.703856,0.86,0.86,200,13101.478009
5708.838093,0.83,0.84,200,13106.110214
5687.182602,0.825,0.825,200,13110.731251
5602.604107,0.79,0.805,200,13115.52687
5744.306516,0.825,0.845,200,13120.124211
5688.585813,0.835,0.835,200,13127.103199
5753.841773,0.84,0.845,200,13131.718218
5691.564553,0.825,0.835,200,13136.425009
5691.466121,0.805,0.815,200,13141.166332
5774.709923,0.855,0.86,200,13145.828256
5702.643754,0.82,0.825,200,13150.556577
5517.214826,0.86,0.88,200,13155.358272
5713.33447,0.825,0.825,200,13160.108634
5621.597714,0.865,0.875,200,13164.830373
5781.841075,0.865,0.87,200,13169.672731
5754.634471,0.855,0.855,200,13176.412617
5666.510081,0.82,0.82,200,13181.135989
5694.216104,0.81,0.815,200,13185.973445
5772.233134,0.86,0.865,200,13190.617542
5715.841235,0.815,0.825,200,13195.292464
4974.025957,0.835,0.85,200,13200.049164
5659.658429,0.84,0.84,200,13204.718601
5120.333649,0.86,0.865,200,13209.257606
5618.307726,0.795,0.81,200,13213.864592
5770.927538,0.865,0.885,200,13218.603183
5760.943122,0.87,0.875,200,13225.43785
5673.424426,0.835,0.845,200,13230.206012
5704.362194,0.83,0.83,200,13234.897492
5782.977979,0.87,0.87,200,13239.601008
4804.811115,0.875,0.88,200,13244.248137
5695.47817,0.82,0.83,200,13248.962586
5697.416199,0.83,0.83,200,13253.73052
5427.018487,0.84,0.845,200,13258.427969
5743.474792,0.84,0.85,200,13263.25054
5722.925353,0.86,0.875,200,13267.984349
5683.18372,0.845,0.845,200,13274.933975
5675.857148,0.8,0.8,200,13279.492707
5781.26048,0.87,0.87,200,13283.96189
5783.134336,0.855,0.865,200,13288.667159
5777.504379,0.86,0.87,200,13293.244154
5764.497043,0.845,0.85,200,13297.822055
5462.474903,0.62,0.66,200,13302.359883
5694.38038,0.825,0.825,200,13307.023712
5514.343734,0.865,0.865,200,13311.742179
5692.458702,0.845,0.85,200,13316.398115
5650.455998,0.83,0.86,200,13323.384271
5279.657056,0.85,0.86,200,13328.028746
5750.981714,0.85,0.85,200,13332.767056
5766.824833,0.86,0.875,200,13337.403159
5697.236308,0.845,0.86,200,13342.262818
5677.115431,0.825,0.825,200,13346.877637
5724.673046,0.83,0.835,200,13351.403264
4743.938966,0.845,0.845,200,13356.01025
5737.192144,0.855,0.865,200,13360.706619
5754.987487,0.85,0.85,200,13365.311428
5735.532487,0.835,0.835,200,13372.114024
5687.717001,0.84,0.84,200,13376.849827
5701.110308,0.815,0.84,200,13381.557873
5682.620489,0.83,0.835,200,13386.175692
5513.975081,0.865,0.87,200,13390.788228
5697.075894,0.81,0.82,200,13395.557502
5744.814504,0.855,0.855,200,13400.277268
5700.54721,0.845,0.845,200,13405.027116
5685.655454,0.825,0.84,200,13409.909245
5404.852113,0.845,0.855,200,13414.576926
5593.433252,0.79,0.8,200,13421.397302
5679.753958,0.805,0.805,200,13426.082024
5757.219761,0.86,0.865,200,13430.625571
5694.394568,0.81,0.81,200,13435.279091
5665.942325,0.85,0.865,200,13439.810768
5751.484272,0.86,0.88,200,13444.397579
5746.512074,0.84,0.85,200,13449.080938
5683.863035,0.815,0.82,200,13453.808043
5746.537324,0.845,0.845,200,13458.36358
5696.527477,0.865,0.865,200,13463.099132
5655.273907,0.84,0.845,200,13470.091249
5694.173263,0.835,0.84,200,13474.797638
3838.369749,0.88,0.88,200,13479.468728
5783.570217,0.875,0.88,200,13484.120436
5745.125447,0.85,0.865,200,13488.710514
5758.846102,0.87,0.87,200,13493.26016
5671.14356,0.835,0.845,200,13497.954701
5579.293375,0.79,0.795,200,13502.61315
5776.473716,0.86,0.865,200,13507.24179
5708.384603,0.825,0.825,200,13511.705089
5465.20913,0.855,0.855,200,13518.562292
3957.06541,0.855,0.87,200,13523.233642
5612.733405,0.855,0.88,200,13527.862382
5754.288126,0.855,0.855,200,13532.559176
5701.321441,0.825,0.825,200,13537.312414
5776.725184,0.875,0.88,200,13541.983534
5750.747166,0.87,0.87,200,13546.595793
5764.460445,0.86,0.87,200,13551.237818
5739.141928,0.845,0.855,200,13555.89412
5752.723247,0.85,0.85,200,13560.33704
5705.187699,0.83,0.83,200,13567.323494
5654.550266,0.82,0.82,200,13572.011997
5717.461283,0.83,0.84,200,13576.591933
5642.307621,0.86,0.86,200,13581.265261
5712.120382,0.855,0.865,200,13585.927627
5783.302845,0.855,0.87,200,13590.711149
5631.06284,0.81,0.815,200,13595.461009
5004.614531,0.865,0.865,200,13600.284878
4822.227368,0.87,0.87,200,13604.83935
5668.051191,0.86,0.86,200,13609.522293
5647.089745,0.815,0.815,200,13616.355135
5675.311783,0.86,0.86,200,13621.041038
5681.132319,0.855,0.87,200,13625.781125
5122.609648,0.865,0.865,200,13630.507712
5691.652669,0.8,0.81,200,13635.142844
4643.523515,0.56,0.58,200,13639.838295
5504.305621,0.845,0.875,200,13644.478877
5661.523363,0.85,0.885,200,13648.936285
5700.936206,0.84,0.845,200,13653.574603
5764.168115,0.875,0.875,200,13658.102747
5586.021611,0.86,0.86,200,13664.9047
3564.27924,0.59,0.605,200,13669.54452
5755.850589,0.86,0.87,200,13674.10658
4705.52305,0.305,0.315,200,13678.572797
2949.195865,0.88,0.88,200,13683.094414
5703.1296,0.815,0.815,200,13687.624687
5699.286516,0.815,0.815,200,13692.230998
4310.702811,0.525,0.565,200,13696.844566
5754.368843,0.875,0.875,200,13701.349139
5701.153817,0.84,0.85,200,13705.841541
5565.75806,0.865,0.865,200,13712.640938
5763.373634,0.865,0.875,200,13717.150057
5669.92815,0.86,0.885,200,13721.714617
5531.194492,0.84,0.845,200,13726.18913
5778.07498,0.86,0.86,200,13730.763233
5774.810527,0.855,0.86,200,13735.296314
5726.0385,0.855,0.865,200,13739.788028
5715.293667,0.865,0.865,200,13744.258847
5670.757226,0.845,0.85,200,13748.940474
2964.058484,0.205,0.245,200,13753.50743
5788.747599,0.875,0.88,200,13760.183729
5696.417561,0.83,0.83,200,13764.785564
5572.911891,0.845,0.85,200,13769.391808
4918.5205,0.86,0.86,200,13774.041847
4397.172414,0.855,0.87,200,13778.786903
5431.612184,0.815,0.87,200,13783.404464
5563.536994,0.825,0.85,200,13787.878904
5722.245653,0.85,0.87,200,13792.558132
5776.174604,0.855,0.86,200,13797.241114
5725.959222,0.84,0.84,200,13801.946436
5702.834682,0.825,0.825,200,13808.781432
5743.489457,0.855,0.865,200,13813.446431
4988.218175,0.87,0.87,200,13818.08333
5667.60347,0.805,0.805,200,13822.729945
5699.633016,0.82,0.82,200,13827.39513
5602.020184,0.84,0.84,200,13832.065538
5774.984616,0.855,0.865,200,13836.576191
5489.894293,0.88,0.89,200,13841.26816
5735.899579,0.835,0.85,200,13845.8792
5633.342715,0.835,0.84,200,13850.563428
5696.229037,0.835,0.835,200,13857.504891
5637.746118,0.855,0.855,200,13862.184687
5738.327667,0.845,0.845,200,13866.832709
5613.970452,0.855,0.87,200,13871.403863
5673.676162,0.825,0.825,200,13875.976566
5712.86789,0.835,0.84,200,13880.726126
3735.852525,0.865,0.87,200,13885.264111
5664.52283,0.805,0.815,200,13889.957833
5706.868814,0.825,0.825,200,13894.605672
5700.652132,0.815,0.815,200,13899.173987
5654.467457,0.81,0.82,200,13905.839595
5599.578525,0.835,0.84,200,13910.481752
5683.288095,0.86,0.88,200,13915.066118
5779.068377,0.855,0.875,200,13919.677027
5722.692222,0.855,0.86,200,13924.437164
5696.679182,0.81,0.835,200,13928.991101
5677.125226,0.845,0.845,200,13933.525648
5768.355604,0.86,0.86,200,13938.175483
4160.470562,0.88,0.88,200,13942.92229
5629.910903,0.805,0.815,200,13947.509695
4211.014068,0.52,0.535,200,13954.307518
5759.216764,0.865,0.865,200,13958.682922
5692.219085,0.835,0.835,200,13963.265307
5778.183034,0.87,0.87,200,13967.866771
5708.772456,0.835,0.845,200,13972.578262
5706.254439,0.81,0.81,200,13977.032108
5744.948826,0.86,0.875,200,13981.635193
5727.8883,0.845,0.845,200,13986.324602
5697.345936,0.82,0.82,200,13990.861931
5687.03319,0.845,0.85,200,13995.538752
5697.340417,0.83,0.845,200,14002.353627
5692.635508,0.83,0.835,200,14007.166558
5684.162856,0.835,0.84,200,14011.839486
5682.141538,0.84,0.84,200,14016.474688
5632.279339,0.835,0.845,200,14021.078271
5718.946412,0.84,0.84,200,14025.855146
5643.389307,0.825,0.825,200,14030.569028
5717.007154,0.84,0.84,200,14035.28606
5668.401457,0.855,0.88,200,14039.847409
5729.405054,0.845,0.845,200,14044.537097
5571.749706,0.875,0.88,200,14051.464407
5774.655432,0.86,0.86,200,14055.941817
4584.823733,0.69,0.71,200,14060.576224
5681.560169,0.825,0.825,200,14065.223318
5706.366341,0.84,0.84,200,14069.731496
5711.037068,0.835,0.835,200,14074.44932
5696.239323,0.845,0.845,200,14079.097365
4933.975439,0.865,0.865,200,14083.701382
5598.615978,0.8,0.805,200,14088.402137
5461.481016,0.85,0.855,200,14092.916756
5720.529681,0.825,0.835,200,14099.635416
5786.205701,0.88,0.88,200,14104.285512
5769.312282,0.87,0.87,200,14108.887117
5553.079543,0.855,0.865,200,14113.551267
5764.885471,0.86,0.86,200,14118.225325
5611.434867,0.845,0.87,200,14122.788436
5771.17115,0.855,0.87,200,14127.374235
4846.515939,0.835,0.845,200,14132.121917
5775.153511,0.875,0.88,200,14136.703075
5680.343406,0.845,0.85,200,14141.255371
5604.746616,0.805,0.815,200,14147.98632
5488.546057,0.85,0.855,200,14152.644233
5670.973932,0.81,0.83,200,14157.24483
5330.676223,0.85,0.85,200,14161.880658
5648.83398,0.84,0.84,200,14166.601419
5693.993594,0.83,0.845,200,14171.284401
5742.070718,0.845,0.865,200,14175.886045
4857.487174,0.875,0.88,200,14180.714041
5687.382061,0.83,0.835,200,14185.278593
5685.485357,0.825,0.83,200,14189.801042
5307.08794,0.845,0.85,200,14196.649813
5786.439008,0.875,0.875,200,14201.300765
5744.760531,0.865,0.865,200,14205.981513
5710.245126,0.845,0.845,200,14210.729531
5662.416118,0.85,0.85,200,14215.349003
5763.487041,0.85,0.86,200,14220.043729
5681.749322,0.825,0.825,200,14224.751411
5777.878415,0.86,0.865,200,14229.394863
5046.274816,0.875,0.88,200,14234.059251
5739.523108,0.87,0.87,200,14238.824895
5365.087807,0.65,0.65,200,14245.69162
5677.23718,0.805,0.805,200,14250.373903
5641.553872,0.855,0.86,200,14255.049563
5686.559299,0.82,0.82,200,14259.753375
5609.756642,0.805,0.81,200,14264.520477
5698.046513,0.855,0.87,200,14269.17924
5473.21535,0.845,0.86,200,14273.773505
4790.513101,0.845,0.865,200,14278.436435
5768.67895,0.86,0.865,200,14283.123831
5718.714852,0.84,0.84,200,14287.800938
5523.664434,0.64,0.64,200,14294.536114
5707.903714,0.83,0.835,200,14299.275522
5751.454128,0.84,0.84,200,14303.926465
5686.673064,0.835,0.835,200,14308.661105
5721.559595,0.83,0.835,200,14313.299123
5588.363992,0.84,0.845,200,14317.950541
5611.330626,0.845,0.86,200,14322.556382
5613.712529,0.805,0.81,200,14327.14865
5642.02067,0.83,0.85,200,14331.819099
5702.061597,0.84,0.84,200,14336.434384
5762.666776,0.855,0.855,200,14343.342043
5731.827284,0.85,0.85,200,14348.025948
5699.638704,0.84,0.84,200,14352.662562
5714.72162,0.82,0.825,200,14357.40266
5711.740512,0.815,0.825,200,14362.03337
5771.511819,0.86,0.86,200,14366.706595
5777.45604,0.87,0.88,200,14371.383102
5546.540126,0.85,0.88,200,14375.948817
5715.520847,0.83,0.83,200,14380.680184
5782.269871,0.87,0.87,200,14385.391039
5646.286411,0.875,0.88,200,14392.276037
5705.991333,0.835,0.835,200,14397.036042
5704.166013,0.82,0.82,200,14401.766722
5714.279717,0.84,0.84,200,14406.4725
5709.102986,0.81,0.825,200,14411.284246
5758.566927,0.855,0.865,200,14415.905271
5659.268347,0.82,0.82,200,14420.526104
5776.588561,0.865,0.87,200,14425.27054
5371.164959,0.855,0.86,200,14429.918966
5757.149908,0.875,0.875,200,14434.60701
5713.21329,0.84,0.84,200,14441.524943
5777.520219,0.865,0.88,200,14446.189456
5187.278342,0.86,0.865,200,14450.801419
5274.503881,0.85,0.855,200,14455.439716
5767.542553,0.855,0.86,200,14460.153451
5666.605282,0.845,0.845,200,14464.816
5765.334167,0.855,0.855,200,14469.484992
4679.025886,0.865,0.865,200,14474.106879
5686.255185,0.85,0.855,200,14478.726831
5715.63803,0.83,0.83,200,14483.420431
5669.913538,0.845,0.845,200,14490.061502
5774.209771,0.86,0.865,200,14494.598749
5302.332562,0.84,0.85,200,14499.197457
5642.627584,0.845,0.845,200,14503.741161
4784.067243,0.865,0.865,200,14508.292743
5767.393396,0.87,0.875,200,14512.874088
5545.507351,0.845,0.845,200,14517.31959
5700.37959,0.815,0.82,200,14522.004235
4718.79041,0.855,0.87,200,14526.687964
5136.148623,0.85,0.865,200,14531.256299
5762.53933,0.86,0.86,200,14538.196929
5679.251044,0.875,0.875,200,14542.849128
5763.774731,0.845,0.855,200,14547.432854
5768.558148,0.86,0.865,200,14551.963403
5706.952588,0.84,0.84,200,14556.575505
5619.483236,0.795,0.81,200,14561.033524
5703.606378,0.835,0.84,200,14565.625223
5619.625457,0.815,0.82,200,14570.163087
5715.468761,0.835,0.84,200,14574.819264
5105.346178,0.85,0.85,200,14579.395036
5673.222388,0.86,0.86,200,14586.269744
5758.336039,0.88,0.89,200,14590.931212
5698.869404,0.8,0.805,200,14595.461954
5701.927961,0.835,0.835,200,14599.987206
5596.018651,0.835,0.89,200,14604.590265
5642.085273,0.805,0.82,200,14609.325967
5656.246484,0.82,0.83,200,14613.946421
5774.309102,0.865,0.865,200,14618.685471
5701.453813,0.825,0.85,200,14623.274959
5693.10642,0.815,0.815,200,14627.737936
5719.276943,0.855,0.865,200,14634.735907
5760.053115,0.855,0.87,200,14639.471926
5709.033312,0.84,0.84,200,14644.159329
5774.785964,0.865,0.865,200,14648.886512
5730.737347,0.86,0.87,200,14653.515255
5671.774768,0.82,0.825,200,14658.284625
5758.202494,0.845,0.85,200,14663.011333
5689.318678,0.805,0.805,200,14667.545903
5774.695,0.87,0.87,200,14672.201486
5751.717118,0.845,0.845,200,14676.765855
5088.75667,0.85,0.855,200,14683.485329
5705.755732,0.815,0.82,200,14688.210363
5667.992013,0.835,0.85,200,14692.907805
5457.921556,0.83,0.865,200,14697.493008
5682.072521,0.845,0.85,200,14702.160712
5638.741034,0.81,0.825,200,14706.743917
5571.163651,0.825,0.855,200,14711.292578
5708.527634,0.83,0.83,200,14716.021494
5760.641411,0.865,0.87,200,14720.658874
5681.880895,0.835,0.84,200,14725.417734
5734.3302,0.845,0.845,200,14732.306607
5783.565107,0.865,0.875,200,14736.946387
5687.573031,0.84,0.84,200,14741.666867
5748.590236,0.84,0.855,200,14746.21474
5660.675314,0.825,0.825,200,14750.850027
5706.436872,0.855,0.855,200,14755.543559
5693.284894,0.805,0.805,200,14760.169888
5690.663519,0.805,0.805,200,14764.736333
5095.901252,0.875,0.88,200,14769.236993
5695.033653,0.83,0.835,200,14773.970957
5799.206807,0.88,0.89,200,14780.71313
5118.806911,0.865,0.87,200,14785.291823
5700.316066,0.825,0.825,200,14789.947337
5461.878376,0.855,0.855,200,14794.474761
5700.753852,0.83,0.83,200,14799.10786
5722.705076,0.84,0.84,200,14803.81063
5628.093356,0.81,0.815,200,14808.547015
5700.998026,0.84,0.84,200,14813.186277
5343.353334,0.87,0.87,200,14817.860059
5677.196709,0.875,0.88,200,14822.558609
5679.640613,0.845,0.85,200,14829.492295
5646.133739,0.805,0.815,200,14834.083291
5699.254553,0.88,0.88,200,14838.630309
4446.018543,0.715,0.715,200,14843.164817
5733.219913,0.835,0.835,200,14847.726148
5717.418323,0.84,0.84,200,14852.50481
5764.524361,0.87,0.88,200,14856.943949
5732.963909,0.84,0.84,200,14861.440995
5653.817668,0.85,0.855,200,14866.034339
5599.380292,0.855,0.865,200,14870.712345
5686.163503,0.8,0.8,200,14877.344574
4736.484741,0.865,0.865,200,14881.877336
5617.533378,0.87,0.885,200,14886.40936
5194.851365,0.865,0.865,200,14890.855384
5688.659929,0.865,0.875,200,14895.388956
5692.937401,0.835,0.84,200,14899.845055
5652.543602,0.825,0.825,200,14904.23981
5683.084117,0.815,0.83,200,14908.747885
5757.103316,0.85,0.855,200,14913.126277
5700.768833,0.835,0.835,200,14917.554609
5732.860213,0.87,0.87,200,14924.276
5666.33391,0.825,0.825,200,14928.701031
5701.850009,0.835,0.84,200,14933.173796
4550.006915,0.85,0.87,200,14937.683891
5741.424008,0.85,0.85,200,14942.304941
4944.991228,0.85,0.85,200,14947.007488
5469.824665,0.84,0.855,200,14951.516711
5706.892809,0.83,0.835,200,14956.107484
5688.466534,0.815,0.815,200,14960.540738
5770.760756,0.85,0.86,200,14964.91318
5695.391601,0.82,0.83,200,14971.409606
5756.100363,0.85,0.85,200,14975.953618
5682.499812,0.84,0.84,200,14980.588955
4478.252721,0.745,0.8,200,14985.06299
5440.77639,0.68,0.69,200,14989.637067
5124.354092,0.715,0.755,200,14994.1626
5756.998181,0.875,0.875,200,14998.503905
5693.113073,0.815,0.815,200,15003.066581
5708.015136,0.825,0.825,200,15007.615325
4302.376361,0.62,0.635,200,15012.053031
5248.582445,0.865,0.865,200,15018.904329
5280.510941,0.845,0.845,200,15023.204248
5624.104602,0.85,0.855,200,15027.627092
5655.900817,0.835,0.835,200,15032.347397
5778.857621,0.855,0.87,200,15036.87156
5782.337115,0.88,0.88,200,15041.445375
5750.45837,0.87,0.88,200,15046.118812
4193.360071,0.87,0.87,200,15050.716855
5739.577174,0.855,0.875,200,15055.172293
5663.46989,0.84,0.85,200,15059.704661
5020.907869,0.855,0.86,200,15066.722238
5700.842456,0.82,0.835,200,15071.240451
5645.065088,0.81,0.82,200,15075.85517
5678.985419,0.825,0.83,200,15080.404582
4838.586392,0.875,0.875,200,15085.097707
5688.668127,0.855,0.855,200,15089.919735
5761.141918,0.85,0.87,200,15094.632743
5770.675091,0.855,0.855,200,15099.239721
5488.4617,0.82,0.83,200,15103.736186
5705.360212,0.815,0.82,200,15108.336984
5696.184572,0.81,0.81,200,15114.814726
5669.609237,0.81,0.82,200,15119.268735
5686.867883,0.825,0.84,200,15123.66493
5679.900598,0.825,0.825,200,15127.959993
5616.282734,0.86,0.86,200,15132.256224
5588.522699,0.85,0.88,200,15136.772117
5163.307976,0.86,0.86,200,15141.076591
5665.682576,0.87,0.875,200,15145.568836
5774.151408,0.86,0.865,200,15150.072715
5399.128053,0.84,0.865,200,15154.688896
5706.26298,0.84,0.84,200,15161.250783
5724.766996,0.845,0.85,200,15165.595734
5711.250441,0.84,0.84,200,15170.218374
5684.144718,0.84,0.84,200,15174.71319
3446.305062,0.355,0.36,200,15179.403133
5773.109369,0.86,0.865,200,15184.066168
5706.480946,0.84,0.84,200,15188.595423
5778.177602,0.86,0.86,200,15193.182264
5733.469397,0.86,0.87,200,15197.726057
5027.993434,0.74,0.74,200,15202.242281
5710.809993,0.84,0.845,200,15209.108819
4507.961,0.69,0.71,200,15213.572026
5703.397473,0.84,0.845,200,15218.127853
5726.174303,0.835,0.835,200,15222.56108
5791.783928,0.875,0.885,200,15227.030585
5707.473302,0.845,0.85,200,15231.524185
4792.227512,0.845,0.875,200,15235.973631
5728.959806,0.85,0.85,200,15240.402934
5768.626923,0.875,0.885,200,15244.861423
5765.271298,0.86,0.86,200,15249.295751
5420.214134,0.855,0.855,200,15255.64714
4178.413334,0.5,0.54,200,15259.872113
5766.890113,0.855,0.87,200,15264.399651
5736.043872,0.88,0.89,200,15268.92551
5727.201854,0.825,0.83,200,15273.486934
5593.578442,0.85,0.87,200,15277.812875
5780.417597,0.865,0.865,200,15282.242946
5422.53826,0.865,0.865,200,15286.766906
5753.055091,0.855,0.855,200,15291.409612
5158.957936,0.88,0.88,200,15296.109347
5242.490167,0.86,0.86,200,15302.756075
5693.331012,0.84,0.84,200,15307.3968
5687.953045,0.795,0.8,200,15312.071387
5583.557413,0.805,0.805,200,15316.583197
5669.539951,0.86,0.86,200,15321.111861
5660.644718,0.84,0.85,200,15325.726051
5730.006733,0.83,0.84,200,15330.425047
5260.144912,0.865,0.89,200,15335.129506
4770.659484,0.87,0.875,200,15339.820053
5730.448591,0.875,0.875,200,15344.546689
5598.045548,0.795,0.805,200,15351.543715
5780.272511,0.86,0.865,200,15356.263275
5705.722891,0.83,0.835,200,15361.043113
5648.692171,0.85,0.855,200,15365.804822
5774.59906,0.87,0.87,200,15370.452573
5714.021812,0.825,0.835,200,15375.190015
5690.164693,0.855,0.855,200,15379.924782
5745.939581,0.85,0.865,200,15384.674783
5581.088976,0.865,0.885,200,15389.158757
5646.499489,0.845,0.855,200,15393.928664
5692.421203,0.8,0.805,200,15400.378162
5695.82697,0.835,0.845,200,15405.023629
5713.343052,0.83,0.83,200,15409.698383
5703.735675,0.815,0.825,200,15414.386658
5745.846388,0.845,0.85,200,15418.898293
5615.565568,0.84,0.88,200,15423.501737
5770.925005,0.855,0.855,200,15427.871082
5741.098449,0.855,0.87,200,15432.527152
5697.654632,0.84,0.84,200,15437.232178
5764.202569,0.855,0.855,200,15441.848823
5697.244546,0.81,0.81,200,15448.785465
5776.762984,0.865,0.865,200,15453.515288
5754.817679,0.855,0.865,200,15458.124327
5710.242762,0.825,0.825,200,15462.761289
5529.754509,0.85,0.86,200,15467.477843
5770.626418,0.865,0.875,200,15472.134551
5771.786627,0.855,0.865,200,15476.892835
5723.346482,0.84,0.84,200,15481.585062
5694.087708,0.835,0.835,200,15486.340313
5740.882263,0.865,0.88,200,15491.118155
5678.206863,0.825,0.825,200,15498.044769
5777.44275,0.855,0.865,200,15502.592001
4333.320927,0.885,0.885,200,15507.246055
5641.802935,0.845,0.86,200,15511.930188
5778.607922,0.87,0.88,200,15516.676396
5410.955088,0.845,0.85,200,15521.35262
5664.426589,0.83,0.83,200,15526.139164
5383.646399,0.835,0.855,200,15530.890895
5252.861074,0.875,0.88,200,15535.648731
5698.057666,0.825,0.83,200,15540.343754
5768.770415,0.865,0.88,200,15547.24271
5753.482625,0.855,0.855,200,15551.900936
5475.276706,0.865,0.865,200,15556.65378
5691.100023,0.835,0.835,200,15561.470987
5157.069631,0.86,0.87,200,15566.196086
5759.518357,0.855,0.855,200,15571.029451
5078.041723,0.86,0.86,200,15575.84565
5710.092098,0.86,0.87,200,15580.628565
5703.840166,0.87,0.88,200,15585.350511
5731.326576,0.825,0.825,200,15589.974124
5388.95547,0.795,0.795,200,15596.649415
5701.643101,0.845,0.845,200,15601.352855
5783.670469,0.89,0.89,200,15606.033453
5762.833877,0.855,0.865,200,15610.687369
5201.698386,0.855,0.86,200,15615.525632
5692.275989,0.835,0.86,200,15620.224112
4635.439172,0.875,0.875,200,15624.924697
5696.494844,0.855,0.855,200,15629.663335
5709.638723,0.82,0.82,200,15634.361328
5705.72373,0.83,0.83,200,15639.165375
5766.481928,0.855,0.855,200,15646.168679
5682.88432,0.82,0.83,200,15650.920259
5789.161623,0.875,0.875,200,15655.631772
5732.88939,0.865,0.885,200,15660.421275
5687.104252,0.85,0.85,200,15665.144615
4434.032916,0.43,0.43,200,15669.879917
5793.392474,0.875,0.88,200,15674.559681
5617.908142,0.84,0.88,200,15679.269383
5705.363389,0.805,0.815,200,15683.893742
5405.28035,0.865,0.87,200,15688.577424
5681.241342,0.82,0.83,200,15695.520442
5604.214921,0.8,0.805,200,15700.307372
5696.812329,0.88,0.885,200,15704.974403
5719.278804,0.855,0.86,200,15709.628198
5698.278464,0.855,0.855,200,15714.362274
5764.86669,0.89,0.895,200,15719.021806
5674.704751,0.83,0.83,200,15723.706865
5705.567239,0.815,0.82,200,15728.406961
5686.208082,0.835,0.845,200,15733.143791
5741.614799,0.86,0.87,200,15737.843479
5293.46779,0.855,0.855,200,15744.778386
5699.098213,0.87,0.87,200,15749.49747
5665.348855,0.835,0.855,200,15754.296098
5600.248489,0.8,0.805,200,15758.968413
5788.565425,0.875,0.88,200,15763.631003
5394.664212,0.85,0.86,200,15768.452325
5394.24202,0.855,0.86,200,15773.154131
5307.19275,0.87,0.87,200,15777.844747
5751.824421,0.85,0.85,200,15782.501266
5709.538292,0.84,0.85,200,15787.142684
5787.798052,0.875,0.875,200,15794.091691
5760.485161,0.845,0.855,200,15798.705482
5270.226298,0.84,0.845,200,15803.355867
5535.516075,0.88,0.895,200,15808.133669
5703.41432,0.81,0.82,200,15812.81635
5716.794702,0.865,0.87,200,15817.574129
5758.081863,0.865,0.87,200,15822.373341
5702.32167,0.815,0.83,200,15827.028359
5672.280737,0.855,0.86,200,15831.726586
5527.053716,0.865,0.865,200,15836.492574
5708.209182,0.825,0.83,200,15843.434717
5710.693313,0.82,0.82,200,15848.292722
5754.633389,0.855,0.855,200,15852.9544
5751.698297,0.86,0.865,200,15857.596993
5773.320109,0.87,0.87,200,15862.397209
5689.38305,0.86,0.875,200,15866.93192
5782.474562,0.865,0.865,200,15871.683998
5627.884658,0.85,0.87,200,15876.476224
5733.777353,0.87,0.87,200,15881.283763
5714.998949,0.825,0.825,200,15886.03029
4999.302644,0.87,0.87,200,15892.814039
5705.224547,0.845,0.85,200,15897.574263
5686.29562,0.8,0.805,200,15902.381642
5655.250303,0.855,0.86,200,15907.029241
5748.186162,0.855,0.86,200,15911.775234
5657.923435,0.855,0.865,200,15916.477964
5586.207029,0.855,0.89,200,15921.247285
5612.874099,0.845,0.85,200,15925.959741
5715.502426,0.825,0.83,200,15930.634632
5781.531935,0.885,0.885,200,15935.432005
5708.404684,0.85,0.85,200,15942.300082
5722.720762,0.865,0.875,200,15946.942816
5693.227609,0.86,0.865,200,15951.673126
5772.919058,0.865,0.865,200,15956.588916
5683.619439,0.83,0.83,200,15961.275472
5714.588184,0.835,0.835,200,15966.029845
5673.832454,0.855,0.855,200,15970.664698
5095.271607,0.855,0.855,200,15975.416302
5759.54304,0.86,0.88,200,15980.217797
5711.759054,0.825,0.825,200,15984.917277
5732.753188,0.855,0.86,200,15992.015888
5752.30236,0.845,0.85,200,15996.756869
5722.052829,0.835,0.835,200,16001.553307
5784.98184,0.875,0.875,200,16006.299162
5725.571306,0.825,0.845,200,16011.027507
5687.196615,0.82,0.835,200,16015.691167
5792.083568,0.875,0.875,200,16020.282814
5678.83309,0.855,0.855,200,16024.997353
5658.932499,0.825,0.825,200,16029.772968
5719.777696,0.84,0.84,200,16034.484148
5706.809569,0.825,0.825,200,16041.512205
5772.330366,0.85,0.855,200,16046.266238
5640.906279,0.855,0.865,200,16050.943502
5745.336729,0.835,0.85,200,16055.617504
5790.87098,0.86,0.875,200,16060.393603
5526.58328,0.865,0.87,200,16065.116779
5696.566422,0.84,0.84,200,16069.985614
5769.522731,0.86,0.865,200,16074.721377
5483.104378,0.835,0.87,200,16079.464468
5703.394556,0.805,0.815,200,16084.098933
5733.799824,0.845,0.845,200,16090.829446
5746.590986,0.865,0.88,200,16095.463983
5744.828694,0.835,0.85,200,16100.238809
5445.01769,0.845,0.85,200,16104.895421
5547.007413,0.865,0.865,200,16109.689184
5741.453118,0.87,0.87,200,16114.488281
5710.740414,0.835,0.835,200,16119.217906
5628.701909,0.85,0.875,200,16123.943127
5709.25779,0.835,0.835,200,16128.612998
5615.434983,0.815,0.815,200,16133.31292
5681.134715,0.84,0.855,200,16140.506288
5778.531736,0.87,0.88,200,16145.310975
5697.968252,0.81,0.81,200,16150.085162
5753.281963,0.855,0.855,200,16154.93258
5759.847095,0.855,0.855,200,16159.620236
5296.087171,0.865,0.865,200,16164.507268
5702.393997,0.87,0.88,200,16169.219945
5758.53617,0.845,0.855,200,16174.043764
5785.69293,0.88,0.89,200,16178.875571
5725.145086,0.86,0.865,200,16183.629291
5784.961344,0.855,0.87,200,16190.625059
5749.683792,0.86,0.875,200,16195.377971
5766.592657,0.865,0.875,200,16200.122465
5778.837888,0.86,0.865,200,16204.952628
5739.943742,0.83,0.85,200,16209.701546
5773.776125,0.86,0.86,200,16214.526171
5691.20021,0.87,0.87,200,16219.281726
5679.075164,0.86,0.86,200,16224.134972
5658.25083,0.865,0.865,200,16228.851783
5719.155037,0.84,0.84,200,16233.656181
5744.19631,0.865,0.87,200,16240.688869
5704.936423,0.84,0.84,200,16245.460696
4812.742601,0.865,0.87,200,16250.17775
5612.829439,0.85,0.85,200,16254.915704
5681.472695,0.85,0.85,200,16259.532921
5783.613718,0.86,0.865,200,16264.190998
5317.724525,0.88,0.88,200,16268.810481
5693.178719,0.865,0.89,200,16273.41546
5703.439665,0.84,0.84,200,16278.074392
5624.456742,0.86,0.86,200,16282.770456
5651.230131,0.86,0.87,200,16289.68621
5763.492886,0.845,0.845,200,16294.504931
5581.739499,0.845,0.845,200,16299.344316
5804.637755,0.895,0.895,200,16304.12332
5642.38164,0.87,0.885,200,16308.829599
5728.275183,0.855,0.875,200,16313.486007
5712.586548,0.83,0.84,200,16318.307226
5525.373848,0.855,0.875,200,16322.969242
5735.578953,0.86,0.86,200,16327.551179
5790.265602,0.87,0.875,200,16332.194934
5790.414917,0.87,0.875,200,16339.059797
5700.553706,0.87,0.875,200,16343.746856
5492.135478,0.87,0.875,200,16348.377935
5679.92193,0.855,0.855,200,16353.015668
5755.73475,0.87,0.88,200,16357.643912
5645.615377,0.87,0.88,200,16362.385503
5717.709243,0.84,0.84,200,16367.141304
5693.31236,0.835,0.835,200,16371.856719
5728.344656,0.85,0.87,200,16376.401302
5794.190566,0.88,0.885,200,16381.085079
5700.806814,0.84,0.84,200,16388.038413
5767.689931,0.85,0.855,200,16392.723131
5670.785274,0.825,0.825,200,16397.530354
5677.281167,0.825,0.825,200,16402.214554
5787.33702,0.875,0.875,200,16407.013804
5797.634612,0.88,0.88,200,16411.741425
5692.816131,0.83,0.835,200,16416.510344
5748.640408,0.86,0.86,200,16421.214457
5705.394852,0.84,0.84,200,16425.889152
4998.683827,0.86,0.87,200,16430.717655
5700.848921,0.815,0.815,200,16437.623125
5713.400995,0.835,0.835,200,16442.476889
5702.355878,0.825,0.83,200,16447.215703
5719.274753,0.865,0.87,200,16451.857275
5790.889134,0.885,0.885,200,16456.488704
5074.091674,0.835,0.855,200,16461.149745
4227.363229,0.74,0.765,200,16465.836803
5733.94058,0.865,0.865,200,16470.58472
5771.399686,0.875,0.88,200,16475.242692
5652.137317,0.85,0.855,200,16479.836648
5638.425514,0.855,0.86,200,16486.611739
5747.647976,0.835,0.855,200,16491.32726
5716.562364,0.825,0.83,200,16495.974492
5462.189887,0.87,0.89,200,16500.644135
5705.934179,0.82,0.82,200,16505.345975
5674.200253,0.845,0.855,200,16510.023865
5691.273131,0.81,0.835,200,16514.673313
5354.041109,0.865,0.865,200,16519.414103
5770.620128,0.865,0.865,200,16524.033848
5752.709787,0.85,0.85,200,16528.694088
5774.48615,0.855,0.865,200,16535.63995
5708.245258,0.83,0.835,200,16540.405817
5623.157403,0.81,0.81,200,16545.094645
5606.758718,0.86,0.86,200,16549.814688
5724.589854,0.87,0.88,200,16554.520855
5674.255419,0.83,0.83,200,16559.119455
3090.410326,0.885,0.89,200,16563.784112
5260.974278,0.875,0.875,200,16568.397809
5729.214447,0.845,0.845,200,16573.198982
5689.651521,0.825,0.825,200,16577.981131
5739.323112,0.86,0.87,200,16585.13478
5746.809087,0.86,0.865,200,16589.96952
5693.651185,0.815,0.815,200,16594.835078
5768.96841,0.865,0.87,200,16599.529784
5685.882891,0.805,0.805,200,16604.363245
5708.360179,0.835,0.84,200,16609.125684
5753.367628,0.875,0.89,200,16613.797876
5702.762254,0.835,0.845,200,16618.515067
5760.402864,0.86,0.875,200,16623.185384
5607.752657,0.79,0.81,200,16627.90446
5092.029606,0.88,0.88,200,16634.795053
5789.480387,0.865,0.87,200,16639.56942
5659.485711,0.81,0.82,200,16644.319086
5790.031082,0.87,0.87,200,16648.929432
5781.502894,0.865,0.865,200,16653.665704
5677.351873,0.835,0.835,200,16658.256971
5131.514039,0.855,0.875,200,16662.886202
5490.125135,0.865,0.87,200,16667.549415
5264.219651,0.865,0.87,200,16672.299131
5710.98387,0.82,0.82,200,16676.945595
5779.863504,0.85,0.865,200,16683.695277
5566.373841,0.85,0.85,200,16688.391681
5699.229319,0.84,0.84,200,16693.116816
5771.17356,0.86,0.86,200,16697.756912
5044.779868,0.865,0.865,200,16702.376087
5656.175723,0.825,0.825,200,16707.142946
5719.580958,0.845,0.845,200,16711.847056
5688.958976,0.85,0.855,200,16716.570618
5649.881762,0.85,0.865,200,16721.272847
5757.113021,0.87,0.87,200,16725.833915
5211.245546,0.86,0.87,200,16732.780879
5446.781077,0.86,0.87,200,16737.521762
5682.40389,0.84,0.86,200,16742.226856
5643.159895,0.87,0.89,200,16746.979408
5791.997323,0.875,0.875,200,16751.763556
5801.930826,0.885,0.885,200,16756.425209
5707.018608,0.825,0.825,200,16761.145399
5730.243071,0.85,0.85,200,16765.796617
5714.918642,0.825,0.825,200,16770.444169
5739.730153,0.865,0.875,200,16775.275654
4177.926997,0.89,0.89,200,16782.163111
4619.639815,0.87,0.87,200,16787.056526
5724.372506,0.845,0.845,200,16791.758331
5351.68424,0.855,0.855,200,16796.376128
5626.049298,0.865,0.865,200,16800.971789
5730.46895,0.84,0.845,200,16805.802474
5445.245668,0.845,0.865,200,16810.510602
5632.489349,0.82,0.82,200,16815.281496
5794.062469,0.86,0.875,200,16820.055203
4724.466572,0.52,0.545,200,16824.806267
5633.185193,0.845,0.86,200,16831.694366
5722.803352,0.83,0.835,200,16836.474401
5723.267706,0.83,0.84,200,16841.044411
5699.229388,0.845,0.845,200,16845.802285
5695.578725,0.805,0.81,200,16850.469987
5152.351007,0.865,0.88,200,16855.124316
5749.336996,0.85,0.85,200,16859.908927
5694.547446,0.835,0.835,200,16864.533368
5704.411981,0.85,0.865,200,16869.055113
5584.563516,0.86,0.86,200,16873.755569
5700.26487,0.835,0.835,200,16880.734506
5709.404431,0.83,0.835,200,16885.364707
5691.012562,0.84,0.845,200,16889.982744
5726.131381,0.835,0.845,200,16894.740895
5726.924482,0.84,0.84,200,16899.549386
5619.820483,0.82,0.82,200,16904.304239
5264.24997,0.86,0.865,200,16909.063945
5731.045472,0.85,0.86,200,16913.724639
5466.076088,0.87,0.87,200,16918.470723
5678.097199,0.825,0.825,200,16923.049218
5664.737719,0.835,0.835,200,16929.93873
5439.667758,0.875,0.875,200,16934.637605
5752.215472,0.84,0.855,200,16939.186432
5647.853947,0.82,0.82,200,16943.80265
5618.867599,0.86,0.89,200,16948.532457
5780.760126,0.87,0.87,200,16953.285394
5764.733437,0.86,0.86,200,16958.079813
5645.243255,0.82,0.825,200,16962.778604
5738.932314,0.86,0.865,200,16967.457586
5706.611996,0.83,0.83,200,16972.232454
5615.713316,0.8,0.81,200,16978.842587
5769.265214,0.865,0.865,200,16983.528045
5707.149949,0.84,0.84,200,16988.100448
5737.932947,0.835,0.845,200,16992.69155
4598.648122,0.33,0.33,200,16997.263994
5779.728725,0.875,0.88,200,17001.825589
5729.5791,0.845,0.845,200,17006.55865
5688.16523,0.8,0.805,200,17011.060108
5487.74351,0.86,0.865,200,17015.568676
5726.407453,0.85,0.855,200,17020.113695
5737.041734,0.85,0.86,200,17026.989902
5725.062778,0.865,0.865,200,17031.431243
5628.213387,0.84,0.875,200,17035.948214
3160.890801,0.23,0.255,200,17040.444808
5753.019061,0.855,0.855,200,17045.02408
5580.447324,0.85,0.865,200,17049.540679
5680.887747,0.83,0.83,200,17054.038563
5767.595718,0.85,0.85,200,17058.490865
4949.301101,0.85,0.87,200,17062.923329
5792.870569,0.885,0.885,200,17067.491797
5740.168359,0.835,0.845,200,17074.300128
5306.931459,0.87,0.87,200,17078.777635
4203.223462,0.87,0.885,200,17083.369443
5779.682338,0.86,0.87,200,17087.820328
5672.521773,0.855,0.86,200,17092.29707
5764.174166,0.855,0.86,200,17096.980735
5646.259498,0.825,0.825,200,17101.625554
5499.634186,0.87,0.87,200,17106.27556
5700.180988,0.82,0.82,200,17110.766863
5700.382775,0.815,0.815,200,17115.271125
5729.260257,0.845,0.855,200,17122.134882
5701.543439,0.84,0.845,200,17126.831536
5698.353882,0.835,0.835,200,17131.440544
5718.463417,0.825,0.835,200,17136.020297
4812.499591,0.76,0.79,200,17140.623086
5762.977905,0.845,0.855,200,17145.331669
5791.844277,0.865,0.875,200,17149.789621
5692.39338,0.855,0.855,200,17154.396981
5705.89682,0.825,0.825,200,17158.938445
5094.628291,0.85,0.865,200,17163.496276
5654.258218,0.81,0.825,200,17170.142513
5408.76058,0.865,0.865,200,17174.692695
5764.230543,0.87,0.875,200,17179.3255
5802.054451,0.885,0.885,200,17183.915841
5757.831673,0.845,0.85,200,17188.571804
5700.984019,0.84,0.84,200,17193.23034
5671.885901,0.85,0.86,200,17197.649277
5797.535358,0.87,0.875,200,17202.395154
5771.25038,0.865,0.865,200,17207.214839
5661.350034,0.85,0.85,200,17212.033849
5698.810218,0.82,0.825,200,17218.926857
5753.034841,0.865,0.88,200,17223.633584
5704.282591,0.84,0.84,200,17228.345882
5680.706539,0.83,0.83,200,17233.088865
5702.987707,0.835,0.835,200,17237.774708
5687.412772,0.855,0.855,200,17242.563549
5671.60375,0.855,0.86,200,17247.295237
5718.524577,0.825,0.83,200,17252.112036
5654.240432,0.845,0.85,200,17256.844978
5264.662704,0.85,0.9,200,17261.535071
5706.399665,0.835,0.84,200,17268.64737
5698.172446,0.815,0.815,200,17273.380982
5688.225028,0.835,0.835,200,17278.116416
5702.415819,0.825,0.835,200,17282.729383
5785.322473,0.855,0.87,200,17287.411745
5661.997405,0.85,0.85,200,17292.163387
5701.012347,0.84,0.84,200,17296.984091
5649.424649,0.86,0.86,200,17301.731898
5795.83844,0.88,0.88,200,17306.517206
5751.285778,0.85,0.85,200,17311.164479
5760.252076,0.855,0.855,200,17318.13629
4651.912223,0.87,0.875,200,17322.892079
5397.817772,0.615,0.615,200,17327.446455
5759.717913,0.885,0.89,200,17332.197521
5688.384617,0.84,0.85,200,17336.948008
5342.891958,0.87,0.87,200,17341.645232
5664.694037,0.86,0.86,200,17346.462498
5808.034414,0.875,0.885,200,17351.214754
5727.052571,0.87,0.87,200,17355.922174
5745.682846,0.865,0.865,200,17360.650433
5298.570062,0.79,0.815,200,17367.556973
5653.939354,0.805,0.825,200,17372.146135
5748.967917,0.85,0.855,200,17376.745623
5716.389703,0.865,0.875,200,17381.307094
5750.327513,0.87,0.87,200,17386.00012
5697.019566,0.845,0.85,200,17390.633155
5286.752491,0.88,0.88,200,17395.288818
5725.302501,0.87,0.875,200,17399.945868
5483.531634,0.87,0.875,200,17404.404245
5754.197286,0.85,0.855,200,17409.121324
5676.609998,0.865,0.88,200,17415.722058
5408.446265,0.89,0.89,200,17420.265639
5740.938835,0.855,0.855,200,17424.928086
5695.538154,0.85,0.855,200,17429.472768
5710.906456,0.82,0.825,200,17434.128774
5549.763768,0.825,0.885,200,17438.595609
5650.055147,0.855,0.86,200,17443.190513
5274.834594,0.625,0.63,200,17447.625939
5719.318166,0.84,0.84,200,17452.066688
5520.612433,0.86,0.86,200,17456.453486
5694.329586,0.845,0.845,200,17463.236695
5697.770943,0.815,0.82,200,17467.852297
5413.831455,0.855,0.855,200,17472.288159
5763.01155,0.86,0.865,200,17476.861937
5776.359865,0.855,0.86,200,17481.412008
5786.129388,0.875,0.88,200,17485.854599
5378.717861,0.86,0.86,200,17490.446725
5714.321377,0.845,0.845,200,17494.859092
5766.557308,0.87,0.875,200,17499.391576
5681.085308,0.835,0.835,200,17503.757614
5659.651995,0.81,0.82,200,17510.391473
5700.964957,0.84,0.84,200,17514.882117
5804.593899,0.88,0.89,200,17519.477366
5684.089494,0.805,0.805,200,17524.087347
5665.46492,0.84,0.855,200,17528.629922
5291.217302,0.875,0.88,200,17533.25347
5754.946486,0.85,0.855,200,17537.829153
5728.907189,0.87,0.875,200,17542.412187
5073.30939,0.875,0.875,200,17546.995475
5566.351181,0.86,0.865,200,17551.679149
5695.298202,0.84,0.84,200,17558.444243
5708.157149,0.83,0.83,200,17563.067587
5702.147793,0.835,0.835,200,17567.697041
5525.845327,0.87,0.87,200,17572.268357
5788.950244,0.86,0.875,200,17576.959246
5639.961966,0.86,0.86,200,17581.446707
5795.656915,0.865,0.875,200,17586.033238
5785.902087,0.87,0.875,200,17590.716365
5768.114614,0.86,0.86,200,17595.198233
5705.79785,0.84,0.84,200,17599.889398
5788.574036,0.865,0.87,200,17606.780946
5610.442358,0.805,0.81,200,17611.421641
5673.912953,0.845,0.845,200,17616.062891
5710.24056,0.84,0.84,200,17620.648986
5782.974696,0.865,0.875,200,17625.207779
5696.2956,0.86,0.865,200,17629.804478
5613.922575,0.84,0.855,200,17634.419097
5786.924392,0.875,0.875,200,17638.967727
4595.508259,0.89,0.895,200,17643.614773
5169.757353,0.87,0.87,200,17648.330912
5737.321941,0.835,0.845,200,17655.226228
5628.096208,0.81,0.81,200,17659.865498
5776.287189,0.865,0.87,200,17664.495732
5768.14245,0.86,0.86,200,17669.023886
5697.595152,0.815,0.815,200,17673.464643
5651.827619,0.85,0.855,200,17677.989136
5779.930809,0.85,0.865,200,17682.640274
5741.652465,0.84,0.85,200,17687.274446
5503.141833,0.865,0.875,200,17692.020405
5785.658823,0.865,0.87,200,17696.678344
5559.27206,0.835,0.875,200,17703.420761
5698.519688,0.86,0.865,200,17708.015651
5779.349533,0.865,0.87,200,17712.461108
5712.42814,0.84,0.84,200,17717.09945
5663.44739,0.86,0.865,200,17721.615716
5685.358196,0.84,0.845,200,17726.15986
5092.232352,0.87,0.885,200,17730.642117
5663.877482,0.84,0.875,200,17735.22227
5667.939317,0.835,0.835,200,17739.74452
5781.486078,0.86,0.865,200,17744.104845
5754.784637,0.865,0.865,200,17750.774356
5651.099574,0.825,0.825,200,17755.373594
5776.735261,0.85,0.865,200,17759.971043
5796.007362,0.875,0.875,200,17764.430421
5643.497924,0.86,0.885,200,17768.970786
5709.393401,0.82,0.82,200,17773.382702
5779.014197,0.86,0.865,200,17777.997253
5747.393372,0.85,0.85,200,17782.649518
5692.942351,0.845,0.845,200,17787.228614
5647.293505,0.82,0.825,200,17791.810927
5329.150157,0.855,0.86,200,17798.612519
5709.944809,0.835,0.85,200,17803.230841
5708.885792,0.84,0.84,200,17807.869367
5702.991222,0.835,0.835,200,17812.395117
5168.172972,0.845,0.865,200,17816.938839
5783.728957,0.865,0.87,200,17821.457491
5694.594595,0.805,0.805,200,17826.090835
5774.830527,0.865,0.865,200,17830.653714
5664.456947,0.82,0.82,200,17835.305545
5608.672167,0.855,0.885,200,17839.754107
5698.954113,0.835,0.87,200,17846.491468
5716.455805,0.83,0.845,200,17850.964403
5777.420913,0.865,0.865,200,17855.442055
5690.506358,0.865,0.865,200,17859.911954
5769.368873,0.855,0.86,200,17864.432779
5713.703636,0.82,0.825,200,17868.995374
5232.408775,0.865,0.865,200,17873.526545
5745.280467,0.855,0.855,200,17878.178362
5735.736033,0.855,0.87,200,17882.634876
5742.346105,0.845,0.845,200,17887.169882
5766.712102,0.85,0.86,200,17893.772991
4965.49875,0.88,0.885,200,17898.349566
5749.932773,0.85,0.85,200,17902.938658
5792.655093,0.88,0.88,200,17907.459778
5767.279038,0.855,0.86,200,17911.91891
5662.460173,0.85,0.855,200,17916.444985
5723.467847,0.84,0.86,200,17921.094935
5770.491055,0.86,0.87,200,17925.698167
5748.131641,0.86,0.87,200,17930.151365
5711.941597,0.835,0.835,200,17934.639925
5728.301263,0.865,0.865,200,17941.426055
5704.687917,0.835,0.835,200,17945.904334
5789.844624,0.865,0.875,200,17950.436964
5753.552429,0.86,0.865,200,17954.991705
5688.80267,0.855,0.86,200,17959.589131
5738.998231,0.85,0.85,200,17964.225593
5706.188274,0.795,0.82,200,17968.913352
5701.488149,0.83,0.83,200,17973.520459
5716.186271,0.855,0.865,200,17977.952821
5737.853914,0.84,0.84,200,17982.490481
5749.282852,0.855,0.855,200,17989.283578
5785.903393,0.86,0.87,200,17993.792187
5678.365732,0.83,0.83,200,17998.508864
5696.023025,0.87,0.88,200,18003.112482
5701.211774,0.84,0.84,200,18007.811848
5639.83114,0.85,0.85,200,18012.489913
5755.00645,0.845,0.855,200,18017.088367
5781.422852,0.87,0.87,200,18021.507751
5716.743647,0.825,0.825,200,18026.030769
5611.783428,0.865,0.865,200,18030.443794
5278.967147,0.865,0.87,200,18037.242898
5700.983105,0.845,0.865,200,18041.905223
5693.447366,0.865,0.88,200,18046.496517
5762.016585,0.865,0.87,200,18051.032367
5533.174886,0.865,0.865,200,18055.530222
5764.647137,0.865,0.87,200,18060.116705
5803.443055,0.88,0.88,200,18064.671177
5437.145309,0.86,0.865,200,18069.152156
5754.690149,0.855,0.855,200,18073.598892
5715.491091,0.85,0.865,200,18078.132901
5669.760125,0.855,0.855,200,18084.713744
5781.515425,0.855,0.87,200,18089.142548
5629.583043,0.865,0.87,200,18093.534214
5741.675786,0.85,0.85,200,18097.702645
5721.549186,0.845,0.845,200,18101.852844
5765.999028,0.865,0.87,200,18106.178221
5752.276089,0.845,0.85,200,18110.684293
5709.377189,0.85,0.875,200,18115.3102
5750.601374,0.855,0.875,200,18119.990001
5783.488675,0.865,0.87,200,18124.69812
5664.264627,0.87,0.875,200,18131.75664
5784.384608,0.865,0.875,200,18136.328085
5716.474973,0.825,0.83,200,18140.83567
5509.094835,0.86,0.86,200,18145.34629
5722.922905,0.87,0.875,200,18149.922994
5744.204184,0.86,0.87,200,18154.533949
5706.793783,0.835,0.835,200,18159.128861
5760.016261,0.855,0.855,200,18163.638562
5690.481933,0.83,0.83,200,18168.069635
5691.054886,0.86,0.86,200,18172.591063
5775.78932,0.86,0.86,200,18179.313582
5502.189346,0.875,0.875,200,18183.863751
5784.280826,0.87,0.875,200,18188.378247
5707.687038,0.86,0.86,200,18192.84234
4579.274742,0.535,0.595,200,18197.293076
5695.686132,0.81,0.81,200,18201.504112
5678.758203,0.855,0.865,200,18205.837514
5765.348014,0.865,0.88,200,18210.089702
5532.714772,0.86,0.88,200,18214.650676
5744.16079,0.88,0.88,200,18219.189604
5659.334225,0.82,0.82,200,18226.072598
5784.803448,0.86,0.87,200,18230.690276
5221.659263,0.845,0.87,200,18235.28472
5672.146977,0.855,0.86,200,18239.95705
5705.367203,0.845,0.85,200,18244.499989
5739.768185,0.85,0.865,200,18249.002026
5638.743035,0.855,0.875,200,18253.685752
5700.596401,0.865,0.87,200,18258.275373
5715.614999,0.82,0.82,200,18262.96368
5638.161315,0.805,0.82,200,18267.577121
5778.200794,0.875,0.875,200,18274.161893
4307.845614,0.855,0.875,200,18278.746701
5677.145796,0.795,0.795,200,18283.364575
5703.261272,0.85,0.85,200,18288.00419
5802.787634,0.88,0.88,200,18292.705654
5720.19822,0.845,0.85,200,18297.39578
5784.359685,0.86,0.87,200,18302.076988
5705.729949,0.83,0.835,200,18306.630462
5750.006265,0.88,0.885,200,18311.257334
5691.411269,0.84,0.84,200,18315.955296
5362.680553,0.865,0.87,200,18322.84458
5800.533466,0.875,0.88,200,18327.507397
5790.787354,0.865,0.88,200,18332.088236
5778.061439,0.85,0.86,200,18336.781179
5788.3933,0.875,0.875,200,18341.428035
5718.171203,0.83,0.83,200,18346.047745
5762.960975,0.865,0.875,200,18350.835728
5718.681128,0.83,0.835,200,18355.628668
5763.982302,0.865,0.87,200,18360.286153
5743.337857,0.865,0.875,200,18365.008527
5689.205275,0.81,0.81,200,18371.990006
5590.471819,0.865,0.87,200,18376.578736
5722.170487,0.835,0.835,200,18381.359513
5509.197065,0.86,0.86,200,18386.164148
5250.642636,0.86,0.88,200,18390.91942
5722.31384,0.825,0.83,200,18395.764146
5706.23124,0.825,0.825,200,18400.348555
5681.723223,0.805,0.805,200,18404.982155
5697.505296,0.845,0.845,200,18409.619847
5756.165247,0.855,0.855,200,18414.326883
5798.293907,0.865,0.88,200,18421.065858
5679.564808,0.855,0.87,200,18425.536395
5780.050483,0.865,0.87,200,18430.088544
5709.579955,0.815,0.82,200,18434.72166
5798.974876,0.88,0.88,200,18439.40362
5688.066394,0.855,0.865,200,18444.062535
5696.948266,0.855,0.86,200,18448.758816
5582.482633,0.875,0.875,200,18453.397242
5703.753398,0.855,0.855,200,18458.202186
5672.045362,0.825,0.825,200,18462.888884
5703.350483,0.825,0.825,200,18469.673292
5659.403242,0.855,0.86,200,18474.325718
5683.748606,0.865,0.865,200,18479.025919
5769.960256,0.86,0.865,200,18483.794291
5690.92608,0.855,0.875,200,18488.489887
5720.928941,0.86,0.86,200,18493.229715
5724.662956,0.845,0.845,200,18497.903699
5713.787531,0.855,0.87,200,18502.622416
5704.487202,0.865,0.88,200,18507.230709
5670.994334,0.82,0.825,200,18511.855604
5691.55675,0.8,0.81,200,18518.740178
5733.520553,0.85,0.85,200,18523.411654
5791.702882,0.86,0.875,200,18528.178473
5688.82358,0.85,0.85,200,18532.930075
5727.295101,0.845,0.845,200,18537.529387
5721.27782,0.84,0.84,200,18542.158784
5677.713937,0.82,0.82,200,18546.744102
5797.220501,0.875,0.88,200,18551.313157
5714.791858,0.84,0.85,200,18555.802235
5752.759245,0.855,0.855,200,18560.10552
5348.099631,0.885,0.885,200,18566.925908
5703.179423,0.81,0.81,200,18571.490522
5372.956084,0.865,0.88,200,18576.156025
5765.332369,0.875,0.88,200,18580.757171
5789.330507,0.88,0.885,200,18585.397782
5761.523305,0.86,0.86,200,18590.170614
4920.34886,0.84,0.885,200,18594.827693
5779.631819,0.865,0.865,200,18599.57501
5419.784466,0.86,0.86,200,18604.231157
5660.079058,0.84,0.86,200,18608.771333
5800.64409,0.885,0.885,200,18615.676827
5688.914457,0.85,0.855,200,18620.401031
5700.824957,0.86,0.86,200,18625.103851
5750.703482,0.865,0.87,200,18629.767164
5700.694508,0.84,0.85,200,18634.555101
5655.358873,0.88,0.88,200,18639.215909
5746.974017,0.855,0.855,200,18643.825255
5665.213488,0.855,0.86,200,18648.346055
4915.101137,0.875,0.875,200,18652.761228
5718.241382,0.855,0.855,200,18657.202174
5781.070778,0.87,0.87,200,18663.784945
5703.369731,0.835,0.835,200,18668.243106
5709.082097,0.815,0.82,200,18672.71192
5570.137363,0.865,0.865,200,18677.067574
5747.276826,0.865,0.88,200,18681.549683
5666.334196,0.84,0.84,200,18686.047576
5669.035594,0.825,0.825,200,18690.536742
5791.868663,0.88,0.89,200,18695.150375
5136.782139,0.875,0.875,200,18699.699353
5580.725299,0.875,0.875,200,18704.216255
5786.164508,0.865,0.87,200,18711.002781
5748.600794,0.855,0.875,200,18715.561198
5623.060543,0.865,0.865,200,18720.050551
5699.457032,0.825,0.84,200,18724.540483
5789.803717,0.865,0.875,200,18729.005846
5693.037346,0.8,0.8,200,18733.675766
5713.026769,0.82,0.825,200,18738.404494
5547.441068,0.83,0.88,200,18742.944891
5721.254648,0.85,0.865,200,18747.626805
5666.003357,0.835,0.86,200,18752.217668
5720.00909,0.835,0.84,200,18758.811781
5717.27652,0.825,0.83,200,18763.51533
5702.633546,0.85,0.86,200,18768.083634
5760.958227,0.85,0.87,200,18772.746489
5784.716985,0.87,0.87,200,18777.264702
5679.756164,0.855,0.86,200,18781.891551
5401.534616,0.875,0.875,200,18786.582465
5714.330141,0.875,0.895,200,18791.039551
4002.515503,0.455,0.48,200,18795.470031
5777.084142,0.855,0.865,200,18799.845641
5592.289844,0.86,0.865,200,18806.385942
5599.236354,0.835,0.88,200,18810.795639
5716.32724,0.84,0.84,200,18815.291869
5784.714784,0.855,0.87,200,18819.864586
5690.283156,0.81,0.815,200,18824.350357
5778.127065,0.875,0.875,200,18828.770253
5732.308617,0.835,0.84,200,18833.243877
5442.821216,0.87,0.87,200,18837.6781
5557.23158,0.86,0.865,200,18842.118077
4671.711008,0.2,0.2,200,18846.606627
5783.276842,0.875,0.875,200,18853.586237
5697.08544,0.81,0.81,200,18858.29803
5690.623651,0.805,0.805,200,18862.786139
5697.714086,0.835,0.835,200,18867.27032
5744.335682,0.85,0.85,200,18871.869084
5700.632414,0.87,0.88,200,18876.283283
5619.454176,0.87,0.875,200,18880.747392
5760.462972,0.845,0.85,200,18885.111047
5681.209738,0.865,0.865,200,18889.653911
5699.412132,0.85,0.855,200,18894.222242
5767.814483,0.87,0.875,200,18901.064074
5752.249895,0.865,0.865,200,18905.778685
5707.663481,0.83,0.83,200,18910.219055
5774.769467,0.86,0.86,200,18914.684886
5713.775553,0.82,0.825,200,18919.163252
5165.820199,0.87,0.87,200,18923.686616
5619.053776,0.855,0.855,200,18928.196201
5666.835698,0.855,0.87,200,18932.712394
5793.977205,0.87,0.885,200,18937.200317
5752.356794,0.87,0.87,200,18941.710583
5791.979124,0.885,0.885,200,18948.314968
5778.118319,0.865,0.87,200,18952.797212
5752.688261,0.865,0.88,200,18957.288716
5728.175768,0.86,0.88,200,18961.983733
5714.656675,0.825,0.83,200,18966.767813
5786.011556,0.87,0.87,200,18971.497236
5655.528406,0.815,0.82,200,18976.198599
5784.48293,0.865,0.865,200,18980.977667
5307.619431,0.87,0.875,200,18985.52546
5759.227815,0.86,0.88,200,18990.034723
5711.307438,0.835,0.835,200,18996.896105
5685.122137,0.805,0.805,200,19001.439334
5732.848214,0.83,0.85,200,19005.999276
5135.796548,0.87,0.88,200,19010.491855
5692.18772,0.805,0.805,200,19015.070924
5678.56801,0.855,0.855,200,19019.664707
5730.52058,0.845,0.845,200,19024.207783
5714.210951,0.845,0.845,200,19028.774701
5738.941779,0.855,0.855,200,19033.436458
5745.559796,0.86,0.885,200,19037.944395
5598.570548,0.86,0.87,200,19044.930808
5647.056045,0.87,0.89,200,19049.458203
5723.486051,0.84,0.84,200,19053.982505
5751.992792,0.88,0.885,200,19058.656675
5698.362576,0.835,0.835,200,19063.41229
5790.813298,0.87,0.875,200,19067.875051
5689.69914,0.83,0.86,200,19072.362558
5727.393144,0.845,0.845,200,19076.876318
5705.4663,0.85,0.85,200,19081.392226
5782.45479,0.865,0.865,200,19085.957018
5692.995163,0.85,0.86,200,19092.643424
5704.070437,0.845,0.845,200,19097.166713
5776.387993,0.87,0.875,200,19101.698926
4438.454506,0.875,0.875,200,19106.162701
4354.889058,0.68,0.695,200,19110.648588
5692.166556,0.86,0.86,200,19115.141508
5635.804438,0.845,0.875,200,19119.517785
5697.433319,0.87,0.885,200,19123.960603
5777.872961,0.865,0.865,200,19128.591563
5716.111427,0.855,0.87,200,19133.041677
5600.559659,0.8,0.805,200,19139.661365
5481.91112,0.86,0.86,200,19144.205416
5715.39073,0.855,0.875,200,19148.756305
5645.66755,0.83,0.865,200,19153.245924
5708.481858,0.83,0.835,200,19157.799456
5585.526091,0.855,0.855,200,19162.365832
5595.328651,0.86,0.865,200,19166.879643
5290.380153,0.865,0.865,200,19171.334373
5373.959645,0.87,0.885,200,19175.907142
5639.355842,0.81,0.82,200,19180.517201
5113.6274,0.7,0.735,200,19187.406832
5588.219987,0.865,0.895,200,19191.918654
5304.717197,0.88,0.885,200,19196.39224
5688.487792,0.85,0.855,200,19201.037575
5734.936407,0.84,0.85,200,19205.508817
5517.854229,0.86,0.865,200,19210.232816
5711.412243,0.85,0.86,200,19214.751678
5776.405917,0.88,0.88,200,19219.369774
5772.031574,0.88,0.88,200,19223.900976
5505.653009,0.87,0.87,200,19228.422081
5617.197077,0.86,0.865,200,19235.258544
5763.683485,0.865,0.865,200,19239.758674
5719.505328,0.865,0.87,200,19244.321627
5785.769979,0.87,0.87,200,19248.812409
4538.415698,0.655,0.66,200,19253.352276
5679.315468,0.805,0.805,200,19257.925488
5252.169331,0.675,0.69,200,19262.52511
5494.959492,0.855,0.855,200,19267.137043
5705.203275,0.86,0.86,200,19271.713578
5707.721632,0.815,0.825,200,19276.396045
5734.912957,0.84,0.85,200,19283.162312
5697.94183,0.865,0.87,200,19287.728141
5784.899088,0.865,0.865,200,19292.345548
5653.128104,0.86,0.86,200,19296.972231
5667.587977,0.81,0.825,200,19301.57992
5194.08421,0.86,0.86,200,19306.082878
5700.629001,0.81,0.815,200,19310.462331
5559.935316,0.865,0.87,200,19314.892533
5738.303706,0.865,0.865,200,19319.319881
5690.131058,0.805,0.805,200,19323.828181
4258.119679,0.88,0.885,200,19330.494722
5710.000946,0.845,0.845,200,19335.035496
5412.743167,0.86,0.86,200,19339.583855
5753.019645,0.855,0.855,200,19344.221252
5009.797833,0.885,0.885,200,19348.769662
5714.482197,0.825,0.825,200,19353.362069
5325.80845,0.885,0.885,200,19357.683141
5677.080659,0.86,0.865,200,19362.314173
5236.341404,0.88,0.88,200,19366.862246
5692.639951,0.845,0.85,200,19371.345951
5549.130857,0.87,0.87,200,19378.049701
5762.022474,0.855,0.865,200,19382.497724
5776.470642,0.86,0.865,200,19387.04134
5684.040467,0.86,0.865,200,19391.677562
5713.702751,0.865,0.875,200,19396.321142
5593.885834,0.86,0.86,200,19400.941176
5745.026106,0.855,0.855,200,19405.496774
5727.416308,0.86,0.87,200,19409.913397
4792.615162,0.655,0.69,200,19414.656675
5689.188479,0.805,0.81,200,19419.291804
5554.990436,0.845,0.885,200,19426.076654
5714.064503,0.835,0.84,200,19430.612552
5721.317004,0.83,0.83,200,19435.285543
5436.820799,0.86,0.885,200,19439.931191
5796.369027,0.88,0.88,200,19444.568458
5757.05137,0.845,0.855,200,19449.248705
5773.903468,0.88,0.88,200,19453.942633
5726.360552,0.84,0.84,200,19458.471608
4951.224007,0.875,0.875,200,19462.971981
5672.756361,0.865,0.865,200,19467.638768
5709.205381,0.82,0.82,200,19474.64456
5702.593361,0.81,0.81,200,19479.32666
5772.374377,0.85,0.86,200,19483.971395
5704.310594,0.845,0.845,200,19488.68256
5723.985033,0.865,0.87,200,19493.313715
5767.793894,0.86,0.86,200,19497.924596
5782.89515,0.86,0.87,200,19502.589287
5712.902068,0.825,0.825,200,19507.319511
5513.798681,0.81,0.875,200,19511.932945
5670.282726,0.865,0.875,200,19516.627507
5736.914398,0.845,0.85,200,19523.488098
5588.051359,0.845,0.865,200,19528.174394
5593.772788,0.87,0.88,200,19532.683378
5691.036764,0.845,0.85,200,19537.360159
5710.934049,0.835,0.835,200,19542.006359
5684.38784,0.86,0.87,200,19546.65534
4851.294711,0.885,0.885,200,19551.327194
5765.211178,0.85,0.855,200,19555.864136
5785.274467,0.865,0.87,200,19560.434881
5788.961014,0.865,0.87,200,19565.023056
5765.312324,0.87,0.87,200,19571.602524
5710.663638,0.845,0.845,200,19576.241173
5656.822063,0.855,0.855,200,19580.78855
5251.466135,0.875,0.885,200,19585.37346
5390.259638,0.86,0.87,200,19590.011144
5701.303091,0.865,0.88,200,19594.774523
5716.214201,0.855,0.875,200,19599.425114
5653.516821,0.815,0.82,200,19604.017528
5782.330018,0.865,0.865,200,19608.712528
5645.152024,0.88,0.88,200,19613.497318
5794.44076,0.875,0.875,200,19620.392521
5709.681383,0.835,0.84,200,19624.871995
5710.546381,0.815,0.825,200,19629.560205
5680.968702,0.865,0.87,200,19634.129119
5421.930381,0.875,0.875,200,19638.882295
5678.234853,0.86,0.87,200,19643.49304
5641.528335,0.825,0.825,200,19648.175796
5757.81781,0.875,0.875,200,19652.875724
5782.824762,0.87,0.87,200,19657.604441
5795.653832,0.88,0.885,200,19662.256742
5754.384042,0.85,0.85,200,19669.100085
5619.963374,0.8,0.81,200,19673.824746
5721.532309,0.845,0.85,200,19678.469677
5702.914206,0.845,0.845,200,19683.045501
5761.169485,0.875,0.885,200,19687.552026
5345.294459,0.87,0.87,200,19692.195587
5783.299258,0.875,0.875,200,19696.696631
5706.558114,0.835,0.835,200,19701.2942
5017.010315,0.855,0.865,200,19705.941301
5669.822959,0.86,0.865,200,19710.53045
5650.15152,0.855,0.88,200,19717.319461
4533.830913,0.745,0.775,200,19721.945201
5661.818649,0.825,0.825,200,19726.471535
5717.084355,0.845,0.845,200,19731.159469
5761.903647,0.855,0.855,200,19735.666782
5700.461994,0.81,0.815,200,19740.225217
4780.354819,0.655,0.655,200,19744.782193
5170.36848,0.855,0.86,200,19749.492817
5683.168507,0.835,0.835,200,19754.088425
5361.443692,0.865,0.865,200,19758.789545
5682.765128,0.855,0.865,200,19765.661459
5761.905369,0.86,0.86,200,19770.226227
5803.246672,0.885,0.885,200,19774.963642
5705.730962,0.845,0.855,200,19779.665941
4701.985739,0.62,0.66,200,19784.267074
5766.150949,0.855,0.855,200,19788.80813
5758.770651,0.89,0.89,200,19793.436579
5761.363339,0.855,0.855,200,19798.059731
5688.828155,0.825,0.83,200,19802.797798
5642.078258,0.81,0.82,200,19807.490237
5404.480448,0.88,0.89,200,19814.587126
5798.171966,0.875,0.885,200,19819.37544
5471.338746,0.885,0.885,200,19824.084426
5283.128256,0.875,0.88,200,19828.725106
5709.61196,0.81,0.82,200,19833.451422
5746.00062,0.835,0.85,200,19838.107863
5707.324134,0.83,0.835,200,19842.6889
5727.143357,0.865,0.88,200,19847.386611
5684.453856,0.85,0.865,200,19851.992278
5770.705479,0.86,0.86,200,19856.700984
5138.054856,0.88,0.88,200,19863.298386
5679.992465,0.85,0.85,200,19867.711976
5697.766559,0.805,0.815,200,19872.31747
5781.114882,0.865,0.875,200,19876.772974
5348.936168,0.81,0.835,200,19881.165505
5703.392118,0.825,0.825,200,19885.630503
5792.62755,0.87,0.875,200,19890.177371
5697.47435,0.85,0.855,200,19894.749254
5705.98394,0.835,0.845,200,19899.326121
5713.998944,0.835,0.84,200,19903.966001
5710.637346,0.825,0.825,200,19910.881231
5796.879915,0.88,0.88,200,19915.328667
5731.463854,0.845,0.85,200,19919.895333
5763.451599,0.855,0.865,200,19924.326806
5798.905326,0.89,0.89,200,19928.994632
5714.244977,0.81,0.82,200,19933.664902
5651.227054,0.85,0.86,200,19938.41766
5702.922674,0.815,0.815,200,19943.102144
5472.149394,0.865,0.865,200,19947.76199
5793.245455,0.87,0.88,200,19952.400053
5711.412705,0.85,0.85,200,19959.330639
5703.676058,0.83,0.84,200,19964.069575
5786.508399,0.855,0.875,200,19968.838921
5794.510089,0.88,0.88,200,19973.528534
5706.746417,0.83,0.83,200,19978.236784
5713.41471,0.82,0.835,200,19982.878784
4697.864975,0.455,0.465,200,19987.386667
5783.00456,0.87,0.885,200,19992.094352
5711.751811,0.82,0.82,200,19996.638595
5787.133991,0.875,0.875,200,20001.312441
5714.240054,0.83,0.835,200,20008.171144
4840.453134,0.885,0.885,200,20012.676769
5757.554664,0.85,0.855,200,20017.429726
5683.557963,0.805,0.805,200,20022.16075
5726.300629,0.85,0.88,200,20026.740175
5719.869358,0.865,0.87,200,20031.406182
5709.677598,0.84,0.84,200,20036.00894
5750.805361,0.86,0.86,200,20040.656868
5046.191177,0.865,0.87,200,20045.252227
5709.230693,0.815,0.815,200,20049.695877
5707.986807,0.845,0.845,200,20056.334565
5737.792087,0.845,0.855,200,20060.964001
5678.746173,0.855,0.86,200,20065.519131
5750.320529,0.855,0.855,200,20070.111402
5793.400872,0.87,0.885,200,20074.724309
5647.405728,0.815,0.815,200,20079.313146
5676.904528,0.86,0.86,200,20084.034362
5747.358593,0.875,0.89,200,20088.543511
5475.174468,0.83,0.88,200,20093.027679
5695.646813,0.845,0.845,200,20097.583177
5727.809677,0.84,0.84,200,20104.443091
5519.33965,0.885,0.885,200,20108.947195
5717.606057,0.835,0.845,200,20113.589056
5748.933804,0.86,0.875,200,20118.311483
5630.510538,0.86,0.865,200,20122.929553
5734.572549,0.855,0.87,200,20127.60511
5736.946701,0.85,0.85,200,20132.08633
5737.750381,0.85,0.85,200,20136.361767
5718.295815,0.825,0.825,200,20140.943398
5786.176938,0.865,0.87,200,20145.493232
5610.174478,0.835,0.865,200,20152.338913
5685.000725,0.86,0.865,200,20156.785416
5790.175514,0.89,0.89,200,20161.318184
5776.505705,0.87,0.87,200,20165.802373
5781.542079,0.865,0.875,200,20170.403507
5753.243384,0.835,0.855,200,20175.012459
5641.858298,0.86,0.875,200,20179.647287
5753.837731,0.855,0.87,200,20184.291953
5794.454887,0.88,0.88,200,20188.887518
5713.527426,0.845,0.86,200,20193.500951
5711.895193,0.825,0.83,200,20200.472601
5744.76126,0.85,0.87,200,20205.048903
5809.215523,0.895,0.895,200,20209.472897
5517.690179,0.83,0.88,200,20213.939979
5721.735947,0.865,0.865,200,20218.573161
5764.089615,0.855,0.855,200,20223.141635
5723.126309,0.84,0.855,200,20227.817873
5716.986589,0.86,0.875,200,20232.363207
5712.768342,0.815,0.825,200,20236.932784
5786.513314,0.87,0.88,200,20241.447931
