# {"t_start": 1757073748.7668674, "env_id": "graff-v0"} 
r,obj_lift,obj_grab,l,t
5678.588346,0.81,0.83,200,7.336868
5737.887749,0.85,0.855,200,11.952704
5749.09601,0.855,0.865,200,16.651836
5753.066681,0.85,0.86,200,21.324705
5053.123865,0.575,0.575,200,25.984463
3197.199959,0.87,0.87,200,30.669243
4881.329862,0.82,0.83,200,35.430735
5732.929372,0.86,0.875,200,40.181036
3092.340479,0.875,0.88,200,45.014231
2743.619708,0.42,0.425,200,49.829311
4737.290047,0.375,0.375,200,57.030433
3329.448203,0.845,0.86,200,61.868811
4758.951232,0.83,0.85,200,66.632629
3167.230484,0.875,0.875,200,71.334434
5756.097631,0.85,0.855,200,75.935825
5742.166383,0.835,0.845,200,80.745595
5740.650105,0.84,0.84,200,85.528722
5740.433266,0.83,0.845,200,90.303067
3091.839314,0.88,0.885,200,95.130779
5444.262842,0.775,0.775,200,99.847345
5719.078544,0.82,0.825,200,106.866429
5753.388993,0.84,0.855,200,111.772938
5658.811586,0.8,0.805,200,116.509007
5736.028786,0.855,0.86,200,121.291989
2544.594763,0.85,0.87,200,126.066083
5496.923446,0.74,0.74,200,130.908368
5406.338734,0.76,0.765,200,135.698394
5469.608084,0.765,0.78,200,140.289612
5507.486602,0.775,0.785,200,145.003741
5742.650046,0.845,0.85,200,149.550574
5690.707847,0.825,0.83,200,156.792172
5760.478641,0.86,0.865,200,161.482102
5680.784527,0.81,0.825,200,166.215383
5701.296702,0.83,0.83,200,170.913288
2964.549065,0.88,0.88,200,175.522867
5516.649411,0.785,0.785,200,180.253491
5664.983475,0.81,0.825,200,184.9069
5595.847456,0.815,0.83,200,189.552478
5765.200253,0.855,0.875,200,194.390442
5691.992382,0.82,0.83,200,199.238912
5220.678336,0.605,0.615,200,206.018323
2907.575616,0.865,0.875,200,210.788699
5681.351905,0.79,0.805,200,215.362847
4155.74472,0.86,0.87,200,220.062928
5524.525237,0.79,0.79,200,224.894288
4750.336757,0.47,0.48,200,229.650833
5492.117536,0.78,0.78,200,234.464732
5750.653967,0.86,0.86,200,239.178872
5755.086721,0.845,0.855,200,243.975987
4374.235789,0.47,0.475,200,248.766514
4368.271147,0.83,0.855,200,255.804573
5736.747714,0.84,0.84,200,260.581773
5461.695288,0.77,0.78,200,265.345047
3187.63942,0.85,0.865,200,270.104551
4794.799543,0.83,0.85,200,274.848323
5739.280136,0.83,0.845,200,279.484864
5419.119171,0.735,0.735,200,284.043376
4837.385698,0.51,0.515,200,288.732731
5160.88644,0.83,0.835,200,293.56653
5434.0796,0.765,0.78,200,298.478905
4518.33822,0.84,0.855,200,305.847983
3008.879401,0.87,0.87,200,310.642197
2986.179685,0.875,0.875,200,315.447125
5751.995578,0.84,0.85,200,320.298976
5437.353375,0.78,0.78,200,325.136494
5725.98148,0.82,0.835,200,329.980325
3875.20297,0.86,0.86,200,334.784648
5054.272854,0.665,0.685,200,339.656978
3669.490799,0.825,0.85,200,344.555165
2757.524684,0.855,0.86,200,349.350734
3225.593759,0.865,0.865,200,356.582317
3168.741545,0.865,0.865,200,361.38973
5665.475241,0.815,0.82,200,366.21262
3865.841313,0.875,0.875,200,371.025886
5734.838349,0.855,0.87,200,375.745414
3235.972788,0.705,0.705,200,380.554667
5748.280371,0.84,0.86,200,385.402318
3341.93072,0.84,0.865,200,390.06194
5550.593799,0.805,0.805,200,394.637658
5670.950086,0.805,0.82,200,399.380872
2903.492097,0.86,0.875,200,406.512097
3834.065794,0.04,0.05,200,411.400805
3275.227881,0.88,0.88,200,416.199664
4154.335549,0.875,0.875,200,421.057949
5722.305943,0.825,0.83,200,425.904112
5643.531209,0.815,0.82,200,430.732048
5679.252352,0.815,0.83,200,435.634118
5667.670653,0.785,0.8,200,440.466101
5231.708929,0.615,0.615,200,445.384177
4441.673188,0.825,0.845,200,450.154818
3666.965375,0.85,0.865,200,457.124867
5594.2693,0.79,0.8,200,462.013194
4486.945146,0.84,0.84,200,466.848173
5409.042081,0.72,0.72,200,471.676261
5744.693984,0.84,0.845,200,476.450871
4268.23411,0.81,0.845,200,481.308524
5467.578899,0.81,0.82,200,486.176787
4578.258759,0.845,0.855,200,491.016442
2709.100088,0.875,0.875,200,495.675194
5740.662255,0.845,0.845,200,500.430288
2651.608366,0.86,0.865,200,507.532841
5497.068982,0.765,0.785,200,512.398788
5638.858582,0.81,0.815,200,517.307465
2693.663021,0.875,0.875,200,522.089863
2739.675466,0.84,0.855,200,526.799104
4953.666421,0.555,0.56,200,531.579859
5666.952372,0.8,0.8,200,536.236901
5737.781651,0.835,0.84,200,540.965314
5058.799569,0.81,0.825,200,545.792686
5736.195871,0.835,0.84,200,550.642432
5757.44232,0.865,0.87,200,557.617578
2990.343831,0.88,0.88,200,562.396611
2935.626406,0.885,0.885,200,567.297859
5633.631464,0.765,0.765,200,572.057162
4727.364244,0.81,0.835,200,576.914479
5696.526822,0.825,0.83,200,581.490463
4545.961367,0.06,0.065,200,586.103132
5454.419546,0.8,0.825,200,590.914274
2542.79692,0.875,0.875,200,595.672378
5404.26893,0.755,0.765,200,600.37197
5724.25645,0.82,0.835,200,607.290719
3507.355106,0.045,0.055,200,612.11341
5705.880388,0.83,0.835,200,616.888441
2964.39913,0.86,0.865,200,621.560537
5230.776309,0.52,0.525,200,626.226701
4788.94575,0.845,0.865,200,631.101794
5735.002036,0.82,0.845,200,635.851585
5401.292565,0.715,0.72,200,640.487775
5678.264536,0.84,0.845,200,645.248301
5698.03093,0.825,0.825,200,650.079265
2705.017973,0.87,0.87,200,657.150441
5496.495946,0.75,0.75,200,661.98806
5761.880742,0.835,0.86,200,666.666022
5696.604083,0.815,0.83,200,671.46767
5748.921554,0.86,0.87,200,676.134095
4204.821218,0.875,0.88,200,680.904389
5726.241097,0.835,0.835,200,685.533931
2898.303521,0.855,0.855,200,690.218556
4335.681793,0.84,0.85,200,694.964707
4863.95427,0.865,0.865,200,699.668806
2868.192156,0.515,0.515,200,706.426915
5635.339866,0.805,0.805,200,711.197971
2917.840157,0.875,0.875,200,715.879385
5497.536301,0.785,0.785,200,720.69588
5470.682589,0.795,0.8,200,725.42157
5756.678068,0.85,0.855,200,730.257325
5320.841562,0.81,0.81,200,734.925589
5604.49022,0.805,0.825,200,739.696145
5754.214511,0.85,0.86,200,744.434
4672.47753,0.845,0.855,200,749.222186
5752.361171,0.865,0.875,200,756.168697
3977.385544,0.845,0.845,200,760.922311
5747.760946,0.84,0.85,200,765.761639
5666.292659,0.795,0.815,200,770.472105
3386.540816,0.83,0.85,200,775.063551
5732.248382,0.85,0.855,200,779.689189
5496.645302,0.78,0.785,200,784.287366
5272.117522,0.815,0.82,200,789.083507
5147.272152,0.87,0.905,200,793.905162
5735.772895,0.84,0.85,200,798.752867
5751.118757,0.84,0.86,200,805.739086
5279.399372,0.565,0.595,200,810.604354
5652.639214,0.81,0.81,200,815.461626
5650.232401,0.78,0.78,200,820.348065
5717.294593,0.835,0.84,200,825.076136
5436.873454,0.81,0.81,200,829.828655
3563.530161,0.865,0.865,200,834.518281
2572.706961,0.875,0.885,200,839.35864
5496.847027,0.775,0.785,200,844.157659
5011.661717,0.815,0.825,200,848.960783
2136.128724,0.045,0.05,200,856.031484
5516.135038,0.795,0.8,200,860.753
5637.289149,0.815,0.815,200,865.604695
3779.03922,0.105,0.12,200,870.352597
5744.332112,0.84,0.85,200,875.150734
5757.002125,0.85,0.855,200,879.983342
3017.86515,0.865,0.87,200,884.856845
5550.957225,0.775,0.775,200,889.655043
3434.772791,0.885,0.885,200,894.454989
5141.579593,0.81,0.82,200,899.274381
5742.477137,0.84,0.85,200,906.076563
2809.00848,0.86,0.87,200,910.709278
5685.098758,0.835,0.835,200,915.417171
5645.14432,0.81,0.81,200,920.24633
5751.517208,0.845,0.86,200,925.08807
5732.139097,0.835,0.845,200,929.828749
5704.381498,0.82,0.835,200,934.605288
5758.900278,0.855,0.875,200,939.384041
5624.935354,0.805,0.815,200,944.140778
5670.303357,0.81,0.82,200,949.025878
5641.526736,0.82,0.82,200,956.119229
5675.549931,0.805,0.805,200,960.898399
3594.893032,0.835,0.855,200,965.708164
5444.761781,0.765,0.775,200,970.541333
4879.032237,0.825,0.83,200,975.396233
5669.210169,0.795,0.805,200,980.138624
5698.552097,0.835,0.835,200,984.863392
5747.110572,0.84,0.845,200,989.487903
5732.986727,0.855,0.865,200,994.149889
3480.847761,0.84,0.85,200,998.864833
3875.673924,0.88,0.88,200,1005.873778
5522.964206,0.79,0.795,200,1010.621013
5490.516171,0.78,0.78,200,1015.502924
5162.032577,0.815,0.825,200,1020.174335
5268.320995,0.555,0.555,200,1024.794574
2832.729074,0.855,0.86,200,1029.473592
5643.357883,0.79,0.79,200,1034.184123
5027.908576,0.805,0.825,200,1038.897797
5717.029445,0.83,0.835,200,1043.603069
5730.520533,0.84,0.84,200,1048.481489
2729.593627,0.86,0.86,200,1055.501406
2771.779378,0.85,0.86,200,1060.223749
5652.47495,0.815,0.82,200,1064.943483
5422.925213,0.8,0.815,200,1069.669318
5723.611794,0.835,0.835,200,1074.419181
5534.064873,0.78,0.8,200,1079.226785
5714.005382,0.85,0.85,200,1083.970166
3913.201338,0.855,0.86,200,1088.690866
5462.279017,0.78,0.78,200,1093.492972
5741.884013,0.85,0.865,200,1098.253585
5412.804455,0.765,0.765,200,1105.184401
5599.053315,0.81,0.81,200,1109.942431
3925.546882,0.815,0.85,200,1114.762961
3444.087211,0.85,0.86,200,1119.653278
2548.313227,0.87,0.87,200,1124.563189
3654.323563,0.875,0.875,200,1129.374811
5746.776389,0.83,0.845,200,1133.990055
5680.196432,0.82,0.825,200,1138.692368
5735.016991,0.855,0.865,200,1143.441628
5740.960533,0.83,0.845,200,1148.28422
5625.392775,0.76,0.76,200,1155.467381
4157.035091,0.84,0.85,200,1160.231518
5731.701296,0.835,0.845,200,1164.847905
5749.318265,0.85,0.85,200,1169.617889
5767.500959,0.865,0.875,200,1174.341213
4561.343207,0.83,0.845,200,1179.142655
5677.514234,0.8,0.81,200,1183.921921
5712.534379,0.84,0.84,200,1188.764676
5536.394346,0.795,0.795,200,1193.447532
5759.243794,0.865,0.87,200,1198.342513
4283.428106,0.84,0.85,200,1205.519111
5047.762898,0.445,0.455,200,1210.271435
5537.312163,0.79,0.79,200,1215.006065
5637.052236,0.845,0.87,200,1219.730825
5751.273742,0.855,0.87,200,1224.534992
5675.310383,0.825,0.825,200,1229.184145
5695.888052,0.865,0.865,200,1233.982642
5751.868701,0.835,0.85,200,1238.764789
5683.576745,0.855,0.86,200,1243.551961
5671.017884,0.795,0.805,200,1248.321844
5755.208349,0.855,0.86,200,1255.339898
5119.335626,0.59,0.595,200,1260.216495
5753.74908,0.84,0.85,200,1264.918469
5733.233281,0.835,0.835,200,1269.541055
4876.20427,0.815,0.825,200,1274.365381
4333.353854,0.85,0.855,200,1279.074222
3252.22607,0.865,0.88,200,1283.76523
2555.342393,0.875,0.875,200,1288.516171
5607.458581,0.81,0.81,200,1293.134046
5738.794115,0.84,0.85,200,1297.744763
5702.706686,0.825,0.83,200,1304.790995
5568.837514,0.8,0.8,200,1309.582321
5693.691044,0.83,0.83,200,1314.286596
3813.81638,0.855,0.86,200,1319.165696
3617.655579,0.865,0.865,200,1324.085814
4277.927909,0.825,0.855,200,1328.882272
5734.108252,0.84,0.85,200,1333.683923
5674.892686,0.83,0.83,200,1338.561104
5292.946526,0.83,0.835,200,1343.411353
5745.5826,0.84,0.845,200,1348.152053
4327.885429,0.64,0.65,200,1354.972156
5420.735383,0.785,0.785,200,1359.640826
5332.994137,0.82,0.83,200,1364.30872
5634.158977,0.81,0.815,200,1369.065187
5679.138094,0.81,0.825,200,1373.825112
2628.440769,0.86,0.86,200,1378.49799
5744.66659,0.835,0.845,200,1383.305545
5732.909143,0.825,0.835,200,1388.178746
5200.375835,0.685,0.69,200,1393.041863
5753.128282,0.86,0.88,200,1397.922183
5590.187368,0.795,0.8,200,1404.906963
5762.126681,0.85,0.86,200,1409.753246
5756.913935,0.86,0.865,200,1414.522407
4021.368173,0.835,0.86,200,1419.273365
5747.561211,0.845,0.865,200,1424.003168
5738.940528,0.84,0.85,200,1428.844003
5733.770839,0.875,0.88,200,1433.632305
5672.374548,0.855,0.86,200,1438.347197
2615.039074,0.855,0.865,200,1443.04495
5718.564254,0.885,0.885,200,1447.888076
5463.15335,0.785,0.785,200,1454.879779
4603.98951,0.835,0.855,200,1459.630479
5594.058958,0.81,0.81,200,1464.486669
4978.052978,0.605,0.61,200,1469.240508
5747.598377,0.84,0.845,200,1473.915565
2777.269052,0.87,0.87,200,1478.777138
4909.041151,0.665,0.7,200,1483.611584
5736.064122,0.85,0.85,200,1488.39748
3699.286385,0.475,0.495,200,1493.233485
4120.707514,0.835,0.85,200,1498.046167
5593.095238,0.81,0.81,200,1505.236703
5701.190106,0.855,0.865,200,1509.995118
5712.615682,0.83,0.83,200,1514.777806
4029.534138,0.84,0.845,200,1519.524903
5628.355541,0.8,0.805,200,1524.294217
5756.706908,0.855,0.855,200,1529.008432
5752.831733,0.88,0.895,200,1533.670359
3359.387037,0.575,0.58,200,1538.445465
5587.287317,0.8,0.81,200,1543.219099
5638.815392,0.79,0.795,200,1547.976759
5513.839004,0.845,0.845,200,1554.934718
4134.610383,0.835,0.855,200,1559.736865
4252.855409,0.82,0.845,200,1564.541476
4933.263025,0.815,0.825,200,1569.199049
4855.172092,0.535,0.55,200,1573.855633
5468.732911,0.78,0.78,200,1578.67411
5556.761181,0.795,0.795,200,1583.550067
5634.349841,0.79,0.79,200,1588.17839
3453.645196,0.85,0.865,200,1592.931507
5476.465781,0.79,0.79,200,1597.846913
5678.78624,0.865,0.865,200,1604.662119
5636.238302,0.785,0.79,200,1609.324861
4192.98384,0.835,0.85,200,1614.122347
5744.223471,0.865,0.865,200,1618.906718
5764.934142,0.845,0.86,200,1623.713077
5614.519896,0.8,0.8,200,1628.643367
5366.720625,0.835,0.84,200,1633.422626
5741.262929,0.855,0.855,200,1638.198526
5616.226336,0.805,0.82,200,1642.962411
2720.887265,0.66,0.665,200,1647.642019
5720.094937,0.83,0.83,200,1654.581129
5573.795321,0.77,0.77,200,1659.291358
5627.049601,0.795,0.795,200,1663.905893
3561.270526,0.53,0.53,200,1668.730865
4770.175636,0.595,0.6,200,1673.424919
5611.917269,0.795,0.795,200,1678.315782
4312.561039,0.815,0.835,200,1683.14235
5732.66406,0.83,0.845,200,1687.858411
5624.934618,0.795,0.795,200,1692.678788
4412.022852,0.825,0.84,200,1697.388056
5732.708048,0.86,0.885,200,1704.479482
5505.970322,0.785,0.785,200,1709.34922
5499.713568,0.82,0.82,200,1714.262896
5695.122496,0.83,0.83,200,1719.288932
2707.74083,0.005,0.005,200,1724.115107
5447.927307,0.78,0.78,200,1729.005197
4926.060138,0.83,0.83,200,1733.836496
5773.158436,0.87,0.89,200,1738.609992
5737.254324,0.85,0.865,200,1743.432729
5629.239284,0.805,0.81,200,1748.157836
5765.527483,0.86,0.865,200,1755.521902
4599.837526,0.84,0.85,200,1760.274709
5494.188038,0.785,0.8,200,1765.16436
4544.444532,0.83,0.855,200,1769.91526
5628.921957,0.81,0.81,200,1774.707154
5426.637786,0.775,0.775,200,1779.493213
5657.040986,0.805,0.82,200,1784.262599
3936.692832,0.825,0.85,200,1789.088984
4186.011313,0.835,0.85,200,1793.80161
5232.295638,0.835,0.84,200,1798.603284
5617.882972,0.805,0.805,200,1805.328877
5701.838694,0.82,0.835,200,1810.067508
5724.180098,0.845,0.845,200,1814.83906
2741.373431,0.85,0.86,200,1819.691495
5359.583135,0.8,0.81,200,1824.509345
5501.07821,0.79,0.79,200,1829.322638
5756.554058,0.84,0.86,200,1834.1649
5352.8425,0.665,0.665,200,1838.851633
4508.272273,0.815,0.835,200,1843.597548
5756.608368,0.875,0.88,200,1848.323317
4283.370937,0.825,0.855,200,1855.340242
5681.715812,0.825,0.825,200,1860.182851
4106.26497,0.81,0.84,200,1864.889092
3092.458263,0.845,0.86,200,1869.670599
5700.001501,0.85,0.865,200,1874.446255
5699.518821,0.815,0.815,200,1879.226611
4911.963131,0.815,0.83,200,1883.970601
2955.214815,0.845,0.865,200,1888.757932
4341.779329,0.85,0.855,200,1893.55482
5094.639183,0.835,0.835,200,1898.355787
5757.372554,0.855,0.86,200,1905.407702
5738.208143,0.84,0.845,200,1910.068662
2518.050929,0.865,0.865,200,1914.736551
5747.344703,0.84,0.845,200,1919.435994
2491.136444,0.22,0.23,200,1923.987007
5675.141588,0.825,0.825,200,1928.759134
5633.695953,0.795,0.8,200,1933.442154
4334.220493,0.875,0.88,200,1938.139614
5416.911731,0.795,0.795,200,1942.718968
5602.347078,0.795,0.81,200,1947.246853
5583.541229,0.825,0.845,200,1954.205504
5747.030169,0.845,0.865,200,1958.688016
5669.747577,0.825,0.83,200,1963.398979
5150.222684,0.81,0.825,200,1968.18321
5661.802002,0.785,0.805,200,1972.886119
3452.442299,0.56,0.57,200,1977.616246
4310.599115,0.84,0.855,200,1982.28248
2699.865888,0.845,0.85,200,1986.91732
4566.118721,0.845,0.85,200,1991.763756
3765.244863,0.85,0.86,200,1996.468495
5748.697006,0.855,0.855,200,2003.528645
2693.919705,0.875,0.88,200,2008.219551
5639.026849,0.8,0.8,200,2013.084277
5647.66252,0.825,0.825,200,2017.904068
5538.54095,0.8,0.805,200,2022.811888
5649.294096,0.78,0.785,200,2027.661758
5465.896539,0.775,0.785,200,2032.552945
3105.797045,0.835,0.855,200,2037.420074
2502.619328,0.84,0.86,200,2042.420863
5563.031031,0.82,0.825,200,2047.292004
5498.407073,0.78,0.78,200,2054.288189
5172.791936,0.655,0.665,200,2059.020166
5639.806074,0.79,0.79,200,2063.81221
4131.411249,0.835,0.86,200,2068.636085
5574.317014,0.79,0.79,200,2073.480135
5640.127468,0.785,0.785,200,2078.377617
5657.404363,0.85,0.865,200,2083.243258
5671.938304,0.79,0.795,200,2087.925745
5734.072635,0.825,0.845,200,2092.581134
2655.595589,0.845,0.85,200,2097.283313
2991.882525,0.855,0.87,200,2104.54472
5672.280646,0.82,0.825,200,2109.379095
5625.677747,0.795,0.795,200,2114.174748
5293.053585,0.675,0.675,200,2119.051517
5770.725402,0.855,0.875,200,2123.796629
4750.56989,0.825,0.84,200,2128.660085
3936.299052,0.83,0.855,200,2133.540045
2522.988641,0.88,0.885,200,2138.330663
5743.466314,0.845,0.845,200,2143.137731
2977.411847,0.845,0.855,200,2147.856024
5759.451833,0.85,0.865,200,2154.858086
5641.873688,0.79,0.79,200,2159.652665
5640.583404,0.81,0.81,200,2164.32561
5724.700343,0.835,0.845,200,2169.055561
2597.568311,0.87,0.88,200,2173.867925
5705.764736,0.865,0.89,200,2178.67408
5748.908623,0.845,0.86,200,2183.478844
4214.658406,0.825,0.85,200,2188.41864
5717.477917,0.855,0.86,200,2193.332366
5698.129662,0.835,0.835,200,2198.176982
4070.477889,0.86,0.88,200,2205.364059
5611.287784,0.745,0.745,200,2210.028275
5749.903227,0.865,0.865,200,2214.859119
4955.442257,0.825,0.83,200,2219.64484
3221.302393,0.86,0.87,200,2224.388034
5628.348669,0.815,0.815,200,2229.148991
3009.080343,0.86,0.865,200,2233.941466
3275.180352,0.835,0.86,200,2238.688855
5737.267006,0.84,0.85,200,2243.526927
5752.829974,0.855,0.865,200,2248.44597
5457.478808,0.78,0.78,200,2255.405682
5759.07328,0.855,0.86,200,2260.126122
5523.349464,0.79,0.79,200,2264.930364
5557.179776,0.845,0.855,200,2269.713843
2998.864134,0.87,0.875,200,2274.406054
5727.574322,0.845,0.865,200,2279.218996
5695.169443,0.83,0.835,200,2283.992683
3625.109349,0.225,0.24,200,2288.661884
4400.759684,0.83,0.855,200,2293.400402
5494.744604,0.805,0.815,200,2298.106945
4471.019759,0.825,0.84,200,2305.139963
2519.143079,0.865,0.87,200,2310.012091
3386.957178,0.86,0.875,200,2314.854746
2528.974455,0.84,0.865,200,2319.656028
3888.77906,0.815,0.845,200,2324.57086
5654.98317,0.785,0.8,200,2329.46855
5767.089221,0.86,0.875,200,2334.211363
5668.945904,0.795,0.8,200,2338.924004
2587.161008,0.87,0.87,200,2343.692483
5468.17067,0.775,0.785,200,2348.416774
4959.273515,0.825,0.835,200,2355.817306
5751.304422,0.87,0.87,200,2360.76465
5661.221734,0.805,0.81,200,2365.537131
5678.424787,0.82,0.82,200,2370.225098
5702.906372,0.82,0.835,200,2374.974202
5616.04654,0.785,0.79,200,2379.754836
5445.037515,0.83,0.84,200,2384.578365
5745.605107,0.875,0.875,200,2389.25956
5670.66104,0.795,0.805,200,2394.041917
4110.614209,0.83,0.855,200,2398.712986
4021.838119,0.855,0.86,200,2405.928231
5711.023374,0.83,0.83,200,2410.726117
4507.68361,0.85,0.86,200,2415.495534
4509.582535,0.365,0.365,200,2420.353166
4690.607438,0.84,0.84,200,2425.124145
5627.104703,0.805,0.81,200,2430.034907
5709.708025,0.825,0.84,200,2434.80894
5744.156167,0.865,0.88,200,2439.587965
3888.139804,0.84,0.85,200,2444.227355
4903.828565,0.815,0.845,200,2449.036927
5159.242313,0.835,0.835,200,2455.793906
4242.942858,0.84,0.845,200,2460.545835
4290.116385,0.87,0.87,200,2465.299464
5643.160454,0.815,0.815,200,2469.999869
4821.914614,0.825,0.845,200,2474.70211
4690.457286,0.85,0.855,200,2479.361183
5465.683394,0.785,0.795,200,2484.112531
5742.927616,0.84,0.84,200,2488.883973
5658.375307,0.805,0.815,200,2493.7236
5713.452393,0.83,0.835,200,2498.543481
2511.261455,0.86,0.865,200,2505.631917
5666.261743,0.805,0.805,200,2510.204716
2351.503948,0.225,0.23,200,2514.799997
5629.019568,0.805,0.805,200,2519.391802
5524.127929,0.79,0.795,200,2524.054655
3397.019523,0.865,0.865,200,2528.859649
3297.38121,0.55,0.55,200,2533.571214
5655.225578,0.815,0.825,200,2538.221304
5746.078814,0.84,0.85,200,2543.100771
5762.587359,0.88,0.885,200,2547.976594
5515.418191,0.79,0.805,200,2555.190113
4043.724091,0.84,0.855,200,2560.023381
5746.371424,0.84,0.85,200,2564.784209
4197.814453,0.84,0.87,200,2569.559437
5741.297784,0.845,0.845,200,2574.313322
3891.831434,0.85,0.85,200,2579.093488
5503.142913,0.79,0.79,200,2583.976388
5737.011299,0.845,0.845,200,2588.877571
5625.294604,0.8,0.815,200,2593.773917
4599.709027,0.855,0.87,200,2598.69542
5353.757127,0.83,0.84,200,2605.858008
5280.215323,0.82,0.82,200,2610.888875
5418.379126,0.825,0.835,200,2615.846132
5700.492662,0.825,0.83,200,2620.652815
4352.536744,0.82,0.855,200,2625.49577
5684.822382,0.85,0.87,200,2630.338476
5741.503438,0.845,0.845,200,2635.097119
5466.683463,0.78,0.785,200,2639.981241
5497.983905,0.825,0.825,200,2644.690473
5698.795242,0.835,0.835,200,2649.555697
2554.555202,0.88,0.88,200,2656.629165
5710.097494,0.835,0.835,200,2661.531141
3500.783856,0.605,0.645,200,2666.318137
4726.026823,0.84,0.85,200,2671.221385
5299.871358,0.86,0.865,200,2675.901584
5658.459193,0.81,0.81,200,2680.768542
5036.625798,0.805,0.83,200,2685.688459
5656.660677,0.795,0.805,200,2690.541002
5520.027688,0.79,0.79,200,2695.376526
5040.579246,0.57,0.58,200,2700.122202
5542.664926,0.78,0.79,200,2707.306716
5355.108604,0.645,0.655,200,2712.063751
5563.393926,0.8,0.805,200,2716.873287
5608.939308,0.805,0.815,200,2721.573356
5767.864985,0.845,0.865,200,2726.347387
3046.436011,0.865,0.87,200,2731.154245
5755.965016,0.845,0.855,200,2735.908425
5760.035663,0.86,0.86,200,2740.6637
4275.023418,0.82,0.84,200,2745.440482
4803.067992,0.805,0.82,200,2750.205254
5526.346693,0.8,0.805,200,2757.110159
5637.587476,0.805,0.805,200,2761.893016
5263.501753,0.825,0.845,200,2766.817837
5588.075967,0.805,0.805,200,2771.691561
5747.160863,0.86,0.87,200,2776.436668
5769.461348,0.86,0.86,200,2781.207944
4445.073781,0.83,0.845,200,2785.976535
5729.965013,0.84,0.845,200,2790.682686
5435.731971,0.8,0.8,200,2795.518728
5623.920131,0.79,0.79,200,2800.247121
5576.947581,0.805,0.81,200,2807.23429
5469.007623,0.815,0.82,200,2812.007202
5750.684056,0.85,0.855,200,2816.723372
4812.715843,0.84,0.855,200,2821.612021
5519.576299,0.84,0.84,200,2826.362754
4756.226433,0.83,0.84,200,2831.117142
5748.481505,0.84,0.855,200,2836.082769
4366.079102,0.81,0.825,200,2840.887566
4837.07732,0.8,0.825,200,2845.871793
5678.559063,0.8,0.8,200,2850.677979
5462.528358,0.825,0.835,200,2857.729374
5753.628782,0.855,0.855,200,2862.743375
5607.751928,0.815,0.82,200,2867.669914
5530.217413,0.79,0.8,200,2872.481348
4321.031232,0.825,0.865,200,2877.322632
5541.386372,0.805,0.805,200,2882.104225
5224.845174,0.59,0.595,200,2886.860941
5515.017624,0.79,0.795,200,2891.750069
5635.26904,0.825,0.825,200,2896.551456
5651.561798,0.805,0.82,200,2901.307148
4645.65844,0.82,0.83,200,2908.585833
5753.420279,0.865,0.87,200,2913.379087
5772.522917,0.87,0.88,200,2918.161744
5725.85445,0.84,0.84,200,2922.909076
5746.317843,0.86,0.86,200,2927.567949
4506.092536,0.85,0.85,200,2932.245174
3041.153437,0.855,0.87,200,2937.086294
5738.703775,0.84,0.84,200,2941.849866
5610.75173,0.805,0.805,200,2946.543708
5766.484989,0.865,0.88,200,2951.219587
5745.469073,0.845,0.85,200,2958.062895
3993.506093,0.85,0.865,200,2962.834273
5728.757088,0.835,0.835,200,2967.584723
4919.63232,0.82,0.845,200,2972.290922
5712.422473,0.865,0.87,200,2977.129037
3764.697932,0.46,0.47,200,2981.834207
4196.632086,0.825,0.855,200,2986.483968
4728.560033,0.82,0.845,200,2991.253209
5736.419662,0.865,0.87,200,2995.935055
5615.691178,0.76,0.76,200,3000.753822
5047.57395,0.675,0.695,200,3007.972913
5693.209165,0.82,0.835,200,3012.727242
4733.864053,0.475,0.495,200,3017.446656
3608.652105,0.84,0.865,200,3022.229211
5754.298982,0.86,0.88,200,3026.913216
5717.643176,0.865,0.865,200,3031.72422
2639.842495,0.26,0.29,200,3036.532214
4198.466248,0.875,0.88,200,3041.420599
5708.186076,0.83,0.83,200,3046.606368
4810.599893,0.835,0.845,200,3051.574903
5686.423165,0.825,0.825,200,3058.52302
4914.370397,0.85,0.85,200,3063.306412
5298.920138,0.79,0.795,200,3067.945856
5184.796071,0.83,0.845,200,3072.810461
5379.15829,0.515,0.515,200,3077.604305
5660.689185,0.805,0.81,200,3082.308243
3944.8961,0.855,0.855,200,3087.08853
5656.960822,0.805,0.815,200,3092.017329
5666.108927,0.79,0.79,200,3096.88797
4136.73298,0.845,0.865,200,3101.889526
5751.233686,0.85,0.85,200,3108.775095
5495.716094,0.865,0.865,200,3113.67696
5636.867152,0.82,0.82,200,3118.520866
5641.888522,0.775,0.78,200,3123.37132
3386.059143,0.875,0.875,200,3128.21298
5585.447688,0.81,0.81,200,3133.05699
5036.51371,0.825,0.83,200,3137.868984
4710.232159,0.825,0.855,200,3142.587977
5584.324687,0.8,0.805,200,3147.317694
5645.850563,0.81,0.82,200,3152.200025
5656.687438,0.8,0.81,200,3158.998877
5658.394014,0.805,0.805,200,3163.89934
4255.384869,0.86,0.86,200,3168.877411
4170.511951,0.82,0.845,200,3173.757952
5570.101771,0.805,0.805,200,3178.513782
5581.844299,0.825,0.845,200,3183.44617
5000.493589,0.835,0.845,200,3188.270051
5490.476744,0.79,0.795,200,3193.183455
5736.900426,0.87,0.88,200,3198.065263
4432.02625,0.72,0.72,200,3202.865135
5745.973395,0.84,0.845,200,3210.143394
5211.044401,0.605,0.615,200,3215.04945
5465.403574,0.835,0.84,200,3220.070523
5451.105476,0.81,0.82,200,3224.995132
5758.738854,0.86,0.86,200,3229.912059
5653.486776,0.79,0.79,200,3234.802893
5636.053792,0.805,0.82,200,3239.577873
2622.706029,0.87,0.88,200,3244.325275
5637.184966,0.785,0.79,200,3249.14205
5606.812332,0.845,0.86,200,3253.864723
5651.244106,0.795,0.795,200,3261.226355
5601.017059,0.815,0.815,200,3266.036572
3175.530788,0.85,0.875,200,3270.823305
5609.543596,0.805,0.81,200,3275.748885
5765.121884,0.85,0.86,200,3280.610026
3973.015403,0.84,0.855,200,3285.515273
5771.216714,0.865,0.865,200,3290.276702
5756.479515,0.86,0.875,200,3295.182668
4512.117406,0.87,0.87,200,3300.09164
5638.288275,0.8,0.805,200,3304.99351
5746.020633,0.84,0.85,200,3312.040031
5699.565102,0.835,0.84,200,3316.915687
5663.716788,0.82,0.82,200,3321.763254
5734.578172,0.835,0.835,200,3326.762364
5750.617199,0.84,0.855,200,3331.627987
5670.894833,0.805,0.805,200,3336.451545
5681.792989,0.815,0.825,200,3341.149955
5475.221532,0.78,0.795,200,3345.891864
5662.373907,0.79,0.79,200,3350.682049
5548.945113,0.825,0.835,200,3355.269825
5625.159862,0.815,0.815,200,3362.502558
5650.478966,0.78,0.78,200,3367.272085
3409.366404,0.845,0.86,200,3372.092716
3300.527961,0.505,0.535,200,3376.967188
5709.669402,0.855,0.865,200,3381.905934
5623.126017,0.805,0.805,200,3386.66133
5764.321029,0.86,0.865,200,3391.544115
5744.059458,0.845,0.845,200,3396.405788
5588.042446,0.815,0.82,200,3401.2521
5096.843682,0.83,0.835,200,3405.980988
5772.616931,0.865,0.87,200,3412.87599
5707.583558,0.825,0.83,200,3417.727669
5738.443192,0.84,0.85,200,3422.612375
3439.090679,0.38,0.385,200,3427.364085
5545.397711,0.795,0.8,200,3432.148093
5751.237987,0.87,0.88,200,3437.007827
5758.341902,0.87,0.87,200,3441.960328
5760.09553,0.855,0.86,200,3446.84618
5202.075232,0.655,0.66,200,3451.626789
5590.256546,0.79,0.79,200,3456.339275
4370.189797,0.83,0.85,200,3463.579435
5743.140312,0.835,0.845,200,3468.373556
4224.726082,0.835,0.85,200,3473.160684
5764.525371,0.86,0.865,200,3477.929
5744.695455,0.86,0.86,200,3482.645859
5372.50514,0.81,0.81,200,3487.463514
5595.847577,0.805,0.81,200,3492.167195
5732.959293,0.84,0.84,200,3496.899263
5623.687685,0.8,0.81,200,3501.729334
5648.067632,0.815,0.815,200,3506.585956
5641.664469,0.83,0.83,200,3513.679822
5756.872609,0.86,0.86,200,3518.467157
5512.657086,0.79,0.8,200,3523.231521
5641.040383,0.8,0.81,200,3527.906918
5725.807595,0.85,0.86,200,3532.603979
5755.179372,0.855,0.855,200,3537.178669
5740.357081,0.87,0.87,200,3542.018927
5606.470734,0.87,0.875,200,3546.864927
5751.193719,0.85,0.85,200,3551.571362
5639.328274,0.785,0.785,200,3556.236124
5752.412906,0.855,0.855,200,3563.289943
5732.82842,0.84,0.85,200,3568.075133
5279.635421,0.815,0.815,200,3572.878603
5598.57318,0.795,0.815,200,3577.774067
5737.991623,0.835,0.84,200,3582.73406
5424.961911,0.765,0.765,200,3587.46601
4780.395289,0.845,0.845,200,3592.230609
4193.886857,0.83,0.86,200,3597.087595
5753.007126,0.865,0.865,200,3601.845483
5760.243164,0.85,0.86,200,3606.600629
5759.523452,0.865,0.875,200,3613.411079
5503.054867,0.79,0.79,200,3618.134375
5108.970259,0.83,0.83,200,3622.762841
5673.200516,0.815,0.815,200,3627.384211
5483.443481,0.83,0.835,200,3632.056414
5639.400884,0.81,0.815,200,3636.690932
5595.293413,0.81,0.81,200,3641.405307
3040.673793,0.85,0.865,200,3646.044805
5130.335497,0.795,0.795,200,3650.704654
5651.2911,0.81,0.815,200,3655.376038
5494.984713,0.75,0.765,200,3662.405149
5774.47424,0.86,0.865,200,3667.086309
3994.62903,0.85,0.85,200,3671.827116
5638.318612,0.815,0.82,200,3676.480968
5648.560297,0.825,0.84,200,3681.225178
5661.501413,0.82,0.825,200,3685.951229
5600.487053,0.81,0.825,200,3690.600965
5741.226451,0.855,0.855,200,3695.311129
5730.958082,0.83,0.845,200,3700.035604
5742.605374,0.865,0.87,200,3704.666717
3127.56294,0.845,0.86,200,3711.833345
5676.25221,0.87,0.87,200,3716.604673
5572.581277,0.805,0.805,200,3721.287435
5370.250269,0.815,0.815,200,3726.103171
5753.353064,0.855,0.875,200,3730.871781
5724.799897,0.82,0.845,200,3735.663749
5464.442236,0.83,0.835,200,3740.434742
5520.653329,0.78,0.805,200,3745.112314
4709.846352,0.585,0.605,200,3749.722861
5765.214756,0.88,0.88,200,3754.329431
5726.98563,0.835,0.835,200,3761.299097
5680.114677,0.805,0.805,200,3765.918146
5674.584812,0.785,0.8,200,3770.676536
5705.544016,0.83,0.83,200,3775.40103
5694.113157,0.865,0.87,200,3780.165392
3225.362633,0.875,0.885,200,3784.889509
5762.260906,0.84,0.855,200,3789.609157
5747.233416,0.845,0.845,200,3794.32319
4369.029649,0.84,0.84,200,3799.12367
5757.296874,0.84,0.85,200,3803.855433
5716.173804,0.86,0.875,200,3810.903138
5588.260994,0.795,0.795,200,3815.625719
5243.322684,0.825,0.825,200,3820.256305
5579.688622,0.8,0.81,200,3824.89964
5344.605745,0.825,0.835,200,3829.616229
5756.74899,0.85,0.855,200,3834.392617
5673.457287,0.815,0.835,200,3839.165473
5757.264111,0.86,0.86,200,3843.920855
4047.960648,0.855,0.875,200,3848.645047
4878.869657,0.82,0.82,200,3853.48999
4554.16418,0.825,0.85,200,3860.715793
5720.868499,0.86,0.87,200,3865.621913
5724.897555,0.82,0.83,200,3870.489588
4933.725812,0.825,0.845,200,3875.248
5647.663665,0.81,0.825,200,3880.055498
4581.5423,0.845,0.845,200,3884.706098
4130.99895,0.695,0.74,200,3889.376271
5560.893984,0.805,0.81,200,3894.190495
5770.043397,0.845,0.865,200,3898.942084
4684.633863,0.82,0.835,200,3903.670434
5694.158838,0.835,0.835,200,3910.492625
4455.073064,0.84,0.845,200,3915.196237
5753.88922,0.85,0.87,200,3920.031018
5749.568996,0.85,0.85,200,3924.779397
5704.973514,0.84,0.84,200,3929.456169
4713.83104,0.615,0.625,200,3934.103379
3391.653187,0.88,0.88,200,3939.002406
5613.594566,0.855,0.875,200,3943.79609
5470.291705,0.79,0.79,200,3948.57574
5739.540141,0.845,0.845,200,3953.486846
5629.292159,0.865,0.875,200,3960.597087
5611.902046,0.84,0.84,200,3965.343897
5557.28401,0.835,0.835,200,3970.28276
5757.155709,0.86,0.87,200,3975.122347
5033.311532,0.825,0.845,200,3979.902103
5745.465081,0.845,0.845,200,3984.738272
4824.672379,0.83,0.845,200,3989.533825
5632.607591,0.815,0.82,200,3994.315105
5688.109501,0.83,0.83,200,3999.020619
5698.315434,0.835,0.835,200,4003.809218
5674.657756,0.805,0.81,200,4010.957416
3778.575754,0.315,0.33,200,4015.681192
4252.607605,0.855,0.855,200,4020.674764
5667.243351,0.815,0.815,200,4025.536412
5682.604664,0.8,0.8,200,4030.421593
3789.245551,0.825,0.85,200,4035.293448
5747.009292,0.845,0.845,200,4040.044894
5701.936062,0.825,0.84,200,4045.006771
4235.965589,0.87,0.87,200,4049.968036
5731.67393,0.87,0.87,200,4054.724856
5645.883476,0.81,0.81,200,4061.879956
5747.937455,0.87,0.875,200,4066.749286
5769.503623,0.87,0.87,200,4071.490579
3395.37,0.83,0.855,200,4076.303123
5640.872954,0.825,0.83,200,4081.143917
5751.159457,0.84,0.85,200,4086.055374
5740.213466,0.85,0.855,200,4090.894602
2576.52756,0.125,0.125,200,4095.742906
5752.627576,0.85,0.855,200,4100.608714
3245.235149,0.87,0.87,200,4105.325424
5750.681471,0.85,0.855,200,4112.25293
4170.130319,0.565,0.57,200,4116.860686
5760.857895,0.855,0.865,200,4121.538427
5456.60406,0.775,0.775,200,4126.29421
5679.536021,0.83,0.835,200,4131.0203
5718.133789,0.86,0.87,200,4135.655066
5700.165077,0.835,0.84,200,4140.398418
5770.5515,0.865,0.87,200,4145.182665
5659.088714,0.81,0.81,200,4150.109798
5684.408292,0.82,0.82,200,4155.111661
5669.995091,0.8,0.8,200,4162.353787
5758.091571,0.86,0.865,200,4167.006324
5740.760946,0.835,0.84,200,4171.702293
4400.242487,0.885,0.885,200,4176.480116
5094.566737,0.81,0.82,200,4181.33878
5252.218194,0.635,0.64,200,4185.875767
4188.353097,0.88,0.885,200,4190.571674
5688.313281,0.825,0.825,200,4195.282059
5587.443193,0.835,0.85,200,4200.112274
5660.490872,0.805,0.81,200,4204.931238
5550.700965,0.805,0.805,200,4211.927706
3811.641116,0.87,0.87,200,4216.772484
5583.346042,0.83,0.835,200,4221.512604
5694.17654,0.815,0.815,200,4226.237363
5673.165184,0.815,0.815,200,4230.956473
5660.86742,0.81,0.82,200,4235.68989
5186.014751,0.715,0.735,200,4240.547866
5750.614082,0.865,0.865,200,4245.364529
5191.268086,0.84,0.84,200,4250.202466
5757.436969,0.845,0.86,200,4254.95874
5742.363751,0.85,0.86,200,4262.054395
5692.773935,0.825,0.825,200,4266.851009
5517.692038,0.785,0.795,200,4271.700638
5625.959316,0.81,0.82,200,4276.347043
5665.571556,0.81,0.81,200,4281.069595
5672.284418,0.8,0.8,200,4285.73705
3454.562099,0.86,0.87,200,4290.535907
5530.60157,0.815,0.815,200,4295.308491
4064.914224,0.855,0.86,200,4300.022401
5669.500682,0.795,0.795,200,4304.824497
5165.878088,0.835,0.835,200,4311.740893
5527.757745,0.795,0.795,200,4316.580026
5562.387656,0.83,0.835,200,4321.440071
5581.6556,0.805,0.805,200,4326.144651
4980.968286,0.85,0.85,200,4330.840809
5447.122545,0.82,0.82,200,4335.638699
5728.107244,0.86,0.875,200,4340.539056
5675.769668,0.795,0.795,200,4345.22407
5681.567526,0.795,0.805,200,4350.042422
5767.53439,0.85,0.86,200,4354.781963
5678.584865,0.8,0.8,200,4361.986808
4651.764329,0.86,0.86,200,4366.654567
4615.962964,0.825,0.85,200,4371.44366
5754.276706,0.865,0.87,200,4376.269011
4081.489109,0.86,0.86,200,4380.939234
4575.856036,0.835,0.84,200,4385.651826
5739.005648,0.84,0.85,200,4390.382412
5757.99814,0.86,0.86,200,4395.167099
5680.335126,0.805,0.815,200,4399.967379
5697.013634,0.88,0.885,200,4404.7228
5604.45904,0.87,0.885,200,4411.660502
5744.522355,0.87,0.87,200,4416.481258
5699.798261,0.83,0.83,200,4421.251442
5655.378951,0.785,0.785,200,4426.090726
4818.102181,0.62,0.625,200,4430.958681
4987.792027,0.82,0.835,200,4435.717119
5762.876341,0.86,0.865,200,4440.567207
5606.647407,0.815,0.84,200,4445.342902
5538.730888,0.79,0.795,200,4450.234912
5487.713566,0.785,0.79,200,4455.097652
4386.639348,0.6,0.61,200,4462.160906
5782.053784,0.865,0.87,200,4466.883145
2652.353433,0.025,0.025,200,4471.535314
4909.177033,0.85,0.85,200,4476.179212
5627.515164,0.815,0.825,200,4480.978298
5761.352543,0.85,0.875,200,4485.69633
4298.272826,0.86,0.86,200,4490.412447
5619.08659,0.81,0.82,200,4495.170807
5668.83602,0.79,0.795,200,4499.924935
5419.498908,0.79,0.79,200,4504.712916
5738.246629,0.84,0.84,200,4511.498169
4672.045923,0.84,0.85,200,4516.383813
4136.755958,0.85,0.865,200,4521.19293
5748.44653,0.85,0.865,200,4526.011151
5554.925959,0.795,0.795,200,4530.872337
5678.97815,0.835,0.835,200,4535.623474
5686.947426,0.825,0.825,200,4540.500941
5753.301971,0.865,0.865,200,4545.368952
5057.943279,0.845,0.855,200,4550.162871
5749.393134,0.84,0.855,200,4554.915451
5052.432373,0.77,0.77,200,4562.226758
5745.356882,0.865,0.87,200,4567.059212
5736.116267,0.865,0.87,200,4571.729546
5740.693856,0.84,0.845,200,4576.596074
5642.234316,0.82,0.82,200,4581.557815
2616.904561,0.105,0.11,200,4586.309394
5758.629313,0.855,0.855,200,4591.116945
4204.454603,0.84,0.87,200,4595.914268
4893.856571,0.825,0.845,200,4600.689176
4654.223305,0.71,0.71,200,4605.425498
5743.540802,0.87,0.885,200,4612.507877
4161.477224,0.86,0.86,200,4617.19232
2763.788175,0.895,0.895,200,4621.846752
5689.866328,0.825,0.825,200,4626.73299
4717.839606,0.73,0.74,200,4631.552001
5737.658447,0.84,0.85,200,4636.36128
5770.054659,0.88,0.88,200,4641.141657
4358.230005,0.845,0.845,200,4645.863515
5734.392092,0.835,0.84,200,4650.593732
3460.63663,0.875,0.875,200,4655.221715
5546.319308,0.84,0.84,200,4662.354045
5771.525874,0.845,0.865,200,4667.179599
3079.676267,0.85,0.86,200,4672.030712
5585.974107,0.81,0.815,200,4676.739715
5754.202857,0.84,0.85,200,4681.529485
5654.392223,0.83,0.83,200,4686.225657
4653.522577,0.84,0.845,200,4691.039476
3748.761173,0.86,0.865,200,4695.865488
5544.873748,0.845,0.845,200,4700.658815
5757.8957,0.86,0.87,200,4705.474764
5668.081708,0.79,0.79,200,4712.584335
3450.542201,0.74,0.74,200,4717.286718
5598.562618,0.805,0.815,200,4722.132762
5718.797249,0.87,0.87,200,4726.991224
4805.272637,0.835,0.845,200,4731.784087
5739.587606,0.855,0.865,200,4736.498611
5586.915258,0.8,0.8,200,4741.258408
5693.21339,0.81,0.815,200,4745.992365
2439.632972,0.04,0.05,200,4750.662047
3138.985046,0.87,0.875,200,4755.452164
5742.74085,0.845,0.845,200,4762.491743
5733.147841,0.85,0.865,200,4767.123079
5689.719751,0.805,0.805,200,4771.892534
5717.358791,0.82,0.835,200,4776.578368
5642.827944,0.805,0.805,200,4781.245015
5746.514115,0.845,0.85,200,4785.899344
5744.338432,0.845,0.845,200,4790.72299
5583.913791,0.845,0.855,200,4795.641755
5648.854951,0.855,0.87,200,4800.295406
5667.874901,0.815,0.83,200,4805.163299
5755.972116,0.85,0.855,200,4811.933357
5681.286464,0.805,0.81,200,4816.727733
3771.245261,0.87,0.87,200,4821.534084
5743.774531,0.835,0.84,200,4826.260228
5740.351263,0.84,0.85,200,4830.928389
5735.592133,0.85,0.855,200,4835.6064
5689.91007,0.83,0.835,200,4840.309676
5691.102393,0.855,0.87,200,4844.936162
5624.315367,0.81,0.81,200,4849.736265
5061.813014,0.84,0.85,200,4854.397488
5661.416416,0.815,0.815,200,4861.334392
3583.452749,0.87,0.87,200,4865.996549
5115.572078,0.615,0.615,200,4870.751096
4460.907787,0.71,0.73,200,4875.584524
5740.20043,0.85,0.87,200,4880.426546
2710.814869,0.315,0.34,200,4885.166204
5750.870336,0.84,0.85,200,4889.85121
3400.66772,0.875,0.875,200,4894.366819
5661.285412,0.815,0.82,200,4898.972364
4197.245901,0.875,0.875,200,4903.591916
5672.912733,0.815,0.815,200,4910.713125
5695.883188,0.815,0.82,200,4915.403041
5723.145007,0.835,0.835,200,4920.197735
4687.761099,0.835,0.85,200,4924.858395
5698.653444,0.815,0.815,200,4929.678595
5734.157407,0.86,0.875,200,4934.293723
5646.64506,0.83,0.83,200,4938.989518
4996.749927,0.825,0.83,200,4943.872573
5725.366266,0.85,0.85,200,4948.457551
4798.296756,0.84,0.84,200,4953.161634
5728.352724,0.86,0.865,200,4959.992323
5771.074161,0.855,0.88,200,4964.744147
4021.596622,0.865,0.875,200,4969.488517
4051.116896,0.84,0.855,200,4974.086878
5730.940133,0.84,0.84,200,4978.970458
5745.001721,0.865,0.865,200,4983.646963
4637.590747,0.845,0.85,200,4988.325478
5743.410238,0.85,0.855,200,4992.900775
3314.875274,0.865,0.865,200,4997.636639
5597.168574,0.81,0.82,200,5002.432069
5172.226217,0.84,0.84,200,5009.197661
3195.01739,0.87,0.87,200,5013.870026
5540.327052,0.835,0.835,200,5018.65271
5720.372098,0.84,0.84,200,5023.350214
5751.457645,0.84,0.845,200,5028.030407
5686.578074,0.82,0.825,200,5032.738995
5745.970334,0.85,0.85,200,5037.41065
4409.331481,0.87,0.87,200,5042.211121
5671.399265,0.82,0.82,200,5046.861972
5733.076215,0.845,0.845,200,5051.595521
5655.662728,0.81,0.81,200,5058.381848
5710.836098,0.855,0.865,200,5063.060272
3249.932003,0.88,0.885,200,5067.774397
5726.985037,0.835,0.835,200,5072.540347
5733.400293,0.85,0.86,200,5077.240179
2758.849028,0.87,0.88,200,5081.88392
5748.009454,0.85,0.855,200,5086.454779
5031.329922,0.815,0.835,200,5091.132744
5736.880779,0.845,0.845,200,5095.918573
5742.21512,0.84,0.845,200,5100.719407
5743.532161,0.86,0.875,200,5107.649734
5721.164556,0.83,0.83,200,5112.458385
4971.839905,0.84,0.855,200,5117.291017
5732.977714,0.84,0.84,200,5122.036006
5723.507916,0.825,0.84,200,5126.819937
5508.798937,0.79,0.795,200,5131.622401
5756.58474,0.87,0.875,200,5136.358374
4913.250696,0.835,0.85,200,5141.224036
5673.079858,0.835,0.835,200,5146.028874
4100.432687,0.665,0.665,200,5150.961226
5572.961724,0.795,0.8,200,5158.274052
5591.745968,0.805,0.82,200,5163.183648
3484.142911,0.545,0.545,200,5168.150646
5654.589308,0.88,0.885,200,5172.948709
5756.296221,0.855,0.86,200,5177.707616
4419.384929,0.85,0.86,200,5182.48868
5646.466165,0.83,0.83,200,5187.365029
5035.137913,0.825,0.84,200,5192.133308
5552.304004,0.8,0.8,200,5196.860051
5776.729917,0.86,0.87,200,5201.714568
5689.95929,0.81,0.81,200,5208.550633
5705.154252,0.815,0.825,200,5213.437546
4137.526605,0.865,0.87,200,5218.262807
5408.953844,0.835,0.845,200,5223.152395
4442.53323,0.83,0.84,200,5227.951019
5751.15393,0.86,0.865,200,5232.711483
5717.054277,0.835,0.835,200,5237.594213
5595.451315,0.805,0.805,200,5242.364811
4317.942391,0.5,0.535,200,5247.086837
5357.916958,0.85,0.85,200,5251.910076
5465.451767,0.81,0.825,200,5259.115829
5076.081669,0.84,0.845,200,5263.804792
5710.292043,0.86,0.87,200,5268.551152
5766.182645,0.865,0.865,200,5273.459881
5375.986918,0.805,0.81,200,5278.33236
5583.445492,0.86,0.88,200,5283.166053
4585.287985,0.85,0.865,200,5288.012977
5687.244658,0.805,0.805,200,5292.837693
5753.51469,0.855,0.855,200,5297.634893
4014.295635,0.855,0.865,200,5302.459749
5757.274518,0.875,0.875,200,5309.515784
5669.402862,0.82,0.82,200,5314.386981
5694.512134,0.815,0.815,200,5319.134961
5636.369862,0.815,0.82,200,5323.979316
5639.217805,0.82,0.82,200,5328.720576
5737.555161,0.86,0.86,200,5333.483396
5641.553616,0.82,0.82,200,5338.220539
4785.334117,0.84,0.84,200,5343.079051
5681.714328,0.825,0.825,200,5347.88798
5573.153584,0.79,0.79,200,5352.639632
5779.595699,0.875,0.895,200,5359.703878
5745.630066,0.84,0.845,200,5364.634995
5747.498432,0.87,0.87,200,5369.50804
4658.021195,0.84,0.845,200,5374.339589
5356.002253,0.84,0.85,200,5379.134239
3201.708104,0.38,0.39,200,5383.861634
4371.518293,0.85,0.855,200,5388.724646
5759.994775,0.845,0.855,200,5393.381433
5669.979735,0.815,0.815,200,5398.104156
5676.735921,0.8,0.805,200,5402.932373
4828.670925,0.845,0.845,200,5409.982851
5653.356925,0.8,0.805,200,5414.905749
5655.221134,0.825,0.825,200,5419.67869
5744.628342,0.845,0.85,200,5424.365675
4367.304862,0.87,0.87,200,5429.02159
5582.36891,0.81,0.81,200,5433.765255
5684.554109,0.815,0.815,200,5438.522749
5657.427412,0.815,0.825,200,5443.399624
5497.057766,0.79,0.795,200,5448.179826
5735.855527,0.85,0.85,200,5452.906775
5686.478306,0.805,0.81,200,5459.743383
5737.444705,0.855,0.855,200,5464.458638
5692.242069,0.82,0.82,200,5469.217118
5612.410047,0.795,0.82,200,5474.005406
4760.541539,0.825,0.845,200,5478.844156
5686.61734,0.815,0.815,200,5483.732455
5678.776038,0.805,0.805,200,5488.57989
5690.6281,0.81,0.81,200,5493.304898
4771.941002,0.84,0.84,200,5498.042845
5659.197676,0.825,0.83,200,5502.790543
5519.051163,0.795,0.795,200,5509.940729
5692.195494,0.825,0.825,200,5514.666927
5762.543758,0.865,0.865,200,5519.37834
5734.168278,0.865,0.87,200,5524.135059
5469.702757,0.87,0.875,200,5529.029378
5684.271399,0.805,0.815,200,5533.772835
5443.873401,0.835,0.835,200,5538.515866
5751.315636,0.85,0.885,200,5543.2863
4357.088737,0.845,0.845,200,5548.140996
5689.461143,0.83,0.83,200,5552.904186
5666.26388,0.835,0.835,200,5559.983909
5750.786864,0.845,0.85,200,5564.825396
4602.306367,0.83,0.85,200,5569.516207
5759.735016,0.855,0.855,200,5574.27847
5612.183057,0.81,0.81,200,5579.09205
5663.709791,0.83,0.83,200,5583.947938
4897.918079,0.835,0.845,200,5588.627469
4601.688346,0.845,0.845,200,5593.475341
5508.176056,0.83,0.83,200,5598.293174
4484.905063,0.84,0.855,200,5603.023304
4984.705868,0.835,0.85,200,5610.215452
5713.695005,0.83,0.84,200,5615.009623
2671.510042,0.885,0.885,200,5619.875312
2898.204754,0.25,0.255,200,5624.646061
4886.705748,0.845,0.845,200,5629.395066
4267.31259,0.85,0.86,200,5634.191668
4608.390848,0.845,0.845,200,5638.923852
5678.423162,0.805,0.805,200,5643.718855
5750.431504,0.845,0.845,200,5648.594445
2661.166439,0.87,0.88,200,5653.431914
3521.542409,0.545,0.56,200,5660.265309
5675.277304,0.82,0.835,200,5665.002543
4368.828097,0.88,0.88,200,5669.70816
5757.481418,0.85,0.855,200,5674.371889
4243.307407,0.855,0.86,200,5679.144776
5760.625862,0.86,0.86,200,5683.898389
3533.21032,0.19,0.19,200,5688.621054
4856.841114,0.855,0.855,200,5693.330309
5737.384855,0.835,0.835,200,5698.040847
5682.872627,0.86,0.865,200,5702.877117
5642.341859,0.82,0.82,200,5709.921694
5754.484079,0.865,0.875,200,5714.65957
5745.508185,0.845,0.845,200,5719.427977
4395.467239,0.87,0.875,200,5724.202962
5759.066488,0.845,0.85,200,5728.89575
2715.868931,0.265,0.28,200,5733.553807
5680.302325,0.82,0.82,200,5738.410768
4693.412652,0.825,0.84,200,5743.126096
5100.181135,0.835,0.84,200,5748.022314
5275.403375,0.69,0.7,200,5752.784806
5591.72061,0.795,0.8,200,5760.167805
5748.470996,0.85,0.865,200,5764.882354
5663.378571,0.835,0.835,200,5769.65714
5698.121656,0.865,0.87,200,5774.410707
5722.505157,0.845,0.845,200,5779.214417
3208.400337,0.87,0.87,200,5783.951027
5635.758796,0.835,0.835,200,5788.740763
5762.108728,0.86,0.875,200,5793.49993
5677.135986,0.81,0.815,200,5798.317726
5696.286468,0.825,0.825,200,5803.106625
5753.087804,0.855,0.87,200,5810.102355
5767.18506,0.855,0.87,200,5814.893227
5708.730317,0.835,0.835,200,5819.754665
5617.040048,0.87,0.87,200,5824.659662
5733.693181,0.85,0.85,200,5829.581631
3890.182026,0.85,0.86,200,5834.42436
5756.937657,0.845,0.85,200,5839.30644
5622.272759,0.815,0.82,200,5844.112749
4540.995705,0.855,0.855,200,5848.996414
5692.79955,0.82,0.82,200,5853.905022
5652.103465,0.835,0.835,200,5860.936753
3638.677257,0.54,0.54,200,5865.545006
5771.117728,0.865,0.87,200,5870.166606
5746.883924,0.84,0.845,200,5874.872775
5763.53122,0.85,0.855,200,5879.667778
5670.128018,0.84,0.84,200,5884.475206
5715.714836,0.84,0.84,200,5889.223043
3923.859813,0.87,0.87,200,5893.980172
5684.914276,0.835,0.835,200,5898.686594
5782.685262,0.865,0.88,200,5903.467696
5742.311838,0.85,0.85,200,5910.515756
5286.565059,0.825,0.825,200,5915.15194
5709.643207,0.86,0.89,200,5919.686682
5702.759329,0.85,0.875,200,5924.366418
5682.764567,0.82,0.82,200,5929.23963
5246.112556,0.845,0.85,200,5933.979845
5657.049613,0.815,0.82,200,5938.761515
5445.687195,0.8,0.8,200,5943.383311
5595.627742,0.845,0.845,200,5948.214437
5721.096292,0.86,0.87,200,5952.825757
5720.675333,0.86,0.865,200,5959.69651
5734.364094,0.84,0.84,200,5964.514524
4424.483993,0.835,0.84,200,5969.283824
5636.214112,0.845,0.86,200,5974.038003
5735.639741,0.84,0.84,200,5978.64464
5754.968892,0.855,0.875,200,5983.486155
2654.322916,0.05,0.055,200,5988.289575
5659.169198,0.835,0.835,200,5992.912394
4584.043339,0.645,0.655,200,5997.577679
3345.414389,0.4,0.405,200,6002.273121
4230.203833,0.845,0.85,200,6009.269891
4828.870716,0.85,0.85,200,6013.894654
5692.675476,0.81,0.815,200,6018.484727
4512.265001,0.85,0.85,200,6023.108605
5585.609855,0.8,0.8,200,6027.695317
4021.050882,0.85,0.85,200,6032.422992
5691.651654,0.855,0.875,200,6037.138439
5419.98101,0.83,0.835,200,6041.906302
5605.030764,0.8,0.815,200,6046.699285
5679.785652,0.8,0.8,200,6051.452171
4471.273393,0.865,0.87,200,6058.260166
5752.068089,0.835,0.855,200,6062.818194
5641.235307,0.855,0.87,200,6067.407354
5669.649253,0.81,0.81,200,6072.084221
5755.211359,0.84,0.85,200,6076.644968
5669.449897,0.825,0.825,200,6081.289762
5745.103814,0.85,0.86,200,6086.163914
4663.223255,0.865,0.865,200,6090.915802
5648.037881,0.845,0.85,200,6095.650975
5639.042298,0.82,0.82,200,6100.185484
5676.485747,0.8,0.8,200,6107.0153
5584.24774,0.795,0.805,200,6111.715391
5614.927155,0.81,0.81,200,6116.463028
5777.839402,0.86,0.87,200,6121.114943
3178.700288,0.87,0.875,200,6125.691515
5745.228352,0.86,0.865,200,6130.309785
5763.145377,0.845,0.855,200,6134.844993
4794.270577,0.825,0.835,200,6139.521485
5566.207032,0.795,0.805,200,6143.99429
5740.853294,0.84,0.84,200,6148.615477
4373.99187,0.84,0.85,200,6155.29322
5766.500961,0.85,0.86,200,6159.915073
5668.957507,0.815,0.825,200,6164.481486
5755.677418,0.85,0.85,200,6169.253932
5742.393486,0.84,0.84,200,6173.97959
5748.706281,0.85,0.85,200,6178.715467
5738.471366,0.83,0.835,200,6183.295886
5626.552804,0.815,0.825,200,6187.945081
5694.882127,0.81,0.825,200,6192.545179
3666.670521,0.87,0.88,200,6197.04283
5716.929887,0.835,0.835,200,6203.817204
5684.662965,0.835,0.835,200,6208.372296
4454.297336,0.855,0.855,200,6213.025854
4921.572705,0.86,0.86,200,6217.709988
5687.494442,0.865,0.865,200,6222.298855
4340.196379,0.845,0.845,200,6226.931007
5678.920298,0.815,0.815,200,6231.51426
5732.549308,0.835,0.845,200,6236.025391
2886.072359,0.87,0.87,200,6240.519339
5669.522142,0.835,0.835,200,6244.936227
5721.840296,0.845,0.85,200,6251.648988
5761.286333,0.84,0.85,200,6256.237541
4960.468843,0.835,0.855,200,6260.787178
5570.224426,0.83,0.83,200,6265.500354
5767.614899,0.86,0.865,200,6270.040079
5653.69633,0.82,0.82,200,6274.591194
5635.150222,0.83,0.83,200,6279.150788
5619.29865,0.8,0.81,200,6283.757588
5773.460237,0.865,0.865,200,6288.409966
5168.799264,0.825,0.83,200,6293.025367
5685.149805,0.865,0.88,200,6299.771112
5693.920198,0.805,0.81,200,6304.367648
5761.92433,0.855,0.86,200,6308.841807
5644.217089,0.83,0.83,200,6313.325176
5661.736893,0.83,0.835,200,6317.936835
5557.804899,0.79,0.805,200,6322.519067
5725.816885,0.845,0.845,200,6327.237942
5565.436769,0.81,0.81,200,6331.739376
5698.365705,0.815,0.815,200,6336.32602
5701.672101,0.87,0.875,200,6341.012262
5761.133551,0.85,0.85,200,6347.627575
5689.724429,0.855,0.87,200,6352.296942
4297.403846,0.87,0.87,200,6356.764061
5755.556209,0.85,0.855,200,6361.33973
5679.407909,0.81,0.815,200,6366.011942
5724.630708,0.86,0.86,200,6370.50993
5752.851308,0.845,0.855,200,6375.11287
5703.685669,0.85,0.865,200,6379.712238
5706.993315,0.84,0.84,200,6384.258848
5034.910462,0.84,0.845,200,6388.929785
3802.560366,0.86,0.88,200,6395.736327
5576.029562,0.795,0.8,200,6400.244124
5186.585474,0.845,0.86,200,6404.716362
5681.44009,0.81,0.81,200,6409.119848
5746.599916,0.865,0.875,200,6413.720654
5661.020143,0.825,0.83,200,6418.255223
5348.468243,0.825,0.825,200,6422.867282
5598.56155,0.805,0.805,200,6427.491602
5388.515268,0.81,0.82,200,6431.949448
5682.002425,0.825,0.84,200,6436.512282
5673.491381,0.865,0.885,200,6443.510104
5585.13203,0.795,0.805,200,6448.307884
5239.946593,0.825,0.825,200,6453.022383
5653.44625,0.845,0.87,200,6457.592416
5667.075626,0.83,0.83,200,6462.132155
5548.342359,0.795,0.795,200,6466.838611
5767.01234,0.855,0.865,200,6471.543525
5658.417332,0.835,0.84,200,6476.258703
2909.160807,0.85,0.855,200,6480.857676
3991.654031,0.885,0.9,200,6485.535676
5669.177558,0.825,0.825,200,6492.421161
5639.83944,0.82,0.82,200,6496.953825
5730.176181,0.86,0.865,200,6501.572829
5757.133055,0.855,0.855,200,6506.219079
5568.933939,0.795,0.805,200,6510.673551
5218.427581,0.845,0.845,200,6515.191258
5749.290272,0.85,0.85,200,6519.851754
5666.84569,0.8,0.8,200,6524.499282
5745.202949,0.875,0.875,200,6529.217964
5763.338962,0.855,0.865,200,6533.765568
5753.295376,0.865,0.875,200,6540.368079
5684.327988,0.81,0.81,200,6545.0868
5682.71641,0.81,0.81,200,6549.883386
5702.083728,0.83,0.835,200,6554.398352
5675.725791,0.82,0.82,200,6559.184618
5740.968709,0.845,0.845,200,6563.782313
5778.037913,0.865,0.865,200,6568.560277
5618.885354,0.82,0.82,200,6573.258933
5780.81163,0.865,0.88,200,6577.878811
5758.739404,0.855,0.865,200,6582.420771
5656.847846,0.86,0.875,200,6589.062589
5697.375567,0.815,0.815,200,6593.666738
4358.113618,0.855,0.855,200,6598.283283
3893.001444,0.875,0.88,200,6602.796207
4899.281228,0.845,0.855,200,6607.44356
5163.109365,0.835,0.845,200,6612.103189
5653.193799,0.825,0.83,200,6616.925344
5744.163554,0.845,0.845,200,6621.529925
5710.020173,0.845,0.865,200,6625.990336
5762.686209,0.855,0.855,200,6630.486864
4371.646232,0.86,0.86,200,6637.317386
5028.940361,0.885,0.885,200,6641.894086
4963.618556,0.855,0.88,200,6646.526896
5647.387958,0.82,0.82,200,6651.171655
4603.823153,0.345,0.355,200,6655.814826
5646.062227,0.825,0.825,200,6660.439699
5759.680213,0.86,0.875,200,6665.089044
5693.188349,0.82,0.82,200,6669.698662
4882.125888,0.84,0.845,200,6674.29791
4102.83865,0.595,0.595,200,6678.797936
5681.259044,0.82,0.82,200,6685.611945
5777.222686,0.855,0.87,200,6690.225014
5741.521771,0.84,0.84,200,6694.771983
5671.085578,0.825,0.825,200,6699.36624
5636.281314,0.83,0.83,200,6703.812215
5706.887953,0.875,0.875,200,6708.342198
5689.739228,0.825,0.825,200,6713.075014
5682.704306,0.8,0.8,200,6717.594617
5600.60615,0.83,0.83,200,6722.272636
5665.527396,0.82,0.82,200,6726.761092
5649.970722,0.87,0.87,200,6733.585474
5716.266592,0.835,0.835,200,6738.060588
5670.85396,0.835,0.845,200,6742.615312
5751.505273,0.855,0.865,200,6747.306759
5785.285741,0.875,0.875,200,6751.979935
5720.33251,0.835,0.835,200,6756.657335
5678.333224,0.8,0.8,200,6761.442108
5568.461029,0.805,0.805,200,6766.059703
5739.25435,0.855,0.855,200,6770.62772
5023.926271,0.845,0.85,200,6775.285231
5530.355788,0.825,0.83,200,6782.145119
5700.252939,0.82,0.82,200,6786.714381
5061.763654,0.765,0.765,200,6791.596401
5371.965321,0.825,0.83,200,6796.284375
5758.263894,0.855,0.855,200,6800.925439
5761.904156,0.86,0.865,200,6805.58298
5768.828838,0.86,0.86,200,6810.267853
5711.345,0.84,0.84,200,6814.913486
4872.081759,0.84,0.85,200,6819.632797
5776.577147,0.86,0.87,200,6823.963518
5757.05475,0.855,0.86,200,6830.555103
5729.117011,0.87,0.885,200,6835.083704
5247.807777,0.84,0.84,200,6839.714933
3907.729575,0.87,0.875,200,6844.241502
5686.178717,0.825,0.825,200,6848.880235
5724.603929,0.855,0.865,200,6853.427359
5407.49195,0.835,0.845,200,6857.927976
5738.423717,0.84,0.845,200,6862.589852
5676.612544,0.82,0.82,200,6867.26805
5740.539565,0.86,0.87,200,6871.808858
5260.487478,0.845,0.85,200,6878.797356
5769.401289,0.86,0.86,200,6883.478951
5658.16964,0.815,0.82,200,6887.929824
5749.687347,0.85,0.855,200,6892.631056
5773.437304,0.85,0.86,200,6897.034941
5538.989592,0.84,0.85,200,6901.633327
5741.164066,0.865,0.885,200,6906.13397
5754.94382,0.855,0.855,200,6910.616575
3845.398927,0.63,0.64,200,6915.022078
5770.003822,0.855,0.865,200,6919.6063
5743.42607,0.845,0.845,200,6926.060085
5764.473909,0.86,0.86,200,6930.220458
5629.661304,0.815,0.815,200,6934.672591
5771.910809,0.86,0.87,200,6939.049327
5706.695006,0.84,0.855,200,6943.574014
5672.550997,0.86,0.87,200,6948.105089
5666.358704,0.86,0.875,200,6952.622913
5680.850696,0.815,0.815,200,6957.026618
5726.429475,0.84,0.84,200,6961.487396
5648.752106,0.815,0.82,200,6966.185153
5674.937297,0.85,0.85,200,6972.854389
5612.873874,0.84,0.84,200,6977.5696
5761.531165,0.86,0.865,200,6982.181006
4402.882132,0.86,0.865,200,6986.792683
5681.405987,0.8,0.8,200,6991.272502
5639.768438,0.795,0.82,200,6995.91212
5631.819226,0.845,0.845,200,7000.510513
5628.578005,0.85,0.855,200,7004.950155
2162.097221,0.105,0.105,200,7009.462223
5724.323905,0.86,0.875,200,7013.918059
5626.990025,0.84,0.84,200,7020.647505
4042.452772,0.855,0.855,200,7025.401291
5735.094002,0.85,0.855,200,7030.017918
4704.998501,0.855,0.875,200,7034.585104
5473.344834,0.85,0.85,200,7039.066043
5761.904535,0.855,0.87,200,7043.524559
4707.915288,0.85,0.85,200,7048.179029
4544.307199,0.83,0.845,200,7052.798605
5738.104881,0.855,0.885,200,7057.274954
5546.513262,0.79,0.8,200,7061.894506
5686.203579,0.8,0.8,200,7068.770608
5534.295518,0.795,0.8,200,7073.432851
5659.771479,0.83,0.84,200,7078.052477
5592.867414,0.85,0.865,200,7082.670725
4406.381595,0.315,0.315,200,7087.356023
5759.353306,0.865,0.865,200,7092.00704
5646.413671,0.865,0.865,200,7096.585891
5723.317395,0.86,0.865,200,7101.213369
4899.819244,0.845,0.845,200,7105.916729
5744.5721,0.845,0.845,200,7110.724841
5572.028941,0.805,0.805,200,7117.443352
4120.94175,0.87,0.87,200,7122.030842
5741.527266,0.84,0.845,200,7126.714596
5760.33471,0.86,0.875,200,7131.445493
5767.732767,0.855,0.86,200,7136.057272
5145.903244,0.855,0.855,200,7140.615167
5767.076629,0.865,0.865,200,7145.464784
5763.187071,0.86,0.86,200,7150.158032
4088.363979,0.72,0.76,200,7154.83105
5666.060206,0.85,0.865,200,7159.543368
5664.611189,0.815,0.815,200,7166.508011
5666.52833,0.825,0.825,200,7171.173807
5620.7112,0.83,0.83,200,7175.758005
4875.010635,0.825,0.825,200,7180.415058
5075.342796,0.835,0.84,200,7185.120346
5623.575335,0.82,0.825,200,7189.851517
5673.266629,0.81,0.83,200,7194.577108
5636.95842,0.825,0.825,200,7199.261884
3021.601764,0.385,0.395,200,7203.95537
5739.948863,0.85,0.85,200,7208.581694
5778.951257,0.865,0.87,200,7215.146321
4797.053456,0.85,0.855,200,7219.638613
4262.862767,0.88,0.885,200,7224.149008
5695.136637,0.815,0.815,200,7228.768974
5755.794898,0.85,0.85,200,7233.233494
5731.94477,0.855,0.855,200,7237.71704
5694.025779,0.835,0.835,200,7242.276547
5763.328635,0.865,0.87,200,7246.802322
5689.831424,0.805,0.805,200,7251.288392
5726.275796,0.855,0.865,200,7255.887012
4412.944796,0.71,0.725,200,7262.688887
5665.11082,0.86,0.87,200,7267.492585
5763.838274,0.86,0.86,200,7272.130661
5773.220567,0.855,0.865,200,7276.70257
5693.891348,0.815,0.815,200,7281.41035
5617.529329,0.875,0.885,200,7285.849108
5632.623123,0.825,0.825,200,7290.368422
5709.654931,0.865,0.88,200,7294.914083
5481.844723,0.85,0.85,200,7299.431641
5758.63485,0.845,0.855,200,7304.078633
5702.995306,0.84,0.84,200,7311.019366
5713.250515,0.835,0.845,200,7315.766417
5680.911867,0.84,0.845,200,7320.552349
5752.970187,0.855,0.86,200,7325.234422
2840.922446,0.325,0.325,200,7329.793203
5765.528406,0.85,0.86,200,7334.512275
5691.857495,0.81,0.81,200,7338.985555
5175.986268,0.845,0.845,200,7343.822465
5671.476658,0.815,0.825,200,7348.644174
5734.42289,0.86,0.875,200,7353.367377
4441.561697,0.675,0.7,200,7360.392805
5694.25823,0.83,0.835,200,7365.206531
5591.378347,0.81,0.81,200,7369.974472
5682.111043,0.805,0.805,200,7374.756307
5702.777421,0.835,0.84,200,7379.471766
5566.768528,0.79,0.8,200,7384.234939
5757.331069,0.855,0.855,200,7388.693612
5371.933238,0.825,0.84,200,7393.347225
3059.529217,0.295,0.305,200,7397.981093
5700.402804,0.815,0.815,200,7402.631989
2927.065105,0.765,0.775,200,7409.382716
5695.858121,0.865,0.88,200,7413.946652
4782.47174,0.84,0.85,200,7418.544424
5732.287046,0.85,0.85,200,7423.074255
5701.776338,0.83,0.83,200,7427.579803
5706.146801,0.825,0.83,200,7432.239407
3895.404632,0.865,0.865,200,7436.803832
5746.122679,0.845,0.85,200,7441.374987
5596.68014,0.81,0.815,200,7446.038084
5725.722052,0.825,0.835,200,7450.720258
4798.548268,0.855,0.87,200,7457.262061
5684.423918,0.83,0.835,200,7461.840076
3670.264194,0.36,0.38,200,7466.441223
5702.848651,0.84,0.84,200,7470.967793
4404.084766,0.84,0.855,200,7475.469348
5702.541967,0.865,0.87,200,7480.02538
5744.21137,0.825,0.83,200,7484.602811
5744.668348,0.845,0.86,200,7489.194601
5574.484209,0.8,0.8,200,7493.773622
5657.920575,0.8,0.82,200,7498.444985
5754.204326,0.855,0.865,200,7505.211969
5395.129713,0.83,0.855,200,7509.82857
5691.068374,0.825,0.825,200,7514.399031
5429.593743,0.84,0.85,200,7519.126855
3519.228813,0.425,0.44,200,7523.694831
5726.538488,0.855,0.86,200,7528.379552
5756.08411,0.845,0.85,200,7532.991319
4504.58233,0.855,0.855,200,7537.524663
5705.846039,0.86,0.865,200,7542.102554
5784.65157,0.865,0.875,200,7546.782516
5738.7445,0.845,0.845,200,7553.844002
5645.30339,0.84,0.85,200,7558.400131
5750.362306,0.85,0.85,200,7562.82007
5029.645023,0.84,0.85,200,7567.404621
5273.151127,0.565,0.565,200,7571.951403
5771.494283,0.875,0.89,200,7576.36937
5681.51697,0.82,0.82,200,7581.056533
5668.78637,0.85,0.85,200,7585.574056
4538.981759,0.84,0.86,200,7590.355758
4503.272565,0.85,0.865,200,7594.952178
5752.747671,0.85,0.85,200,7601.749784
4783.984189,0.855,0.865,200,7606.237229
4807.195355,0.835,0.84,200,7610.768444
5683.525996,0.805,0.805,200,7615.2802
5706.588339,0.86,0.87,200,7619.855597
5699.962962,0.82,0.82,200,7624.224729
5767.274138,0.855,0.86,200,7628.6963
4542.754749,0.86,0.86,200,7633.162024
5669.044293,0.825,0.825,200,7637.805548
5762.172047,0.855,0.86,200,7642.453366
5162.97607,0.84,0.855,200,7649.244843
5753.121157,0.845,0.855,200,7653.907021
5319.088233,0.84,0.85,200,7658.507451
5696.384538,0.815,0.82,200,7663.04207
5526.024024,0.81,0.81,200,7667.583706
5711.299543,0.825,0.825,200,7672.204284
5116.769041,0.88,0.88,200,7676.732382
5569.629063,0.8,0.8,200,7681.315953
5724.959781,0.835,0.845,200,7686.004607
5753.4754,0.84,0.85,200,7690.735102
3668.96452,0.84,0.84,200,7697.768538
5733.016133,0.835,0.845,200,7702.540644
5639.849721,0.825,0.825,200,7707.266747
4315.680795,0.84,0.855,200,7711.681138
5687.174444,0.83,0.83,200,7716.29238
4082.362307,0.87,0.88,200,7720.910989
2738.933121,0.875,0.89,200,7725.41032
5092.445753,0.825,0.83,200,7730.004003
5747.302445,0.835,0.85,200,7734.57585
4678.387697,0.825,0.855,200,7739.179664
5630.551378,0.82,0.82,200,7746.187145
5502.927819,0.84,0.845,200,7750.710541
5331.996682,0.815,0.85,200,7755.318049
4521.133345,0.855,0.855,200,7759.870749
4316.559466,0.855,0.855,200,7764.42909
4498.769162,0.845,0.855,200,7768.962966
5696.065834,0.815,0.815,200,7773.562323
5760.971525,0.855,0.855,200,7778.18745
5763.61196,0.85,0.855,200,7782.764047
5674.05951,0.835,0.835,200,7787.343142
5037.937499,0.84,0.855,200,7794.050481
5231.349133,0.82,0.825,200,7798.782709
5772.332569,0.86,0.86,200,7803.37386
5745.447503,0.845,0.845,200,7807.976235
5677.430021,0.795,0.795,200,7812.547451
5674.067172,0.825,0.84,200,7817.141562
5751.700559,0.88,0.895,200,7821.786603
5694.889652,0.81,0.835,200,7826.372689
5741.273318,0.86,0.86,200,7831.069636
4801.137796,0.82,0.835,200,7835.678866
5542.872035,0.79,0.79,200,7842.596412
5667.031827,0.825,0.825,200,7847.243117
5691.21112,0.825,0.825,200,7851.882041
4457.40487,0.86,0.865,200,7856.567286
4881.385871,0.875,0.885,200,7861.111048
4770.228988,0.525,0.53,200,7865.739929
5693.651785,0.865,0.875,200,7870.46644
4909.969775,0.83,0.845,200,7875.156208
4223.942236,0.745,0.745,200,7879.836738
5742.008405,0.835,0.845,200,7884.450403
4837.875983,0.845,0.855,200,7891.255693
5642.675634,0.82,0.82,200,7895.773573
5419.283994,0.84,0.855,200,7900.483137
5670.514301,0.835,0.835,200,7905.114861
5704.735908,0.83,0.835,200,7909.912408
5622.12005,0.81,0.82,200,7914.623356
5774.119448,0.845,0.865,200,7919.243862
5761.409287,0.865,0.875,200,7923.916839
5762.209385,0.855,0.855,200,7928.555506
5767.329295,0.845,0.86,200,7933.161191
5724.448827,0.865,0.865,200,7939.798793
5697.466918,0.825,0.825,200,7944.48432
5557.408428,0.795,0.795,200,7949.213271
5721.033859,0.835,0.845,200,7953.743668
5667.399166,0.825,0.825,200,7958.224088
5715.909928,0.83,0.83,200,7962.835547
3921.521101,0.735,0.74,200,7967.534036
5682.103669,0.815,0.815,200,7972.164977
5684.494655,0.82,0.845,200,7976.667663
5679.168749,0.825,0.825,200,7981.297158
5749.46418,0.835,0.855,200,7988.012965
5669.751536,0.8,0.8,200,7992.528146
5561.598225,0.78,0.795,200,7997.150181
5357.971867,0.835,0.835,200,8001.748282
5759.049687,0.845,0.85,200,8006.579945
5013.383064,0.835,0.85,200,8011.264038
5691.574991,0.825,0.825,200,8015.776481
5335.138357,0.845,0.855,200,8020.294343
4302.900225,0.84,0.86,200,8024.937233
5758.730724,0.85,0.865,200,8029.550692
5692.671429,0.815,0.82,200,8036.470222
5592.413883,0.845,0.845,200,8041.13542
5558.45969,0.795,0.795,200,8045.837465
4270.569105,0.85,0.86,200,8050.563374
5694.97418,0.815,0.815,200,8055.264957
5739.345098,0.86,0.875,200,8059.98027
5753.953843,0.865,0.865,200,8064.611382
3501.858673,0.88,0.88,200,8069.110129
5066.360786,0.845,0.845,200,8073.677628
5771.567847,0.855,0.87,200,8078.229876
4671.339465,0.865,0.865,200,8085.041159
5654.333119,0.815,0.82,200,8089.708177
5759.43638,0.855,0.855,200,8094.306711
5580.956405,0.835,0.865,200,8098.923655
5558.12006,0.79,0.795,200,8103.682163
5767.520094,0.855,0.86,200,8108.316208
5737.411904,0.87,0.88,200,8112.88932
5726.731205,0.83,0.84,200,8117.45284
5731.399704,0.825,0.845,200,8122.100539
4609.765645,0.69,0.7,200,8126.739385
5663.004684,0.835,0.835,200,8133.500782
5390.893243,0.83,0.845,200,8138.212831
5589.343954,0.81,0.81,200,8142.929714
5594.504527,0.83,0.845,200,8147.455408
5684.671998,0.805,0.805,200,8152.167667
4947.313741,0.85,0.855,200,8156.705423
5705.801135,0.835,0.835,200,8161.45168
5709.593631,0.855,0.86,200,8166.081672
5661.558346,0.835,0.85,200,8170.62163
5626.567531,0.805,0.815,200,8175.308206
5373.579423,0.84,0.845,200,8182.153149
5693.640495,0.81,0.81,200,8186.916469
5709.608818,0.825,0.825,200,8191.524556
5748.413336,0.85,0.855,200,8196.197936
5627.007453,0.84,0.84,200,8200.964948
5644.752671,0.81,0.825,200,8205.75677
5744.978513,0.855,0.87,200,8210.341869
5744.486755,0.85,0.855,200,8215.128317
5758.169755,0.855,0.855,200,8219.928771
5672.061309,0.815,0.815,200,8224.549402
5398.481234,0.83,0.835,200,8231.487733
5688.577862,0.815,0.815,200,8236.293321
4492.008249,0.87,0.87,200,8240.985324
5591.225731,0.8,0.805,200,8245.640648
5602.733217,0.805,0.805,200,8250.364739
5691.23785,0.81,0.81,200,8255.080287
5678.172306,0.825,0.825,200,8259.706633
5555.140086,0.835,0.84,200,8264.367369
5662.437354,0.835,0.84,200,8269.134784
5753.763691,0.845,0.85,200,8273.818864
5681.417771,0.805,0.805,200,8280.76794
5723.249277,0.85,0.865,200,8285.462463
5683.384084,0.835,0.835,200,8290.365005
5695.647795,0.825,0.835,200,8295.188386
5651.030507,0.84,0.84,200,8299.805562
4764.489108,0.84,0.855,200,8304.569987
5765.521266,0.85,0.855,200,8309.211493
5690.585908,0.825,0.83,200,8313.9948
5753.590595,0.825,0.855,200,8318.709745
5728.342949,0.85,0.855,200,8323.329925
5731.003822,0.84,0.84,200,8329.993817
5549.890883,0.79,0.8,200,8334.477513
5563.112229,0.845,0.845,200,8338.994709
5726.06642,0.865,0.88,200,8343.616381
5766.806918,0.855,0.86,200,8348.226608
5696.832073,0.84,0.84,200,8352.924183
4914.768904,0.855,0.87,200,8357.473781
5769.042354,0.85,0.86,200,8362.084009
5748.793881,0.84,0.84,200,8366.811634
4862.275587,0.85,0.85,200,8371.485883
4551.933086,0.84,0.86,200,8378.341429
4048.746127,0.64,0.64,200,8383.043278
5760.913049,0.85,0.85,200,8387.73246
5732.243515,0.865,0.875,200,8392.30675
5680.215434,0.81,0.81,200,8396.826504
4950.949823,0.855,0.855,200,8401.437614
5632.2385,0.815,0.815,200,8406.144869
5707.771289,0.85,0.855,200,8410.765272
4730.379486,0.85,0.865,200,8415.433418
5728.784396,0.865,0.88,200,8420.216589
5680.534641,0.875,0.875,200,8427.13584
4585.361807,0.865,0.865,200,8431.718559
5712.674848,0.835,0.84,200,8436.403105
5280.546932,0.855,0.855,200,8441.041798
5751.283457,0.85,0.86,200,8445.683837
5730.407276,0.86,0.86,200,8450.337675
5769.036295,0.855,0.86,200,8454.884356
5755.148217,0.85,0.85,200,8459.55914
5701.954508,0.82,0.82,200,8464.232105
5741.637936,0.855,0.865,200,8468.847004
4470.801049,0.855,0.855,200,8475.918579
5675.098151,0.8,0.8,200,8480.673394
5652.916979,0.855,0.865,200,8485.406212
2981.923665,0.875,0.88,200,8489.987788
4125.396668,0.86,0.86,200,8494.640531
4473.683033,0.88,0.88,200,8499.337426
5632.350958,0.825,0.825,200,8503.990663
5703.816507,0.84,0.84,200,8508.626806
4067.208356,0.88,0.88,200,8513.377836
4860.597108,0.85,0.85,200,8518.137831
2706.47409,0.875,0.89,200,8524.866338
5744.037464,0.84,0.84,200,8529.576307
5740.70261,0.84,0.845,200,8534.240972
4128.745281,0.88,0.88,200,8538.802433
5758.219111,0.845,0.85,200,8543.450489
5755.763442,0.865,0.865,200,8548.129008
5750.166994,0.85,0.86,200,8552.750166
5683.791152,0.82,0.82,200,8557.42567
5756.123405,0.855,0.855,200,8562.141975
5676.776587,0.83,0.83,200,8566.712926
5105.752694,0.835,0.86,200,8573.628129
5750.565744,0.84,0.84,200,8578.263973
5742.303621,0.835,0.835,200,8582.746821
5763.700722,0.855,0.87,200,8587.327784
5731.837119,0.865,0.87,200,8591.97388
5760.424488,0.86,0.865,200,8596.585137
5630.768402,0.825,0.83,200,8601.257122
5693.619348,0.815,0.815,200,8605.879393
5517.020547,0.835,0.835,200,8610.612307
5765.113509,0.855,0.86,200,8615.318497
5680.255476,0.815,0.815,200,8622.186695
5348.574281,0.825,0.84,200,8626.769324
5681.20331,0.825,0.825,200,8631.433837
3846.161402,0.88,0.88,200,8636.125346
5750.865217,0.84,0.845,200,8640.755235
4833.378161,0.855,0.855,200,8645.482681
4358.20643,0.65,0.665,200,8650.10605
5681.237859,0.83,0.83,200,8654.681215
5683.047672,0.84,0.84,200,8659.484413
5732.862609,0.85,0.86,200,8664.126512
5654.81266,0.81,0.825,200,8671.118306
5720.440958,0.865,0.885,200,8675.728048
5759.679578,0.855,0.86,200,8680.327111
5561.984708,0.79,0.79,200,8684.955204
5168.530594,0.875,0.875,200,8689.637711
5674.893795,0.835,0.835,200,8694.195362
5759.938237,0.855,0.855,200,8698.738139
5698.564452,0.82,0.82,200,8703.41804
5738.166572,0.825,0.84,200,8708.012587
5275.805803,0.57,0.57,200,8712.588973
5397.825468,0.835,0.845,200,8719.570477
5757.24958,0.84,0.85,200,8724.340151
5703.300803,0.825,0.835,200,8729.059611
5737.163615,0.835,0.845,200,8733.656995
5666.284077,0.835,0.835,200,8738.387002
5569.504265,0.86,0.88,200,8742.953506
5663.023595,0.815,0.83,200,8747.562603
5503.542277,0.845,0.85,200,8752.159712
5687.749863,0.805,0.805,200,8756.852005
5570.662954,0.845,0.845,200,8761.481776
4807.933144,0.835,0.85,200,8768.309599
5653.322257,0.835,0.86,200,8773.046063
5737.797038,0.84,0.84,200,8777.755677
5660.153237,0.835,0.85,200,8782.438211
5695.983167,0.81,0.81,200,8787.157559
3886.428949,0.43,0.475,200,8791.836529
4795.713853,0.835,0.85,200,8796.704427
5701.19292,0.83,0.83,200,8801.404864
5688.238073,0.87,0.87,200,8806.068902
5757.42879,0.855,0.855,200,8810.869485
5501.99516,0.835,0.835,200,8817.662683
5664.46709,0.82,0.82,200,8822.370505
5756.638389,0.865,0.87,200,8827.02393
4857.639994,0.835,0.86,200,8831.838176
5779.871212,0.865,0.865,200,8836.566618
5697.800058,0.825,0.825,200,8841.204462
5774.800794,0.855,0.87,200,8845.874747
5747.686723,0.845,0.845,200,8850.461023
5630.80513,0.805,0.82,200,8854.97267
5686.922346,0.81,0.81,200,8859.570631
5677.945983,0.825,0.825,200,8866.519251
5696.429422,0.815,0.815,200,8871.323638
5641.499193,0.85,0.865,200,8876.043386
4126.92827,0.875,0.875,200,8880.506771
5713.229693,0.86,0.865,200,8885.051327
5696.757915,0.83,0.83,200,8889.667776
4520.419951,0.865,0.865,200,8894.24334
5156.161948,0.83,0.85,200,8898.924957
5730.372008,0.855,0.865,200,8903.452406
5731.980789,0.85,0.875,200,8907.962091
5182.537674,0.84,0.845,200,8914.759358
5731.857875,0.86,0.875,200,8919.416024
5733.294793,0.855,0.865,200,8924.015899
5734.704202,0.85,0.86,200,8928.736478
5767.24798,0.85,0.865,200,8933.44314
5637.164146,0.815,0.815,200,8938.107071
5647.668233,0.835,0.84,200,8942.750499
5766.192409,0.85,0.86,200,8947.232647
5159.377946,0.845,0.855,200,8951.91874
5640.166764,0.825,0.825,200,8956.339718
5753.797367,0.84,0.85,200,8963.303608
5557.50429,0.78,0.795,200,8967.979584
5710.324205,0.86,0.86,200,8972.63285
5692.727629,0.82,0.82,200,8977.120295
5689.380734,0.815,0.815,200,8981.503076
5599.390044,0.805,0.815,200,8985.977908
5611.924097,0.8,0.805,200,8990.395734
5329.957715,0.85,0.85,200,8994.826862
5676.924438,0.83,0.83,200,8999.235956
5678.882111,0.835,0.835,200,9003.722045
5764.719949,0.845,0.85,200,9010.278431
5671.753299,0.825,0.835,200,9014.981897
5761.4332,0.85,0.855,200,9019.316333
5656.252747,0.82,0.825,200,9023.78256
3897.430725,0.195,0.225,200,9028.107785
4753.90761,0.835,0.86,200,9032.550321
5691.645753,0.815,0.815,200,9037.239383
5682.834242,0.83,0.83,200,9041.942445
5633.56694,0.84,0.84,200,9046.44853
5725.552071,0.86,0.865,200,9050.995667
5661.163492,0.83,0.83,200,9057.679222
5764.984936,0.875,0.885,200,9062.402909
4577.835505,0.87,0.875,200,9066.997629
5119.238758,0.835,0.85,200,9071.547144
5723.295309,0.875,0.885,200,9076.228653
5690.615235,0.835,0.845,200,9080.863603
5575.419452,0.835,0.835,200,9085.570565
5712.42451,0.825,0.825,200,9090.269374
5645.159803,0.845,0.845,200,9094.888252
5609.298525,0.81,0.815,200,9099.491125
5727.476397,0.84,0.855,200,9106.332246
5678.897455,0.81,0.825,200,9111.066073
5686.986961,0.825,0.83,200,9115.798092
4856.661788,0.865,0.865,200,9120.41705
4469.929823,0.715,0.72,200,9125.040077
5703.674187,0.82,0.82,200,9129.701913
4933.027768,0.84,0.855,200,9134.322842
5592.391314,0.86,0.875,200,9138.880595
5760.720435,0.855,0.86,200,9143.5117
5704.311627,0.885,0.885,200,9148.116848
5634.501527,0.835,0.835,200,9154.908245
5780.190731,0.86,0.87,200,9159.345604
5575.887891,0.81,0.81,200,9163.760477
5680.986496,0.83,0.84,200,9168.322565
5747.445673,0.855,0.87,200,9172.906252
5571.607488,0.84,0.85,200,9177.450485
5685.610707,0.825,0.825,200,9182.140696
5701.634236,0.82,0.83,200,9186.719934
5772.358375,0.86,0.865,200,9191.467919
5699.714695,0.845,0.86,200,9196.134516
5747.017137,0.845,0.85,200,9202.895863
5761.1004,0.845,0.85,200,9207.502887
5723.307885,0.85,0.85,200,9212.152343
5681.909456,0.825,0.825,200,9216.911329
5636.085509,0.85,0.875,200,9221.5072
5265.08599,0.845,0.85,200,9226.095855
5765.656613,0.88,0.885,200,9230.697216
5699.289945,0.82,0.82,200,9235.171211
4488.628183,0.855,0.86,200,9239.778399
5649.375609,0.83,0.84,200,9244.364998
4653.616903,0.87,0.87,200,9251.084517
5752.225236,0.845,0.86,200,9255.732887
5191.977763,0.82,0.825,200,9260.316671
5645.226284,0.805,0.82,200,9264.896292
4223.368558,0.885,0.885,200,9269.350061
5584.10985,0.8,0.81,200,9273.909868
5750.227171,0.87,0.88,200,9278.502388
5781.715323,0.86,0.875,200,9283.233378
5766.313246,0.85,0.86,200,9287.776852
5675.37773,0.835,0.835,200,9292.279344
5740.913389,0.845,0.845,200,9299.075625
5677.635104,0.835,0.835,200,9303.717324
5699.005306,0.83,0.835,200,9308.310773
4459.02877,0.865,0.87,200,9313.039767
5756.632024,0.855,0.855,200,9317.540476
5782.514557,0.865,0.87,200,9321.961645
5758.029495,0.855,0.865,200,9326.489053
4152.772089,0.435,0.455,200,9331.110449
5718.833104,0.865,0.865,200,9335.723061
5764.617894,0.855,0.86,200,9340.329428
5671.001606,0.83,0.83,200,9347.312081
5689.421214,0.86,0.865,200,9352.036264
5769.776635,0.855,0.86,200,9356.710086
5662.28183,0.84,0.84,200,9361.15809
5696.146197,0.825,0.835,200,9365.64257
5699.385932,0.855,0.86,200,9370.300706
4248.288785,0.86,0.86,200,9374.99942
5763.542768,0.85,0.85,200,9379.723384
5677.422342,0.805,0.805,200,9384.399143
5683.069104,0.83,0.83,200,9389.088553
5734.919327,0.855,0.875,200,9396.024492
5745.274034,0.855,0.87,200,9400.735636
5672.707406,0.825,0.825,200,9405.364272
4794.255665,0.855,0.855,200,9410.079609
5767.872125,0.865,0.875,200,9414.740918
5738.445195,0.845,0.845,200,9419.233824
5419.200098,0.835,0.865,200,9423.895492
5687.750519,0.845,0.86,200,9428.363567
5750.517829,0.85,0.85,200,9432.908415
5759.712045,0.85,0.85,200,9437.620099
5654.13359,0.82,0.83,200,9444.149088
5688.951363,0.82,0.82,200,9448.821062
4324.59259,0.88,0.88,200,9453.577213
5700.009369,0.83,0.83,200,9458.242611
5642.701842,0.84,0.84,200,9463.009081
5758.322661,0.85,0.85,200,9467.68387
5754.472157,0.84,0.845,200,9472.297934
5669.239653,0.795,0.795,200,9477.051966
5688.299774,0.865,0.865,200,9481.828002
5748.512154,0.855,0.88,200,9486.646005
5756.250432,0.845,0.845,200,9493.565755
5657.083938,0.83,0.83,200,9498.348958
5766.283075,0.85,0.86,200,9503.195632
5623.968906,0.805,0.82,200,9508.001337
5770.945726,0.86,0.87,200,9512.696742
5730.495057,0.82,0.825,200,9517.35656
5699.532208,0.84,0.84,200,9521.916521
5753.187096,0.855,0.855,200,9526.537503
5742.577308,0.845,0.85,200,9531.272742
4211.874296,0.7,0.725,200,9536.086734
5658.014207,0.84,0.845,200,9543.167362
5593.613461,0.805,0.81,200,9547.74532
5699.846233,0.815,0.82,200,9552.46313
5728.81251,0.87,0.875,200,9557.221471
5579.144917,0.85,0.85,200,9561.824932
5755.772078,0.85,0.86,200,9566.402002
5711.650082,0.825,0.835,200,9571.055762
5722.228174,0.86,0.865,200,9575.557811
5771.090774,0.86,0.86,200,9580.096937
5690.217321,0.795,0.805,200,9584.814023
5095.178589,0.84,0.865,200,9591.731477
4794.559008,0.66,0.66,200,9596.409932
5030.570815,0.84,0.85,200,9601.090201
5743.029368,0.855,0.86,200,9605.741972
5773.865852,0.865,0.865,200,9610.447333
5690.467904,0.805,0.805,200,9615.029208
3708.176776,0.34,0.35,200,9619.601658
5755.406017,0.845,0.85,200,9624.160364
5740.126285,0.85,0.85,200,9628.727685
5720.608931,0.865,0.87,200,9633.324259
5309.744629,0.84,0.84,200,9640.002274
4299.486127,0.62,0.625,200,9644.450243
5759.695061,0.85,0.85,200,9648.888052
5740.239715,0.85,0.85,200,9653.557019
5742.190946,0.84,0.845,200,9658.257814
5475.327765,0.845,0.855,200,9662.858409
4999.696491,0.84,0.845,200,9667.446971
5687.831934,0.84,0.85,200,9672.07974
5686.509252,0.815,0.815,200,9676.753735
5670.907939,0.835,0.855,200,9681.538701
5576.495428,0.805,0.81,200,9688.566084
5740.482526,0.85,0.875,200,9693.052155
5703.144759,0.82,0.82,200,9697.531351
5686.628306,0.825,0.825,200,9701.991316
5683.949999,0.8,0.8,200,9706.694947
5727.448033,0.83,0.83,200,9711.346871
5315.748075,0.85,0.85,200,9716.1503
5683.979552,0.81,0.81,200,9720.869638
5678.510079,0.825,0.825,200,9725.546353
5696.859899,0.865,0.865,200,9730.239521
5688.404233,0.82,0.82,200,9737.016816
5703.125083,0.835,0.835,200,9741.614163
5755.525357,0.845,0.85,200,9746.131422
5702.64963,0.815,0.815,200,9750.639224
5755.423783,0.85,0.855,200,9755.078518
5735.949733,0.85,0.86,200,9759.608523
4716.352323,0.83,0.855,200,9764.145269
5658.490864,0.84,0.84,200,9768.852446
5676.543275,0.795,0.795,200,9773.265182
5704.294818,0.87,0.875,200,9777.788531
3757.648207,0.88,0.88,200,9784.52052
5760.555305,0.85,0.855,200,9789.133414
5684.415894,0.865,0.865,200,9793.476717
5743.647888,0.84,0.85,200,9797.761775
5646.340748,0.84,0.84,200,9802.082784
4833.182621,0.84,0.845,200,9806.537665
5767.456896,0.855,0.855,200,9810.890296
5675.281862,0.84,0.84,200,9815.391533
5756.983324,0.855,0.865,200,9819.990324
5762.929013,0.855,0.855,200,9824.539141
5691.971923,0.865,0.865,200,9831.325075
5604.573445,0.81,0.81,200,9835.638225
5782.35382,0.86,0.88,200,9840.176936
5744.862339,0.84,0.845,200,9844.455407
5671.823512,0.83,0.83,200,9848.8051
5776.918549,0.875,0.88,200,9853.296717
5702.534704,0.825,0.825,200,9857.84492
5689.977618,0.82,0.83,200,9862.530546
5672.818383,0.78,0.78,200,9866.977266
5483.425883,0.84,0.845,200,9871.598114
5631.198178,0.84,0.84,200,9878.463551
5673.566585,0.825,0.825,200,9882.996427
5626.53848,0.8,0.8,200,9887.709854
5615.508438,0.845,0.845,200,9892.160605
5731.204334,0.82,0.83,200,9896.600789
5793.737749,0.875,0.88,200,9901.166309
5594.099476,0.83,0.83,200,9905.594313
5693.346866,0.81,0.815,200,9910.258533
5612.910284,0.85,0.86,200,9914.7743
5685.981416,0.84,0.85,200,9919.265702
5736.049709,0.86,0.88,200,9925.879017
5675.708987,0.83,0.84,200,9930.32581
5631.104123,0.84,0.84,200,9934.724069
5765.437914,0.85,0.855,200,9939.182185
5632.657877,0.835,0.835,200,9943.601148
5670.291892,0.82,0.82,200,9948.059282
5651.812369,0.78,0.78,200,9952.680037
4714.153967,0.66,0.695,200,9957.066009
5387.936661,0.82,0.83,200,9961.688478
5778.549776,0.86,0.865,200,9966.13729
5686.742825,0.825,0.83,200,9972.899927
5727.545849,0.865,0.895,200,9977.374565
5704.780933,0.845,0.845,200,9981.768828
5728.108419,0.845,0.845,200,9986.050735
5634.394223,0.815,0.82,200,9990.39575
5760.889195,0.855,0.855,200,9994.783837
4878.469343,0.845,0.845,200,9999.293223
5189.316829,0.85,0.85,200,10003.755537
5643.512552,0.86,0.87,200,10008.129196
4879.241872,0.86,0.87,200,10012.589773
5420.854875,0.755,0.765,200,10019.26027
4372.149419,0.85,0.87,200,10023.788838
5686.60596,0.805,0.805,200,10028.317814
5548.21716,0.79,0.795,200,10032.844152
4366.951805,0.87,0.87,200,10037.376595
4344.921022,0.85,0.85,200,10041.987395
4310.089408,0.875,0.88,200,10046.590222
5725.462499,0.85,0.88,200,10051.291896
5690.059183,0.825,0.825,200,10055.853429
5696.764269,0.85,0.875,200,10060.437752
5634.147856,0.84,0.84,200,10067.402173
5763.35018,0.84,0.85,200,10071.956877
5677.122509,0.83,0.83,200,10076.69743
5684.099749,0.83,0.83,200,10081.426332
4901.440829,0.845,0.855,200,10085.922189
5483.024194,0.83,0.83,200,10090.460936
5677.40908,0.86,0.86,200,10095.021585
5636.55786,0.83,0.83,200,10099.571941
4773.679339,0.84,0.86,200,10104.153888
5763.894642,0.855,0.875,200,10108.840966
5647.928858,0.805,0.805,200,10115.617982
5742.555274,0.85,0.85,200,10120.208691
4684.02665,0.86,0.865,200,10124.700763
4012.012894,0.875,0.875,200,10129.375236
5699.97265,0.815,0.815,200,10133.970062
5541.092264,0.84,0.85,200,10138.595948
5762.213553,0.865,0.87,200,10143.024401
5668.502504,0.855,0.87,200,10147.680282
5653.869761,0.835,0.84,200,10152.393095
5758.12292,0.855,0.875,200,10157.042407
5756.503014,0.83,0.845,200,10163.86415
5760.967345,0.85,0.85,200,10168.521729
5682.456652,0.825,0.825,200,10173.280826
5668.066243,0.84,0.84,200,10177.94808
4990.25413,0.605,0.63,200,10182.532752
5686.06466,0.83,0.83,200,10187.189702
5739.364389,0.855,0.87,200,10191.887649
5747.733108,0.85,0.88,200,10196.381636
5618.433894,0.835,0.835,200,10200.996983
5397.474965,0.84,0.84,200,10205.607679
5634.59729,0.815,0.815,200,10212.421069
5765.771642,0.875,0.885,200,10217.059615
5725.982711,0.845,0.845,200,10221.679147
5663.471403,0.835,0.835,200,10226.261478
5761.500002,0.85,0.855,200,10230.86568
5762.201559,0.86,0.86,200,10235.514354
5700.60032,0.815,0.825,200,10240.035503
5681.12688,0.815,0.815,200,10244.854899
5748.497998,0.865,0.865,200,10249.408673
5620.27642,0.83,0.83,200,10253.923172
5708.548311,0.835,0.835,200,10260.559409
5774.478039,0.865,0.865,200,10265.120183
5664.739113,0.84,0.84,200,10269.736108
5742.367713,0.85,0.85,200,10274.384825
5696.964276,0.82,0.825,200,10278.939834
5694.721415,0.81,0.81,200,10283.517816
5589.244107,0.86,0.86,200,10288.129608
5692.120184,0.82,0.82,200,10292.848212
5761.15555,0.87,0.87,200,10297.462155
5642.018823,0.84,0.845,200,10301.98424
4465.04318,0.75,0.765,200,10308.567735
5772.495031,0.845,0.865,200,10313.025104
5680.274814,0.79,0.795,200,10317.670156
5656.464388,0.845,0.85,200,10322.379751
5664.931048,0.81,0.815,200,10327.046875
4864.45545,0.835,0.84,200,10331.812213
5687.607829,0.815,0.815,200,10336.370302
5766.0063,0.86,0.87,200,10340.9852
5700.980995,0.81,0.815,200,10345.757801
5740.738364,0.84,0.84,200,10350.447225
5702.787777,0.82,0.82,200,10357.201835
4720.621067,0.865,0.865,200,10361.791615
5762.30362,0.855,0.855,200,10366.462132
5702.042725,0.865,0.87,200,10371.026895
5676.885844,0.84,0.84,200,10375.468905
5741.896063,0.845,0.87,200,10380.170226
5539.272629,0.84,0.855,200,10384.86726
5730.638976,0.845,0.845,200,10389.478039
5653.633527,0.84,0.845,200,10394.059577
5690.249529,0.815,0.825,200,10398.664485
4534.168274,0.725,0.735,200,10405.477765
5646.365495,0.825,0.825,200,10410.049814
5609.917049,0.86,0.87,200,10414.688587
5415.014868,0.84,0.855,200,10419.28958
5786.398626,0.87,0.88,200,10424.004613
5708.456803,0.86,0.86,200,10428.71369
5688.391937,0.83,0.83,200,10433.33034
5759.615315,0.845,0.85,200,10437.963403
4961.164848,0.84,0.86,200,10442.711608
5754.704064,0.87,0.885,200,10447.372936
5702.400114,0.855,0.87,200,10454.189475
5716.370716,0.835,0.835,200,10458.732899
5707.973238,0.83,0.84,200,10463.419947
5774.541233,0.85,0.855,200,10467.817125
5699.981068,0.815,0.82,200,10472.390095
4598.831893,0.785,0.785,200,10476.814942
5707.520848,0.835,0.835,200,10481.305877
5694.469694,0.855,0.865,200,10485.702251
5599.543318,0.795,0.81,200,10490.219624
5694.077333,0.815,0.815,200,10494.915119
5705.391674,0.82,0.825,200,10501.7336
5675.594794,0.835,0.835,200,10506.412054
5683.744452,0.825,0.825,200,10510.876746
5752.812492,0.86,0.86,200,10515.390607
5690.41055,0.83,0.83,200,10520.07314
5653.962079,0.84,0.84,200,10524.584844
5633.346781,0.805,0.815,200,10529.374234
4203.15445,0.72,0.755,200,10534.019809
5554.604317,0.845,0.855,200,10538.767189
5739.330988,0.85,0.85,200,10543.321241
5759.308504,0.845,0.855,200,10550.281954
5754.100534,0.865,0.875,200,10554.805809
4219.175655,0.585,0.585,200,10559.411904
5543.991164,0.845,0.88,200,10564.029408
5668.042089,0.82,0.83,200,10568.795553
4968.428861,0.835,0.86,200,10573.51614
4485.376887,0.44,0.49,200,10578.117127
4366.31151,0.86,0.86,200,10582.841075
5765.428761,0.85,0.855,200,10587.492417
5698.416713,0.835,0.835,200,10592.192587
5730.771759,0.82,0.835,200,10599.103796
3921.149244,0.755,0.765,200,10603.714458
5096.970579,0.835,0.86,200,10608.3708
5635.749576,0.875,0.875,200,10613.020603
5478.878035,0.835,0.84,200,10617.722302
5602.247662,0.84,0.84,200,10622.423578
5623.002109,0.865,0.87,200,10627.00392
5007.068332,0.835,0.845,200,10631.74153
4779.36558,0.855,0.87,200,10636.43143
5473.343261,0.84,0.855,200,10641.152623
5698.581957,0.82,0.82,200,10648.114867
5746.383746,0.84,0.875,200,10652.864872
5616.694251,0.845,0.865,200,10657.500052
5757.954351,0.85,0.87,200,10662.194149
5732.949877,0.855,0.865,200,10666.75552
5758.730461,0.83,0.845,200,10671.420849
5753.243121,0.84,0.845,200,10676.236398
5635.890087,0.805,0.825,200,10680.748969
5701.248014,0.82,0.82,200,10685.336443
5755.721672,0.845,0.85,200,10690.05018
5775.815548,0.855,0.86,200,10697.047122
5759.804245,0.85,0.85,200,10701.830081
5611.950878,0.8,0.8,200,10706.545319
5691.72768,0.85,0.87,200,10711.244517
5742.820661,0.835,0.845,200,10715.935165
4830.48134,0.84,0.865,200,10720.584137
5661.312482,0.835,0.835,200,10725.225389
5645.848105,0.855,0.875,200,10729.920252
5771.141515,0.86,0.865,200,10734.6527
3835.532204,0.88,0.885,200,10739.335227
5631.581594,0.845,0.85,200,10746.448229
5700.366534,0.815,0.825,200,10751.207827
5676.548591,0.85,0.87,200,10755.882499
5609.290399,0.85,0.88,200,10760.602678
5585.620139,0.88,0.9,200,10765.342823
5641.481246,0.805,0.815,200,10770.053115
5769.861616,0.855,0.86,200,10774.683794
5563.543127,0.84,0.845,200,10779.316258
5718.040533,0.84,0.84,200,10784.112598
4867.351041,0.845,0.865,200,10788.756782
5202.293043,0.835,0.84,200,10795.493958
5706.450934,0.865,0.875,200,10800.204156
5680.713322,0.87,0.885,200,10804.946476
5733.98227,0.85,0.865,200,10809.656388
5707.455399,0.86,0.865,200,10814.309032
5599.823363,0.805,0.805,200,10818.9743
5671.603284,0.87,0.88,200,10823.745865
5755.917084,0.855,0.86,200,10828.429824
5542.640918,0.84,0.85,200,10833.093474
5685.055348,0.82,0.82,200,10837.787905
4857.80018,0.885,0.885,200,10844.839139
5748.050628,0.855,0.885,200,10849.503248
5682.207747,0.83,0.83,200,10854.137097
5775.300834,0.865,0.87,200,10858.717266
5758.609239,0.84,0.845,200,10863.359577
5755.554016,0.845,0.855,200,10868.208917
5681.271767,0.82,0.82,200,10872.870028
5608.398731,0.81,0.81,200,10877.493831
5554.936813,0.805,0.81,200,10882.173704
5703.36089,0.815,0.815,200,10886.939397
5685.603907,0.825,0.825,200,10894.001783
5698.536506,0.87,0.885,200,10898.751736
5672.757585,0.795,0.795,200,10903.562039
5774.412135,0.865,0.87,200,10908.263512
5697.414614,0.82,0.82,200,10912.88334
5664.31627,0.835,0.845,200,10917.671983
5685.785318,0.825,0.825,200,10922.501811
5614.842246,0.81,0.81,200,10927.146721
5701.164559,0.82,0.83,200,10931.827378
5743.554483,0.845,0.85,200,10936.460693
5502.679469,0.85,0.855,200,10943.225357
5669.120867,0.82,0.82,200,10947.878607
5718.509731,0.87,0.875,200,10952.504916
5629.704428,0.82,0.82,200,10957.138405
5727.774958,0.87,0.87,200,10961.584039
5677.162472,0.835,0.835,200,10966.204944
5700.991809,0.82,0.825,200,10970.734056
5656.134352,0.855,0.86,200,10975.36086
5644.560661,0.84,0.84,200,10979.93821
5100.554749,0.835,0.855,200,10984.627975
5719.630368,0.825,0.835,200,10991.410299
3716.222904,0.41,0.415,200,10996.026361
5643.000486,0.85,0.855,200,11000.640672
5701.229178,0.82,0.825,200,11005.370812
5635.539279,0.81,0.82,200,11010.043123
5578.951133,0.845,0.87,200,11014.609795
4937.953965,0.855,0.86,200,11019.138554
5687.266999,0.815,0.815,200,11023.727379
5683.911763,0.845,0.85,200,11028.456748
5633.081887,0.815,0.815,200,11032.936682
5008.367848,0.855,0.865,200,11039.807678
5239.198546,0.855,0.865,200,11044.38078
5754.526888,0.85,0.865,200,11049.122968
5679.004032,0.84,0.84,200,11053.869218
5726.227671,0.86,0.865,200,11058.749515
5746.50947,0.84,0.845,200,11063.498863
5699.885532,0.815,0.82,200,11068.17915
5384.580274,0.835,0.835,200,11072.848121
5747.124658,0.83,0.845,200,11077.620102
5657.130686,0.82,0.82,200,11082.24454
5711.092557,0.86,0.86,200,11088.937457
5767.582961,0.86,0.87,200,11093.535246
5670.372252,0.81,0.815,200,11098.095408
5641.510644,0.845,0.85,200,11102.815595
5621.163111,0.815,0.815,200,11107.573018
5647.527922,0.825,0.825,200,11112.204887
4986.106911,0.855,0.865,200,11116.966052
5662.107556,0.82,0.845,200,11121.664176
5212.364305,0.845,0.85,200,11126.350723
5615.510614,0.81,0.81,200,11131.135603
5714.915634,0.845,0.86,200,11138.157862
5638.036096,0.86,0.86,200,11142.815047
5767.410928,0.855,0.855,200,11147.420214
4510.698807,0.565,0.57,200,11152.150173
5625.534909,0.84,0.84,200,11156.898054
5657.503853,0.835,0.85,200,11161.689042
5516.015454,0.84,0.845,200,11166.310509
5661.015962,0.83,0.835,200,11170.92556
5686.327666,0.815,0.82,200,11175.541723
5637.206076,0.85,0.855,200,11180.116291
5636.213241,0.84,0.84,200,11186.861634
5576.885152,0.79,0.79,200,11191.56644
5677.80159,0.84,0.84,200,11196.074135
5772.868831,0.845,0.855,200,11200.841101
5694.035832,0.835,0.835,200,11205.474823
4991.770139,0.845,0.87,200,11210.009411
5285.095481,0.845,0.855,200,11214.452699
5620.490872,0.795,0.82,200,11219.127437
5653.439126,0.84,0.84,200,11223.728998
5763.246711,0.87,0.89,200,11228.358686
5596.052539,0.84,0.865,200,11235.107149
5659.361253,0.825,0.825,200,11239.646511
5735.749399,0.83,0.835,200,11244.237078
4908.398557,0.85,0.85,200,11248.746015
5350.334043,0.855,0.855,200,11253.156953
5757.623588,0.875,0.875,200,11257.65628
5695.27135,0.815,0.815,200,11262.184318
5741.408723,0.855,0.86,200,11266.736345
5689.67549,0.825,0.825,200,11271.234132
5574.40584,0.79,0.79,200,11275.930578
3515.61734,0.37,0.4,200,11282.560744
5696.162324,0.82,0.82,200,11286.961115
5251.681058,0.815,0.83,200,11291.490168
3438.431936,0.87,0.88,200,11296.05251
5748.655769,0.83,0.845,200,11300.725629
2567.397823,0.105,0.12,200,11305.256074
5779.371524,0.865,0.875,200,11309.694872
5731.798993,0.845,0.85,200,11314.305654
5733.361971,0.83,0.83,200,11318.899954
5700.783009,0.825,0.825,200,11323.57474
5757.483598,0.855,0.86,200,11330.456371
5643.094167,0.855,0.88,200,11335.215567
4879.476759,0.87,0.87,200,11339.920134
3386.731775,0.45,0.45,200,11344.481611
5676.679564,0.84,0.84,200,11349.170659
5036.847393,0.835,0.85,200,11353.750467
5634.469226,0.825,0.825,200,11358.398793
5650.542515,0.815,0.815,200,11363.103079
5659.832794,0.855,0.87,200,11367.689347
5015.895928,0.845,0.86,200,11372.326411
5685.042142,0.82,0.82,200,11379.468091
5612.341127,0.81,0.81,200,11384.14914
5735.210485,0.86,0.865,200,11388.615759
5508.878622,0.78,0.78,200,11393.205889
5766.124884,0.85,0.855,200,11397.915885
5769.905208,0.86,0.87,200,11402.691034
5736.056582,0.835,0.835,200,11407.305955
5590.543695,0.855,0.87,200,11412.097459
5191.287483,0.835,0.835,200,11416.853914
5732.600479,0.855,0.855,200,11421.539491
5708.069724,0.815,0.835,200,11428.299305
5763.433257,0.86,0.865,200,11432.948177
4037.17898,0.85,0.865,200,11437.662408
4830.996025,0.86,0.865,200,11442.328598
5628.431607,0.83,0.83,200,11446.98614
5766.838464,0.86,0.865,200,11451.543684
5290.50446,0.855,0.855,200,11455.915726
2398.30914,0.03,0.04,200,11460.393664
5750.992209,0.83,0.845,200,11464.898236
4176.709623,0.645,0.655,200,11469.341976
5751.016068,0.855,0.865,200,11476.101874
4773.292523,0.845,0.855,200,11480.697864
5627.736602,0.81,0.825,200,11485.339884
5752.176662,0.835,0.84,200,11489.996097
5758.102064,0.855,0.855,200,11494.767831
5682.909202,0.87,0.87,200,11499.4757
5721.263242,0.845,0.845,200,11504.050454
4669.665649,0.865,0.865,200,11508.616358
4524.355708,0.87,0.87,200,11513.362823
5732.959774,0.825,0.845,200,11518.097097
5514.665144,0.76,0.77,200,11525.085676
5696.549063,0.86,0.87,200,11529.67964
4910.464719,0.575,0.58,200,11534.33263
5642.90291,0.825,0.825,200,11538.961069
5707.650345,0.83,0.83,200,11543.487333
5432.287914,0.84,0.84,200,11548.247863
5762.804879,0.835,0.845,200,11552.87892
5055.809636,0.855,0.855,200,11557.486961
4882.788363,0.87,0.87,200,11562.173198
3040.908744,0.765,0.775,200,11566.965298
5750.772108,0.86,0.865,200,11573.998025
5285.101701,0.85,0.855,200,11578.637509
5742.30859,0.855,0.86,200,11583.320599
5682.117492,0.805,0.805,200,11587.972369
4792.683785,0.87,0.875,200,11592.675829
5012.67799,0.87,0.87,200,11597.383961
5139.687709,0.845,0.86,200,11602.209
5230.08453,0.35,0.35,200,11606.861267
5695.624704,0.83,0.83,200,11611.57616
5664.322667,0.86,0.865,200,11616.222692
5733.26702,0.855,0.865,200,11622.970212
5769.493103,0.86,0.86,200,11627.720578
5651.161974,0.855,0.87,200,11632.341118
5709.630525,0.82,0.82,200,11636.923895
5693.132768,0.805,0.81,200,11641.51558
5757.611173,0.84,0.855,200,11646.072227
5754.979098,0.845,0.85,200,11650.734128
5338.019118,0.845,0.85,200,11655.405425
5651.085351,0.85,0.85,200,11660.095261
5684.847172,0.825,0.835,200,11664.836131
5774.88628,0.865,0.87,200,11671.601767
5401.275503,0.845,0.845,200,11676.278619
2350.416498,0.045,0.045,200,11680.910646
5725.536857,0.85,0.865,200,11685.510408
5700.276063,0.815,0.815,200,11690.126711
5778.328185,0.865,0.865,200,11694.757877
5684.433577,0.85,0.865,200,11699.49797
5749.267103,0.825,0.845,200,11704.232655
5704.998384,0.825,0.825,200,11708.865387
5043.64872,0.855,0.86,200,11713.574577
5036.071729,0.84,0.855,200,11720.570639
5598.531553,0.845,0.87,200,11725.110887
5681.264204,0.8,0.8,200,11729.65973
5685.820399,0.835,0.835,200,11734.270779
5602.137471,0.855,0.875,200,11739.006339
5732.027594,0.855,0.86,200,11743.589199
5657.009093,0.825,0.825,200,11748.304117
5696.337269,0.83,0.83,200,11753.154436
5709.84513,0.84,0.855,200,11757.81819
5713.237783,0.83,0.84,200,11762.663206
5719.283414,0.86,0.865,200,11769.58589
5741.041565,0.835,0.845,200,11774.470934
5770.410698,0.855,0.87,200,11779.205119
5771.194045,0.855,0.855,200,11783.920041
5619.446169,0.8,0.815,200,11788.692297
5696.400243,0.815,0.815,200,11793.517265
5267.980457,0.855,0.86,200,11798.24245
5690.560577,0.81,0.81,200,11802.954729
5757.549008,0.845,0.85,200,11807.708822
5686.490413,0.825,0.825,200,11812.566918
5745.008531,0.845,0.845,200,11819.554348
5761.679785,0.86,0.87,200,11824.2344
5561.933232,0.78,0.79,200,11829.016356
5691.523497,0.825,0.83,200,11833.753597
5611.418652,0.845,0.85,200,11838.582989
5762.751323,0.85,0.855,200,11843.422246
5562.881468,0.845,0.845,200,11848.106002
5641.70251,0.815,0.815,200,11852.877792
5719.529691,0.85,0.855,200,11857.558266
5628.704413,0.805,0.81,200,11862.394968
5696.686007,0.82,0.82,200,11869.485238
3657.951611,0.87,0.87,200,11874.199357
5752.138393,0.85,0.86,200,11878.796059
5703.629002,0.865,0.875,200,11883.518547
5740.523168,0.85,0.85,200,11888.29641
5687.752874,0.835,0.835,200,11893.058191
5737.079771,0.85,0.85,200,11897.949074
4645.366747,0.865,0.865,200,11902.614915
5615.921068,0.85,0.87,200,11907.482905
5698.559165,0.81,0.815,200,11912.297488
5742.816767,0.845,0.85,200,11919.281745
5696.429309,0.81,0.815,200,11923.958316
5752.697314,0.84,0.855,200,11928.781513
5748.297146,0.845,0.845,200,11933.677598
5028.586038,0.84,0.845,200,11938.46246
5768.995847,0.87,0.875,200,11943.259063
4767.523172,0.855,0.855,200,11947.98104
5565.992685,0.845,0.875,200,11952.69108
5607.910162,0.845,0.87,200,11957.565892
5199.692514,0.5,0.515,200,11962.250496
5767.322631,0.85,0.86,200,11969.174309
4886.574949,0.845,0.86,200,11973.896434
5740.267497,0.845,0.86,200,11978.587458
5718.265066,0.88,0.88,200,11983.434413
5669.509739,0.82,0.82,200,11988.211977
5647.874118,0.83,0.83,200,11992.846821
5688.891186,0.85,0.865,200,11997.556563
5741.532926,0.865,0.88,200,12002.331367
5773.671443,0.865,0.87,200,12006.979226
5571.672239,0.865,0.89,200,12011.530672
5668.723938,0.83,0.83,200,12018.443342
5771.399696,0.85,0.86,200,12022.913856
2500.000131,0.15,0.16,200,12027.560651
5687.158789,0.805,0.805,200,12032.225863
5780.064112,0.875,0.875,200,12036.806561
5732.83042,0.84,0.84,200,12041.477046
5701.476894,0.82,0.82,200,12046.168091
5706.393451,0.82,0.82,200,12050.875198
5730.615625,0.855,0.855,200,12055.505022
5750.076002,0.84,0.84,200,12060.118082
5730.171998,0.845,0.845,200,12067.051323
3994.243343,0.875,0.875,200,12071.632255
4865.50568,0.84,0.85,200,12076.325683
5667.442469,0.825,0.825,200,12080.847432
2905.351947,0.16,0.19,200,12085.391949
5664.139577,0.815,0.82,200,12089.831996
5674.366666,0.84,0.845,200,12094.394773
5687.900071,0.815,0.83,200,12098.703132
5655.92683,0.82,0.825,200,12103.201511
5601.203357,0.84,0.87,200,12107.759444
5349.267998,0.84,0.845,200,12114.441842
5636.86579,0.85,0.85,200,12118.893193
3189.824453,0.255,0.28,200,12123.454954
5684.304486,0.8,0.805,200,12128.031901
5635.39244,0.845,0.855,200,12132.584675
5730.163432,0.855,0.865,200,12137.172527
5707.375215,0.825,0.825,200,12141.640183
5720.945895,0.835,0.845,200,12146.192626
5736.02377,0.83,0.845,200,12150.873948
5700.190409,0.84,0.84,200,12155.342174
5641.324957,0.84,0.845,200,12162.04401
5693.530759,0.835,0.835,200,12166.664129
5700.70138,0.815,0.815,200,12171.460905
3223.060795,0.48,0.48,200,12175.951241
5722.802356,0.825,0.835,200,12180.472146
5650.971763,0.835,0.84,200,12185.064933
5681.922296,0.865,0.87,200,12189.736081
5715.923193,0.87,0.875,200,12194.251775
5710.599853,0.82,0.825,200,12198.856332
3300.503218,0.295,0.35,200,12203.622741
5701.517959,0.815,0.815,200,12210.706506
5741.286777,0.84,0.84,200,12215.321574
5754.989621,0.835,0.855,200,12219.833028
5596.874421,0.79,0.805,200,12224.342381
5791.299002,0.88,0.885,200,12228.882235
2787.391011,0.095,0.095,200,12233.275338
5425.797517,0.71,0.71,200,12237.83271
5775.662828,0.84,0.86,200,12242.39023
5660.544027,0.835,0.845,200,12247.029019
5705.211325,0.835,0.85,200,12251.690388
5371.752875,0.845,0.85,200,12258.534072
5645.756752,0.81,0.81,200,12263.169251
5691.004071,0.86,0.86,200,12267.843924
5743.420542,0.84,0.85,200,12272.391506
4220.663565,0.87,0.875,200,12276.947403
5755.236871,0.845,0.85,200,12281.369497
5775.759848,0.875,0.875,200,12286.091896
5712.76655,0.855,0.855,200,12290.815986
5740.835807,0.835,0.85,200,12295.501277
5690.487031,0.81,0.81,200,12300.054389
5687.775965,0.805,0.805,200,12306.7492
5697.730197,0.825,0.83,200,12311.378446
5641.876821,0.85,0.85,200,12315.955281
4377.977056,0.505,0.555,200,12320.619336
4521.997549,0.84,0.855,200,12325.376024
5647.79966,0.84,0.86,200,12329.931206
5010.564341,0.67,0.67,200,12334.605632
5730.378591,0.84,0.84,200,12339.321424
4931.519709,0.87,0.87,200,12344.078057
5615.403716,0.81,0.815,200,12348.709415
5704.665072,0.835,0.835,200,12355.595077
5705.77344,0.865,0.875,200,12360.387232
5669.546029,0.84,0.84,200,12365.138974
4886.441033,0.85,0.86,200,12369.701891
5747.887453,0.845,0.855,200,12374.256083
5443.532971,0.855,0.855,200,12378.653061
5758.136481,0.86,0.86,200,12383.172798
5774.317004,0.86,0.86,200,12387.841728
4685.684774,0.835,0.835,200,12392.530237
5644.352797,0.815,0.815,200,12397.127659
5750.150899,0.85,0.85,200,12403.90753
5745.44845,0.85,0.85,200,12408.438154
5688.003366,0.805,0.805,200,12413.155351
5713.381238,0.85,0.86,200,12417.695243
5682.802113,0.83,0.83,200,12422.291589
4891.633256,0.835,0.86,200,12426.77916
5724.128215,0.82,0.83,200,12431.431947
5652.391103,0.81,0.825,200,12436.120843
5607.609574,0.86,0.875,200,12440.70826
5710.315264,0.83,0.835,200,12445.355022
5756.355203,0.85,0.85,200,12452.230289
5717.435036,0.83,0.83,200,12456.749782
5699.073162,0.855,0.875,200,12461.321218
5705.353038,0.82,0.82,200,12465.834963
4960.569794,0.825,0.825,200,12470.482928
5165.273715,0.865,0.865,200,12475.11235
5778.373402,0.865,0.87,200,12479.704477
5654.678391,0.83,0.83,200,12484.323177
5707.431867,0.82,0.83,200,12488.921765
5686.426377,0.825,0.825,200,12493.670241
5763.854923,0.855,0.855,200,12500.333854
5314.990133,0.845,0.845,200,12504.910456
5394.701058,0.85,0.85,200,12509.577913
3991.963289,0.39,0.395,200,12514.24296
5676.802332,0.815,0.825,200,12518.975824
5687.235805,0.825,0.83,200,12523.644449
5738.19356,0.86,0.87,200,12528.266931
5642.187419,0.805,0.82,200,12532.878192
5703.164365,0.81,0.82,200,12537.407209
4766.231137,0.85,0.865,200,12542.07467
5764.98234,0.875,0.875,200,12548.83664
5651.218571,0.8,0.82,200,12553.435594
5691.693824,0.805,0.81,200,12557.972235
5759.149717,0.85,0.85,200,12562.614981
4997.218575,0.875,0.89,200,12567.130671
4818.934238,0.87,0.87,200,12571.722049
5756.506237,0.85,0.855,200,12576.381173
5761.396653,0.835,0.85,200,12581.075768
3875.070526,0.725,0.75,200,12585.779065
5721.426859,0.85,0.875,200,12590.360988
5725.144717,0.855,0.875,200,12597.188321
5694.261772,0.83,0.83,200,12601.723274
5780.207071,0.855,0.865,200,12606.289889
5678.255973,0.825,0.825,200,12610.802886
5771.816503,0.865,0.87,200,12615.307848
3387.780814,0.58,0.58,200,12619.69049
5704.632654,0.845,0.85,200,12624.22833
3741.646045,0.875,0.885,200,12628.551517
5714.507773,0.825,0.835,200,12633.005115
5623.60511,0.8,0.815,200,12637.555872
5591.868401,0.8,0.8,200,12644.246743
5691.013613,0.86,0.86,200,12648.507602
5679.825933,0.81,0.82,200,12652.981127
5703.415703,0.83,0.83,200,12657.664793
5675.838295,0.82,0.83,200,12662.22366
5733.921663,0.835,0.845,200,12666.78931
5698.573687,0.815,0.815,200,12671.434191
5710.025,0.865,0.875,200,12676.032877
5721.002958,0.865,0.865,200,12680.828721
5730.754599,0.835,0.835,200,12685.492818
4595.109532,0.875,0.875,200,12692.341389
4935.606682,0.6,0.62,200,12696.983417
5103.352593,0.835,0.84,200,12701.581656
2779.260057,0.455,0.475,200,12706.118355
5757.351056,0.845,0.845,200,12710.48393
5683.952654,0.805,0.81,200,12715.108824
5691.456333,0.835,0.835,200,12719.529276
5753.914191,0.84,0.85,200,12724.171078
5719.426445,0.86,0.865,200,12728.891222
3175.596842,0.885,0.89,200,12733.51119
4968.700936,0.875,0.875,200,12740.421212
5661.611458,0.835,0.845,200,12745.077235
5752.934385,0.845,0.845,200,12749.519596
5757.112843,0.86,0.875,200,12754.028192
4919.283179,0.855,0.855,200,12758.667558
5197.364172,0.855,0.855,200,12763.236013
5692.892155,0.83,0.83,200,12767.911892
4832.696875,0.845,0.86,200,12772.470146
5063.57218,0.85,0.87,200,12776.956835
5712.681863,0.83,0.835,200,12781.446907
5707.31501,0.825,0.83,200,12788.074491
5724.700533,0.83,0.84,200,12792.708281
5777.731486,0.86,0.86,200,12797.360044
5758.138803,0.885,0.89,200,12801.965644
5730.743607,0.83,0.84,200,12806.463143
5714.466652,0.84,0.845,200,12811.010352
5735.749593,0.85,0.865,200,12815.635564
5724.162007,0.86,0.86,200,12820.294858
4862.781139,0.865,0.865,200,12824.801511
5463.815163,0.835,0.84,200,12829.321261
5742.475697,0.865,0.865,200,12836.046412
5447.256805,0.83,0.835,200,12840.61252
4882.649314,0.875,0.875,200,12845.118546
5325.68119,0.685,0.69,200,12849.625471
5675.783616,0.83,0.83,200,12854.02608
5681.551228,0.85,0.85,200,12858.523506
5657.77752,0.845,0.855,200,12863.174382
5764.423927,0.84,0.85,200,12867.610761
5773.982908,0.855,0.86,200,12872.300322
5641.249852,0.795,0.81,200,12876.795795
5762.104902,0.84,0.855,200,12883.526202
5199.147331,0.84,0.86,200,12888.123214
5762.034526,0.865,0.865,200,12892.620008
5711.356754,0.855,0.855,200,12897.126009
3330.221593,0.28,0.325,200,12901.648652
5315.097385,0.85,0.85,200,12906.291916
5775.031441,0.855,0.86,200,12910.830453
5710.032038,0.87,0.87,200,12915.388042
5638.237451,0.86,0.86,200,12919.827582
5762.440988,0.845,0.85,200,12924.390049
5374.807734,0.875,0.88,200,12931.164724
5762.801791,0.845,0.855,200,12935.753154
5744.611037,0.83,0.84,200,12940.318304
5680.415879,0.835,0.84,200,12944.966495
5682.280444,0.845,0.845,200,12949.456348
5698.260687,0.835,0.835,200,12953.976229
5658.25597,0.87,0.875,200,12958.504032
5617.444284,0.805,0.805,200,12963.229439
5502.7317,0.855,0.86,200,12967.911438
5735.586605,0.83,0.83,200,12972.718593
5613.692147,0.84,0.865,200,12979.597998
5673.844303,0.835,0.835,200,12984.370313
5620.581135,0.8,0.805,200,12989.120852
5695.701783,0.87,0.88,200,12993.727746
5394.695292,0.835,0.845,200,12998.264902
5686.680927,0.81,0.81,200,13002.889936
5690.277179,0.835,0.84,200,13007.573901
5751.790692,0.84,0.85,200,13012.331836
5789.20957,0.885,0.885,200,13016.95655
5605.434556,0.835,0.84,200,13021.680816
5717.785541,0.835,0.835,200,13028.560897
5676.997114,0.815,0.83,200,13033.240747
5765.984637,0.85,0.855,200,13037.868917
5695.157901,0.815,0.82,200,13042.517444
5771.510137,0.865,0.875,200,13047.2077
5734.652722,0.845,0.85,200,13051.84596
5773.51447,0.865,0.875,200,13056.512562
5318.19437,0.85,0.85,200,13061.281417
4761.561755,0.87,0.875,200,13066.060302
5696.231778,0.835,0.84,200,13070.81299
5614.085968,0.845,0.845,200,13077.668548
5752.324505,0.84,0.845,200,13082.288416
5738.024627,0.835,0.84,200,13087.054705
5771.978353,0.85,0.86,200,13091.756258
5293.072689,0.655,0.66,200,13096.436469
5696.040386,0.82,0.82,200,13101.120428
5650.33942,0.825,0.825,200,13105.752019
5632.586157,0.845,0.87,200,13110.372783
4964.226278,0.835,0.855,200,13115.171384
5689.785067,0.8,0.805,200,13119.774184
5740.730832,0.85,0.855,200,13126.747931
5667.154417,0.815,0.82,200,13131.367403
4478.576857,0.865,0.87,200,13136.073607
5760.836858,0.86,0.86,200,13140.80953
4807.857969,0.865,0.865,200,13145.472868
5759.460026,0.865,0.865,200,13150.200762
5587.985406,0.835,0.84,200,13155.00233
5764.977591,0.85,0.85,200,13159.752891
5765.752498,0.855,0.855,200,13164.475116
5687.569324,0.805,0.805,200,13169.326187
5708.541365,0.825,0.825,200,13176.05327
5727.685772,0.835,0.845,200,13180.783755
5761.87582,0.835,0.855,200,13185.614008
5788.724785,0.87,0.88,200,13190.259727
4255.700619,0.7,0.705,200,13194.934556
5668.44444,0.83,0.845,200,13199.690406
5625.2606,0.84,0.84,200,13204.364303
5792.278841,0.875,0.885,200,13208.900191
5757.118236,0.875,0.885,200,13213.50841
5688.98769,0.805,0.805,200,13218.247808
5672.753777,0.82,0.82,200,13225.082528
5780.550828,0.875,0.885,200,13229.84966
5702.782133,0.815,0.815,200,13234.536321
5665.397232,0.785,0.79,200,13239.239721
4903.596767,0.875,0.88,200,13243.887803
3529.385527,0.325,0.35,200,13248.608111
4709.864121,0.645,0.66,200,13253.37466
4857.226191,0.85,0.85,200,13258.072755
5749.397275,0.84,0.84,200,13262.893006
4186.869191,0.86,0.875,200,13267.625011
5763.843149,0.85,0.855,200,13274.577466
5796.20966,0.88,0.88,200,13279.136937
5706.32193,0.855,0.865,200,13283.613433
4660.726564,0.865,0.865,200,13288.311469
3346.953285,0.33,0.36,200,13292.876759
5701.057279,0.83,0.83,200,13297.461595
5655.736832,0.815,0.815,200,13302.003507
5588.22484,0.85,0.86,200,13306.668205
5631.615824,0.805,0.815,200,13311.386644
5722.373644,0.835,0.84,200,13316.04692
5700.075041,0.81,0.81,200,13323.03127
5658.087613,0.835,0.85,200,13327.675341
5665.196104,0.815,0.83,200,13332.415766
5785.380001,0.875,0.875,200,13337.04954
5653.872231,0.82,0.825,200,13341.907275
5752.045466,0.875,0.875,200,13346.520041
5773.571218,0.85,0.86,200,13351.050504
5739.930465,0.86,0.865,200,13355.657896
5684.476238,0.835,0.845,200,13360.358032
5698.496075,0.805,0.815,200,13364.959429
4635.054419,0.865,0.865,200,13371.753992
5768.192091,0.855,0.86,200,13376.493067
5752.559414,0.87,0.87,200,13381.199491
5684.107773,0.8,0.8,200,13385.812782
5715.719091,0.855,0.855,200,13390.432853
5762.516989,0.85,0.85,200,13395.201248
5762.590196,0.855,0.855,200,13399.921235
5748.748904,0.84,0.84,200,13404.668341
4691.25953,0.865,0.88,200,13409.549303
5680.490419,0.84,0.84,200,13414.221557
3589.568988,0.87,0.88,200,13421.04048
5650.074684,0.87,0.885,200,13425.726396
5491.761556,0.835,0.85,200,13430.265985
5709.745308,0.825,0.825,200,13434.923555
5675.79939,0.82,0.82,200,13439.459847
5701.402308,0.86,0.86,200,13444.042742
5751.344549,0.86,0.865,200,13448.719532
5778.836225,0.86,0.87,200,13453.457791
5741.683635,0.83,0.84,200,13458.008148
5675.612124,0.825,0.835,200,13462.739115
5750.98491,0.85,0.85,200,13469.732715
5676.682116,0.83,0.83,200,13474.442914
5687.397812,0.87,0.875,200,13479.113095
4720.560871,0.85,0.865,200,13483.762612
5793.531476,0.875,0.875,200,13488.354104
5608.977104,0.85,0.855,200,13492.897477
5594.189108,0.8,0.8,200,13497.598638
4741.70272,0.72,0.745,200,13502.256046
5717.622188,0.835,0.84,200,13506.88122
5666.183178,0.825,0.845,200,13511.34986
5634.47558,0.87,0.875,200,13518.206086
5676.175095,0.79,0.79,200,13522.872001
5752.383347,0.865,0.875,200,13527.503053
5162.164114,0.845,0.845,200,13532.207247
5589.539259,0.79,0.81,200,13536.952883
5710.452232,0.84,0.84,200,13541.626189
5745.69551,0.855,0.865,200,13546.235048
5664.395205,0.805,0.82,200,13550.881345
5767.941675,0.845,0.85,200,13555.539499
2317.980034,0.08,0.085,200,13559.978851
5535.218493,0.835,0.85,200,13566.968021
5769.616283,0.86,0.86,200,13571.656329
5517.29318,0.86,0.88,200,13576.243489
4847.732006,0.865,0.88,200,13580.913824
5684.735376,0.805,0.805,200,13585.572273
4948.512625,0.86,0.86,200,13590.357761
5595.688147,0.85,0.855,200,13595.110998
4286.175546,0.88,0.88,200,13599.932558
5735.459464,0.855,0.87,200,13604.486946
5713.479145,0.82,0.825,200,13609.171677
5615.485079,0.795,0.81,200,13615.997827
5704.166687,0.82,0.835,200,13620.675636
5764.691009,0.86,0.86,200,13625.421232
5689.200778,0.835,0.845,200,13630.152782
5708.292904,0.825,0.83,200,13634.78496
5682.556299,0.84,0.855,200,13639.483062
5743.113246,0.845,0.85,200,13644.120609
5719.984447,0.845,0.845,200,13648.581873
5636.799579,0.815,0.825,200,13653.210521
5775.325904,0.855,0.865,200,13657.754827
5440.080039,0.86,0.86,200,13664.540219
5772.400999,0.86,0.865,200,13669.18707
5483.142795,0.86,0.86,200,13673.750782
5067.342133,0.87,0.87,200,13678.221659
5760.282124,0.85,0.85,200,13682.738651
5719.136067,0.865,0.875,200,13687.265535
5783.684905,0.875,0.875,200,13691.865561
5485.026147,0.835,0.86,200,13696.484765
5717.287116,0.855,0.865,200,13700.999109
5555.040559,0.855,0.855,200,13705.48408
5659.318179,0.84,0.84,200,13712.287213
5778.929965,0.85,0.87,200,13716.801001
5694.389085,0.825,0.83,200,13721.36688
5070.840314,0.86,0.86,200,13725.839102
5784.848403,0.855,0.875,200,13730.403938
5583.850762,0.8,0.805,200,13734.940444
5771.611937,0.855,0.855,200,13739.435461
5722.298982,0.845,0.85,200,13743.902421
5745.646035,0.86,0.875,200,13748.591728
5686.055313,0.845,0.845,200,13753.145252
5651.704763,0.865,0.87,200,13759.826594
5628.65055,0.85,0.855,200,13764.425476
5608.217939,0.8,0.81,200,13769.033514
5647.214166,0.81,0.82,200,13773.677122
5700.617549,0.825,0.83,200,13778.432825
5767.643216,0.835,0.855,200,13783.051634
5726.824275,0.825,0.835,200,13787.52578
5682.076407,0.835,0.845,200,13792.204283
5724.588111,0.835,0.845,200,13796.893063
5716.067667,0.845,0.845,200,13801.585703
5293.648307,0.85,0.88,200,13808.429499
5126.253531,0.85,0.85,200,13813.092378
5677.503896,0.835,0.835,200,13817.731179
5699.820205,0.85,0.85,200,13822.376805
5698.212447,0.82,0.835,200,13827.04724
5569.491792,0.845,0.855,200,13831.712137
5710.55191,0.83,0.83,200,13836.215584
5684.093141,0.86,0.865,200,13840.916078
5634.449892,0.845,0.865,200,13845.520203
5698.332645,0.84,0.86,200,13850.205285
5766.695018,0.875,0.88,200,13857.144149
5631.777211,0.815,0.815,200,13861.827285
5619.907511,0.86,0.87,200,13866.469959
5696.923934,0.83,0.835,200,13871.050314
5679.344019,0.83,0.83,200,13875.617929
5738.706446,0.86,0.86,200,13880.371502
5282.171576,0.845,0.85,200,13884.918355
5744.061973,0.84,0.84,200,13889.601375
5682.14303,0.83,0.83,200,13894.250331
5712.957299,0.825,0.825,200,13898.817562
5680.129585,0.815,0.83,200,13905.480927
5709.594593,0.82,0.82,200,13910.131556
5711.915015,0.855,0.87,200,13914.711045
5729.820447,0.83,0.835,200,13919.324142
5754.498233,0.855,0.855,200,13924.082784
5761.423296,0.865,0.87,200,13928.635051
5692.506717,0.81,0.81,200,13933.173984
5652.75366,0.87,0.87,200,13937.822972
5488.462631,0.845,0.855,200,13942.570949
5701.752078,0.825,0.825,200,13947.160088
4798.779529,0.865,0.865,200,13953.952344
5780.663337,0.86,0.87,200,13958.327479
3602.788503,0.365,0.39,200,13962.910556
4348.325618,0.47,0.5,200,13967.514829
5696.631881,0.84,0.84,200,13972.233441
5663.822852,0.82,0.82,200,13976.677387
4567.882242,0.85,0.855,200,13981.274642
5258.925285,0.81,0.81,200,13985.967416
5717.585602,0.855,0.86,200,13990.503789
5721.242628,0.83,0.83,200,13995.180091
4895.661817,0.675,0.7,200,14002.000938
5734.913131,0.83,0.835,200,14006.807396
5649.683719,0.835,0.84,200,14011.485555
5735.071897,0.84,0.845,200,14016.117564
4595.806802,0.66,0.685,200,14020.727047
5693.833327,0.87,0.875,200,14025.496666
5646.383253,0.825,0.825,200,14030.207587
5648.579312,0.865,0.88,200,14034.932965
5037.199379,0.84,0.86,200,14039.499604
5743.869147,0.85,0.865,200,14044.186189
5772.161397,0.86,0.865,200,14051.108259
5758.9122,0.855,0.855,200,14055.590434
5740.190034,0.855,0.855,200,14060.220231
5218.125988,0.815,0.82,200,14064.871649
5732.236732,0.865,0.87,200,14069.380236
5634.64479,0.84,0.845,200,14074.099392
5718.530741,0.82,0.825,200,14078.737597
5702.320015,0.81,0.815,200,14083.346258
5677.093907,0.845,0.85,200,14088.049182
5772.870827,0.85,0.865,200,14092.571492
5661.870798,0.805,0.825,200,14099.278561
5315.791975,0.85,0.855,200,14103.930767
5645.303324,0.805,0.805,200,14108.535381
5689.064634,0.835,0.84,200,14113.200915
5699.397925,0.83,0.83,200,14117.867572
5674.354464,0.875,0.88,200,14122.430223
5127.376133,0.87,0.87,200,14127.017045
5623.040027,0.8,0.81,200,14131.772182
5709.852854,0.81,0.825,200,14136.347844
4029.769248,0.43,0.445,200,14140.899033
4725.363698,0.25,0.29,200,14147.625117
5764.062814,0.86,0.865,200,14152.291974
5735.987522,0.86,0.86,200,14156.887776
5710.02012,0.825,0.825,200,14161.526645
5525.243644,0.855,0.86,200,14166.24856
5414.851698,0.85,0.85,200,14170.928768
5672.546843,0.845,0.85,200,14175.533194
5059.744753,0.855,0.87,200,14180.356961
5410.646724,0.815,0.855,200,14184.916862
4286.642093,0.52,0.53,200,14189.44481
5733.068879,0.85,0.86,200,14196.294578
5703.804171,0.835,0.835,200,14200.952528
5688.867708,0.875,0.88,200,14205.618343
5718.94265,0.86,0.86,200,14210.370472
5621.257256,0.805,0.81,200,14214.990767
5708.071143,0.84,0.84,200,14219.683494
5783.411764,0.87,0.875,200,14224.407289
5662.601936,0.845,0.845,200,14229.04561
5754.090418,0.845,0.855,200,14233.705615
5417.165591,0.86,0.86,200,14238.46951
5549.464329,0.845,0.865,200,14245.335376
5776.742072,0.865,0.87,200,14250.019145
5636.614994,0.845,0.845,200,14254.692276
5646.100151,0.845,0.845,200,14259.400914
5780.300406,0.865,0.87,200,14264.162059
4980.778968,0.87,0.87,200,14268.829449
5712.458834,0.83,0.83,200,14273.421622
5002.455696,0.835,0.88,200,14278.082232
5748.146292,0.845,0.845,200,14282.768613
4467.194877,0.805,0.81,200,14287.442266
5701.438765,0.825,0.83,200,14294.186296
5756.402391,0.84,0.845,200,14298.918398
5680.429489,0.87,0.875,200,14303.568926
5585.103269,0.835,0.835,200,14308.310202
5688.215512,0.835,0.85,200,14312.944941
5717.893413,0.825,0.83,200,14317.59324
5697.420375,0.835,0.835,200,14322.197143
5741.318865,0.835,0.85,200,14326.791147
5710.786652,0.855,0.855,200,14331.464196
5712.703793,0.835,0.835,200,14336.075677
5730.900926,0.86,0.865,200,14342.984542
5686.982839,0.845,0.845,200,14347.665828
5699.877047,0.845,0.86,200,14352.308697
5378.559303,0.86,0.86,200,14357.051267
5585.293019,0.855,0.885,200,14361.670408
5728.372886,0.86,0.86,200,14366.346335
3940.94377,0.605,0.625,200,14371.025231
5706.3254,0.83,0.84,200,14375.595531
5302.406907,0.84,0.84,200,14380.319617
5784.525604,0.86,0.875,200,14385.033381
5664.446339,0.84,0.875,200,14391.922143
5659.805657,0.81,0.82,200,14396.681706
4365.007424,0.7,0.715,200,14401.414587
5685.903787,0.81,0.81,200,14406.115751
3550.447336,0.455,0.47,200,14410.923428
5697.026227,0.855,0.865,200,14415.543024
5430.215968,0.835,0.835,200,14420.171706
5727.854935,0.865,0.88,200,14424.921074
5773.429264,0.85,0.86,200,14429.562617
5626.021857,0.855,0.855,200,14434.254477
5660.530471,0.84,0.855,200,14441.171923
5708.124366,0.815,0.82,200,14445.8406
5772.465971,0.855,0.865,200,14450.441897
4766.584797,0.865,0.87,200,14455.084206
5680.91337,0.835,0.845,200,14459.800905
3611.711239,0.305,0.345,200,14464.455253
5701.610522,0.825,0.83,200,14469.133341
5731.559283,0.835,0.84,200,14473.754125
5694.139677,0.82,0.82,200,14478.371333
5680.359565,0.84,0.84,200,14483.062629
5757.523986,0.845,0.845,200,14489.709035
5637.243616,0.805,0.825,200,14494.238698
5770.236809,0.86,0.86,200,14498.840296
5658.275385,0.865,0.87,200,14503.384854
5702.366642,0.83,0.84,200,14507.934909
5702.347752,0.865,0.865,200,14512.519135
4813.785903,0.855,0.86,200,14516.961015
4862.782642,0.86,0.865,200,14521.641892
5097.880009,0.855,0.855,200,14526.343185
5664.80636,0.835,0.835,200,14530.905641
3626.078692,0.345,0.36,200,14537.839723
5755.800136,0.855,0.855,200,14542.497411
5717.720533,0.83,0.83,200,14547.07774
5478.363386,0.855,0.855,200,14551.600013
5755.992537,0.845,0.845,200,14556.221289
5703.123352,0.815,0.82,200,14560.67721
5624.364545,0.8,0.815,200,14565.268866
5710.867708,0.825,0.83,200,14569.810789
5574.583647,0.825,0.885,200,14574.470763
5673.688351,0.855,0.855,200,14579.037059
5662.042044,0.805,0.82,200,14585.912379
5682.320469,0.8,0.8,200,14590.573547
4717.586036,0.61,0.64,200,14595.111162
5176.280377,0.775,0.8,200,14599.627981
5641.640153,0.82,0.82,200,14604.23615
5688.57457,0.845,0.845,200,14608.979455
5705.726278,0.82,0.82,200,14613.590754
5716.572831,0.825,0.845,200,14618.3301
5775.324692,0.865,0.865,200,14622.919672
5435.685081,0.85,0.85,200,14627.389069
5550.438934,0.84,0.85,200,14634.384411
3728.893305,0.65,0.665,200,14639.119668
4322.045273,0.88,0.88,200,14643.805129
4981.28867,0.855,0.86,200,14648.542916
5679.104655,0.825,0.83,200,14653.156755
4919.122069,0.86,0.86,200,14657.92682
5704.974996,0.825,0.84,200,14662.666051
5674.171126,0.835,0.835,200,14667.190763
5765.605441,0.86,0.86,200,14671.836448
5119.087094,0.85,0.85,200,14676.410382
5082.301978,0.86,0.86,200,14683.132328
5626.431501,0.845,0.865,200,14687.858941
5692.364771,0.835,0.84,200,14692.5493
5681.518759,0.845,0.87,200,14697.138135
5780.037981,0.86,0.87,200,14701.802421
5691.358318,0.82,0.825,200,14706.387277
4724.659602,0.765,0.79,200,14710.932754
5688.961149,0.835,0.835,200,14715.667909
5730.93676,0.85,0.87,200,14720.297903
5719.538733,0.835,0.845,200,14725.061513
5758.492591,0.84,0.855,200,14731.95411
5697.563671,0.83,0.83,200,14736.586385
5692.782158,0.84,0.84,200,14741.309993
5701.232627,0.86,0.87,200,14745.862662
5751.364082,0.85,0.855,200,14750.497098
5739.869406,0.855,0.86,200,14755.188116
5561.32865,0.855,0.855,200,14759.815351
5666.256649,0.83,0.83,200,14764.385179
4890.058134,0.84,0.845,200,14768.878897
5765.574712,0.855,0.86,200,14773.615865
5777.209315,0.86,0.865,200,14780.360504
5773.095895,0.855,0.86,200,14784.937551
5691.411271,0.86,0.865,200,14789.592239
5613.085754,0.815,0.815,200,14794.123801
5620.074507,0.805,0.81,200,14798.751878
5725.724018,0.845,0.845,200,14803.455122
5694.869044,0.825,0.825,200,14808.191068
5631.343302,0.81,0.81,200,14812.833822
5775.040153,0.86,0.86,200,14817.5042
5708.158925,0.815,0.82,200,14822.204193
5692.904894,0.845,0.845,200,14829.132189
5163.121309,0.87,0.87,200,14833.731783
5713.559686,0.875,0.88,200,14838.275177
5730.083601,0.825,0.84,200,14842.807265
4887.450949,0.7,0.705,200,14847.371448
5663.748688,0.835,0.845,200,14852.149802
5749.773801,0.835,0.845,200,14856.592645
4919.063294,0.695,0.72,200,14861.081341
5767.920416,0.855,0.855,200,14865.685016
5717.683458,0.82,0.83,200,14870.355642
5772.028232,0.86,0.86,200,14876.991671
5714.541858,0.825,0.84,200,14881.52584
5714.335733,0.83,0.835,200,14886.053922
5622.374326,0.81,0.82,200,14890.495122
5464.484807,0.835,0.84,200,14895.037583
5700.828897,0.83,0.835,200,14899.488268
5747.084952,0.855,0.865,200,14903.883887
5778.096306,0.86,0.87,200,14908.391831
5635.285304,0.815,0.815,200,14912.76745
4696.811559,0.85,0.855,200,14917.198196
5706.42777,0.83,0.835,200,14923.921266
5694.738857,0.825,0.83,200,14928.34198
5766.738001,0.87,0.87,200,14932.818337
5729.339441,0.855,0.86,200,14937.322989
5676.616646,0.815,0.825,200,14941.94664
5671.424466,0.86,0.875,200,14946.650267
5733.94094,0.875,0.875,200,14951.160969
5711.602517,0.835,0.84,200,14955.748811
5768.554467,0.86,0.865,200,14960.186381
5528.37403,0.855,0.87,200,14964.556763
5681.357186,0.87,0.87,200,14971.059675
5696.383414,0.82,0.825,200,14975.598194
5547.285773,0.845,0.855,200,14980.23387
5709.950893,0.83,0.83,200,14984.715177
5344.235958,0.865,0.865,200,14989.289425
5740.620682,0.85,0.85,200,14993.803749
5088.590253,0.855,0.855,200,14998.145662
5715.646169,0.865,0.87,200,15002.709251
5746.264842,0.86,0.88,200,15007.255113
5717.171955,0.825,0.83,200,15011.698141
5692.883975,0.865,0.87,200,15018.547787
4643.921071,0.875,0.875,200,15022.842511
5754.06307,0.845,0.845,200,15027.268644
5702.573279,0.81,0.825,200,15031.99194
5670.360407,0.88,0.88,200,15036.509425
5782.084714,0.865,0.87,200,15041.09061
5761.532962,0.85,0.85,200,15045.767873
5416.202803,0.835,0.84,200,15050.360608
5724.376343,0.85,0.85,200,15054.828598
5710.615896,0.83,0.85,200,15059.350836
5703.84084,0.84,0.85,200,15066.366947
5772.471195,0.855,0.855,200,15070.882132
5691.736625,0.835,0.835,200,15075.500536
4893.096497,0.87,0.87,200,15080.049444
5781.704961,0.87,0.87,200,15084.7414
5736.476571,0.86,0.87,200,15089.559985
5795.650985,0.875,0.88,200,15094.274565
5367.239501,0.865,0.865,200,15098.885919
5742.658538,0.86,0.86,200,15103.385331
5694.151901,0.84,0.84,200,15107.979613
5671.94447,0.835,0.855,200,15114.456854
5718.071797,0.825,0.83,200,15118.912763
5687.898595,0.835,0.835,200,15123.308777
5717.044749,0.855,0.86,200,15127.600892
4687.319028,0.725,0.76,200,15131.901292
5601.985797,0.85,0.875,200,15136.411664
4799.483878,0.85,0.85,200,15140.720644
5774.474947,0.86,0.86,200,15145.20829
4557.170689,0.635,0.645,200,15149.71851
5757.364074,0.85,0.855,200,15154.333718
5706.82148,0.82,0.82,200,15160.898415
5760.18032,0.86,0.87,200,15165.236794
5695.645679,0.815,0.815,200,15169.867487
5745.728024,0.845,0.85,200,15174.357743
5129.017512,0.875,0.875,200,15179.047838
5738.761029,0.85,0.85,200,15183.718057
5783.009479,0.88,0.88,200,15188.245751
5699.527074,0.82,0.82,200,15192.830465
5713.599295,0.835,0.835,200,15197.371506
5715.23823,0.835,0.835,200,15201.89105
5688.202111,0.84,0.85,200,15208.745315
5788.889757,0.875,0.875,200,15213.219346
5623.875248,0.8,0.815,200,15217.773154
5775.844168,0.855,0.865,200,15222.209469
5674.024512,0.835,0.835,200,15226.669414
5708.947591,0.82,0.82,200,15231.171145
5672.744906,0.84,0.85,200,15235.612432
5678.31203,0.84,0.855,200,15240.047786
5308.875802,0.855,0.855,200,15244.505183
5661.023189,0.82,0.82,200,15248.929697
5740.345637,0.84,0.85,200,15255.291393
5112.698805,0.865,0.865,200,15259.520587
5716.285583,0.84,0.84,200,15264.05052
5764.795384,0.86,0.87,200,15268.570097
5264.495284,0.845,0.855,200,15273.136822
4685.874735,0.885,0.885,200,15277.457482
5797.261864,0.875,0.88,200,15281.888729
5737.061147,0.86,0.87,200,15286.41215
5715.406556,0.82,0.83,200,15291.049811
4895.813628,0.87,0.87,200,15295.754366
5623.868346,0.81,0.815,200,15302.40042
5239.684862,0.875,0.875,200,15307.039601
5694.757561,0.81,0.81,200,15311.718746
5707.767966,0.82,0.82,200,15316.232101
5670.581966,0.815,0.825,200,15320.755717
5754.157453,0.855,0.855,200,15325.370642
5563.199266,0.855,0.855,200,15330.075844
5700.357306,0.83,0.835,200,15334.771949
5707.932634,0.83,0.83,200,15339.462814
5748.236945,0.845,0.85,200,15344.195957
5714.502453,0.825,0.84,200,15351.197745
5780.05325,0.865,0.875,200,15355.912396
5678.674746,0.845,0.85,200,15360.690826
5456.12887,0.865,0.865,200,15365.452241
5576.324039,0.86,0.86,200,15370.100146
5720.213419,0.85,0.85,200,15374.824787
5687.705808,0.795,0.795,200,15379.566459
5141.678879,0.86,0.86,200,15384.32457
5704.753137,0.82,0.82,200,15388.807233
5510.865783,0.81,0.81,200,15393.57779
5581.262715,0.865,0.875,200,15400.018332
5100.472912,0.87,0.87,200,15404.665756
5120.672242,0.87,0.87,200,15409.341801
5663.758092,0.86,0.86,200,15414.03039
5709.009092,0.815,0.815,200,15418.541092
5700.220403,0.81,0.81,200,15423.135986
5739.138064,0.875,0.88,200,15427.525878
5654.091056,0.81,0.82,200,15432.17433
5748.694703,0.875,0.875,200,15436.874764
5636.749345,0.81,0.81,200,15441.489183
5675.743443,0.83,0.83,200,15448.42615
5612.259843,0.86,0.86,200,15453.156689
5689.934532,0.805,0.805,200,15457.769025
5736.316409,0.845,0.845,200,15462.408419
5667.295237,0.85,0.85,200,15467.120019
5689.519778,0.835,0.835,200,15471.775309
5741.811735,0.865,0.88,200,15476.53736
5785.420569,0.87,0.875,200,15481.234081
5714.968517,0.825,0.83,200,15485.987881
5711.997472,0.825,0.83,200,15490.762609
5078.737186,0.46,0.465,200,15497.69004
5690.91406,0.82,0.83,200,15502.237751
5718.622887,0.82,0.82,200,15506.89456
5381.524039,0.855,0.86,200,15511.580838
5783.37221,0.865,0.87,200,15516.317335
5711.913098,0.845,0.855,200,15520.997248
5781.108559,0.87,0.875,200,15525.780318
5710.324709,0.835,0.84,200,15530.533642
5679.133227,0.84,0.85,200,15535.291753
5606.251836,0.84,0.84,200,15539.982329
5680.837387,0.82,0.83,200,15546.88407
5769.728273,0.855,0.86,200,15551.546341
5617.46937,0.81,0.81,200,15556.29676
5706.617339,0.825,0.825,200,15561.116651
5134.47122,0.855,0.875,200,15565.834562
5570.103025,0.875,0.885,200,15570.672734
5700.353003,0.825,0.835,200,15575.486006
4869.038435,0.84,0.84,200,15580.27509
5470.073161,0.86,0.86,200,15584.99102
5687.287215,0.865,0.865,200,15589.62489
5721.250774,0.84,0.84,200,15596.291603
5721.65992,0.83,0.83,200,15600.997313
5692.099291,0.83,0.83,200,15605.671666
5692.910295,0.81,0.815,200,15610.337246
5639.500187,0.85,0.86,200,15615.170686
5526.470346,0.755,0.755,200,15619.870831
5143.623881,0.88,0.885,200,15624.571108
5778.349312,0.87,0.87,200,15629.311822
5792.684397,0.885,0.89,200,15634.002289
5635.424035,0.81,0.81,200,15638.804979
5740.289993,0.85,0.85,200,15645.818139
5102.02468,0.86,0.86,200,15650.578618
5205.48519,0.755,0.785,200,15655.272253
4767.863173,0.87,0.87,200,15660.061862
5730.477243,0.855,0.86,200,15664.787166
5761.571023,0.855,0.865,200,15669.524486
5737.611197,0.845,0.845,200,15674.201529
5784.363442,0.87,0.87,200,15678.912278
4309.584611,0.66,0.695,200,15683.53281
5557.998582,0.865,0.865,200,15688.217355
5347.768034,0.82,0.865,200,15695.162563
5647.119814,0.82,0.82,200,15699.945397
5670.194471,0.845,0.855,200,15704.62315
5675.599704,0.83,0.83,200,15709.271785
5713.461075,0.815,0.835,200,15714.004797
5667.322408,0.83,0.83,200,15718.668251
5785.60483,0.89,0.89,200,15723.354279
5699.17875,0.82,0.82,200,15728.052668
5766.308325,0.87,0.88,200,15732.782423
5667.746812,0.835,0.84,200,15737.484185
5793.826084,0.855,0.88,200,15744.42258
5299.349324,0.885,0.89,200,15749.144941
5765.798304,0.875,0.875,200,15753.937604
5784.11628,0.89,0.89,200,15758.610281
5715.093279,0.835,0.835,200,15763.276083
5706.203391,0.815,0.825,200,15768.100299
5189.008048,0.86,0.865,200,15772.804194
5620.260124,0.8,0.81,200,15777.487514
5700.96402,0.835,0.85,200,15782.149907
5717.509206,0.825,0.825,200,15786.786713
5710.234548,0.825,0.825,200,15793.737717
5738.144112,0.87,0.88,200,15798.352046
5522.19692,0.795,0.795,200,15803.005884
5711.653285,0.845,0.845,200,15807.782654
5719.475796,0.825,0.83,200,15812.4604
5763.31641,0.865,0.87,200,15817.213813
5717.989983,0.875,0.885,200,15822.017445
5717.023597,0.845,0.845,200,15826.671491
5211.822455,0.86,0.86,200,15831.366098
5735.740714,0.835,0.835,200,15836.135342
5742.172093,0.85,0.85,200,15843.075532
5766.547898,0.875,0.875,200,15847.938908
5629.884241,0.81,0.815,200,15852.593866
5695.521277,0.8,0.81,200,15857.241666
5707.680121,0.835,0.835,200,15862.041629
5786.016873,0.865,0.875,200,15866.5732
5678.010861,0.85,0.855,200,15871.336125
5521.674628,0.88,0.88,200,15876.124887
5710.048547,0.815,0.815,200,15880.925975
5629.789894,0.805,0.81,200,15885.672832
5566.846309,0.835,0.855,200,15892.46034
5792.67155,0.865,0.875,200,15897.218072
5375.501085,0.85,0.86,200,15902.020625
5646.954256,0.8,0.82,200,15906.667734
5704.1504,0.805,0.815,200,15911.418837
5684.900671,0.865,0.87,200,15916.128128
5670.689692,0.85,0.855,200,15920.889571
5711.988933,0.84,0.85,200,15925.608967
5741.429491,0.85,0.85,200,15930.279283
5743.560817,0.86,0.86,200,15935.076904
5703.961848,0.82,0.82,200,15941.940927
5789.100193,0.87,0.87,200,15946.589126
5706.697015,0.815,0.815,200,15951.325737
5689.106078,0.85,0.85,200,15956.235549
5677.840556,0.85,0.85,200,15960.925405
5750.669497,0.87,0.885,200,15965.669196
5733.370698,0.845,0.845,200,15970.304884
5698.827012,0.835,0.835,200,15975.058956
5702.775712,0.84,0.84,200,15979.87093
5730.247157,0.835,0.845,200,15984.556017
5705.093509,0.86,0.865,200,15991.657272
5698.857412,0.845,0.855,200,15996.401234
5707.680895,0.83,0.84,200,16001.19419
5121.188089,0.88,0.88,200,16005.943055
5730.458786,0.865,0.875,200,16010.67503
5785.182407,0.88,0.89,200,16015.336286
5678.604745,0.845,0.845,200,16019.923424
5775.996477,0.855,0.86,200,16024.642543
5707.392325,0.82,0.825,200,16029.413807
5750.45249,0.86,0.875,200,16034.126512
5762.806697,0.87,0.87,200,16041.1608
5772.083199,0.865,0.88,200,16045.906073
5618.19297,0.82,0.82,200,16050.583889
5699.58134,0.815,0.815,200,16055.26424
5742.220618,0.83,0.845,200,16060.038201
5409.721821,0.8,0.83,200,16064.757573
4437.667051,0.87,0.87,200,16069.620897
5679.647341,0.86,0.88,200,16074.355875
4893.606411,0.875,0.875,200,16079.110992
5773.173859,0.86,0.875,200,16083.749115
5631.678562,0.845,0.845,200,16090.46981
5779.019431,0.865,0.865,200,16095.111894
5768.102408,0.865,0.865,200,16099.88255
5804.111717,0.885,0.885,200,16104.535858
4945.774046,0.635,0.65,200,16109.332313
5738.274895,0.85,0.85,200,16114.135185
5563.780597,0.84,0.875,200,16118.859632
5737.766371,0.86,0.875,200,16123.588244
4626.432464,0.52,0.54,200,16128.253949
5721.951182,0.845,0.845,200,16132.955325
5758.869965,0.86,0.865,200,16140.154374
5203.046971,0.86,0.86,200,16144.955415
5738.210287,0.85,0.85,200,16149.72802
5668.450532,0.84,0.85,200,16154.577837
5198.286209,0.875,0.875,200,16159.268417
5708.560047,0.835,0.84,200,16164.154977
5464.076523,0.85,0.85,200,16168.862137
5725.222447,0.86,0.865,200,16173.691576
5618.341557,0.835,0.835,200,16178.517369
5695.490312,0.835,0.835,200,16183.277231
5690.83299,0.835,0.835,200,16190.265996
5673.795896,0.815,0.83,200,16195.016589
5769.409058,0.86,0.875,200,16199.770844
5757.04985,0.865,0.87,200,16204.602644
5711.764154,0.815,0.82,200,16209.350554
5539.883673,0.86,0.86,200,16214.172642
3651.826315,0.875,0.88,200,16218.921775
5786.42364,0.875,0.875,200,16223.777214
5704.649078,0.825,0.825,200,16228.497525
5779.928156,0.885,0.885,200,16233.303041
5722.158771,0.865,0.875,200,16240.334033
5289.614256,0.875,0.875,200,16245.104203
5547.346398,0.865,0.88,200,16249.823822
5694.395022,0.81,0.81,200,16254.560789
4892.835589,0.865,0.875,200,16259.173702
5620.97637,0.805,0.81,200,16263.833869
4641.637396,0.59,0.62,200,16268.452784
4958.472795,0.69,0.72,200,16273.067152
5732.557165,0.875,0.875,200,16277.720347
5666.628943,0.85,0.85,200,16282.419656
5652.9444,0.805,0.82,200,16289.333619
5616.857621,0.82,0.82,200,16294.144835
5623.264132,0.795,0.81,200,16298.986452
5547.743598,0.865,0.865,200,16303.758738
5710.49515,0.83,0.835,200,16308.472777
5078.1546,0.88,0.88,200,16313.134655
5631.39291,0.815,0.815,200,16317.949003
5332.004413,0.87,0.87,200,16322.612616
4296.363112,0.88,0.88,200,16327.199548
5670.359053,0.845,0.85,200,16331.838382
5607.465595,0.81,0.81,200,16338.706555
5671.1249,0.84,0.875,200,16343.385543
5774.064453,0.88,0.88,200,16348.027111
5775.235907,0.87,0.875,200,16352.657138
5724.216146,0.835,0.84,200,16357.283135
5675.973946,0.855,0.855,200,16362.034461
5156.775901,0.865,0.87,200,16366.788017
5705.987014,0.835,0.835,200,16371.506836
5790.213389,0.855,0.87,200,16376.051979
5780.987479,0.86,0.87,200,16380.730345
5762.977427,0.87,0.885,200,16387.678633
5728.017701,0.835,0.855,200,16392.368168
5689.878006,0.805,0.805,200,16397.178703
5768.574248,0.855,0.86,200,16401.858322
5696.054516,0.815,0.815,200,16406.658239
5670.860721,0.83,0.83,200,16411.375522
5670.816494,0.855,0.86,200,16416.146503
5788.361204,0.885,0.885,200,16420.862664
5268.596261,0.865,0.865,200,16425.532158
5700.864655,0.835,0.835,200,16430.358214
5771.235071,0.855,0.875,200,16437.27139
5639.551305,0.82,0.82,200,16442.117178
5782.472996,0.86,0.865,200,16446.864562
5742.735616,0.875,0.875,200,16451.50283
4874.179517,0.88,0.89,200,16456.12845
5708.932115,0.825,0.825,200,16460.798187
5583.401316,0.85,0.85,200,16465.484367
5747.776345,0.84,0.84,200,16470.228409
5280.663184,0.865,0.865,200,16474.893416
5683.880688,0.835,0.835,200,16479.478971
5733.649608,0.855,0.855,200,16486.257447
5770.784642,0.865,0.865,200,16490.973692
5783.426258,0.865,0.875,200,16495.62127
5711.380495,0.845,0.845,200,16500.286308
5691.963131,0.86,0.865,200,16504.987501
5229.56665,0.86,0.86,200,16509.668703
5711.506996,0.815,0.82,200,16514.313684
4339.144597,0.88,0.88,200,16519.059219
5696.841364,0.845,0.855,200,16523.679981
5698.190922,0.825,0.83,200,16528.33723
5772.339102,0.86,0.86,200,16535.278654
5654.207898,0.855,0.855,200,16540.052532
5776.643419,0.86,0.865,200,16544.737634
5699.15337,0.84,0.85,200,16549.459275
5777.940971,0.88,0.88,200,16554.159737
4923.984695,0.875,0.875,200,16558.766855
4648.16117,0.71,0.745,200,16563.42752
5727.590947,0.865,0.88,200,16568.040911
5344.876099,0.855,0.865,200,16572.84579
5718.066994,0.835,0.835,200,16577.620048
5701.863506,0.845,0.85,200,16584.78337
5036.023972,0.87,0.87,200,16589.615803
5648.68469,0.855,0.855,200,16594.481526
5748.10808,0.845,0.855,200,16599.17282
5762.102046,0.87,0.87,200,16604.003085
5732.09516,0.83,0.845,200,16608.76832
5108.479461,0.875,0.88,200,16613.443286
5631.232878,0.81,0.815,200,16618.159205
5672.989922,0.84,0.84,200,16622.826176
5776.318387,0.85,0.865,200,16627.546207
5707.179237,0.825,0.825,200,16634.437017
5694.442515,0.85,0.855,200,16639.218242
5780.645963,0.845,0.87,200,16643.963805
5719.938667,0.83,0.83,200,16648.57114
5778.63515,0.87,0.87,200,16653.314363
5765.849311,0.865,0.875,200,16657.902859
5755.605667,0.88,0.88,200,16662.529503
5757.219525,0.865,0.87,200,16667.195663
5743.529856,0.85,0.855,200,16671.939714
5775.026286,0.875,0.875,200,16676.586685
5208.52097,0.64,0.655,200,16683.339358
5761.233304,0.865,0.865,200,16688.037741
4933.571124,0.88,0.88,200,16692.768634
5717.204835,0.855,0.865,200,16697.390337
5784.672797,0.87,0.87,200,16702.026082
5790.694883,0.89,0.9,200,16706.799425
5604.128729,0.85,0.86,200,16711.498533
5399.54805,0.86,0.86,200,16716.215211
5157.547875,0.87,0.87,200,16720.915005
5710.671159,0.87,0.885,200,16725.483911
5528.897087,0.86,0.87,200,16732.425403
5810.131656,0.89,0.89,200,16737.160821
5756.672084,0.855,0.865,200,16741.87607
5646.317093,0.875,0.895,200,16746.621859
5783.865206,0.855,0.87,200,16751.406613
5680.522114,0.845,0.86,200,16756.069088
5718.45861,0.85,0.865,200,16760.780205
5731.393074,0.855,0.855,200,16765.436332
5761.378382,0.865,0.865,200,16770.088047
5731.909876,0.87,0.87,200,16774.918574
5680.884783,0.8,0.8,200,16781.810284
5579.85727,0.835,0.885,200,16786.704123
5642.885978,0.855,0.865,200,16791.40425
5650.747969,0.825,0.825,200,16796.02078
5737.900394,0.865,0.875,200,16800.61091
5650.649872,0.855,0.855,200,16805.453779
5700.970051,0.815,0.815,200,16810.149655
5707.839262,0.84,0.84,200,16814.921814
5688.157312,0.855,0.87,200,16819.696418
5545.140932,0.82,0.86,200,16824.45918
5762.240063,0.85,0.855,200,16831.33296
5435.312116,0.865,0.865,200,16836.115536
5784.88945,0.875,0.875,200,16840.695395
5722.414254,0.84,0.84,200,16845.442373
5631.739216,0.8,0.815,200,16850.112292
5677.535482,0.855,0.86,200,16854.765012
4801.183101,0.885,0.885,200,16859.553561
5022.718139,0.885,0.885,200,16864.174497
5745.032099,0.845,0.855,200,16868.705823
4288.015766,0.885,0.885,200,16873.408359
5278.972117,0.885,0.885,200,16880.377207
5709.572385,0.84,0.84,200,16885.007938
5691.634029,0.8,0.81,200,16889.625879
5699.596596,0.835,0.835,200,16894.390341
5637.618965,0.81,0.81,200,16899.192912
4903.275601,0.88,0.88,200,16903.94478
5610.238814,0.785,0.795,200,16908.712527
5794.340656,0.875,0.875,200,16913.366714
5360.857221,0.875,0.875,200,16918.114219
5715.744828,0.835,0.835,200,16922.700557
5698.084191,0.815,0.815,200,16929.59004
5725.39699,0.855,0.865,200,16934.284425
5541.576884,0.84,0.87,200,16938.829216
5460.61315,0.885,0.885,200,16943.440144
5711.386116,0.85,0.88,200,16948.178949
5705.183313,0.825,0.825,200,16952.93357
5774.521624,0.855,0.86,200,16957.728731
5704.934684,0.845,0.845,200,16962.424009
5721.534739,0.85,0.865,200,16967.101737
5782.863503,0.865,0.865,200,16971.872739
5685.690324,0.805,0.805,200,16978.488312
5709.387414,0.835,0.835,200,16983.174096
5736.492565,0.875,0.875,200,16987.743994
5795.475197,0.88,0.88,200,16992.340456
5787.150331,0.865,0.875,200,16996.909376
5786.500041,0.88,0.88,200,17001.470961
5675.751943,0.83,0.83,200,17006.202369
5706.045174,0.835,0.835,200,17010.703224
5724.672971,0.865,0.87,200,17015.217126
5767.754959,0.84,0.845,200,17019.76031
5681.944028,0.795,0.8,200,17026.633399
5742.183013,0.84,0.845,200,17031.07933
5679.112395,0.845,0.86,200,17035.591769
5696.476293,0.85,0.85,200,17040.091791
5699.94838,0.845,0.855,200,17044.66956
5773.448886,0.87,0.87,200,17049.185088
5610.273682,0.855,0.88,200,17053.681055
5784.206906,0.865,0.875,200,17058.133892
5753.646707,0.875,0.88,200,17062.567336
5731.299848,0.84,0.845,200,17067.131084
5798.750165,0.875,0.88,200,17073.946218
5104.642233,0.88,0.88,200,17078.429261
5697.821748,0.815,0.815,200,17083.013163
5684.50205,0.86,0.86,200,17087.461793
5773.337192,0.845,0.855,200,17091.941763
5678.286635,0.85,0.86,200,17096.621504
5724.037892,0.835,0.84,200,17101.273074
5628.282904,0.855,0.875,200,17105.918288
5693.999072,0.83,0.83,200,17110.410346
5699.032417,0.815,0.815,200,17114.920074
5616.029074,0.815,0.815,200,17121.779528
5692.40988,0.855,0.86,200,17126.479544
5780.96795,0.87,0.87,200,17131.083416
5781.76043,0.865,0.865,200,17135.662308
5703.501658,0.87,0.87,200,17140.26905
5800.992496,0.885,0.885,200,17144.976174
5628.534853,0.81,0.81,200,17149.428023
2975.855422,0.885,0.895,200,17154.045056
5733.488748,0.855,0.86,200,17158.579477
5786.994559,0.87,0.875,200,17163.140169
5721.995852,0.83,0.84,200,17169.785772
5654.837258,0.835,0.85,200,17174.34219
5711.561032,0.84,0.84,200,17178.973096
5224.576171,0.855,0.87,200,17183.560036
5092.087807,0.85,0.87,200,17188.223868
5782.800358,0.865,0.865,200,17192.877579
5782.801559,0.86,0.87,200,17197.292057
5683.712975,0.8,0.81,200,17202.038965
5715.847976,0.82,0.825,200,17206.85505
5692.440016,0.83,0.835,200,17211.674455
5678.015477,0.83,0.835,200,17218.565797
5696.993441,0.845,0.845,200,17223.274384
5489.70773,0.85,0.855,200,17227.995212
5714.053634,0.84,0.84,200,17232.730309
4497.315048,0.88,0.88,200,17237.424937
5525.227429,0.865,0.87,200,17242.206872
5679.906077,0.835,0.835,200,17246.934841
5761.300822,0.855,0.855,200,17251.750037
5688.702723,0.83,0.835,200,17256.484613
5136.884198,0.875,0.875,200,17261.182443
5637.950169,0.855,0.86,200,17268.300224
5713.016928,0.865,0.875,200,17273.028286
5351.354328,0.715,0.735,200,17277.756093
5217.989535,0.885,0.885,200,17282.378598
5706.533511,0.825,0.825,200,17287.056825
5719.766379,0.845,0.845,200,17291.807026
5344.541101,0.86,0.865,200,17296.632704
5566.087693,0.83,0.85,200,17301.381398
5656.366956,0.835,0.84,200,17306.164768
5669.03599,0.855,0.87,200,17310.807588
5778.455839,0.86,0.875,200,17317.780365
5556.588289,0.865,0.865,200,17322.536886
5801.738722,0.88,0.885,200,17327.09019
5676.871539,0.845,0.845,200,17331.839597
5766.077191,0.865,0.87,200,17336.587582
5097.051546,0.865,0.87,200,17341.291964
5765.496192,0.85,0.86,200,17346.106348
5705.297216,0.835,0.835,200,17350.859477
5781.05312,0.865,0.865,200,17355.566748
5615.962145,0.86,0.865,200,17360.292458
5715.753761,0.84,0.84,200,17367.20323
5739.82961,0.835,0.845,200,17371.791145
5738.239334,0.865,0.865,200,17376.389117
5722.54357,0.84,0.84,200,17380.952188
5757.26264,0.865,0.88,200,17385.643868
5701.002776,0.84,0.845,200,17390.281604
5698.415807,0.835,0.835,200,17394.93092
5684.886975,0.845,0.845,200,17399.587107
5699.758005,0.8,0.815,200,17404.052098
5750.644736,0.85,0.85,200,17408.768135
5790.046149,0.87,0.875,200,17415.364626
5803.09402,0.875,0.885,200,17419.920155
5685.776115,0.835,0.845,200,17424.567513
4794.091877,0.605,0.635,200,17429.111989
5772.1212,0.855,0.87,200,17433.76999
5791.568538,0.865,0.875,200,17438.241977
5695.01927,0.84,0.845,200,17442.830122
5707.146904,0.81,0.815,200,17447.273396
5694.302075,0.83,0.83,200,17451.708582
5650.257423,0.815,0.815,200,17456.101086
5643.832626,0.855,0.88,200,17462.883371
5782.00594,0.88,0.88,200,17467.493581
5737.940079,0.845,0.845,200,17471.922699
5693.339765,0.85,0.85,200,17476.508397
5303.173324,0.87,0.875,200,17481.059343
5711.624945,0.835,0.84,200,17485.493359
5758.54374,0.86,0.87,200,17490.085331
5697.381625,0.805,0.81,200,17494.500342
5744.117933,0.84,0.84,200,17499.040186
5707.984354,0.825,0.825,200,17503.402201
5785.455258,0.86,0.87,200,17510.031768
5778.492254,0.87,0.87,200,17514.52021
5772.648354,0.865,0.865,200,17519.126612
5725.139491,0.835,0.845,200,17523.733325
5758.762808,0.855,0.855,200,17528.27889
5711.375011,0.835,0.84,200,17532.897167
5449.647608,0.855,0.86,200,17537.472397
5641.128049,0.85,0.855,200,17542.053372
5600.08427,0.86,0.86,200,17546.642938
5752.681596,0.865,0.865,200,17551.319689
5705.210136,0.83,0.83,200,17558.091987
5747.97865,0.85,0.85,200,17562.708405
5789.744426,0.875,0.88,200,17567.339169
5723.582273,0.85,0.85,200,17571.912944
5750.045474,0.87,0.87,200,17576.59842
5778.312488,0.865,0.865,200,17581.098131
5654.915082,0.815,0.815,200,17585.678888
5780.550257,0.86,0.87,200,17590.36092
5732.965969,0.84,0.845,200,17594.847209
5725.280181,0.835,0.835,200,17599.530158
5696.226512,0.855,0.855,200,17606.424974
5711.051523,0.83,0.85,200,17611.06561
5767.627102,0.85,0.855,200,17615.70434
4619.775832,0.595,0.655,200,17620.290914
5769.949948,0.85,0.86,200,17624.852394
5688.41587,0.81,0.81,200,17629.450199
5647.05756,0.86,0.875,200,17634.059088
5651.646293,0.85,0.85,200,17638.609339
5639.609314,0.86,0.88,200,17643.257298
5299.076651,0.87,0.875,200,17647.9786
5299.274875,0.87,0.875,200,17654.869188
5701.130484,0.82,0.82,200,17659.51568
5707.760068,0.86,0.875,200,17664.147094
5748.734268,0.855,0.885,200,17668.665977
5658.91916,0.87,0.88,200,17673.102908
5779.519321,0.87,0.89,200,17677.639316
5684.069695,0.785,0.805,200,17682.278903
5783.752935,0.88,0.88,200,17686.922066
5663.546855,0.855,0.855,200,17691.66502
5625.951595,0.815,0.815,200,17696.325923
5783.233274,0.85,0.87,200,17703.068734
5789.670795,0.86,0.87,200,17707.657631
5707.566981,0.815,0.82,200,17712.110495
5732.055742,0.835,0.845,200,17716.73882
5695.239732,0.825,0.825,200,17721.26425
5706.339959,0.85,0.86,200,17725.805946
5644.952211,0.835,0.87,200,17730.284202
5335.486409,0.605,0.61,200,17734.871375
5334.787635,0.875,0.88,200,17739.394362
5418.950605,0.895,0.895,200,17743.750844
5756.789613,0.86,0.865,200,17750.419707
4998.836374,0.87,0.875,200,17755.009912
5713.148091,0.84,0.84,200,17759.61559
5692.548414,0.81,0.81,200,17764.083364
5631.348125,0.815,0.815,200,17768.613127
5523.129921,0.87,0.88,200,17773.026863
5687.7576,0.815,0.83,200,17777.637853
5658.914404,0.835,0.835,200,17782.294484
5635.671063,0.84,0.85,200,17786.873414
5750.279776,0.87,0.87,200,17791.462254
5796.791414,0.88,0.88,200,17798.258224
5351.106926,0.87,0.87,200,17802.878919
5701.95816,0.83,0.83,200,17807.511064
5711.737709,0.815,0.825,200,17812.042232
5698.339061,0.815,0.815,200,17816.581401
5700.80399,0.815,0.815,200,17821.09916
5395.383368,0.875,0.875,200,17825.737872
5701.469843,0.845,0.845,200,17830.308218
5780.092148,0.88,0.885,200,17834.952066
5718.979473,0.83,0.84,200,17839.397642
5707.294485,0.845,0.85,200,17846.139026
5658.560524,0.87,0.895,200,17850.606437
5777.429233,0.865,0.865,200,17855.089302
5700.442581,0.81,0.815,200,17859.552234
5779.434008,0.875,0.875,200,17864.079944
5649.857849,0.815,0.815,200,17868.64013
5644.533295,0.845,0.875,200,17873.170443
5692.642233,0.835,0.855,200,17877.818916
5765.384605,0.85,0.855,200,17882.278767
5696.805719,0.81,0.81,200,17886.825815
5640.468615,0.835,0.875,200,17893.418707
5703.701608,0.84,0.84,200,17897.993984
5687.317044,0.865,0.865,200,17902.581165
5702.860707,0.82,0.835,200,17907.109306
5692.964218,0.85,0.86,200,17911.559901
5696.877472,0.82,0.82,200,17916.094926
5680.221704,0.87,0.875,200,17920.745788
5364.82211,0.875,0.875,200,17925.344867
5639.356403,0.855,0.855,200,17929.7975
5703.223696,0.875,0.89,200,17934.284333
5798.746905,0.865,0.88,200,17941.070599
5753.357123,0.865,0.87,200,17945.547727
5690.998563,0.805,0.805,200,17950.08636
5735.373877,0.86,0.87,200,17954.641094
5794.032561,0.87,0.875,200,17959.232456
5765.372406,0.86,0.875,200,17963.864288
5725.958075,0.86,0.87,200,17968.551582
5670.807964,0.82,0.825,200,17973.16373
5046.096394,0.88,0.88,200,17977.601309
5787.556118,0.865,0.875,200,17982.135465
5772.848582,0.855,0.855,200,17988.934529
5754.40815,0.86,0.86,200,17993.426977
5707.829317,0.845,0.845,200,17998.160147
5695.857077,0.835,0.835,200,18002.756365
5467.016054,0.85,0.85,200,18007.457246
5642.162238,0.875,0.875,200,18012.130884
5633.522547,0.815,0.82,200,18016.728738
5784.548927,0.88,0.88,200,18021.151237
5700.227303,0.815,0.815,200,18025.670209
5777.381523,0.86,0.865,200,18030.087204
5289.436939,0.89,0.89,200,18036.886828
5605.371157,0.805,0.805,200,18041.55681
5708.995034,0.835,0.835,200,18046.138292
5707.905755,0.86,0.865,200,18050.680183
5110.920215,0.88,0.885,200,18055.17141
5711.897628,0.84,0.84,200,18059.764865
5781.853382,0.875,0.885,200,18064.32243
5702.841544,0.845,0.85,200,18068.796398
5090.769898,0.5,0.5,200,18073.239997
5698.695396,0.86,0.86,200,18077.776573
5437.037853,0.88,0.885,200,18084.355883
5769.334283,0.86,0.86,200,18088.784281
5723.267834,0.84,0.84,200,18093.173086
5730.661167,0.855,0.875,200,18097.350221
5784.970192,0.855,0.86,200,18101.499221
5793.016789,0.875,0.875,200,18105.823066
5720.793134,0.845,0.845,200,18110.329453
5787.120303,0.87,0.87,200,18114.96148
5710.530187,0.835,0.835,200,18119.636557
5665.277636,0.825,0.825,200,18124.345317
5719.466676,0.825,0.825,200,18131.404587
5770.304297,0.87,0.88,200,18135.972062
5764.767324,0.85,0.85,200,18140.482852
5708.867034,0.835,0.835,200,18144.984805
5706.942027,0.82,0.82,200,18149.567964
5701.921624,0.875,0.885,200,18154.176772
5690.864601,0.85,0.87,200,18158.770628
4948.921014,0.675,0.715,200,18163.28126
5692.85954,0.83,0.83,200,18167.71436
5797.330084,0.88,0.885,200,18172.231055
5601.579089,0.855,0.885,200,18178.962675
5716.755403,0.845,0.845,200,18183.511031
5776.677818,0.86,0.865,200,18188.014626
5300.59639,0.865,0.865,200,18192.48778
5795.837225,0.87,0.88,200,18196.935079
5733.624708,0.835,0.85,200,18201.146709
5705.269382,0.83,0.83,200,18205.48075
5678.869873,0.85,0.85,200,18209.733216
5338.259529,0.86,0.86,200,18214.295185
5505.140301,0.855,0.87,200,18218.83788
4546.380994,0.88,0.88,200,18225.713256
5693.592487,0.845,0.865,200,18230.336945
5686.231452,0.83,0.83,200,18234.930419
5474.529729,0.835,0.875,200,18239.597882
4924.413192,0.835,0.875,200,18244.140198
5712.163433,0.835,0.835,200,18248.651716
5672.722508,0.855,0.86,200,18253.332075
5638.243924,0.8,0.82,200,18257.910567
5712.297904,0.83,0.83,200,18262.604789
5789.287478,0.87,0.885,200,18267.225071
5751.502596,0.855,0.855,200,18273.80463
5784.3417,0.855,0.87,200,18278.385526
5693.444273,0.805,0.815,200,18283.013836
5707.298392,0.81,0.825,200,18287.653338
5704.454398,0.83,0.845,200,18292.350715
5416.595113,0.855,0.855,200,18297.038302
5716.057116,0.83,0.835,200,18301.72358
5703.844954,0.8,0.81,200,18306.267693
5269.734014,0.875,0.875,200,18310.90061
5658.062327,0.87,0.87,200,18315.597918
5218.091718,0.885,0.885,200,18322.491395
5701.138893,0.865,0.87,200,18327.152041
5763.635457,0.855,0.855,200,18331.735261
5707.97412,0.84,0.85,200,18336.426408
5790.704227,0.87,0.875,200,18341.076489
5785.800232,0.86,0.87,200,18345.695082
5696.765313,0.86,0.86,200,18350.480621
5686.6059,0.84,0.85,200,18355.274401
5792.718422,0.875,0.875,200,18359.92592
5729.783243,0.845,0.845,200,18364.651925
5706.781676,0.825,0.825,200,18371.63459
5684.567703,0.855,0.855,200,18376.226674
5725.91431,0.87,0.885,200,18381.004438
5637.811664,0.82,0.82,200,18385.812345
5729.176348,0.855,0.87,200,18390.564067
5711.365481,0.845,0.85,200,18395.408271
5622.068129,0.81,0.815,200,18399.999122
5695.933465,0.855,0.865,200,18404.626714
5789.462952,0.875,0.875,200,18409.268226
5636.206428,0.86,0.88,200,18413.96637
5626.108542,0.81,0.82,200,18420.708945
5423.742479,0.865,0.87,200,18425.178785
5733.3109,0.855,0.87,200,18429.73229
5755.981076,0.87,0.875,200,18434.363512
5706.769206,0.855,0.855,200,18439.047538
5726.673366,0.84,0.845,200,18443.703353
5611.445963,0.805,0.815,200,18448.397613
5710.641862,0.835,0.835,200,18453.033378
5710.610208,0.84,0.84,200,18457.84668
5679.048041,0.855,0.86,200,18462.537234
5798.338974,0.885,0.885,200,18469.32362
5745.564655,0.845,0.87,200,18473.962794
5655.142603,0.855,0.885,200,18478.673513
5056.269211,0.885,0.89,200,18483.438345
5793.994947,0.865,0.88,200,18488.1317
5365.446091,0.86,0.865,200,18492.877211
5326.249058,0.875,0.875,200,18497.551895
5729.738885,0.86,0.865,200,18502.266344
5788.041576,0.87,0.87,200,18506.872222
5700.926071,0.84,0.85,200,18511.498072
5149.967289,0.835,0.86,200,18518.3801
5798.455967,0.875,0.88,200,18523.053073
5253.779324,0.88,0.88,200,18527.816864
5744.95907,0.86,0.86,200,18532.577001
5700.947126,0.82,0.82,200,18537.172978
5348.330891,0.85,0.855,200,18541.798556
5706.719809,0.855,0.87,200,18546.38828
5635.788331,0.85,0.885,200,18550.962157
5421.244241,0.875,0.88,200,18555.442707
5770.336312,0.88,0.88,200,18559.749598
5791.919784,0.875,0.88,200,18566.56567
5758.324194,0.855,0.86,200,18571.133534
5451.572627,0.87,0.87,200,18575.795363
5792.582611,0.875,0.875,200,18580.396925
5670.920801,0.835,0.835,200,18585.04761
5495.653453,0.86,0.86,200,18589.81511
5261.257585,0.88,0.88,200,18594.470209
5773.025524,0.865,0.88,200,18599.221286
5725.81238,0.83,0.845,200,18603.875736
5778.469857,0.865,0.865,200,18608.41325
5686.911239,0.86,0.86,200,18615.320518
5781.144213,0.865,0.865,200,18620.048797
5706.208012,0.81,0.815,200,18624.750392
5703.647442,0.815,0.815,200,18629.41277
5588.194493,0.865,0.87,200,18634.199348
5784.877433,0.865,0.885,200,18638.865429
5695.815615,0.85,0.855,200,18643.474088
5749.83563,0.86,0.86,200,18647.994221
5662.214361,0.86,0.875,200,18652.410069
5781.197184,0.86,0.865,200,18656.847373
5714.727674,0.845,0.845,200,18663.434947
5692.291517,0.855,0.86,200,18667.898484
5684.915854,0.795,0.805,200,18672.357168
5782.284222,0.88,0.88,200,18676.714603
5696.256186,0.85,0.87,200,18681.202828
5613.701345,0.805,0.815,200,18685.69314
5691.2969,0.815,0.815,200,18690.18146
5758.301497,0.845,0.86,200,18694.793863
5782.512364,0.86,0.87,200,18699.344278
5705.356119,0.83,0.83,200,18703.865069
5783.708103,0.855,0.875,200,18710.647529
5670.737321,0.875,0.875,200,18715.201462
3101.218543,0.445,0.45,200,18719.693309
5800.85,0.88,0.88,200,18724.18291
5408.836377,0.87,0.87,200,18728.649437
5621.105874,0.845,0.865,200,18733.324401
5492.079022,0.86,0.87,200,18738.036849
5716.026704,0.875,0.875,200,18742.589538
5735.227315,0.85,0.85,200,18747.273074
5573.606767,0.845,0.88,200,18751.858573
5714.956774,0.82,0.825,200,18758.458758
5701.248879,0.85,0.85,200,18763.154744
5639.206783,0.84,0.86,200,18767.725985
5626.080032,0.805,0.805,200,18772.39535
5740.886788,0.84,0.84,200,18776.912315
5334.106955,0.875,0.875,200,18781.540373
5709.340069,0.84,0.845,200,18786.231451
5665.559594,0.865,0.87,200,18790.68801
5793.675269,0.875,0.875,200,18795.117844
5668.029538,0.83,0.83,200,18799.489577
5780.459281,0.875,0.875,200,18806.030877
5715.419769,0.86,0.86,200,18810.438179
5154.020857,0.88,0.88,200,18814.931822
5716.611256,0.82,0.835,200,18819.513363
5724.998852,0.83,0.845,200,18823.992923
5485.982024,0.865,0.87,200,18828.418512
5782.365402,0.865,0.865,200,18832.883527
5481.441668,0.86,0.87,200,18837.326136
5640.470941,0.84,0.85,200,18841.761111
5779.194176,0.87,0.885,200,18846.249942
5741.208553,0.855,0.87,200,18853.226
5708.08893,0.815,0.825,200,18857.939325
5683.723763,0.805,0.805,200,18862.433573
5697.573048,0.81,0.82,200,18866.915684
5788.653028,0.87,0.87,200,18871.520025
5728.350271,0.865,0.88,200,18875.927941
5723.1892,0.86,0.875,200,18880.387742
5694.576247,0.83,0.84,200,18884.76149
5666.855169,0.825,0.825,200,18889.291931
5645.890592,0.84,0.865,200,18893.870146
5285.736803,0.86,0.87,200,18900.714186
5115.469899,0.875,0.88,200,18905.423632
5717.006029,0.84,0.84,200,18909.868675
5655.473876,0.86,0.865,200,18914.337168
5696.785705,0.8,0.805,200,18918.805666
5700.390088,0.845,0.845,200,18923.333668
5708.669843,0.86,0.86,200,18927.831288
5771.788217,0.855,0.865,200,18932.356704
5585.240452,0.865,0.865,200,18936.840536
5793.061935,0.865,0.875,200,18941.360377
5080.40883,0.87,0.885,200,18947.956692
5469.342957,0.865,0.87,200,18952.440362
5690.965269,0.835,0.835,200,18956.934888
5692.764114,0.815,0.815,200,18961.63015
5777.793586,0.865,0.865,200,18966.414155
5806.429699,0.875,0.89,200,18971.137932
5687.334664,0.88,0.885,200,18975.838531
5795.167784,0.88,0.88,200,18980.622417
4937.752076,0.705,0.72,200,18985.167725
5711.776704,0.83,0.835,200,18989.680361
5586.076461,0.84,0.855,200,18996.544996
5802.297634,0.875,0.885,200,19001.078375
4333.780298,0.885,0.895,200,19005.641321
5710.804823,0.845,0.85,200,19010.131406
5741.650367,0.865,0.87,200,19014.719255
5691.861163,0.855,0.855,200,19019.314804
4528.25928,0.53,0.585,200,19023.849105
5748.16245,0.865,0.865,200,19028.419606
5702.525621,0.875,0.895,200,19033.083402
5604.954953,0.85,0.875,200,19037.591984
5767.526359,0.85,0.86,200,19044.572797
5685.799694,0.805,0.81,200,19049.10168
5773.016893,0.85,0.865,200,19053.627204
5748.636642,0.855,0.855,200,19058.294334
5712.25115,0.845,0.845,200,19063.05545
5756.130377,0.855,0.855,200,19067.520476
5800.615614,0.88,0.885,200,19072.004566
5716.055702,0.83,0.84,200,19076.522976
5555.326099,0.845,0.845,200,19081.036653
5786.68187,0.865,0.875,200,19085.60036
4312.709295,0.705,0.75,200,19092.287126
5699.303127,0.865,0.87,200,19096.812135
5766.617861,0.86,0.86,200,19101.34483
4526.173972,0.69,0.735,200,19105.813984
5751.723421,0.86,0.87,200,19110.290489
5757.920539,0.85,0.85,200,19114.789615
5751.530589,0.86,0.86,200,19119.16506
5704.090312,0.84,0.84,200,19123.60435
5748.463252,0.84,0.855,200,19128.239506
5298.467156,0.73,0.73,200,19132.685972
5765.622323,0.875,0.88,200,19139.302868
5683.499404,0.86,0.86,200,19143.849765
5643.831198,0.845,0.875,200,19148.405361
5785.248075,0.865,0.87,200,19152.894129
5708.319915,0.855,0.865,200,19157.447071
5714.607991,0.855,0.86,200,19162.006236
5787.401448,0.87,0.87,200,19166.519948
5719.979909,0.855,0.875,200,19170.982259
5779.671485,0.87,0.88,200,19175.546199
5688.253874,0.865,0.88,200,19180.154732
5584.891445,0.85,0.89,200,19187.050587
5745.20309,0.85,0.85,200,19191.561693
5702.736422,0.81,0.81,200,19196.037351
5328.43775,0.875,0.875,200,19200.681475
5769.632135,0.86,0.865,200,19205.153025
5750.907143,0.865,0.87,200,19209.876511
5302.809833,0.88,0.88,200,19214.395213
5548.227664,0.86,0.865,200,19219.013976
5743.072361,0.845,0.845,200,19223.546431
5632.98263,0.855,0.855,200,19228.064576
5634.240488,0.82,0.82,200,19234.89618
5699.970478,0.84,0.84,200,19239.407344
5705.665172,0.81,0.815,200,19243.972053
5718.630881,0.83,0.83,200,19248.458689
5747.787462,0.875,0.875,200,19253.000194
5772.163931,0.865,0.875,200,19257.573446
5686.074546,0.835,0.835,200,19262.164956
5428.154052,0.85,0.85,200,19266.785434
3591.218981,0.51,0.545,200,19271.358933
5753.596132,0.855,0.855,200,19276.040802
5777.235839,0.875,0.88,200,19282.808499
5737.175866,0.865,0.88,200,19287.369949
5750.238143,0.885,0.885,200,19291.986157
5741.946438,0.865,0.87,200,19296.616281
5714.387907,0.82,0.82,200,19301.223317
5714.582943,0.835,0.835,200,19305.72123
5770.563676,0.845,0.86,200,19310.106281
5644.748367,0.83,0.83,200,19314.532522
5708.923162,0.84,0.85,200,19318.96524
5664.304763,0.865,0.865,200,19323.477295
5623.690542,0.825,0.86,200,19330.142249
5740.756268,0.855,0.855,200,19334.679725
5696.733635,0.81,0.81,200,19339.232004
5707.095299,0.825,0.825,200,19343.869393
5775.890132,0.86,0.86,200,19348.409744
5789.845565,0.875,0.875,200,19353.0053
5701.168361,0.855,0.855,200,19357.32771
5559.073556,0.86,0.87,200,19361.960841
5158.043807,0.86,0.875,200,19366.511369
5735.458906,0.87,0.88,200,19370.98859
5662.130265,0.82,0.82,200,19377.694768
5689.156988,0.855,0.86,200,19382.14587
5726.248042,0.84,0.87,200,19386.680245
5709.376151,0.835,0.835,200,19391.323845
5777.974181,0.855,0.86,200,19395.968547
4548.77958,0.875,0.875,200,19400.583036
5748.711053,0.875,0.875,200,19405.146437
5223.926109,0.74,0.75,200,19409.564685
5708.281656,0.825,0.84,200,19414.304256
5593.91224,0.87,0.87,200,19418.942981
5771.700893,0.87,0.88,200,19425.720495
4700.150015,0.88,0.88,200,19430.255024
5704.190557,0.84,0.85,200,19434.930698
5676.335926,0.88,0.9,200,19439.574168
5703.707691,0.815,0.815,200,19444.219977
5655.010095,0.8,0.825,200,19448.895975
5710.203059,0.825,0.825,200,19453.589835
5722.6689,0.855,0.86,200,19458.121774
5727.667521,0.86,0.87,200,19462.61896
5667.679698,0.815,0.815,200,19467.289937
5763.949908,0.845,0.85,200,19474.294273
5716.862171,0.855,0.87,200,19478.967243
5712.237256,0.84,0.84,200,19483.615711
5675.420585,0.85,0.865,200,19488.327042
5674.242402,0.825,0.825,200,19492.957606
5466.236616,0.86,0.87,200,19497.571167
5690.342331,0.85,0.85,200,19502.231723
5684.303786,0.865,0.865,200,19506.963295
5775.335173,0.88,0.88,200,19511.57268
5675.808715,0.83,0.83,200,19516.270691
5790.70881,0.88,0.885,200,19523.134758
5779.876294,0.865,0.865,200,19527.809409
5710.497864,0.83,0.845,200,19532.326976
5209.329269,0.645,0.66,200,19537.00239
5787.499553,0.865,0.88,200,19541.65573
5689.477091,0.83,0.83,200,19546.298677
5676.265118,0.83,0.83,200,19550.969867
5713.671602,0.82,0.82,200,19555.514441
5716.633056,0.825,0.825,200,19560.078986
5356.996867,0.87,0.87,200,19564.665078
5771.653848,0.86,0.86,200,19571.24849
5338.475278,0.88,0.88,200,19575.880361
5449.765721,0.865,0.865,200,19580.437169
5266.939863,0.88,0.88,200,19585.017051
5710.234273,0.85,0.85,200,19589.653422
3790.015908,0.86,0.87,200,19594.418161
5730.859704,0.84,0.84,200,19599.069479
5713.417824,0.83,0.835,200,19603.658607
5700.494037,0.85,0.855,200,19608.355436
5756.592969,0.855,0.855,200,19613.144493
5697.915996,0.85,0.855,200,19620.037287
5670.73401,0.825,0.825,200,19624.52233
5676.404325,0.815,0.825,200,19629.202888
5719.133469,0.835,0.835,200,19633.773744
5674.875722,0.83,0.83,200,19638.529293
5729.97142,0.86,0.865,200,19643.137084
5404.000121,0.87,0.87,200,19647.818893
5705.484621,0.81,0.815,200,19652.523081
5695.193394,0.83,0.83,200,19657.24798
5766.770796,0.86,0.865,200,19661.901682
5641.105431,0.81,0.815,200,19668.743347
5726.199701,0.84,0.84,200,19673.471366
5674.331943,0.825,0.825,200,19678.114969
5754.669187,0.855,0.855,200,19682.6931
5708.758612,0.85,0.855,200,19687.196326
5711.878734,0.83,0.83,200,19691.8374
5446.907498,0.87,0.87,200,19696.34618
5753.990125,0.88,0.88,200,19700.940703
5744.362416,0.865,0.87,200,19705.587118
5392.501975,0.88,0.88,200,19710.173685
5642.182422,0.825,0.825,200,19716.967039
5630.199062,0.8,0.815,200,19721.588857
5689.552481,0.86,0.86,200,19726.1058
5777.268305,0.86,0.865,200,19730.810484
5622.847199,0.875,0.875,200,19735.311519
5737.786976,0.84,0.845,200,19739.870163
5765.133228,0.86,0.86,200,19744.425252
5785.447587,0.89,0.89,200,19749.144826
5416.971384,0.67,0.695,200,19753.736203
5003.747898,0.67,0.675,200,19758.427654
5716.748594,0.86,0.875,200,19765.303816
5676.273345,0.805,0.805,200,19769.865289
5698.164269,0.805,0.805,200,19774.606869
4700.531684,0.675,0.725,200,19779.312955
5718.515214,0.825,0.825,200,19783.910678
5452.244396,0.885,0.885,200,19788.450316
5787.403864,0.86,0.875,200,19793.07907
5682.587915,0.85,0.85,200,19797.697769
5754.727654,0.86,0.875,200,19802.447004
5671.917097,0.84,0.87,200,19807.133803
5780.45574,0.865,0.865,200,19814.2324
5610.002231,0.825,0.88,200,19819.019879
5683.48307,0.83,0.83,200,19823.729532
5709.486274,0.82,0.84,200,19828.369684
5628.661598,0.81,0.81,200,19833.09108
5619.676157,0.865,0.865,200,19837.75254
5650.618776,0.81,0.81,200,19842.33367
5788.400052,0.87,0.875,200,19847.031405
5537.639079,0.88,0.88,200,19851.631521
5785.722856,0.87,0.87,200,19856.34372
5752.527521,0.845,0.855,200,19862.945556
5774.05881,0.865,0.865,200,19867.353996
4736.864834,0.855,0.87,200,19871.964559
5581.441999,0.84,0.855,200,19876.425019
5746.086968,0.84,0.85,200,19880.811751
5641.451245,0.82,0.82,200,19885.270634
5794.258959,0.87,0.875,200,19889.822559
5680.55517,0.86,0.86,200,19894.398125
5720.543254,0.84,0.84,200,19898.974382
5616.264165,0.86,0.865,200,19903.620308
5716.998057,0.835,0.84,200,19910.527961
5675.729122,0.83,0.83,200,19914.97188
5741.570214,0.85,0.85,200,19919.535087
5565.100941,0.84,0.875,200,19923.973589
5712.797359,0.845,0.86,200,19928.642343
5795.804289,0.885,0.885,200,19933.311921
5713.728291,0.84,0.84,200,19938.06766
5364.980851,0.89,0.89,200,19942.744543
5662.684684,0.865,0.865,200,19947.412951
5706.653865,0.82,0.82,200,19952.046395
5760.947289,0.865,0.87,200,19958.97228
5215.037951,0.865,0.885,200,19963.713469
5664.986626,0.86,0.86,200,19968.483639
5751.673671,0.855,0.855,200,19973.171626
5714.569213,0.815,0.83,200,19977.878226
5712.458858,0.82,0.825,200,19982.51562
5705.159927,0.835,0.84,200,19987.040437
5677.087557,0.865,0.865,200,19991.733085
5732.909131,0.845,0.845,200,19996.280021
5711.907325,0.845,0.855,200,20000.966838
5720.928686,0.83,0.83,200,20007.813066
5726.213335,0.835,0.835,200,20012.327164
5739.496535,0.845,0.845,200,20017.067826
5777.998233,0.87,0.88,200,20021.799528
5704.484064,0.835,0.835,200,20026.387609
5760.734027,0.875,0.89,200,20031.058086
5671.321895,0.825,0.825,200,20035.647046
5744.997199,0.835,0.85,200,20040.293665
5706.946027,0.82,0.82,200,20044.898403
5748.713267,0.85,0.86,200,20049.337771
5599.010241,0.805,0.81,200,20055.983604
5716.552305,0.835,0.845,200,20060.612493
5726.087143,0.855,0.88,200,20065.164088
5789.343901,0.885,0.89,200,20069.755872
5785.684819,0.87,0.88,200,20074.367707
5663.510125,0.845,0.87,200,20078.957625
5712.800549,0.825,0.83,200,20083.683054
5715.256105,0.83,0.83,200,20088.186856
5613.354308,0.815,0.875,200,20092.667245
5673.682802,0.83,0.83,200,20097.226219
5444.953606,0.87,0.875,200,20104.086075
5689.283694,0.86,0.86,200,20108.59411
5708.666653,0.855,0.855,200,20113.228093
5788.113048,0.87,0.87,200,20117.965048
4991.442836,0.88,0.88,200,20122.572957
5651.825824,0.82,0.82,200,20127.247418
5678.245405,0.83,0.83,200,20131.738863
5702.957911,0.85,0.85,200,20136.008448
5802.737388,0.88,0.885,200,20140.584865
5704.139389,0.85,0.86,200,20145.13852
5671.836941,0.855,0.855,200,20151.987473
5760.868168,0.88,0.88,200,20156.428183
5772.612545,0.855,0.865,200,20160.966399
5737.941964,0.86,0.86,200,20165.444315
5787.575276,0.86,0.87,200,20170.047554
5738.37104,0.865,0.87,200,20174.656665
5765.939304,0.865,0.865,200,20179.294212
5750.18115,0.87,0.87,200,20183.92963
5570.283672,0.845,0.88,200,20188.52613
5781.987225,0.87,0.87,200,20193.145574
5688.608044,0.835,0.835,200,20200.12051
5789.611173,0.875,0.88,200,20204.691922
5689.071493,0.82,0.82,200,20209.117628
5381.69938,0.8,0.865,200,20213.587953
5648.255983,0.815,0.82,200,20218.221294
5699.908753,0.85,0.86,200,20222.779692
5775.864071,0.865,0.865,200,20227.460511
5730.873087,0.86,0.86,200,20232.013232
5793.359286,0.865,0.88,200,20236.573524
5700.003129,0.85,0.855,200,20241.09756
