# {"t_start": 1757073747.1212053, "env_id": "graff-v0"} 
r,obj_lift,obj_grab,l,t
2616.414689,0.895,0.895,200,8.986677
5582.037938,0.795,0.81,200,13.602943
5745.30595,0.845,0.85,200,18.291942
5750.727987,0.85,0.85,200,22.964852
4531.931832,0.855,0.855,200,27.633183
5519.217606,0.785,0.785,200,32.316829
2854.265633,0.885,0.885,200,37.080668
5402.330518,0.87,0.875,200,41.821748
5670.490292,0.81,0.81,200,46.656305
5631.567869,0.805,0.815,200,51.478475
4371.633795,0.835,0.845,200,58.681535
5745.074787,0.845,0.85,200,63.505832
5153.602382,0.565,0.57,200,68.281647
5755.695818,0.85,0.865,200,72.980483
5646.763935,0.78,0.78,200,77.575773
5642.456607,0.805,0.81,200,82.395511
5082.289115,0.82,0.845,200,87.181954
5664.302453,0.795,0.805,200,91.94803
4555.495471,0.87,0.87,200,96.779531
5719.941229,0.83,0.84,200,101.495044
5753.667042,0.845,0.865,200,108.512254
5108.34872,0.555,0.565,200,113.420713
5611.880164,0.835,0.865,200,118.147833
4257.157496,0.865,0.865,200,122.945409
3016.918168,0.89,0.89,200,127.705412
2858.248921,0.895,0.895,200,132.561895
5364.664187,0.715,0.725,200,137.338792
5742.963228,0.87,0.87,200,141.939245
4274.162839,0.835,0.85,200,146.651268
3578.080228,0.85,0.86,200,151.194534
4692.988369,0.855,0.86,200,158.442517
3168.671306,0.885,0.885,200,163.128195
3395.859728,0.87,0.87,200,167.863279
5676.711364,0.81,0.82,200,172.559273
4536.483709,0.845,0.845,200,177.172376
4866.727581,0.835,0.845,200,181.900828
3111.34622,0.885,0.885,200,186.557066
4429.677652,0.85,0.865,200,191.196188
5738.08281,0.855,0.86,200,196.036211
5595.490269,0.785,0.8,200,200.884804
3326.823941,0.37,0.375,200,207.669999
5668.979694,0.815,0.82,200,212.433828
5371.252806,0.805,0.82,200,217.008674
2461.971101,0.86,0.865,200,221.703797
4376.739986,0.845,0.855,200,226.549785
5755.89021,0.855,0.86,200,231.299245
5499.077663,0.77,0.79,200,236.11082
5635.309407,0.77,0.77,200,240.824141
5747.12016,0.85,0.85,200,245.623737
4984.122231,0.515,0.545,200,250.410451
5505.96694,0.77,0.78,200,257.450581
4794.107813,0.83,0.84,200,262.227224
5315.113438,0.8,0.815,200,266.989193
4707.20105,0.835,0.835,200,271.75281
5612.546638,0.805,0.82,200,276.493365
5735.952821,0.85,0.86,200,281.130088
4091.701343,0.87,0.87,200,285.689597
2699.567741,0.86,0.87,200,290.377807
5740.283027,0.835,0.84,200,295.208879
5734.340471,0.855,0.88,200,300.123601
4059.563578,0.845,0.86,200,307.497083
5546.850007,0.79,0.79,200,312.288752
5686.362257,0.81,0.83,200,317.090209
4309.617165,0.845,0.855,200,321.948749
5675.95904,0.815,0.82,200,326.782163
4157.384935,0.835,0.865,200,331.630452
3600.805827,0.865,0.875,200,336.421975
3607.26012,0.87,0.87,200,341.302835
5201.939326,0.525,0.525,200,346.202598
2878.33375,0.85,0.85,200,350.995936
5751.755245,0.85,0.855,200,358.235387
5696.848171,0.855,0.87,200,363.033285
3535.734026,0.535,0.54,200,367.858225
5768.330334,0.865,0.875,200,372.66793
3056.467665,0.555,0.555,200,377.389178
5523.103367,0.765,0.775,200,382.196109
5667.057763,0.785,0.8,200,387.047665
3355.663864,0.875,0.875,200,391.708412
5467.511281,0.77,0.785,200,396.283541
5500.432254,0.785,0.785,200,401.028043
4471.682493,0.855,0.865,200,408.163086
5094.524218,0.66,0.675,200,413.046619
5436.338727,0.765,0.77,200,417.854487
5721.078404,0.835,0.835,200,422.707665
4186.737998,0.605,0.635,200,427.549826
5632.767608,0.8,0.815,200,432.378135
5741.013242,0.835,0.84,200,437.287778
4895.356409,0.82,0.845,200,442.110859
4543.590461,0.815,0.84,200,447.0326
2865.872321,0.695,0.695,200,451.799444
5729.281717,0.83,0.835,200,458.773677
5659.236248,0.805,0.81,200,463.664132
5754.336054,0.86,0.865,200,468.494153
3079.5427,0.855,0.865,200,473.324169
5610.033216,0.785,0.81,200,478.098705
5545.828685,0.84,0.855,200,482.950758
3102.680818,0.845,0.855,200,487.823117
5649.681547,0.8,0.81,200,492.664624
5280.856593,0.82,0.825,200,497.321311
5404.177209,0.695,0.7,200,502.073538
5740.047453,0.855,0.86,200,509.179598
5746.857048,0.835,0.85,200,514.047106
3901.385219,0.835,0.85,200,518.955266
4903.466291,0.805,0.815,200,523.73809
5561.870211,0.755,0.755,200,528.442012
5645.421941,0.79,0.795,200,533.229664
3897.806196,0.495,0.5,200,537.881891
3140.744932,0.88,0.88,200,542.614215
3130.1204,0.875,0.875,200,547.431566
3082.233092,0.865,0.865,200,552.29147
5677.867713,0.82,0.825,200,559.261947
5734.895558,0.86,0.87,200,564.038575
5739.939636,0.85,0.87,200,568.940872
5624.554435,0.78,0.785,200,573.703169
5734.327408,0.865,0.88,200,578.561807
4900.907901,0.48,0.51,200,583.137774
5189.479167,0.82,0.83,200,587.752578
4905.292372,0.81,0.84,200,592.554489
5623.548837,0.795,0.795,200,597.309782
5351.31925,0.81,0.82,200,602.013893
5646.562878,0.805,0.82,200,608.943181
5624.95567,0.8,0.81,200,613.75933
5564.857008,0.795,0.805,200,618.537284
5522.03916,0.78,0.785,200,623.204129
5670.623071,0.805,0.815,200,627.874675
5747.230962,0.845,0.85,200,632.743999
5288.230138,0.415,0.415,200,637.496202
4779.121936,0.49,0.49,200,642.130414
4928.803398,0.84,0.855,200,646.895591
5736.753526,0.835,0.84,200,651.725749
5600.354374,0.805,0.815,200,658.799264
5733.182945,0.84,0.84,200,663.631814
5746.359815,0.845,0.865,200,668.313505
4948.216647,0.84,0.845,200,673.116526
2910.911142,0.89,0.89,200,677.777899
5530.70759,0.79,0.8,200,682.549095
4191.104427,0.83,0.855,200,687.178922
4710.414496,0.84,0.845,200,691.866298
5623.625977,0.81,0.82,200,696.610257
4671.588651,0.86,0.865,200,701.317658
5661.451724,0.775,0.795,200,708.077667
5624.198138,0.815,0.82,200,712.839693
3780.216515,0.85,0.85,200,717.528153
5047.316797,0.83,0.83,200,722.341632
5753.269987,0.84,0.86,200,727.069245
4926.917436,0.805,0.825,200,731.905588
5746.057487,0.855,0.87,200,736.570164
4839.074666,0.49,0.49,200,741.33453
5733.08209,0.85,0.87,200,746.076282
5734.587732,0.835,0.835,200,750.864615
5563.691219,0.795,0.805,200,757.820035
5486.653534,0.785,0.79,200,762.570763
5527.088731,0.795,0.805,200,767.407347
4697.540744,0.815,0.825,200,772.122003
5446.311172,0.82,0.82,200,776.717795
5570.690073,0.795,0.795,200,781.330327
5529.896621,0.82,0.825,200,785.933515
3159.165074,0.835,0.85,200,790.732681
2951.944948,0.85,0.865,200,795.551789
4651.804379,0.875,0.875,200,800.397593
5739.56965,0.84,0.84,200,807.384978
4556.844891,0.835,0.845,200,812.247168
3412.629639,0.85,0.855,200,817.111249
4470.296877,0.74,0.74,200,821.997233
5742.675361,0.835,0.845,200,826.726058
4257.967041,0.83,0.845,200,831.471758
5487.791324,0.77,0.785,200,836.160035
5584.382916,0.79,0.795,200,841.000526
5693.819942,0.83,0.83,200,845.806719
5685.580831,0.85,0.855,200,850.607382
5754.455505,0.85,0.86,200,857.675092
4405.982213,0.83,0.84,200,862.400497
5744.729171,0.855,0.855,200,867.249541
5568.249395,0.73,0.73,200,871.999498
4514.649528,0.82,0.835,200,876.794351
5640.56855,0.805,0.82,200,881.624879
5742.186843,0.845,0.855,200,886.50326
5593.516616,0.825,0.83,200,891.301715
3763.895331,0.85,0.865,200,896.103036
5570.798207,0.795,0.8,200,900.922959
3468.829357,0.275,0.28,200,907.720422
5487.175373,0.875,0.875,200,912.362107
5730.080883,0.82,0.84,200,917.063061
2634.273381,0.86,0.865,200,921.890276
4252.675692,0.835,0.845,200,926.733407
5615.20127,0.855,0.855,200,931.468286
5657.088902,0.79,0.805,200,936.262184
5700.213809,0.825,0.84,200,941.032013
5609.538533,0.795,0.81,200,945.785249
5720.761211,0.845,0.86,200,950.663875
5733.068806,0.85,0.855,200,957.762059
4826.421072,0.83,0.83,200,962.548804
5750.526968,0.87,0.875,200,967.354731
5736.631785,0.84,0.84,200,972.18663
4593.632702,0.835,0.85,200,977.045245
5672.973221,0.815,0.825,200,981.786144
5636.125284,0.815,0.815,200,986.516282
5634.952054,0.805,0.815,200,991.135125
4340.381861,0.84,0.86,200,995.787434
5552.335418,0.765,0.765,200,1000.512514
5598.127461,0.815,0.815,200,1007.521422
2858.791478,0.155,0.165,200,1012.265104
5223.448514,0.82,0.825,200,1017.147114
2828.194738,0.875,0.875,200,1021.822434
5684.428326,0.825,0.825,200,1026.440698
5732.108852,0.835,0.835,200,1031.117592
4349.496706,0.805,0.835,200,1035.831008
5703.210092,0.825,0.825,200,1040.546709
5071.014464,0.56,0.565,200,1045.24579
5702.617731,0.855,0.86,200,1050.126688
5057.623221,0.39,0.39,200,1057.146782
3112.764158,0.295,0.325,200,1061.866921
4638.88312,0.82,0.835,200,1066.589188
5618.993491,0.79,0.8,200,1071.313555
3122.496247,0.8,0.8,200,1076.063333
5707.750064,0.83,0.84,200,1080.871109
5077.378561,0.71,0.715,200,1085.60699
5742.423056,0.83,0.845,200,1090.33275
4571.434608,0.805,0.825,200,1095.141743
5585.965019,0.795,0.8,200,1099.894035
5067.836427,0.84,0.85,200,1106.83027
5678.74549,0.815,0.83,200,1111.585462
5481.250936,0.86,0.885,200,1116.39856
5667.289724,0.815,0.825,200,1121.300328
5568.180453,0.8,0.8,200,1126.218411
4801.872096,0.06,0.06,200,1131.012412
3204.372719,0.875,0.875,200,1135.635982
5086.669831,0.795,0.815,200,1140.333663
5756.248914,0.86,0.87,200,1145.085141
3375.416112,0.82,0.84,200,1149.930112
3014.944644,0.865,0.865,200,1157.111895
5463.183559,0.775,0.775,200,1161.880012
5524.51859,0.785,0.795,200,1166.492328
2761.651273,0.855,0.855,200,1171.26339
3072.365746,0.875,0.875,200,1175.985817
4272.066608,0.89,0.89,200,1180.792333
5740.12467,0.84,0.845,200,1185.56185
5649.09644,0.795,0.795,200,1190.408915
3661.503982,0.825,0.865,200,1195.089076
5722.735635,0.83,0.835,200,1199.996374
5648.680566,0.815,0.82,200,1207.17019
4941.141049,0.83,0.83,200,1211.919076
4141.644474,0.85,0.865,200,1216.654736
5592.864802,0.785,0.79,200,1221.379654
4928.573961,0.825,0.83,200,1226.184374
5715.392572,0.85,0.85,200,1230.82646
5059.756376,0.48,0.485,200,1235.626162
4726.1641,0.815,0.845,200,1240.415394
5758.564923,0.845,0.855,200,1245.197234
4133.912752,0.81,0.845,200,1249.968006
5722.28521,0.835,0.84,200,1256.996065
5711.182898,0.82,0.84,200,1261.864505
5584.973735,0.8,0.805,200,1266.565259
4507.856869,0.83,0.835,200,1271.185423
2907.478899,0.835,0.86,200,1276.009743
5654.539033,0.805,0.805,200,1280.721973
5495.893226,0.81,0.81,200,1285.414721
5744.894303,0.85,0.85,200,1290.163004
4362.050608,0.83,0.855,200,1294.781982
4843.190169,0.83,0.84,200,1299.39752
5591.303948,0.785,0.79,200,1306.436949
5580.487774,0.8,0.8,200,1311.228516
2711.413371,0.87,0.87,200,1315.932455
5620.053417,0.81,0.81,200,1320.816837
4372.115534,0.81,0.855,200,1325.734267
2870.965381,0.865,0.865,200,1330.531538
5607.711697,0.8,0.8,200,1335.324371
3572.667181,0.87,0.87,200,1340.207236
4547.718618,0.835,0.845,200,1345.056134
3017.138302,0.32,0.325,200,1349.799368
5751.030543,0.84,0.85,200,1356.621296
5591.671429,0.81,0.81,200,1361.290571
5187.946579,0.815,0.82,200,1365.948599
5547.041436,0.86,0.875,200,1370.711015
5613.673741,0.795,0.81,200,1375.471871
5686.896044,0.82,0.83,200,1380.143865
5549.121988,0.795,0.805,200,1384.954793
5742.43985,0.84,0.84,200,1389.827326
5639.533869,0.795,0.795,200,1394.69099
5703.812659,0.835,0.835,200,1399.5668
5019.711324,0.82,0.825,200,1406.554852
5707.933247,0.87,0.87,200,1411.401932
4817.152226,0.83,0.83,200,1416.161607
5124.047622,0.82,0.82,200,1420.919325
5710.816387,0.86,0.87,200,1425.649313
5142.063448,0.415,0.415,200,1430.489908
3444.103607,0.84,0.855,200,1435.276934
4170.548964,0.83,0.845,200,1439.993441
2601.814197,0.845,0.855,200,1444.689837
4861.637833,0.815,0.83,200,1449.535761
4074.834016,0.84,0.87,200,1456.51739
4482.975906,0.88,0.88,200,1461.276325
4548.286577,0.82,0.835,200,1466.136079
5622.117312,0.795,0.81,200,1470.88571
5740.278411,0.845,0.86,200,1475.563071
5146.575941,0.815,0.835,200,1480.424157
3483.097291,0.685,0.685,200,1485.257419
2448.059677,0.01,0.01,200,1490.035699
2533.788929,0.875,0.875,200,1494.87927
4573.342952,0.82,0.835,200,1499.6983
5614.334934,0.82,0.825,200,1506.884632
2735.079331,0.865,0.865,200,1511.643386
5679.412406,0.82,0.83,200,1516.42583
5502.089999,0.785,0.785,200,1521.177389
4678.005962,0.825,0.84,200,1525.938948
5714.453254,0.84,0.84,200,1530.65353
5725.974574,0.84,0.84,200,1535.31327
5606.358366,0.765,0.765,200,1540.092779
5738.024025,0.83,0.845,200,1544.864841
5646.796734,0.815,0.82,200,1549.622747
5724.193138,0.85,0.865,200,1556.584676
5651.733976,0.785,0.8,200,1561.38047
4249.294818,0.81,0.845,200,1566.184735
5713.539903,0.82,0.83,200,1570.845015
5758.330113,0.86,0.875,200,1575.504724
2781.446102,0.835,0.87,200,1580.316614
5763.399661,0.86,0.885,200,1585.195801
5746.646978,0.84,0.855,200,1589.82254
4005.40804,0.885,0.885,200,1594.577798
4360.445165,0.83,0.845,200,1599.491898
3305.495915,0.855,0.875,200,1606.311194
5626.578302,0.815,0.815,200,1610.968992
3326.930777,0.64,0.655,200,1615.768107
5706.631124,0.84,0.845,200,1620.56217
5763.682746,0.86,0.88,200,1625.358763
2987.014597,0.84,0.855,200,1630.294027
5748.74634,0.87,0.875,200,1635.071571
5616.529446,0.815,0.815,200,1639.847347
4684.477093,0.81,0.825,200,1644.609982
5603.443229,0.81,0.81,200,1649.283675
4655.330195,0.835,0.855,200,1656.224055
5735.222115,0.845,0.845,200,1660.932266
5574.673308,0.795,0.795,200,1665.55191
5664.261181,0.805,0.805,200,1670.38463
5742.761813,0.84,0.855,200,1675.071865
5761.159544,0.85,0.865,200,1679.964869
5753.184714,0.855,0.855,200,1684.78939
4479.152625,0.86,0.88,200,1689.506444
4261.254099,0.82,0.845,200,1694.325684
5648.282222,0.815,0.82,200,1699.035256
5722.608812,0.835,0.835,200,1706.124782
5744.255792,0.855,0.875,200,1710.993283
2590.167328,0.875,0.875,200,1715.909503
5491.777908,0.79,0.79,200,1720.932034
5463.458501,0.77,0.78,200,1725.764614
5649.835233,0.79,0.79,200,1730.650801
4132.036358,0.83,0.855,200,1735.478665
3148.150112,0.86,0.86,200,1740.255819
5596.280176,0.795,0.795,200,1745.082727
5650.042842,0.81,0.81,200,1749.800288
5513.84415,0.785,0.79,200,1757.172158
5636.986968,0.805,0.81,200,1761.9191
5609.485033,0.805,0.805,200,1766.810046
4087.241,0.855,0.855,200,1771.56118
5761.248145,0.86,0.86,200,1776.355321
5630.478332,0.795,0.795,200,1781.142484
5443.091095,0.775,0.775,200,1785.91203
3876.30061,0.85,0.865,200,1790.72937
4920.466475,0.615,0.62,200,1795.449115
5559.219423,0.815,0.815,200,1800.251465
5642.089453,0.81,0.825,200,1806.975965
2549.21852,0.875,0.875,200,1811.711158
5071.891887,0.66,0.67,200,1816.481738
5746.172157,0.855,0.855,200,1821.340687
4690.550966,0.82,0.835,200,1826.152762
4091.92366,0.825,0.85,200,1830.96892
5477.054698,0.77,0.785,200,1835.808784
5477.85318,0.785,0.79,200,1840.502402
5630.173779,0.78,0.785,200,1845.244001
5742.953072,0.84,0.845,200,1849.972508
5556.29014,0.8,0.805,200,1856.982275
5456.194299,0.85,0.87,200,1861.824755
5717.37352,0.83,0.835,200,1866.534504
5695.679738,0.82,0.83,200,1871.32119
5571.95146,0.805,0.805,200,1876.087661
4834.573634,0.815,0.84,200,1880.877069
2798.586309,0.875,0.875,200,1885.618186
5663.643571,0.815,0.82,200,1890.408202
5746.897601,0.835,0.85,200,1895.196185
2973.722044,0.875,0.875,200,1900.000596
4896.172446,0.835,0.835,200,1907.052764
5748.24038,0.87,0.875,200,1911.716234
5661.675367,0.79,0.815,200,1916.387225
3775.957887,0.855,0.855,200,1921.07692
4419.250015,0.825,0.835,200,1925.632069
2715.285853,0.87,0.87,200,1930.407939
5738.984698,0.85,0.85,200,1935.086251
5664.224023,0.8,0.82,200,1939.780292
5322.249144,0.87,0.87,200,1944.364681
5746.671509,0.855,0.87,200,1948.891677
5563.606041,0.82,0.825,200,1955.853714
5473.94827,0.785,0.785,200,1960.329366
5661.159412,0.815,0.815,200,1965.046997
5637.972674,0.8,0.81,200,1969.838406
4798.999654,0.825,0.84,200,1974.531798
3694.682412,0.835,0.855,200,1979.262742
3667.399674,0.875,0.885,200,1983.931337
5734.926929,0.83,0.845,200,1988.564027
5655.963193,0.805,0.825,200,1993.411679
2498.697379,0.865,0.87,200,1998.122065
5695.9383,0.815,0.835,200,2005.175003
5638.455102,0.79,0.795,200,2009.865005
5655.349621,0.805,0.81,200,2014.726787
5642.351867,0.795,0.805,200,2019.553258
3054.881399,0.67,0.67,200,2024.453801
5750.367002,0.855,0.855,200,2029.307503
5603.67725,0.79,0.81,200,2034.196601
5736.119563,0.835,0.84,200,2039.071041
5646.888712,0.78,0.78,200,2044.069481
5659.68443,0.815,0.82,200,2048.940106
3181.467771,0.88,0.89,200,2055.940306
5735.015514,0.835,0.84,200,2060.668098
5607.86933,0.815,0.815,200,2065.456402
5547.100073,0.82,0.825,200,2070.277268
5756.092267,0.84,0.855,200,2075.124713
4438.316477,0.81,0.84,200,2080.023338
5463.012874,0.775,0.78,200,2084.900389
5740.543069,0.835,0.84,200,2089.574418
3799.656911,0.825,0.85,200,2094.226853
5757.688406,0.87,0.89,200,2098.933779
5735.846936,0.83,0.845,200,2106.190985
5673.234247,0.8,0.8,200,2111.023923
4969.450636,0.78,0.79,200,2115.823576
5691.510852,0.825,0.83,200,2120.70037
5034.699924,0.475,0.485,200,2125.444659
5602.977919,0.755,0.755,200,2130.304871
3170.602206,0.845,0.855,200,2135.190459
5629.642582,0.81,0.815,200,2139.972687
5665.859327,0.82,0.82,200,2144.780925
5720.150786,0.83,0.84,200,2149.502224
5772.716976,0.86,0.88,200,2156.504089
2930.32835,0.86,0.865,200,2161.294823
5562.54628,0.795,0.795,200,2165.976558
3738.691149,0.855,0.865,200,2170.701572
5359.559784,0.825,0.825,200,2175.513283
5510.083414,0.785,0.8,200,2180.315681
2516.615294,0.855,0.86,200,2185.124768
5698.758804,0.86,0.86,200,2190.067618
5747.854582,0.84,0.85,200,2194.9749
5149.523555,0.36,0.38,200,2199.822814
5732.70165,0.86,0.875,200,2207.013936
5521.425698,0.87,0.87,200,2211.668957
4920.901295,0.795,0.81,200,2216.504983
5310.829659,0.71,0.715,200,2221.2909
5524.913771,0.795,0.795,200,2226.034004
5661.38643,0.805,0.815,200,2230.78822
4337.643397,0.82,0.845,200,2235.58627
5637.721647,0.775,0.78,200,2240.334806
5501.899792,0.825,0.83,200,2245.175367
4885.483731,0.805,0.82,200,2250.094447
5650.143222,0.81,0.81,200,2257.053064
5725.140063,0.87,0.87,200,2261.770003
5705.546076,0.875,0.88,200,2266.578543
5603.201842,0.81,0.81,200,2271.359425
5748.181317,0.85,0.85,200,2276.055714
2510.791979,0.86,0.875,200,2280.863144
4040.996808,0.88,0.88,200,2285.639466
5519.149051,0.82,0.835,200,2290.312761
4637.702262,0.815,0.84,200,2295.04379
4821.634445,0.8,0.815,200,2299.751888
5700.485514,0.825,0.83,200,2306.791503
5760.449895,0.865,0.885,200,2311.656474
5537.686681,0.79,0.795,200,2316.504759
3624.092911,0.84,0.86,200,2321.299722
5651.844387,0.795,0.795,200,2326.216607
4647.401999,0.83,0.845,200,2331.117481
5609.540659,0.745,0.745,200,2335.858114
5658.556789,0.82,0.82,200,2340.57011
5667.500928,0.805,0.81,200,2345.337229
5748.083467,0.85,0.865,200,2350.05947
5630.927173,0.81,0.815,200,2357.45804
5648.675787,0.805,0.81,200,2362.416353
3300.479983,0.85,0.86,200,2367.183819
5627.115016,0.805,0.815,200,2371.870953
5752.341767,0.845,0.845,200,2376.615711
5722.414081,0.835,0.835,200,2381.397249
5739.092813,0.845,0.845,200,2386.232832
5737.642299,0.835,0.835,200,2390.907696
5729.0171,0.855,0.855,200,2395.689307
5049.72488,0.645,0.665,200,2400.360071
4337.655888,0.83,0.84,200,2407.572588
4074.832074,0.855,0.865,200,2412.372803
2230.444805,0.035,0.035,200,2417.133781
5658.026251,0.785,0.785,200,2422.001164
5656.057816,0.805,0.81,200,2426.773456
5679.95646,0.8,0.805,200,2431.679008
4300.634906,0.82,0.855,200,2436.449921
5748.515951,0.865,0.865,200,2441.238432
5748.951133,0.86,0.87,200,2445.87509
5118.431705,0.835,0.845,200,2450.677886
5660.681196,0.8,0.805,200,2457.443683
5744.108632,0.855,0.86,200,2462.192935
5514.464187,0.785,0.8,200,2466.940859
5742.576908,0.845,0.85,200,2471.638669
5673.828906,0.85,0.87,200,2476.345791
5742.894491,0.835,0.845,200,2481.005428
5736.805527,0.84,0.845,200,2485.759415
4285.083063,0.84,0.845,200,2490.535518
4967.967587,0.53,0.53,200,2495.370354
2672.040515,0.155,0.175,200,2500.185367
3886.571713,0.805,0.84,200,2507.276315
4299.83963,0.825,0.845,200,2511.846002
4262.495379,0.49,0.5,200,2516.444279
5646.344553,0.8,0.8,200,2521.041403
5647.540356,0.795,0.795,200,2525.694858
5638.10519,0.81,0.81,200,2530.505758
4800.978034,0.84,0.845,200,2535.214763
2649.450582,0.855,0.86,200,2539.864951
5588.813409,0.86,0.87,200,2544.738477
5517.418044,0.79,0.795,200,2549.624655
3894.401936,0.84,0.86,200,2556.831525
5762.222998,0.845,0.86,200,2561.674363
5743.223224,0.85,0.85,200,2566.430317
5483.784703,0.775,0.79,200,2571.203531
5484.127641,0.775,0.795,200,2575.961685
5642.399607,0.815,0.82,200,2580.736605
5650.256404,0.79,0.79,200,2585.614756
5733.979705,0.845,0.845,200,2590.519198
5745.650186,0.87,0.88,200,2595.420004
5523.057394,0.805,0.81,200,2600.340434
3727.403394,0.85,0.85,200,2607.504092
5640.598155,0.82,0.825,200,2612.532264
3656.273478,0.85,0.865,200,2617.491618
5693.342462,0.82,0.83,200,2622.293729
5740.334039,0.84,0.845,200,2627.136864
5714.251017,0.83,0.835,200,2631.987823
5567.129383,0.79,0.8,200,2636.747761
5712.500672,0.865,0.88,200,2641.624503
5752.272302,0.86,0.875,200,2646.329659
4501.397463,0.83,0.855,200,2651.203428
3082.548893,0.865,0.865,200,2658.272337
4330.644461,0.82,0.845,200,2663.183752
5217.558836,0.67,0.685,200,2667.964496
5115.720065,0.825,0.825,200,2672.867082
5620.879537,0.8,0.805,200,2677.550015
5742.40779,0.84,0.85,200,2682.407301
5698.972708,0.855,0.855,200,2687.339531
5705.634474,0.85,0.86,200,2692.186827
4161.794576,0.83,0.84,200,2697.021365
5729.659603,0.87,0.87,200,2701.771363
5635.505718,0.82,0.82,200,2708.948644
5697.350259,0.83,0.83,200,2713.712553
5750.163189,0.865,0.875,200,2718.517685
5774.065789,0.86,0.875,200,2723.216079
2572.711275,0.865,0.865,200,2727.995565
5690.990298,0.825,0.83,200,2732.798703
5666.551362,0.8,0.805,200,2737.556852
5636.768528,0.8,0.805,200,2742.305557
5739.08195,0.86,0.86,200,2747.082136
5754.96939,0.86,0.865,200,2751.8499
5691.717986,0.825,0.83,200,2758.759079
5680.292115,0.785,0.805,200,2763.537925
5707.168594,0.82,0.83,200,2768.463245
5752.085433,0.855,0.855,200,2773.33544
5661.834428,0.81,0.83,200,2778.080319
4193.975747,0.835,0.855,200,2782.850806
5534.204267,0.805,0.805,200,2787.624208
5659.513837,0.85,0.865,200,2792.32908
5733.576499,0.85,0.855,200,2797.16693
5602.353096,0.825,0.825,200,2801.898963
5653.779829,0.8,0.825,200,2808.880676
5734.062241,0.835,0.84,200,2813.656786
5582.692972,0.8,0.81,200,2818.369316
5496.557248,0.78,0.79,200,2823.256764
5712.086205,0.825,0.825,200,2828.008879
5730.391486,0.85,0.85,200,2832.759909
5742.047151,0.835,0.845,200,2837.728374
4924.990486,0.825,0.835,200,2842.532808
5543.036672,0.79,0.79,200,2847.518879
3223.125583,0.855,0.87,200,2852.318972
5633.25237,0.8,0.8,200,2859.3835
5738.745415,0.835,0.85,200,2864.392302
5689.275066,0.82,0.835,200,2869.310733
5683.518931,0.85,0.87,200,2874.129957
5684.74414,0.815,0.835,200,2878.969138
5460.847088,0.795,0.795,200,2883.753531
5615.676871,0.805,0.815,200,2888.506127
4597.406848,0.845,0.855,200,2893.399588
5660.340475,0.795,0.795,200,2898.19446
5520.054258,0.8,0.805,200,2902.955922
5639.106825,0.81,0.82,200,2910.234328
5740.023226,0.845,0.845,200,2915.032743
4303.918583,0.84,0.85,200,2919.810041
3599.419887,0.87,0.87,200,2924.549476
5748.353975,0.84,0.845,200,2929.217375
5617.779248,0.795,0.81,200,2933.894778
5263.160796,0.81,0.825,200,2938.735952
5771.100098,0.865,0.87,200,2943.491398
3017.408947,0.19,0.285,200,2948.192367
5494.110766,0.785,0.79,200,2952.864493
5610.83994,0.825,0.83,200,2959.716005
5728.331955,0.87,0.88,200,2964.474429
5623.681362,0.815,0.825,200,2969.231604
4157.556395,0.86,0.875,200,2973.937175
5696.812655,0.825,0.835,200,2978.779534
5713.792621,0.845,0.845,200,2983.47501
5710.939097,0.84,0.845,200,2988.127227
3976.047632,0.745,0.755,200,2992.899305
5603.972768,0.815,0.825,200,2997.584695
4118.751505,0.5,0.54,200,3002.403727
5736.827157,0.83,0.84,200,3009.616008
5662.034961,0.815,0.82,200,3014.376106
5716.130241,0.835,0.845,200,3019.089515
4830.117302,0.82,0.84,200,3023.8752
5758.325144,0.86,0.865,200,3028.559007
5349.536429,0.83,0.835,200,3033.385819
5625.644641,0.825,0.825,200,3038.182433
5618.197414,0.795,0.805,200,3043.066444
4289.839894,0.87,0.87,200,3048.255776
5762.252474,0.865,0.865,200,3053.219856
5741.790108,0.84,0.85,200,3060.162198
5728.86199,0.87,0.88,200,3064.952548
5750.237246,0.84,0.86,200,3069.59155
4249.864001,0.83,0.835,200,3074.459402
5735.887899,0.84,0.845,200,3079.25025
5729.560234,0.845,0.845,200,3083.954514
5631.151418,0.82,0.82,200,3088.734941
5527.168483,0.79,0.79,200,3093.664181
2705.777715,0.025,0.03,200,3098.531291
5675.607854,0.83,0.83,200,3103.532179
3797.861731,0.885,0.885,200,3110.418643
5743.845115,0.865,0.875,200,3115.320897
5687.59906,0.825,0.835,200,3120.169839
5757.784051,0.87,0.885,200,3125.019151
5650.906874,0.85,0.86,200,3129.857495
5528.421061,0.805,0.805,200,3134.706703
4948.936153,0.67,0.685,200,3139.5148
5663.171145,0.815,0.82,200,3144.230836
5763.72228,0.845,0.86,200,3148.963679
5516.84723,0.795,0.8,200,3153.837972
5638.718733,0.82,0.825,200,3160.653505
4121.647727,0.85,0.85,200,3165.539353
5550.031577,0.8,0.81,200,3170.52338
5598.465767,0.8,0.81,200,3175.403805
5709.690263,0.835,0.84,200,3180.158791
2110.782738,0.075,0.085,200,3185.088793
5624.807038,0.805,0.815,200,3189.91675
5752.639098,0.865,0.885,200,3194.830052
5422.021457,0.825,0.835,200,3199.702757
5009.518775,0.66,0.665,200,3204.510167
4092.729261,0.83,0.85,200,3211.787237
4692.510422,0.825,0.835,200,3216.695904
5577.004271,0.83,0.83,200,3221.712084
5121.336466,0.805,0.82,200,3226.642765
5711.590465,0.83,0.84,200,3231.561194
5684.528394,0.865,0.89,200,3236.444329
5752.056506,0.86,0.875,200,3241.223768
5648.948724,0.785,0.795,200,3245.972858
5722.800988,0.835,0.84,200,3250.788601
5746.438676,0.855,0.86,200,3255.516596
4691.755558,0.84,0.85,200,3262.872041
3508.014959,0.87,0.875,200,3267.690699
5747.57742,0.87,0.87,200,3272.470725
5757.409363,0.855,0.86,200,3277.389933
5660.390536,0.81,0.81,200,3282.254686
5673.131196,0.82,0.825,200,3287.156732
5718.948645,0.835,0.835,200,3291.923945
5749.642086,0.835,0.855,200,3296.826235
5711.777374,0.835,0.84,200,3301.735958
4202.758915,0.85,0.85,200,3306.643697
5433.331047,0.815,0.815,200,3313.689244
5675.317726,0.805,0.805,200,3318.56184
4809.937342,0.83,0.845,200,3323.410933
5670.62346,0.82,0.82,200,3328.406741
5563.538166,0.825,0.83,200,3333.270094
5659.760241,0.815,0.815,200,3338.099818
5744.940523,0.865,0.88,200,3342.792194
4641.446565,0.79,0.795,200,3347.53965
5708.188388,0.825,0.825,200,3352.327284
5736.741433,0.845,0.845,200,3356.916697
5647.915205,0.82,0.82,200,3364.150485
5619.358624,0.81,0.81,200,3368.920219
4243.503393,0.845,0.87,200,3373.743111
5052.366693,0.83,0.85,200,3378.613767
5756.628585,0.85,0.855,200,3383.551689
5739.010109,0.845,0.85,200,3388.313889
5673.080005,0.795,0.795,200,3393.189542
5629.882959,0.8,0.8,200,3398.054646
5103.280287,0.82,0.84,200,3402.898611
5776.1429,0.88,0.89,200,3407.621337
2887.375926,0.875,0.875,200,3414.521597
4726.352026,0.825,0.825,200,3419.375155
4588.456049,0.85,0.85,200,3424.258257
4256.451579,0.845,0.86,200,3429.011871
4295.466741,0.865,0.87,200,3433.79393
4627.350062,0.84,0.845,200,3438.65448
5735.822041,0.84,0.85,200,3443.609641
5659.482789,0.815,0.815,200,3448.491733
5769.437705,0.865,0.865,200,3453.279315
4217.794493,0.44,0.455,200,3457.982158
5677.848447,0.825,0.825,200,3465.219417
3207.176966,0.445,0.525,200,3470.022916
5772.232539,0.86,0.875,200,3474.811694
5738.634126,0.845,0.845,200,3479.577674
4180.789115,0.865,0.865,200,3484.294462
5739.303827,0.84,0.84,200,3489.114635
5620.424966,0.815,0.815,200,3493.816735
5644.736314,0.825,0.83,200,3498.543519
5758.403071,0.86,0.885,200,3503.37643
5370.433431,0.825,0.835,200,3508.230744
4540.549288,0.815,0.845,200,3515.325947
5737.73688,0.845,0.845,200,3520.116011
5751.723433,0.855,0.86,200,3524.875351
5753.922223,0.87,0.87,200,3529.552253
5756.800679,0.855,0.865,200,3534.248804
5724.174364,0.875,0.875,200,3538.820247
4295.656405,0.825,0.85,200,3543.669009
5380.610986,0.805,0.805,200,3548.505937
4444.358113,0.74,0.745,200,3553.215054
5484.415157,0.785,0.785,200,3557.882279
5495.088762,0.79,0.795,200,3564.93181
5576.704176,0.81,0.81,200,3569.72411
5723.504417,0.835,0.835,200,3574.526199
5616.688141,0.805,0.805,200,3579.419812
5724.339116,0.83,0.835,200,3584.381223
5750.452651,0.84,0.845,200,3589.112124
5742.525928,0.845,0.845,200,3593.874513
4401.539809,0.85,0.85,200,3598.736115
5729.756854,0.835,0.84,200,3603.49195
5749.699493,0.85,0.855,200,3608.248159
5652.499903,0.795,0.795,200,3615.06163
5743.165748,0.86,0.875,200,3619.780513
3516.859642,0.22,0.235,200,3624.405555
4659.959143,0.835,0.835,200,3629.032358
5748.793116,0.865,0.88,200,3633.701276
5752.170228,0.855,0.86,200,3638.344814
4832.50113,0.835,0.85,200,3643.051088
5645.18922,0.81,0.815,200,3647.689587
5679.21276,0.8,0.805,200,3652.354858
4716.265978,0.705,0.725,200,3657.019835
3066.632573,0.85,0.875,200,3664.054559
5648.166482,0.79,0.805,200,3668.735291
2873.808024,0.87,0.88,200,3673.473083
5580.609403,0.8,0.805,200,3678.126795
5709.97504,0.83,0.835,200,3682.871916
5658.06158,0.81,0.815,200,3687.594754
5682.9797,0.83,0.835,200,3692.249858
5333.522624,0.655,0.66,200,3696.95402
5667.367804,0.795,0.795,200,3701.683349
5737.715099,0.845,0.845,200,3706.304696
5767.375417,0.865,0.865,200,3713.483328
5765.392249,0.86,0.86,200,3718.252429
5652.409003,0.795,0.795,200,3722.937748
5746.413666,0.86,0.875,200,3727.74655
5726.283786,0.825,0.835,200,3732.51487
5652.673148,0.82,0.82,200,3737.308202
5656.340877,0.78,0.78,200,3742.076846
5723.954659,0.83,0.835,200,3746.757092
3575.61848,0.885,0.885,200,3751.368088
5766.272986,0.87,0.89,200,3755.969435
5636.576626,0.815,0.815,200,3762.946751
5733.029169,0.85,0.85,200,3767.562722
5625.062653,0.805,0.82,200,3772.322424
5764.218309,0.85,0.86,200,3777.04965
5702.229815,0.87,0.87,200,3781.817185
5746.773336,0.85,0.85,200,3786.538246
5645.831749,0.825,0.825,200,3791.254889
5668.141805,0.785,0.795,200,3795.96674
5715.921548,0.855,0.87,200,3800.772806
5751.682308,0.84,0.845,200,3805.50171
5756.279916,0.865,0.87,200,3812.545223
5646.605575,0.815,0.815,200,3817.265909
5658.51231,0.815,0.815,200,3821.902121
5682.23096,0.8,0.815,200,3826.555257
5394.463138,0.83,0.83,200,3831.25821
4419.700125,0.845,0.845,200,3836.040643
5667.693291,0.82,0.82,200,3840.80297
5400.652952,0.785,0.785,200,3845.563971
5757.351434,0.87,0.88,200,3850.292799
5701.697482,0.86,0.875,200,3855.133189
3898.300635,0.875,0.875,200,3862.362019
5199.61512,0.81,0.81,200,3867.269174
5112.785249,0.83,0.845,200,3872.137013
5750.024657,0.84,0.85,200,3876.894862
3384.348399,0.85,0.855,200,3881.701396
5522.315112,0.805,0.835,200,3886.349233
5747.018875,0.845,0.85,200,3891.023874
3910.795468,0.855,0.865,200,3895.83675
5755.92006,0.86,0.865,200,3900.590727
4262.629151,0.865,0.865,200,3905.314194
5675.792899,0.795,0.795,200,3912.133472
5718.808182,0.84,0.84,200,3916.84198
5564.846817,0.8,0.8,200,3921.672019
5709.145494,0.835,0.835,200,3926.420267
5746.261621,0.845,0.85,200,3931.099723
5690.172729,0.835,0.835,200,3935.753591
4443.915186,0.86,0.865,200,3940.648741
4741.84937,0.83,0.84,200,3945.438036
2868.387057,0.88,0.88,200,3950.221637
5658.30557,0.815,0.82,200,3955.13264
3436.440833,0.845,0.86,200,3962.243657
5672.259762,0.81,0.81,200,3966.99079
5302.656671,0.68,0.68,200,3971.926777
5728.373173,0.835,0.835,200,3976.768282
5744.986061,0.84,0.845,200,3981.545691
5715.9417,0.825,0.84,200,3986.386487
5632.085391,0.81,0.815,200,3991.17765
5719.679825,0.855,0.86,200,3995.965164
5681.075903,0.805,0.805,200,4000.66607
5762.512766,0.875,0.89,200,4005.458259
4106.616524,0.845,0.845,200,4012.599741
4321.340113,0.86,0.87,200,4017.331498
5668.324927,0.795,0.805,200,4022.318229
5592.182186,0.815,0.82,200,4027.180495
5664.106436,0.82,0.82,200,4032.066877
5588.499195,0.8,0.805,200,4036.93816
2992.765514,0.875,0.875,200,4041.694969
5753.863012,0.87,0.875,200,4046.648714
5667.87145,0.79,0.8,200,4051.614007
3494.031749,0.47,0.49,200,4056.366233
5719.618934,0.835,0.835,200,4063.527647
5469.319667,0.795,0.8,200,4068.398268
5598.496912,0.815,0.815,200,4073.142168
5755.527247,0.865,0.875,200,4077.948724
2788.017479,0.86,0.87,200,4082.787598
5772.410102,0.865,0.865,200,4087.707807
5512.541707,0.785,0.79,200,4092.539197
5671.825939,0.8,0.805,200,4097.390279
5430.429548,0.805,0.805,200,4102.252952
4640.129438,0.835,0.84,200,4106.978842
5636.85037,0.815,0.815,200,4113.902504
5642.103822,0.81,0.81,200,4118.509588
5639.565074,0.815,0.815,200,4123.189393
4142.347916,0.87,0.87,200,4127.940007
5622.997615,0.795,0.795,200,4132.666813
3782.087657,0.865,0.865,200,4137.296626
5726.38662,0.825,0.845,200,4142.039684
5643.654925,0.81,0.81,200,4146.830449
5682.850426,0.86,0.87,200,4151.758533
5751.576496,0.865,0.865,200,4156.761476
5738.712953,0.85,0.85,200,4163.996085
5761.09269,0.86,0.865,200,4168.656153
4874.035257,0.775,0.775,200,4173.341365
3263.536492,0.885,0.895,200,4178.131168
5736.793985,0.855,0.865,200,4182.9752
5735.43982,0.85,0.855,200,4187.520785
4803.841919,0.855,0.855,200,4192.215506
3161.546291,0.31,0.325,200,4196.928427
4784.343264,0.865,0.87,200,4201.757829
4139.799521,0.87,0.87,200,4206.575815
5657.083064,0.805,0.805,200,4213.571825
5667.741643,0.825,0.825,200,4218.407885
5650.922868,0.815,0.82,200,4223.155015
5652.923058,0.815,0.825,200,4227.880703
5728.040186,0.835,0.835,200,4232.600148
5748.400535,0.84,0.845,200,4237.335778
5644.842596,0.845,0.865,200,4242.19375
5566.484972,0.79,0.805,200,4247.010708
5681.349435,0.825,0.825,200,4251.848369
5745.624178,0.85,0.85,200,4256.599472
5670.974708,0.8,0.805,200,4263.702909
5530.530082,0.79,0.79,200,4268.497365
5694.436042,0.83,0.83,200,4273.348499
5746.691683,0.855,0.875,200,4277.991763
5750.897386,0.865,0.865,200,4282.711856
5663.211221,0.82,0.82,200,4287.38379
5666.466023,0.805,0.805,200,4292.191318
5753.430768,0.86,0.87,200,4296.958386
5724.108402,0.84,0.84,200,4301.669955
3412.798516,0.18,0.2,200,4306.469803
5681.584077,0.82,0.82,200,4313.391238
5752.384748,0.855,0.865,200,4318.217858
4573.310406,0.835,0.85,200,4323.084678
5594.503807,0.795,0.81,200,4327.796611
5754.422967,0.85,0.855,200,4332.482534
5740.402993,0.845,0.845,200,4337.291221
5571.610533,0.81,0.81,200,4342.182631
5733.509537,0.84,0.84,200,4346.868865
5658.718542,0.86,0.875,200,4351.68596
3642.855987,0.59,0.63,200,4356.42511
5684.557271,0.815,0.815,200,4363.633266
5549.95733,0.805,0.805,200,4368.300823
4755.61796,0.82,0.84,200,4373.087155
3518.909489,0.865,0.875,200,4377.912344
5673.1902,0.81,0.81,200,4382.589191
5514.59411,0.785,0.785,200,4387.297626
4835.187673,0.835,0.86,200,4392.032374
5731.376191,0.84,0.84,200,4396.816461
5660.162143,0.765,0.77,200,4401.609307
5753.350524,0.85,0.86,200,4406.367732
5670.335885,0.825,0.825,200,4413.309477
5750.056541,0.845,0.85,200,4418.130985
5645.129809,0.82,0.82,200,4422.900723
5556.053428,0.7,0.7,200,4427.731505
4490.166707,0.87,0.87,200,4432.609409
5732.691262,0.865,0.87,200,4437.35878
5711.446979,0.83,0.83,200,4442.216427
5677.54491,0.795,0.795,200,4446.990841
5749.869498,0.85,0.85,200,4451.879625
4523.166749,0.85,0.865,200,4456.74354
3472.060609,0.25,0.285,200,4463.805038
5720.415537,0.835,0.84,200,4468.528881
5559.951659,0.8,0.805,200,4473.176194
5664.790812,0.815,0.815,200,4477.82108
5674.661266,0.83,0.835,200,4482.628702
2696.975733,0.885,0.89,200,4487.342144
5657.011702,0.81,0.81,200,4492.058473
5228.819281,0.85,0.85,200,4496.816665
5655.851246,0.81,0.81,200,4501.570429
3731.398148,0.57,0.575,200,4506.364257
3623.716055,0.875,0.88,200,4513.148605
5675.200622,0.85,0.86,200,4518.034375
5753.961862,0.855,0.86,200,4522.842327
5677.868384,0.82,0.82,200,4527.659254
5518.64181,0.795,0.795,200,4532.518941
5693.106683,0.83,0.83,200,4537.268234
4421.826298,0.85,0.85,200,4542.156723
4626.931338,0.835,0.855,200,4547.020084
5736.579332,0.865,0.865,200,4551.810349
4678.91535,0.76,0.765,200,4556.560447
5304.299144,0.835,0.84,200,4563.872672
5758.825362,0.85,0.855,200,4568.70743
4216.61313,0.855,0.855,200,4573.378583
4725.209817,0.85,0.865,200,4578.245124
4585.48665,0.835,0.85,200,4583.203993
5688.698216,0.8,0.82,200,4587.956228
5663.668061,0.795,0.795,200,4592.766945
5755.24478,0.85,0.855,200,4597.561345
5671.609562,0.82,0.825,200,4602.338531
5523.36158,0.785,0.795,200,4607.06998
5168.500209,0.82,0.82,200,4614.157327
4985.964984,0.845,0.87,200,4618.840348
4364.090564,0.84,0.86,200,4623.493183
5756.985431,0.845,0.85,200,4628.378214
4593.053617,0.86,0.86,200,4633.194256
3509.834504,0.87,0.87,200,4638.007412
4450.440669,0.83,0.83,200,4642.786744
2555.493239,0.87,0.87,200,4647.509856
5516.650012,0.79,0.795,200,4652.241019
5219.067287,0.85,0.85,200,4656.864997
5709.182546,0.83,0.83,200,4663.999961
5725.621989,0.87,0.88,200,4668.823702
5652.469569,0.83,0.835,200,4673.674198
5679.4285,0.795,0.795,200,4678.389322
5771.070208,0.855,0.865,200,4683.177975
5595.129661,0.835,0.835,200,4687.865997
4237.159499,0.84,0.85,200,4692.689406
5724.302972,0.835,0.84,200,4697.511421
5759.243731,0.855,0.855,200,4702.305852
3216.60989,0.875,0.875,200,4707.123684
4206.587823,0.87,0.87,200,4714.227581
5669.896509,0.82,0.825,200,4718.93541
5696.634079,0.82,0.82,200,4723.777639
5683.668357,0.8,0.8,200,4728.637245
5684.07043,0.82,0.835,200,4733.430823
5691.482177,0.815,0.815,200,4738.149829
3425.857242,0.865,0.865,200,4742.902062
2639.725822,0.875,0.875,200,4747.643714
5683.407538,0.81,0.81,200,4752.307852
4752.167025,0.845,0.85,200,4757.104497
5651.973573,0.825,0.825,200,4764.134596
4805.335357,0.69,0.72,200,4768.76906
5684.986884,0.8,0.815,200,4773.536713
5565.690863,0.855,0.87,200,4778.225815
5723.048892,0.86,0.87,200,4782.889703
5573.444572,0.8,0.8,200,4787.54703
4351.465309,0.85,0.85,200,4792.370069
5726.820198,0.845,0.85,200,4797.288896
5018.827104,0.84,0.85,200,4801.945877
5673.059259,0.825,0.835,200,4806.80948
5660.116187,0.84,0.84,200,4813.579468
5688.768918,0.865,0.87,200,4818.37126
5697.468729,0.8,0.815,200,4823.179681
5748.093239,0.85,0.855,200,4827.91533
5642.407709,0.8,0.815,200,4832.574131
5180.055974,0.6,0.615,200,4837.252049
4584.702699,0.855,0.86,200,4841.955644
5686.632974,0.805,0.805,200,4846.584391
4211.681153,0.855,0.87,200,4851.382074
5068.769065,0.85,0.85,200,4856.042426
5668.68436,0.79,0.79,200,4862.981393
5758.088687,0.865,0.875,200,4867.642502
5552.45802,0.88,0.89,200,4872.395547
5717.414504,0.83,0.84,200,4877.228423
5665.35459,0.81,0.81,200,4882.075576
5202.119879,0.64,0.64,200,4886.809475
5762.472049,0.845,0.86,200,4891.49719
4433.196784,0.85,0.855,200,4896.015522
5743.770494,0.855,0.86,200,4900.618221
5756.53294,0.84,0.855,200,4905.240017
3714.655202,0.88,0.88,200,4912.358294
5757.960973,0.855,0.855,200,4917.04863
5698.115187,0.815,0.815,200,4921.847047
5735.112931,0.83,0.845,200,4926.503863
5738.895777,0.855,0.855,200,4931.324441
5237.315588,0.83,0.83,200,4935.940114
5754.010682,0.85,0.85,200,4940.637959
5710.415474,0.845,0.855,200,4945.525703
4546.344926,0.83,0.84,200,4950.100923
5668.665023,0.82,0.82,200,4954.807609
5363.204409,0.825,0.835,200,4961.635286
3921.121516,0.865,0.875,200,4966.391572
5729.602059,0.825,0.83,200,4971.133431
5668.428907,0.82,0.825,200,4975.731164
5667.298204,0.8,0.8,200,4980.609622
5676.22198,0.815,0.815,200,4985.296685
5695.565082,0.815,0.835,200,4989.974218
5686.082438,0.81,0.81,200,4994.547843
4027.728299,0.875,0.88,200,4999.288016
5644.033876,0.805,0.815,200,5004.077994
5655.412971,0.82,0.825,200,5010.845853
4599.631452,0.855,0.855,200,5015.515401
4406.161451,0.845,0.85,200,5020.300009
4609.481328,0.87,0.87,200,5024.994981
5693.483115,0.825,0.825,200,5029.680912
5747.0992,0.845,0.85,200,5034.38383
4700.311545,0.85,0.85,200,5039.060186
5085.645285,0.835,0.835,200,5043.851612
5706.471205,0.85,0.855,200,5048.50661
5728.845036,0.865,0.875,200,5053.239048
5667.502445,0.82,0.82,200,5060.029668
5668.216689,0.81,0.82,200,5064.709934
5695.855886,0.79,0.815,200,5069.423561
4840.34361,0.835,0.845,200,5074.189621
4409.836399,0.88,0.89,200,5078.890805
5757.966297,0.85,0.855,200,5083.529598
4676.965733,0.84,0.855,200,5088.098828
3990.164774,0.86,0.87,200,5092.779633
5713.370467,0.825,0.83,200,5097.564449
5753.363205,0.845,0.85,200,5102.369006
5758.101332,0.855,0.855,200,5109.288566
4608.903972,0.86,0.86,200,5114.103924
5759.697693,0.865,0.875,200,5118.940272
5735.280051,0.855,0.865,200,5123.680039
5732.534159,0.855,0.855,200,5128.469238
4706.724372,0.835,0.845,200,5133.268391
5725.061902,0.855,0.86,200,5138.008333
3845.330812,0.88,0.88,200,5142.869927
5732.151479,0.845,0.86,200,5147.674859
5655.260484,0.815,0.815,200,5152.61244
5484.79414,0.835,0.835,200,5159.9205
2771.026939,0.87,0.87,200,5164.826158
4838.998826,0.845,0.845,200,5169.801541
5739.37235,0.87,0.88,200,5174.596297
4882.413797,0.83,0.85,200,5179.354815
5759.490213,0.855,0.86,200,5184.128307
5695.446084,0.81,0.81,200,5189.008001
4542.806272,0.85,0.85,200,5193.782121
5731.831353,0.825,0.845,200,5198.509092
5705.951156,0.835,0.835,200,5203.358666
5685.008849,0.805,0.805,200,5210.194731
5759.039794,0.87,0.88,200,5215.083257
5043.161048,0.83,0.83,200,5219.907145
5343.72455,0.845,0.845,200,5224.798748
5626.125013,0.815,0.815,200,5229.587482
5627.567439,0.825,0.825,200,5234.359855
5689.412207,0.82,0.82,200,5239.232925
5668.70908,0.825,0.835,200,5244.012875
5742.590906,0.845,0.845,200,5248.733466
5640.888656,0.825,0.825,200,5253.556557
5724.285438,0.83,0.835,200,5260.761089
2947.35064,0.44,0.465,200,5265.449142
5621.301879,0.805,0.82,200,5270.197303
5664.218191,0.79,0.79,200,5275.105548
5566.577879,0.805,0.805,200,5279.985579
5390.128371,0.865,0.89,200,5284.814919
3846.400741,0.3,0.315,200,5289.656531
5697.060176,0.86,0.86,200,5294.482695
3645.473899,0.87,0.87,200,5299.282128
5657.33707,0.82,0.82,200,5304.10645
5620.857341,0.81,0.81,200,5311.165824
5754.458923,0.86,0.86,200,5316.031556
5732.724193,0.86,0.87,200,5320.779503
5530.860295,0.83,0.83,200,5325.627592
5671.673662,0.815,0.815,200,5330.366576
5515.78287,0.83,0.845,200,5335.13127
5729.355868,0.87,0.875,200,5339.863797
5039.537826,0.57,0.6,200,5344.722582
5726.609446,0.855,0.855,200,5349.53287
5640.795931,0.815,0.815,200,5354.288379
4748.192434,0.845,0.845,200,5361.350473
2448.457927,0.15,0.15,200,5366.281617
4515.891616,0.825,0.85,200,5371.15319
5680.446018,0.83,0.83,200,5375.980448
5681.485061,0.82,0.835,200,5380.781038
5714.783855,0.835,0.84,200,5385.507605
4503.207684,0.575,0.575,200,5390.367675
4639.021856,0.835,0.835,200,5395.028457
5682.695959,0.8,0.8,200,5399.747503
5739.705683,0.855,0.86,200,5404.578414
5738.276352,0.845,0.845,200,5411.628504
3725.957014,0.875,0.875,200,5416.550982
5714.712108,0.86,0.86,200,5421.323151
5738.914878,0.85,0.855,200,5426.010031
4835.082171,0.83,0.845,200,5430.665129
5637.015971,0.83,0.83,200,5435.415374
5232.566802,0.615,0.63,200,5440.165423
5696.919755,0.82,0.83,200,5445.045918
5743.75705,0.845,0.85,200,5449.820978
2905.0317,0.175,0.18,200,5454.548114
5679.355483,0.825,0.825,200,5461.388813
5695.994024,0.87,0.885,200,5466.099447
5654.140321,0.83,0.83,200,5470.863182
5689.586482,0.805,0.805,200,5475.647083
5641.985397,0.82,0.82,200,5480.479567
5616.398465,0.815,0.815,200,5485.378362
5747.043268,0.845,0.85,200,5490.227583
4038.490061,0.885,0.885,200,5494.95297
5745.421515,0.835,0.84,200,5499.69047
4302.508107,0.615,0.635,200,5504.434472
4362.338361,0.85,0.85,200,5511.589139
5735.094324,0.85,0.855,200,5516.31108
5603.997337,0.825,0.825,200,5521.023369
4702.252502,0.855,0.855,200,5525.782007
5734.159139,0.86,0.865,200,5530.679879
4288.072103,0.865,0.865,200,5535.406215
5717.744092,0.86,0.86,200,5540.162287
5720.668256,0.83,0.83,200,5544.927545
5666.950078,0.8,0.805,200,5549.782193
4421.155616,0.83,0.85,200,5554.545211
5647.008271,0.82,0.82,200,5561.633252
5721.907182,0.84,0.84,200,5566.460045
5730.901661,0.825,0.84,200,5571.160976
5674.863032,0.8,0.8,200,5575.932304
2567.181311,0.395,0.41,200,5580.732149
3792.357473,0.555,0.59,200,5585.589683
5756.924581,0.84,0.86,200,5590.270856
5722.661764,0.845,0.845,200,5595.121349
4356.994476,0.835,0.84,200,5599.937963
5117.134898,0.535,0.565,200,5604.666473
5660.766314,0.815,0.815,200,5611.858903
2321.802039,0.16,0.16,200,5616.658928
5747.18236,0.85,0.85,200,5621.521622
4735.728571,0.84,0.84,200,5626.294135
5662.903694,0.87,0.89,200,5631.040889
5769.458564,0.845,0.86,200,5635.844637
5725.53377,0.84,0.85,200,5640.569241
5576.124336,0.79,0.795,200,5645.364889
5708.623017,0.855,0.855,200,5650.238418
5672.196417,0.8,0.8,200,5655.080492
5597.644452,0.805,0.805,200,5661.914577
5705.161009,0.825,0.825,200,5666.648536
5731.440374,0.855,0.855,200,5671.364625
4985.585213,0.84,0.845,200,5676.016478
5698.612085,0.815,0.82,200,5680.790733
4125.810957,0.865,0.865,200,5685.543582
5640.10621,0.83,0.835,200,5690.270003
5670.241647,0.81,0.81,200,5694.973586
5759.134231,0.855,0.855,200,5699.684656
5678.317374,0.825,0.83,200,5704.5242
5659.704434,0.83,0.83,200,5711.568437
5708.408257,0.855,0.875,200,5716.306569
5752.566,0.865,0.87,200,5721.06935
5680.871966,0.82,0.825,200,5725.847674
5765.345354,0.86,0.86,200,5730.543942
5704.883695,0.87,0.875,200,5735.201147
5681.504545,0.8,0.8,200,5740.055221
4423.985841,0.715,0.72,200,5744.777034
5678.819905,0.8,0.8,200,5749.665196
5761.813752,0.855,0.865,200,5754.430686
4922.48453,0.83,0.85,200,5761.814208
5116.164515,0.67,0.69,200,5766.528317
5597.418425,0.805,0.81,200,5771.312004
3403.00871,0.885,0.885,200,5776.060129
5659.296703,0.81,0.82,200,5780.860276
5764.249913,0.86,0.865,200,5785.59862
4677.472173,0.83,0.85,200,5790.391367
5761.114492,0.855,0.855,200,5795.145685
5746.370716,0.835,0.845,200,5799.976335
5622.477716,0.82,0.82,200,5804.749235
5661.65632,0.785,0.795,200,5811.749826
4253.07598,0.855,0.86,200,5816.541981
5752.754669,0.845,0.85,200,5821.399875
5727.347885,0.845,0.845,200,5826.30776
5756.799645,0.85,0.85,200,5831.223156
5671.583659,0.815,0.825,200,5836.07011
5698.669043,0.855,0.855,200,5840.950435
4220.192156,0.87,0.87,200,5845.757421
5114.268259,0.24,0.24,200,5850.637714
5668.527116,0.83,0.83,200,5855.545512
5680.909494,0.83,0.83,200,5862.5831
5677.736493,0.83,0.83,200,5867.191745
5691.835104,0.82,0.83,200,5871.813636
5685.247154,0.815,0.815,200,5876.51861
5630.507355,0.81,0.815,200,5881.308594
5754.637377,0.85,0.85,200,5886.119559
5737.001121,0.85,0.85,200,5890.868903
3225.851578,0.885,0.885,200,5895.626632
5759.932077,0.85,0.86,200,5900.332818
5646.83983,0.825,0.825,200,5905.117048
5752.725346,0.855,0.865,200,5912.160349
3952.378277,0.74,0.75,200,5916.795618
5194.728167,0.84,0.845,200,5921.336111
5749.345753,0.85,0.85,200,5926.016545
5118.519204,0.825,0.845,200,5930.885959
5692.882775,0.83,0.83,200,5935.627888
5740.634624,0.845,0.845,200,5940.410453
3441.890213,0.195,0.225,200,5945.026148
5109.399462,0.835,0.84,200,5949.865497
5152.821441,0.83,0.83,200,5954.471108
5652.85928,0.825,0.825,200,5961.340386
5676.588529,0.83,0.83,200,5966.160246
5661.828254,0.825,0.825,200,5970.932728
5747.227634,0.835,0.845,200,5975.68542
4112.495518,0.545,0.575,200,5980.299152
5741.016524,0.83,0.845,200,5985.132197
5744.82911,0.85,0.85,200,5989.935093
5748.521143,0.84,0.845,200,5994.561811
5672.057629,0.86,0.88,200,5999.21904
4279.424908,0.85,0.86,200,6003.919825
4516.063361,0.86,0.86,200,6010.919816
4941.90438,0.815,0.825,200,6015.544143
5731.092383,0.855,0.88,200,6020.127747
5605.913928,0.86,0.88,200,6024.759969
3993.065301,0.85,0.85,200,6029.342503
5740.666845,0.83,0.845,200,6034.066447
5109.971412,0.88,0.895,200,6038.789219
5633.220119,0.825,0.825,200,6043.551137
5644.617795,0.825,0.825,200,6048.344687
5775.896972,0.865,0.87,200,6053.091595
5740.688733,0.85,0.85,200,6059.915143
5660.005353,0.82,0.82,200,6064.471438
5697.359989,0.835,0.835,200,6069.056066
4748.692736,0.84,0.855,200,6073.727119
5746.881667,0.835,0.85,200,6078.291661
5741.888775,0.835,0.835,200,6082.933321
5698.510403,0.83,0.83,200,6087.812997
5607.004151,0.83,0.83,200,6092.561649
5730.400625,0.85,0.85,200,6097.299803
5706.151519,0.825,0.835,200,6101.83152
4468.354897,0.83,0.845,200,6108.655811
5758.637586,0.865,0.87,200,6113.352649
5745.067619,0.85,0.855,200,6118.111671
5756.295132,0.85,0.85,200,6122.757426
5697.137768,0.835,0.835,200,6127.339071
5751.156371,0.86,0.865,200,6131.957394
5209.320494,0.73,0.75,200,6136.491946
5230.446015,0.84,0.845,200,6141.168601
5766.851645,0.86,0.87,200,6145.637191
5757.079874,0.86,0.86,200,6150.263294
5756.080227,0.845,0.855,200,6156.94
5377.897543,0.845,0.845,200,6161.5565
4588.80722,0.86,0.86,200,6166.124428
5759.548164,0.855,0.855,200,6170.897495
5087.981133,0.82,0.845,200,6175.623524
5693.903529,0.8,0.805,200,6180.357669
3368.014732,0.59,0.595,200,6184.944041
4372.840203,0.855,0.855,200,6189.584603
5688.034616,0.835,0.835,200,6194.188875
5654.589346,0.83,0.83,200,6198.688663
5737.544088,0.83,0.85,200,6205.462067
4887.061565,0.835,0.835,200,6210.008242
5713.654766,0.865,0.875,200,6214.672064
5666.288793,0.79,0.79,200,6219.356303
4413.168669,0.87,0.89,200,6223.941646
5618.781617,0.795,0.81,200,6228.576694
5658.031474,0.805,0.805,200,6233.162741
5673.529118,0.82,0.82,200,6237.671134
5309.895813,0.835,0.835,200,6242.16114
5674.681965,0.8,0.8,200,6246.57682
5542.763744,0.84,0.84,200,6253.294064
5513.244228,0.82,0.82,200,6257.882066
3388.178456,0.655,0.66,200,6262.431505
5761.776141,0.84,0.855,200,6267.148274
4601.146151,0.49,0.505,200,6271.688226
5760.024657,0.85,0.855,200,6276.235806
5255.692709,0.835,0.845,200,6280.796104
5719.413024,0.85,0.85,200,6285.416183
4920.756557,0.85,0.85,200,6290.054587
5729.311075,0.835,0.845,200,6294.671176
5765.82981,0.86,0.86,200,6301.419542
5748.307908,0.84,0.85,200,6306.012511
5748.6806,0.86,0.865,200,6310.490669
4476.878057,0.87,0.87,200,6314.971873
4513.824432,0.845,0.85,200,6319.580087
5738.453839,0.845,0.845,200,6324.169835
4210.850863,0.635,0.655,200,6328.886204
5742.263173,0.85,0.86,200,6333.383198
5631.462763,0.815,0.82,200,6337.972045
5300.349361,0.485,0.495,200,6342.65691
5182.396216,0.835,0.835,200,6349.267547
3711.93966,0.29,0.31,200,6353.947959
4669.204289,0.87,0.88,200,6358.413331
5633.406467,0.82,0.82,200,6362.985107
5761.421011,0.85,0.855,200,6367.659145
5649.206708,0.845,0.855,200,6372.152026
5641.25024,0.8,0.82,200,6376.75586
5789.750736,0.87,0.88,200,6381.355159
5767.967185,0.865,0.865,200,6385.90401
5613.869015,0.82,0.82,200,6390.581245
5662.849847,0.8,0.8,200,6397.379637
4782.038807,0.86,0.86,200,6401.88658
5548.402609,0.79,0.8,200,6406.36139
5624.705225,0.8,0.81,200,6410.763347
5647.630022,0.825,0.83,200,6415.364151
5684.04295,0.805,0.805,200,6419.896613
5728.182719,0.855,0.865,200,6424.514355
5772.847871,0.87,0.885,200,6429.142007
5649.529465,0.81,0.81,200,6433.597901
5552.305109,0.78,0.79,200,6438.164378
5673.730143,0.81,0.81,200,6445.155257
5662.099405,0.825,0.825,200,6449.951317
4542.094372,0.865,0.865,200,6454.667578
5540.096809,0.79,0.79,200,6459.239439
5747.350301,0.84,0.84,200,6463.768852
5736.956349,0.85,0.85,200,6468.480985
4877.321915,0.86,0.86,200,6473.183366
5638.13968,0.845,0.88,200,6477.904624
5643.539041,0.81,0.81,200,6482.507107
5260.29684,0.86,0.86,200,6487.179452
5585.434352,0.795,0.805,200,6494.065489
5675.247305,0.8,0.8,200,6498.59761
5665.774936,0.795,0.795,200,6503.220567
5675.37162,0.8,0.8,200,6507.867362
5683.298342,0.825,0.825,200,6512.320453
4967.221133,0.84,0.84,200,6516.83347
5761.930278,0.855,0.865,200,6521.501119
5270.175582,0.83,0.85,200,6526.147842
5684.606655,0.805,0.805,200,6530.863844
5658.259796,0.83,0.83,200,6535.41318
5532.671701,0.84,0.845,200,6542.015073
3608.292757,0.88,0.88,200,6546.727881
5741.251086,0.845,0.845,200,6551.528187
5675.086406,0.835,0.835,200,6556.04263
5759.786434,0.86,0.86,200,6560.828016
5656.87054,0.865,0.87,200,6565.421984
5655.820279,0.82,0.82,200,6570.205423
5663.253453,0.83,0.83,200,6574.904842
5770.687562,0.875,0.875,200,6579.527055
5598.459966,0.815,0.82,200,6584.051894
5586.415985,0.79,0.8,200,6590.705299
5752.43367,0.84,0.85,200,6595.315937
4714.716446,0.835,0.84,200,6599.9255
5596.419595,0.805,0.815,200,6604.444454
5613.406696,0.83,0.84,200,6609.088208
5579.898037,0.8,0.81,200,6613.742201
5005.471781,0.85,0.85,200,6618.570082
4181.838564,0.87,0.875,200,6623.175714
4958.57641,0.83,0.835,200,6627.638785
5040.141506,0.495,0.525,200,6632.136948
5600.185286,0.815,0.815,200,6638.961382
5747.434773,0.85,0.85,200,6643.541128
4494.121093,0.87,0.87,200,6648.177121
5090.703497,0.855,0.855,200,6652.817482
4500.046983,0.85,0.86,200,6657.46172
5589.627387,0.84,0.845,200,6662.084978
5692.365851,0.815,0.815,200,6666.737535
5692.054125,0.81,0.81,200,6671.344788
5672.898309,0.825,0.825,200,6675.946308
4934.21434,0.87,0.87,200,6680.446716
5345.071259,0.835,0.835,200,6687.257791
5741.694221,0.835,0.835,200,6691.868632
5684.646851,0.81,0.81,200,6696.427018
5763.584835,0.85,0.86,200,6701.013825
4180.420937,0.84,0.845,200,6705.462844
5741.356088,0.845,0.85,200,6709.982989
5754.455902,0.84,0.86,200,6714.720279
4458.498327,0.575,0.595,200,6719.232659
5725.025391,0.87,0.88,200,6723.914877
5662.70407,0.865,0.88,200,6728.402759
5747.01664,0.845,0.85,200,6735.22776
5747.271498,0.865,0.87,200,6739.711756
5735.770961,0.865,0.875,200,6744.259674
5768.507629,0.865,0.875,200,6748.953026
4060.74464,0.875,0.875,200,6753.628403
5674.021132,0.81,0.81,200,6758.303885
5722.788094,0.835,0.845,200,6763.08768
5675.337185,0.84,0.845,200,6767.710643
5763.420896,0.86,0.875,200,6772.277289
5683.863686,0.815,0.815,200,6776.925209
5708.531663,0.85,0.85,200,6783.790801
5647.622825,0.825,0.835,200,6788.367203
5749.862155,0.85,0.87,200,6793.242035
5685.022525,0.805,0.805,200,6797.927607
5767.43062,0.855,0.865,200,6802.571077
5685.023529,0.82,0.825,200,6807.231366
4250.569804,0.87,0.87,200,6811.915158
4402.965096,0.845,0.855,200,6816.555422
5649.436114,0.835,0.835,200,6821.276808
5147.747221,0.835,0.855,200,6825.608937
5684.643521,0.815,0.815,200,6832.203926
4386.931545,0.525,0.535,200,6836.72843
5631.264413,0.83,0.85,200,6841.35691
5713.686184,0.835,0.84,200,6845.888071
5769.638359,0.86,0.87,200,6850.526099
5707.004185,0.855,0.86,200,6855.061674
5721.248278,0.855,0.88,200,6859.574858
2109.277998,0.18,0.18,200,6864.240665
4828.127045,0.895,0.9,200,6868.91327
3678.089358,0.88,0.885,200,6873.455102
5672.856645,0.82,0.825,200,6880.442173
5708.251615,0.865,0.87,200,6885.118716
4638.575627,0.655,0.66,200,6889.574435
4133.848272,0.715,0.725,200,6894.277562
5756.454709,0.85,0.85,200,6898.669987
4437.378442,0.87,0.87,200,6903.274897
5175.5913,0.835,0.835,200,6907.77986
5667.956049,0.82,0.825,200,6912.271877
5694.859021,0.86,0.865,200,6916.676319
5692.879053,0.805,0.81,200,6921.255435
3923.679182,0.855,0.855,200,6927.702753
5595.088219,0.805,0.81,200,6931.864968
5690.870845,0.81,0.81,200,6936.321464
5764.124469,0.855,0.855,200,6940.697959
4614.254225,0.86,0.87,200,6945.223569
5794.241181,0.88,0.88,200,6949.750098
5718.190668,0.875,0.875,200,6954.266154
5709.699627,0.865,0.87,200,6958.674015
5755.4971,0.855,0.855,200,6963.130365
5612.60375,0.835,0.84,200,6967.832901
5217.926646,0.875,0.875,200,6974.493824
3585.793698,0.87,0.875,200,6979.215508
5605.733137,0.85,0.865,200,6983.827168
5680.098366,0.825,0.825,200,6988.44906
5656.410278,0.82,0.82,200,6992.918854
5646.526684,0.815,0.815,200,6997.560019
3452.335707,0.875,0.875,200,7002.161775
5682.979888,0.81,0.83,200,7006.597197
5548.309469,0.79,0.805,200,7011.107718
5641.921146,0.86,0.88,200,7015.562786
5732.286439,0.855,0.855,200,7022.288841
5756.424633,0.85,0.86,200,7027.047401
5104.255144,0.695,0.715,200,7031.662722
4986.107606,0.84,0.85,200,7036.223452
5672.54135,0.82,0.82,200,7040.710747
5749.561662,0.86,0.865,200,7045.173283
5667.45421,0.795,0.795,200,7049.824054
5583.623233,0.805,0.81,200,7054.448146
5754.377816,0.855,0.86,200,7058.919021
3571.473949,0.87,0.88,200,7063.54088
5773.771089,0.875,0.88,200,7070.415988
5744.20556,0.845,0.845,200,7075.086685
5680.954405,0.86,0.865,200,7079.704983
5519.794637,0.815,0.815,200,7084.327662
3514.132342,0.86,0.86,200,7089.004373
5695.94315,0.81,0.81,200,7093.654109
5758.274001,0.845,0.855,200,7098.235042
5567.583133,0.795,0.8,200,7102.855762
5759.165299,0.865,0.87,200,7107.561801
5646.088955,0.81,0.82,200,7112.367329
5735.703725,0.87,0.885,200,7119.090506
5672.769818,0.835,0.835,200,7123.679813
5696.876619,0.815,0.82,200,7128.359866
5677.253235,0.81,0.81,200,7133.091998
5757.647551,0.835,0.85,200,7137.707275
5753.046574,0.865,0.87,200,7142.270847
5668.610613,0.855,0.865,200,7147.11002
5019.496353,0.595,0.595,200,7151.802265
5687.255858,0.835,0.835,200,7156.474946
5677.859284,0.815,0.815,200,7161.192787
4023.065212,0.855,0.855,200,7168.150496
5580.956756,0.84,0.85,200,7172.817615
5767.653333,0.86,0.865,200,7177.400179
5777.187834,0.875,0.875,200,7182.063169
5743.612308,0.835,0.85,200,7186.768639
5726.326203,0.825,0.845,200,7191.499114
5762.160588,0.855,0.855,200,7196.215764
4417.017848,0.86,0.87,200,7200.909083
4509.004589,0.84,0.855,200,7205.59831
3605.902865,0.385,0.4,200,7210.227609
5680.641008,0.855,0.865,200,7216.796812
5495.456926,0.82,0.84,200,7221.284551
5753.834058,0.85,0.86,200,7225.795274
5750.379444,0.855,0.865,200,7230.411882
5761.654496,0.85,0.855,200,7234.880596
4490.522634,0.855,0.86,200,7239.362696
4430.031099,0.755,0.76,200,7243.92326
5760.345478,0.84,0.855,200,7248.449813
4979.269642,0.835,0.86,200,7252.935531
5762.192901,0.86,0.87,200,7257.534656
5736.929375,0.835,0.87,200,7264.330882
5167.400224,0.845,0.855,200,7269.136751
5786.642407,0.875,0.88,200,7273.788297
5510.66555,0.84,0.84,200,7278.349459
4195.064504,0.865,0.865,200,7283.055114
4513.542836,0.85,0.855,200,7287.500151
5693.073539,0.835,0.835,200,7292.012464
5596.177372,0.8,0.815,200,7296.559196
5764.142591,0.855,0.86,200,7301.072459
5659.354567,0.81,0.825,200,7305.728037
5595.983328,0.8,0.805,200,7312.668381
5624.945973,0.85,0.855,200,7317.415526
5700.75653,0.82,0.835,200,7322.20251
4399.947667,0.855,0.865,200,7326.883453
5736.316282,0.86,0.88,200,7331.441683
5570.96143,0.795,0.805,200,7336.156286
5749.121825,0.86,0.86,200,7340.630065
5686.563305,0.805,0.805,200,7345.471167
5766.777229,0.865,0.865,200,7350.283383
3866.921873,0.88,0.88,200,7355.012111
5748.954881,0.835,0.845,200,7362.037862
5696.898947,0.815,0.815,200,7366.851732
5686.48237,0.83,0.83,200,7371.619748
5734.923858,0.865,0.865,200,7376.408452
5227.323732,0.66,0.66,200,7381.113398
3266.210406,0.865,0.865,200,7385.883991
5755.379849,0.84,0.855,200,7390.336884
2947.720354,0.275,0.28,200,7394.98663
5716.356297,0.83,0.84,200,7399.632389
5680.288098,0.835,0.835,200,7404.282671
5773.553984,0.845,0.865,200,7411.033649
5747.549016,0.855,0.855,200,7415.595865
5770.567945,0.87,0.875,200,7420.187808
4864.15018,0.835,0.84,200,7424.718224
5779.392476,0.875,0.875,200,7429.228022
5669.291189,0.825,0.835,200,7433.88872
5692.027214,0.83,0.835,200,7438.453564
3869.326176,0.86,0.86,200,7443.022614
5751.393732,0.84,0.85,200,7447.68237
5626.264389,0.8,0.81,200,7452.368216
2427.768062,0.045,0.085,200,7458.904526
5778.073884,0.855,0.865,200,7463.484546
5698.443651,0.865,0.865,200,7468.09071
5669.452193,0.795,0.795,200,7472.610331
5757.049556,0.84,0.845,200,7477.112491
5747.574377,0.835,0.85,200,7481.668679
5688.09605,0.82,0.82,200,7486.253564
5683.810955,0.82,0.82,200,7490.844546
5747.009945,0.845,0.845,200,7495.422173
5694.092558,0.83,0.83,200,7500.095964
5760.00218,0.85,0.855,200,7506.857038
5694.617883,0.855,0.875,200,7511.477541
5607.527193,0.8,0.815,200,7516.049342
5741.880853,0.84,0.84,200,7520.77163
5266.086815,0.82,0.845,200,7525.343312
5671.484728,0.79,0.79,200,7530.029914
5069.747425,0.56,0.56,200,7534.64254
4682.820062,0.845,0.85,200,7539.167482
2643.500141,0.485,0.515,200,7543.750476
5693.163739,0.84,0.84,200,7548.425731
4882.269159,0.84,0.845,200,7555.487237
4941.898021,0.87,0.87,200,7560.0494
5747.881549,0.835,0.845,200,7564.464307
5567.472052,0.855,0.865,200,7569.049778
5754.95504,0.85,0.85,200,7573.594356
5776.831162,0.865,0.88,200,7578.015467
5091.986264,0.865,0.87,200,7582.698143
5221.845861,0.84,0.845,200,7587.223061
5697.517305,0.83,0.83,200,7592.004183
5546.921819,0.795,0.795,200,7596.587823
5234.861204,0.835,0.845,200,7603.39247
5677.889782,0.845,0.86,200,7607.885717
4549.113918,0.73,0.73,200,7612.41245
5777.020532,0.86,0.875,200,7616.92699
5702.606872,0.82,0.82,200,7621.505085
5756.453108,0.855,0.855,200,7625.875551
4157.826735,0.825,0.83,200,7630.341353
5451.839207,0.83,0.85,200,7634.808819
3489.661402,0.41,0.43,200,7639.447774
5735.321377,0.865,0.875,200,7644.098278
5137.232838,0.835,0.845,200,7650.898296
4461.648861,0.84,0.85,200,7655.549806
5768.964339,0.855,0.86,200,7660.15541
5665.719357,0.84,0.84,200,7664.692867
3433.246097,0.26,0.27,200,7669.21565
5543.384,0.795,0.8,200,7673.85104
5708.198345,0.855,0.875,200,7678.373982
5703.071593,0.815,0.82,200,7682.965106
5748.41625,0.84,0.86,200,7687.651284
5117.865798,0.845,0.845,200,7692.378915
5694.899966,0.805,0.815,200,7699.414555
5677.886398,0.79,0.795,200,7704.191158
5706.498439,0.86,0.87,200,7708.912558
5660.59094,0.815,0.825,200,7713.3268
5556.961194,0.795,0.8,200,7717.932679
5750.70924,0.845,0.85,200,7722.566318
5752.793898,0.84,0.85,200,7727.054803
5726.262607,0.85,0.86,200,7731.644798
5642.326908,0.795,0.795,200,7736.225883
5690.758364,0.82,0.82,200,7740.82597
5682.740419,0.82,0.82,200,7747.831698
5696.076084,0.825,0.825,200,7752.352931
5759.222939,0.85,0.855,200,7756.963146
5300.172105,0.85,0.85,200,7761.517373
5733.952328,0.865,0.865,200,7766.076193
5683.117332,0.82,0.82,200,7770.608818
5691.520384,0.81,0.81,200,7775.204575
5693.630022,0.81,0.81,200,7779.840578
5757.35888,0.855,0.87,200,7784.414043
5653.552293,0.825,0.83,200,7788.992908
5596.745858,0.8,0.8,200,7795.69632
4088.218314,0.87,0.88,200,7800.430593
5728.066091,0.84,0.85,200,7805.023425
5430.507629,0.835,0.835,200,7809.620945
5600.641828,0.795,0.8,200,7814.192842
5771.847121,0.855,0.86,200,7818.78459
5745.95727,0.84,0.84,200,7823.435299
5682.249152,0.83,0.83,200,7828.019466
5776.419601,0.865,0.865,200,7832.720631
5660.901275,0.815,0.825,200,7837.325011
5548.747582,0.835,0.835,200,7844.234051
5748.610897,0.87,0.885,200,7848.888168
5593.973225,0.795,0.81,200,7853.528333
5690.284015,0.805,0.805,200,7858.211756
5714.568989,0.87,0.88,200,7862.754706
3556.197977,0.885,0.895,200,7867.389712
5732.200473,0.845,0.855,200,7872.111501
5742.463809,0.845,0.845,200,7876.796612
5732.653408,0.835,0.84,200,7881.484915
5755.514915,0.865,0.89,200,7886.094147
4272.088307,0.855,0.87,200,7892.903805
5537.497311,0.86,0.87,200,7897.426097
5670.017928,0.83,0.83,200,7902.13169
5691.630326,0.86,0.865,200,7906.760881
4750.394797,0.845,0.86,200,7911.560622
5732.000112,0.85,0.865,200,7916.264566
5722.854913,0.835,0.835,200,7920.885996
5782.97828,0.86,0.87,200,7925.558685
4578.657203,0.85,0.86,200,7930.201804
5058.575154,0.54,0.54,200,7934.808466
5608.14636,0.81,0.815,200,7941.446416
5616.714181,0.835,0.835,200,7946.133405
5775.847776,0.87,0.87,200,7950.858135
5686.911967,0.855,0.855,200,7955.387524
5701.251713,0.825,0.83,200,7959.866094
5765.135869,0.85,0.86,200,7964.480029
5425.016058,0.83,0.845,200,7969.182407
5534.559143,0.83,0.86,200,7973.803704
5743.933803,0.86,0.87,200,7978.31588
5687.122516,0.875,0.875,200,7982.938462
5776.75903,0.865,0.87,200,7989.660779
5760.221532,0.845,0.86,200,7994.172633
5672.664326,0.835,0.835,200,7998.800298
5383.131625,0.85,0.88,200,8003.393786
5675.388555,0.81,0.815,200,8008.230236
4110.188127,0.855,0.865,200,8012.911949
2583.939431,0.36,0.375,200,8017.418091
5715.265813,0.83,0.84,200,8021.940155
5693.601906,0.865,0.88,200,8026.577255
4097.15593,0.435,0.455,200,8031.198278
3784.197597,0.875,0.875,200,8038.120537
5758.361422,0.845,0.855,200,8042.78078
5651.575335,0.84,0.84,200,8047.482244
5698.740212,0.83,0.83,200,8052.20668
5677.495991,0.8,0.805,200,8056.915992
5694.59252,0.805,0.805,200,8061.629307
4967.6251,0.855,0.855,200,8066.254739
5765.154511,0.86,0.86,200,8070.758445
4500.812458,0.855,0.86,200,8075.32219
5642.16263,0.805,0.815,200,8079.872464
5762.036594,0.86,0.86,200,8086.682647
4486.808629,0.85,0.855,200,8091.355238
5636.350309,0.84,0.84,200,8095.953597
5707.105082,0.82,0.82,200,8100.570948
5674.230167,0.81,0.81,200,8105.322098
4881.527817,0.84,0.855,200,8109.965938
5770.033955,0.86,0.865,200,8114.533803
5660.801542,0.83,0.83,200,8119.102253
5772.515983,0.865,0.87,200,8123.747617
4804.845709,0.84,0.855,200,8128.394634
5749.913019,0.855,0.855,200,8135.144465
5690.491589,0.835,0.835,200,8139.858611
5695.511936,0.81,0.815,200,8144.574123
5736.776551,0.845,0.845,200,8149.106063
5785.041259,0.86,0.875,200,8153.813329
5768.658402,0.85,0.86,200,8158.341724
5702.426826,0.86,0.875,200,8163.099892
5770.527258,0.85,0.86,200,8167.722461
5769.025331,0.87,0.87,200,8172.271836
4980.667162,0.855,0.855,200,8176.957059
5698.946232,0.815,0.815,200,8183.798083
5744.418675,0.84,0.84,200,8188.570988
4647.280956,0.86,0.865,200,8193.160967
5590.031142,0.845,0.865,200,8197.846594
5713.702855,0.865,0.865,200,8202.611015
5615.954715,0.82,0.82,200,8207.404595
5651.074647,0.83,0.83,200,8211.990771
5663.618083,0.83,0.835,200,8216.78775
4953.1166,0.84,0.855,200,8221.573595
3004.010398,0.52,0.53,200,8226.194647
4693.067638,0.67,0.67,200,8233.128947
5756.501832,0.845,0.85,200,8237.936099
5068.498941,0.87,0.87,200,8242.628468
5763.732011,0.855,0.86,200,8247.285589
5699.714592,0.82,0.83,200,8252.010552
5582.072683,0.795,0.8,200,8256.728887
5662.090745,0.835,0.835,200,8261.356237
5761.010644,0.85,0.86,200,8266.008545
5734.923732,0.835,0.84,200,8270.782308
3998.820267,0.695,0.73,200,8275.469944
5670.144398,0.86,0.88,200,8282.412714
5712.118383,0.825,0.83,200,8287.108496
4106.328739,0.875,0.885,200,8292.004457
5682.643199,0.805,0.805,200,8296.835067
5651.358248,0.83,0.835,200,8301.454296
5711.231351,0.83,0.835,200,8306.216671
5622.542335,0.84,0.84,200,8310.866902
4143.588401,0.855,0.86,200,8315.63974
5695.608785,0.835,0.835,200,8320.359491
5763.934433,0.865,0.865,200,8324.975154
5545.403823,0.835,0.855,200,8331.641686
5681.022554,0.855,0.865,200,8336.123079
5061.979199,0.85,0.86,200,8340.64265
5690.428233,0.835,0.835,200,8345.261898
5627.746482,0.805,0.805,200,8349.871974
5688.825828,0.83,0.83,200,8354.56755
4319.215817,0.86,0.87,200,8359.122852
5659.634579,0.815,0.815,200,8363.727207
5750.469674,0.845,0.845,200,8368.465741
5654.694363,0.775,0.775,200,8373.13675
4860.148219,0.635,0.675,200,8379.990545
5748.43221,0.84,0.845,200,8384.691118
5748.953842,0.84,0.85,200,8389.380877
4368.081594,0.855,0.855,200,8393.954002
5752.04938,0.845,0.855,200,8398.469759
5707.337349,0.865,0.88,200,8403.082334
5760.822935,0.87,0.88,200,8407.781031
5684.098897,0.795,0.8,200,8412.415959
5760.545809,0.86,0.87,200,8417.079121
5756.820052,0.85,0.855,200,8421.860416
5013.151221,0.735,0.735,200,8428.778708
5767.942159,0.85,0.855,200,8433.357221
5692.153373,0.835,0.835,200,8438.0539
5718.951686,0.835,0.845,200,8442.691076
5682.982597,0.835,0.84,200,8447.337764
4971.734221,0.295,0.295,200,8451.982419
5763.871504,0.85,0.865,200,8456.527498
4890.682532,0.84,0.855,200,8461.205361
3819.952362,0.415,0.415,200,8465.874046
5675.266279,0.805,0.805,200,8470.495013
5642.594436,0.84,0.84,200,8477.56582
4347.264179,0.83,0.85,200,8482.323696
4972.567326,0.835,0.86,200,8487.053144
5661.684948,0.815,0.815,200,8491.635358
5734.326935,0.845,0.85,200,8496.286749
5645.950603,0.835,0.835,200,8500.980379
5675.831267,0.83,0.83,200,8505.642855
5698.985118,0.82,0.82,200,8510.2737
4335.141885,0.475,0.495,200,8515.028657
5681.929043,0.84,0.845,200,8519.793161
5766.568039,0.87,0.87,200,8526.516306
5274.130531,0.845,0.85,200,8531.222163
5681.293235,0.815,0.815,200,8535.894723
4896.653033,0.845,0.855,200,8540.445924
5758.819949,0.86,0.86,200,8545.097856
5619.017586,0.81,0.82,200,8549.787894
4765.412168,0.865,0.865,200,8554.397478
5746.621606,0.85,0.855,200,8559.062868
5660.826681,0.82,0.82,200,8563.784373
5738.124784,0.84,0.845,200,8568.353117
5636.799518,0.815,0.815,200,8575.276393
5752.325298,0.85,0.855,200,8579.916181
5738.729547,0.86,0.865,200,8584.39276
5761.030802,0.865,0.87,200,8588.979837
5691.481453,0.81,0.81,200,8593.622318
4739.788666,0.84,0.85,200,8598.233065
5753.374282,0.84,0.86,200,8602.897657
5641.580949,0.83,0.84,200,8607.525293
4890.497489,0.72,0.74,200,8612.25678
5647.534438,0.865,0.87,200,8616.967627
5766.783443,0.855,0.86,200,8623.830149
5693.589559,0.865,0.87,200,8628.418009
5340.713707,0.84,0.845,200,8633.07876
5679.133512,0.84,0.85,200,8637.76557
5687.099899,0.8,0.805,200,8642.400358
5745.048226,0.86,0.875,200,8647.127213
5652.03204,0.815,0.83,200,8651.743028
4939.41135,0.85,0.895,200,8656.321241
5629.575668,0.8,0.815,200,8661.127091
5600.234329,0.84,0.85,200,8665.771946
3746.694892,0.885,0.885,200,8672.764292
5669.858732,0.83,0.83,200,8677.37274
5686.098216,0.81,0.81,200,8681.975475
5673.690301,0.86,0.86,200,8686.6045
5707.57421,0.83,0.83,200,8691.283011
5596.547132,0.8,0.81,200,8695.838782
5755.14897,0.85,0.85,200,8700.386512
4028.242173,0.675,0.7,200,8705.067869
5695.087031,0.8,0.805,200,8709.662544
5604.10538,0.8,0.8,200,8714.244911
5734.2294,0.83,0.84,200,8721.219927
5670.722145,0.815,0.835,200,8725.983051
5688.68309,0.805,0.805,200,8730.708255
5383.949626,0.84,0.85,200,8735.304202
5686.103653,0.805,0.805,200,8740.032208
3687.210968,0.885,0.885,200,8744.603251
4677.211432,0.835,0.845,200,8749.205054
5757.96953,0.86,0.865,200,8753.801505
5732.307837,0.865,0.875,200,8758.498234
4914.742133,0.845,0.85,200,8763.131893
5771.378989,0.845,0.86,200,8769.952261
4320.399617,0.85,0.85,200,8774.691123
5314.361984,0.84,0.845,200,8779.401692
5672.25901,0.795,0.795,200,8784.085689
5625.837523,0.81,0.81,200,8788.806132
5654.632271,0.815,0.815,200,8793.478217
5747.472841,0.845,0.85,200,8798.346195
5647.308652,0.84,0.84,200,8803.054221
5635.374937,0.845,0.845,200,8807.718944
5687.177705,0.825,0.83,200,8812.525455
5742.963791,0.84,0.845,200,8819.312839
5762.199109,0.845,0.86,200,8824.014517
5742.732383,0.825,0.835,200,8828.671778
5716.968116,0.86,0.86,200,8833.485096
5569.620736,0.8,0.8,200,8838.21008
5684.039184,0.8,0.8,200,8842.852195
3818.659392,0.885,0.885,200,8847.523621
4819.389453,0.84,0.855,200,8852.103685
5678.96948,0.83,0.835,200,8856.616352
5694.329812,0.845,0.865,200,8861.219049
5755.183073,0.85,0.85,200,8868.166004
5689.824038,0.825,0.825,200,8872.968697
4696.597035,0.85,0.86,200,8877.687216
5697.77111,0.81,0.81,200,8882.150671
5706.259784,0.86,0.87,200,8886.699207
5699.873136,0.83,0.835,200,8891.311909
5557.156437,0.84,0.84,200,8895.889163
5663.201166,0.825,0.825,200,8900.570545
5052.351975,0.82,0.845,200,8905.095249
5747.98381,0.84,0.845,200,8909.611882
5657.993593,0.815,0.815,200,8916.405039
5631.551966,0.83,0.83,200,8921.066206
5689.080502,0.82,0.82,200,8925.661861
5753.544395,0.87,0.89,200,8930.38506
5576.143886,0.795,0.805,200,8935.092777
4583.010334,0.855,0.865,200,8939.74838
5622.011472,0.81,0.81,200,8944.393044
4501.872438,0.84,0.86,200,8948.880935
5772.937181,0.865,0.865,200,8953.565209
5597.223,0.81,0.81,200,8957.986841
5688.377255,0.81,0.81,200,8964.949467
5724.409464,0.825,0.825,200,8969.625644
5747.29473,0.855,0.86,200,8974.279253
5766.237103,0.86,0.86,200,8978.769483
5751.649792,0.845,0.85,200,8983.150019
5705.995548,0.81,0.825,200,8987.626669
5704.560967,0.875,0.89,200,8992.037348
5694.50573,0.81,0.81,200,8996.472557
5764.482682,0.845,0.855,200,9000.883387
3559.828724,0.31,0.33,200,9005.367377
5675.476662,0.825,0.83,200,9011.927928
5646.572351,0.83,0.84,200,9016.62348
5769.289325,0.865,0.875,200,9020.957429
5688.821096,0.84,0.84,200,9025.424148
5749.308554,0.845,0.845,200,9029.753736
5590.866515,0.845,0.875,200,9034.190269
5640.458157,0.855,0.855,200,9038.888893
5656.190953,0.825,0.83,200,9043.588364
5678.077527,0.84,0.88,200,9048.090293
5698.944571,0.825,0.825,200,9052.639522
5697.914129,0.81,0.81,200,9059.322782
5366.490859,0.825,0.845,200,9064.050776
5703.889754,0.825,0.825,200,9068.643226
5761.857771,0.855,0.855,200,9073.197981
5762.76184,0.84,0.85,200,9077.87523
5570.907241,0.845,0.86,200,9082.502886
5733.527004,0.845,0.845,200,9087.215117
4770.465452,0.875,0.875,200,9091.916408
5768.842848,0.86,0.86,200,9096.531095
5677.609242,0.825,0.83,200,9101.136251
5662.888088,0.82,0.83,200,9107.979332
5683.145608,0.83,0.83,200,9112.711289
4346.697387,0.865,0.865,200,9117.446405
5751.408766,0.855,0.86,200,9122.065961
5698.414021,0.825,0.83,200,9126.686788
5784.531174,0.855,0.87,200,9131.342568
5738.087955,0.86,0.86,200,9135.974208
5292.29266,0.835,0.85,200,9140.526501
5743.120275,0.845,0.85,200,9145.158444
5685.096713,0.825,0.825,200,9149.76545
5558.685141,0.85,0.85,200,9156.542563
5699.093695,0.835,0.835,200,9160.989523
5391.162542,0.835,0.84,200,9165.409189
5740.062295,0.86,0.875,200,9169.964543
5677.805647,0.83,0.835,200,9174.554985
5685.180903,0.83,0.83,200,9179.095729
5761.255276,0.855,0.855,200,9183.786626
5683.30594,0.805,0.805,200,9188.365927
3953.804704,0.87,0.875,200,9193.114403
5649.360614,0.82,0.82,200,9197.783393
5719.13508,0.83,0.84,200,9204.537911
5769.058612,0.845,0.855,200,9209.144706
5719.958621,0.835,0.835,200,9213.797846
5688.463404,0.855,0.86,200,9218.560088
5693.568915,0.805,0.81,200,9223.157727
4403.257243,0.27,0.28,200,9227.744646
5609.68635,0.8,0.81,200,9232.347236
3337.12348,0.295,0.305,200,9236.809068
5769.799624,0.855,0.86,200,9241.424873
5588.832018,0.83,0.835,200,9246.01215
4873.417539,0.85,0.865,200,9252.73052
5663.470899,0.79,0.805,200,9257.37874
5682.567313,0.825,0.825,200,9261.964668
5747.255812,0.86,0.875,200,9266.540146
5739.736125,0.86,0.86,200,9270.998693
5720.811244,0.875,0.89,200,9275.553861
5695.428607,0.835,0.835,200,9280.151151
4557.294205,0.865,0.865,200,9284.888139
5678.442814,0.82,0.83,200,9289.426046
5679.728933,0.865,0.87,200,9293.926039
5769.894647,0.85,0.86,200,9300.718135
5693.932965,0.82,0.82,200,9305.365656
5563.310385,0.81,0.81,200,9309.952066
5687.563267,0.87,0.87,200,9314.680151
4651.354308,0.85,0.855,200,9319.187503
5759.590814,0.865,0.88,200,9323.607573
5769.880128,0.855,0.875,200,9328.134024
5746.402067,0.86,0.865,200,9332.756407
5747.563495,0.84,0.84,200,9337.367488
5215.76343,0.855,0.86,200,9341.980653
5757.545816,0.87,0.885,200,9348.964868
4679.912806,0.83,0.845,200,9353.675889
5753.21266,0.855,0.87,200,9358.35993
4905.343668,0.86,0.865,200,9362.804413
5662.637632,0.85,0.865,200,9367.295161
5744.20681,0.855,0.865,200,9371.945584
5708.297115,0.83,0.83,200,9376.648148
5635.198831,0.82,0.82,200,9381.371245
5706.589381,0.855,0.87,200,9386.035465
5701.58629,0.82,0.825,200,9390.736609
5693.991636,0.82,0.82,200,9397.671546
4377.529591,0.855,0.875,200,9402.38427
5717.126144,0.865,0.87,200,9407.010691
4925.539924,0.835,0.835,200,9411.726258
5711.412932,0.82,0.83,200,9416.386774
5668.287735,0.81,0.825,200,9420.879796
5666.119493,0.83,0.83,200,9425.550921
5679.424885,0.84,0.84,200,9430.012898
5418.308211,0.86,0.86,200,9434.559403
5758.043671,0.84,0.855,200,9439.264194
5626.790514,0.84,0.845,200,9445.797698
5692.608938,0.835,0.84,200,9450.469876
5751.058645,0.855,0.865,200,9455.219702
5595.186483,0.855,0.875,200,9459.889661
5658.15914,0.83,0.83,200,9464.650839
4828.860918,0.65,0.66,200,9469.336423
5683.740476,0.83,0.835,200,9473.948014
5760.446995,0.855,0.855,200,9478.70646
5777.576786,0.86,0.87,200,9483.470083
5682.752865,0.855,0.86,200,9488.291793
5771.033168,0.86,0.86,200,9495.216033
5678.802527,0.815,0.815,200,9499.994244
5737.421519,0.835,0.85,200,9504.84467
5708.657759,0.83,0.83,200,9509.646379
5627.967199,0.825,0.825,200,9514.341751
5715.125345,0.87,0.88,200,9519.000847
4475.379669,0.875,0.875,200,9523.564121
5765.136103,0.86,0.875,200,9528.186547
5652.858738,0.83,0.84,200,9532.916718
5615.118498,0.835,0.835,200,9537.736442
5687.307541,0.825,0.825,200,9544.814354
5679.410699,0.845,0.85,200,9549.394302
5761.819189,0.855,0.86,200,9554.113421
5608.077494,0.82,0.82,200,9558.868509
5672.930093,0.82,0.82,200,9563.461385
5596.033146,0.845,0.87,200,9568.048085
5760.487547,0.865,0.865,200,9572.698572
5675.098172,0.8,0.8,200,9577.202426
5662.988912,0.83,0.83,200,9581.745272
5590.653185,0.8,0.805,200,9586.46681
5743.578593,0.865,0.88,200,9593.378994
4090.677949,0.44,0.45,200,9598.057538
5678.082542,0.85,0.85,200,9602.736919
5365.231687,0.845,0.855,200,9607.388266
5544.134205,0.79,0.79,200,9612.096397
5590.036723,0.835,0.845,200,9616.671878
2666.861208,0.26,0.295,200,9621.244203
5684.489584,0.805,0.805,200,9625.804007
5704.840108,0.82,0.825,200,9630.366557
5680.886182,0.855,0.855,200,9634.965748
5683.788627,0.825,0.825,200,9641.645179
4629.698133,0.86,0.86,200,9646.094069
5610.320685,0.87,0.875,200,9650.533288
5649.833914,0.825,0.825,200,9655.203809
5668.51008,0.825,0.825,200,9659.901288
4684.5099,0.87,0.87,200,9664.501529
5573.34362,0.795,0.795,200,9669.09625
5346.5033,0.835,0.84,200,9673.725996
5758.680326,0.845,0.86,200,9678.401458
5577.969603,0.86,0.87,200,9683.180032
5275.438381,0.85,0.85,200,9690.214644
5769.79623,0.87,0.87,200,9694.700075
4713.956699,0.735,0.74,200,9699.176697
5565.219706,0.755,0.76,200,9703.638573
5733.0264,0.845,0.845,200,9708.345231
5717.640236,0.86,0.87,200,9713.001685
5676.70956,0.83,0.83,200,9717.791884
3993.365213,0.87,0.87,200,9722.516831
5755.447053,0.85,0.875,200,9727.19026
5672.10546,0.86,0.86,200,9731.888837
5746.940131,0.86,0.87,200,9738.6626
5660.973335,0.8,0.82,200,9743.259461
3329.806743,0.875,0.875,200,9747.773236
5705.571673,0.83,0.83,200,9752.274891
5152.993164,0.84,0.845,200,9756.725333
5585.308798,0.77,0.78,200,9761.252312
2912.866013,0.66,0.665,200,9765.786818
4545.856726,0.87,0.87,200,9770.487895
5640.758995,0.82,0.82,200,9774.917299
5734.921268,0.835,0.84,200,9779.433555
5773.479886,0.865,0.865,200,9786.166125
5589.703238,0.8,0.81,200,9790.775489
5055.948763,0.695,0.715,200,9795.125198
5588.538421,0.795,0.8,200,9799.408364
5776.566029,0.85,0.865,200,9803.727994
5689.317176,0.82,0.82,200,9808.182076
5689.494847,0.815,0.815,200,9812.540073
5774.922025,0.86,0.865,200,9817.040205
5576.078057,0.795,0.81,200,9821.629006
5648.289412,0.815,0.815,200,9826.183633
5685.086021,0.815,0.815,200,9832.979128
5768.425759,0.85,0.855,200,9837.283552
5685.266689,0.805,0.805,200,9841.822431
5675.438403,0.81,0.81,200,9846.100084
4519.676436,0.865,0.865,200,9850.451004
4838.701618,0.845,0.855,200,9854.949156
5756.500503,0.85,0.86,200,9859.489062
5747.265808,0.865,0.87,200,9864.174439
5731.07295,0.87,0.885,200,9868.626423
5740.087207,0.85,0.855,200,9873.243647
5686.807364,0.825,0.83,200,9880.108197
5565.591651,0.79,0.795,200,9884.639937
5731.011241,0.845,0.865,200,9889.355635
5754.773572,0.845,0.845,200,9893.80944
5655.77178,0.825,0.825,200,9898.248923
5691.093879,0.815,0.82,200,9902.816098
5612.319595,0.85,0.875,200,9907.236291
5678.344722,0.825,0.825,200,9911.905765
4310.140382,0.87,0.875,200,9916.422662
5337.131851,0.85,0.85,200,9920.911231
5712.255145,0.825,0.83,200,9927.53159
5658.502965,0.83,0.83,200,9931.972787
5685.827275,0.855,0.855,200,9936.376823
5730.114428,0.87,0.88,200,9940.831024
5739.783351,0.835,0.84,200,9945.246987
5607.651227,0.81,0.81,200,9949.702751
4798.579133,0.305,0.31,200,9954.322719
5784.739875,0.865,0.88,200,9958.713337
5775.818902,0.86,0.865,200,9963.336944
5698.795331,0.815,0.815,200,9967.78671
5628.495342,0.855,0.865,200,9974.543099
5751.336135,0.865,0.865,200,9979.019659
5723.069679,0.835,0.84,200,9983.410298
4715.664908,0.86,0.86,200,9987.69931
5591.503894,0.865,0.87,200,9992.038802
5677.030209,0.86,0.86,200,9996.423026
5619.530533,0.835,0.84,200,10000.941861
5719.007043,0.845,0.845,200,10005.405899
5688.741216,0.83,0.83,200,10009.778734
5701.047785,0.855,0.86,200,10014.237743
4092.741624,0.865,0.865,200,10020.905908
5736.043181,0.835,0.835,200,10025.436496
4565.977397,0.09,0.09,200,10029.965219
5649.574366,0.84,0.84,200,10034.495474
5656.916903,0.805,0.805,200,10039.030762
5184.560078,0.84,0.84,200,10043.634006
5641.485413,0.81,0.83,200,10048.235941
5640.759648,0.84,0.84,200,10052.938742
4283.523703,0.86,0.865,200,10057.506317
5656.466182,0.84,0.845,200,10062.084955
5767.87059,0.86,0.86,200,10069.044411
5540.080905,0.815,0.865,200,10073.600596
5605.4917,0.86,0.86,200,10078.338537
5732.878478,0.845,0.865,200,10083.075457
5684.696153,0.8,0.8,200,10087.565246
5654.70843,0.82,0.82,200,10092.105196
5471.387044,0.845,0.85,200,10096.66535
3469.052352,0.39,0.415,200,10101.219653
5693.413674,0.84,0.87,200,10105.791701
5768.292464,0.855,0.855,200,10110.485433
4628.065235,0.875,0.875,200,10117.264375
4345.679469,0.745,0.75,200,10121.856083
5765.211103,0.865,0.87,200,10126.344906
5779.734715,0.845,0.865,200,10131.021036
5713.039195,0.86,0.875,200,10135.611364
4579.115034,0.855,0.855,200,10140.242515
5649.040069,0.81,0.82,200,10144.666574
5573.509466,0.81,0.81,200,10149.329438
5686.127832,0.8,0.8,200,10154.039845
5738.678499,0.855,0.865,200,10158.68824
4658.610973,0.875,0.895,200,10165.512323
5715.149673,0.86,0.86,200,10170.16486
5768.132089,0.87,0.88,200,10174.924207
5672.074834,0.835,0.835,200,10179.592573
5743.902227,0.845,0.845,200,10184.177953
4256.688681,0.465,0.475,200,10188.830796
5776.291636,0.855,0.86,200,10193.529831
4696.089184,0.86,0.87,200,10198.026244
5702.220166,0.81,0.835,200,10202.641846
5634.189805,0.805,0.82,200,10207.25657
5604.887586,0.855,0.86,200,10214.061173
4532.522102,0.855,0.865,200,10218.710227
5032.745245,0.535,0.535,200,10223.325848
5754.542388,0.845,0.845,200,10227.907761
5759.651812,0.85,0.85,200,10232.512677
4732.122015,0.605,0.61,200,10237.160103
5569.187975,0.81,0.85,200,10241.681437
5355.246664,0.855,0.855,200,10246.497328
5609.059551,0.815,0.815,200,10251.057405
4445.957875,0.865,0.865,200,10255.566407
4577.655209,0.84,0.84,200,10262.207985
5670.283732,0.82,0.82,200,10266.76821
5666.889416,0.835,0.835,200,10271.385361
4763.937495,0.87,0.87,200,10276.029844
5280.103174,0.845,0.85,200,10280.588377
5671.829406,0.815,0.825,200,10285.168206
5734.818712,0.835,0.835,200,10289.779954
5682.49312,0.8,0.8,200,10294.492106
4491.588644,0.84,0.86,200,10299.106104
5703.87886,0.82,0.82,200,10303.63362
5714.779831,0.87,0.88,200,10310.217468
3067.876356,0.49,0.49,200,10314.675617
5750.548091,0.855,0.865,200,10319.315894
5532.127176,0.8,0.8,200,10324.022892
5657.680804,0.8,0.815,200,10328.694321
5694.124074,0.805,0.815,200,10333.461789
5439.410397,0.84,0.84,200,10338.017891
5378.788482,0.845,0.85,200,10342.629707
5409.503407,0.86,0.86,200,10347.406156
4860.090265,0.855,0.86,200,10352.09409
5615.151649,0.84,0.84,200,10358.850736
5689.894892,0.86,0.885,200,10363.434121
5737.068454,0.865,0.88,200,10368.111888
5639.720379,0.83,0.84,200,10372.674337
5636.253354,0.835,0.86,200,10377.111697
5663.234176,0.85,0.85,200,10381.815953
4601.557783,0.83,0.85,200,10386.51303
5598.630215,0.79,0.805,200,10391.120135
5652.895964,0.81,0.815,200,10395.709345
5759.256763,0.865,0.865,200,10400.313744
5656.653777,0.875,0.89,200,10407.124933
4466.727238,0.635,0.685,200,10411.693927
5686.985305,0.855,0.865,200,10416.334646
5687.61534,0.81,0.81,200,10420.934118
5771.135477,0.865,0.875,200,10425.652066
4827.727534,0.845,0.86,200,10430.362722
5726.526855,0.855,0.86,200,10434.978667
5775.754387,0.875,0.875,200,10439.609189
5233.920204,0.86,0.86,200,10444.356352
5591.836399,0.81,0.81,200,10449.020914
4789.770128,0.86,0.86,200,10455.840781
5564.025583,0.845,0.845,200,10460.381963
5659.34564,0.84,0.84,200,10465.065298
5693.489356,0.825,0.825,200,10469.463066
5424.443437,0.725,0.73,200,10474.038548
5624.424209,0.83,0.83,200,10478.466205
5587.27081,0.85,0.855,200,10482.955345
5639.637563,0.835,0.835,200,10487.34625
5755.316897,0.835,0.85,200,10491.867832
5698.380973,0.825,0.825,200,10496.556349
5676.256322,0.835,0.835,200,10503.38091
5733.541963,0.85,0.87,200,10508.055307
5708.354549,0.83,0.83,200,10512.523686
5025.637407,0.59,0.6,200,10517.042251
5747.727137,0.835,0.845,200,10521.714306
5662.669331,0.87,0.87,200,10526.228561
5772.49919,0.86,0.865,200,10531.016567
5689.589382,0.85,0.86,200,10535.6642
5752.801235,0.865,0.87,200,10540.41319
5742.777762,0.86,0.88,200,10544.968366
5730.171979,0.87,0.88,200,10551.930175
5604.519797,0.805,0.805,200,10556.453777
5777.330754,0.86,0.86,200,10561.056071
5626.738886,0.855,0.855,200,10565.671281
5699.220409,0.81,0.81,200,10570.441849
5263.039792,0.84,0.865,200,10575.166893
5695.991968,0.835,0.835,200,10579.764407
5759.481415,0.85,0.855,200,10584.48727
4292.980512,0.53,0.535,200,10589.135776
5736.596338,0.85,0.85,200,10593.841911
5758.267774,0.845,0.85,200,10600.747939
5760.46292,0.855,0.855,200,10605.358222
5719.990016,0.855,0.855,200,10610.0113
5767.075293,0.86,0.86,200,10614.671698
5774.432855,0.86,0.86,200,10619.366291
5767.313743,0.85,0.855,200,10624.06478
5602.69023,0.805,0.81,200,10628.648128
5589.193518,0.855,0.87,200,10633.383928
5522.608673,0.84,0.85,200,10638.076209
3654.022024,0.535,0.56,200,10642.795483
5749.493979,0.845,0.845,200,10649.760517
5611.593695,0.81,0.81,200,10654.513109
5772.424338,0.855,0.86,200,10659.14666
5599.043391,0.79,0.805,200,10663.846501
5677.040749,0.83,0.83,200,10668.399039
4779.564002,0.86,0.86,200,10673.065605
5776.535461,0.845,0.86,200,10677.879107
5693.008137,0.815,0.815,200,10682.398911
5690.514077,0.83,0.83,200,10686.978529
4659.923685,0.875,0.875,200,10691.699916
5638.828219,0.865,0.88,200,10698.696283
5761.805752,0.865,0.875,200,10703.477145
5700.536142,0.855,0.86,200,10708.187455
4878.969858,0.67,0.69,200,10712.890418
4671.669959,0.83,0.85,200,10717.578882
4281.153318,0.86,0.86,200,10722.232357
5681.276657,0.835,0.835,200,10726.867748
5679.693843,0.85,0.85,200,10731.569761
5671.585302,0.79,0.79,200,10736.303027
5591.532143,0.8,0.8,200,10740.985266
5698.835858,0.835,0.84,200,10748.095826
5691.104852,0.805,0.815,200,10752.853395
5680.491478,0.8,0.8,200,10757.525932
5676.682081,0.835,0.84,200,10762.253388
5749.362343,0.845,0.87,200,10766.986824
5804.073416,0.89,0.89,200,10771.694767
5701.67303,0.825,0.825,200,10776.335283
5708.724714,0.835,0.835,200,10780.957443
5739.455306,0.84,0.84,200,10785.7628
5734.826389,0.845,0.845,200,10790.393632
5678.2785,0.835,0.85,200,10797.138848
5577.034963,0.805,0.805,200,10801.852286
5762.343383,0.855,0.855,200,10806.590879
5756.006199,0.86,0.875,200,10811.303235
5566.650672,0.835,0.865,200,10815.945898
5694.581416,0.81,0.81,200,10820.621832
5711.839603,0.825,0.835,200,10825.382533
5717.24829,0.83,0.84,200,10830.083852
5176.626811,0.86,0.86,200,10834.738949
5753.285189,0.835,0.85,200,10839.437665
5659.492256,0.825,0.825,200,10846.485871
5212.264967,0.785,0.785,200,10851.145427
5611.672212,0.87,0.885,200,10855.781431
5728.796534,0.855,0.855,200,10860.36063
5750.666717,0.845,0.845,200,10865.003593
5582.114596,0.85,0.87,200,10869.854398
5495.013582,0.85,0.87,200,10874.51205
2348.823566,0.12,0.13,200,10879.136706
5666.827422,0.84,0.84,200,10883.822368
4792.136482,0.835,0.86,200,10888.588715
5089.828713,0.85,0.85,200,10895.651071
5637.166073,0.83,0.83,200,10900.403255
5729.605952,0.825,0.84,200,10905.211179
5725.742845,0.86,0.86,200,10909.905303
5758.7684,0.85,0.865,200,10914.525298
5759.726842,0.84,0.85,200,10919.313336
5080.714945,0.84,0.84,200,10924.138896
5771.380273,0.855,0.865,200,10928.79749
5708.307099,0.875,0.88,200,10933.469555
5718.61113,0.83,0.84,200,10938.106367
5651.251797,0.84,0.84,200,10944.868764
5611.608403,0.86,0.88,200,10949.52035
5675.989392,0.805,0.805,200,10954.156854
5661.812396,0.865,0.87,200,10958.780478
5721.082044,0.83,0.835,200,10963.236172
5681.118309,0.835,0.835,200,10967.850215
5517.68427,0.85,0.85,200,10972.385549
5790.395951,0.87,0.88,200,10977.009653
5700.411836,0.82,0.82,200,10981.593976
5730.290788,0.845,0.845,200,10986.281086
4492.60333,0.86,0.865,200,10993.054055
5770.266451,0.865,0.865,200,10997.677851
5685.903544,0.835,0.835,200,11002.28602
5690.412769,0.805,0.805,200,11007.011201
5770.166615,0.85,0.86,200,11011.691255
5718.487039,0.86,0.865,200,11016.255942
5237.72273,0.83,0.86,200,11020.785094
5764.507182,0.86,0.86,200,11025.373415
4123.098328,0.87,0.875,200,11030.102371
5711.178274,0.825,0.84,200,11034.581049
5562.268376,0.835,0.845,200,11041.447177
5740.90148,0.845,0.85,200,11046.030281
5689.061305,0.85,0.85,200,11050.769609
5700.892624,0.825,0.825,200,11055.519831
5683.869325,0.835,0.84,200,11060.39633
5784.420876,0.865,0.87,200,11065.143668
5680.701593,0.82,0.825,200,11069.825311
5668.599591,0.835,0.835,200,11074.497357
5665.957632,0.815,0.815,200,11079.263828
5731.116754,0.86,0.865,200,11083.889937
5701.246421,0.815,0.815,200,11090.58121
5711.922358,0.825,0.825,200,11095.184864
5749.186344,0.84,0.84,200,11099.744
4667.118113,0.855,0.855,200,11104.461371
5087.882505,0.84,0.855,200,11109.218469
4897.069523,0.855,0.865,200,11113.852625
5746.402833,0.85,0.855,200,11118.61468
4927.743268,0.83,0.86,200,11123.309907
5691.472688,0.81,0.815,200,11128.001608
5648.121029,0.84,0.86,200,11132.779408
5647.410781,0.825,0.84,200,11139.802359
5767.365895,0.855,0.855,200,11144.464593
5715.311041,0.84,0.84,200,11149.066707
4840.549046,0.855,0.855,200,11153.793187
5703.02598,0.82,0.82,200,11158.545442
5735.893323,0.83,0.835,200,11163.335614
5683.374629,0.815,0.815,200,11167.957489
4788.025777,0.84,0.855,200,11172.563957
5557.427347,0.86,0.865,200,11177.192568
5772.890036,0.85,0.865,200,11181.761425
5710.639816,0.83,0.83,200,11188.499763
5672.611688,0.83,0.83,200,11193.216669
5723.392178,0.87,0.875,200,11197.720907
5648.23471,0.81,0.825,200,11202.49241
4876.002799,0.86,0.865,200,11207.116437
5751.463228,0.835,0.845,200,11211.65698
5628.012177,0.815,0.815,200,11216.09401
4631.020694,0.875,0.875,200,11220.773087
5763.117545,0.85,0.85,200,11225.362604
4793.459188,0.86,0.87,200,11230.000374
5631.056455,0.83,0.84,200,11236.753822
5111.763531,0.835,0.86,200,11241.289012
5682.804372,0.835,0.835,200,11245.880303
5366.173485,0.875,0.885,200,11250.388832
2430.099246,0.12,0.13,200,11254.793177
5613.39358,0.8,0.8,200,11259.302441
5750.58446,0.845,0.845,200,11263.824393
5743.630677,0.86,0.865,200,11268.381236
4641.011686,0.835,0.845,200,11272.885406
5697.596692,0.825,0.825,200,11277.574799
5663.85141,0.83,0.85,200,11284.200264
5719.053102,0.87,0.87,200,11288.605701
5734.846058,0.865,0.87,200,11293.134794
5692.311144,0.83,0.835,200,11297.700119
5768.499076,0.855,0.87,200,11302.378554
4942.49226,0.855,0.87,200,11306.907007
5690.293588,0.805,0.805,200,11311.343648
5775.029485,0.87,0.875,200,11315.94504
5671.546175,0.83,0.83,200,11320.549285
5777.487476,0.86,0.87,200,11325.219774
5700.757599,0.845,0.86,200,11332.098544
5704.05861,0.825,0.825,200,11336.866185
5757.465764,0.84,0.855,200,11341.563769
5639.380427,0.86,0.875,200,11346.123251
5482.794249,0.85,0.855,200,11350.81944
5029.084548,0.86,0.86,200,11355.395159
5682.384877,0.84,0.84,200,11360.04921
5192.06333,0.845,0.86,200,11364.747849
5763.615497,0.86,0.86,200,11369.337479
5579.770376,0.795,0.8,200,11373.972824
5654.370793,0.81,0.82,200,11381.107648
5689.6014,0.815,0.815,200,11385.790133
5777.573287,0.855,0.87,200,11390.257931
5764.208412,0.85,0.855,200,11394.853594
4666.888441,0.845,0.865,200,11399.561273
5701.553094,0.83,0.83,200,11404.335195
5637.772198,0.835,0.84,200,11408.943504
5548.764085,0.76,0.77,200,11413.742311
5753.301839,0.835,0.845,200,11418.493119
5615.813938,0.84,0.84,200,11423.187359
5753.363442,0.86,0.865,200,11429.946879
5589.488003,0.795,0.795,200,11434.594054
5687.59699,0.84,0.87,200,11439.31113
3464.356635,0.33,0.35,200,11443.979669
5671.797501,0.84,0.84,200,11448.630311
5577.764352,0.81,0.815,200,11453.184583
5758.250339,0.855,0.86,200,11457.562182
4327.23705,0.86,0.86,200,11462.040663
5706.461465,0.825,0.825,200,11466.554633
5693.624583,0.845,0.87,200,11470.992382
5673.45166,0.835,0.84,200,11477.760072
5741.816036,0.86,0.86,200,11482.341816
5750.05718,0.845,0.85,200,11486.980972
5638.843933,0.815,0.82,200,11491.646287
5675.248462,0.84,0.845,200,11496.41455
5674.474539,0.825,0.825,200,11501.118524
4926.324091,0.845,0.845,200,11505.692431
5233.706563,0.49,0.49,200,11510.269053
5584.816866,0.795,0.81,200,11515.0075
5663.597671,0.825,0.83,200,11519.745183
5751.660334,0.84,0.84,200,11526.730945
5170.8238,0.845,0.86,200,11531.327289
5665.406948,0.82,0.82,200,11535.978058
5644.979709,0.855,0.855,200,11540.603366
5189.81411,0.83,0.855,200,11545.135963
5761.513298,0.855,0.86,200,11549.888166
5656.266872,0.83,0.83,200,11554.52378
5052.71574,0.84,0.845,200,11559.132861
5759.144427,0.855,0.855,200,11563.82077
5605.484211,0.84,0.84,200,11568.618485
5578.441053,0.795,0.805,200,11575.642823
5730.000137,0.865,0.875,200,11580.280974
5679.30876,0.805,0.805,200,11584.963652
5642.646833,0.83,0.835,200,11589.614962
5702.767032,0.855,0.855,200,11594.323663
5780.988465,0.87,0.87,200,11599.028867
5759.918068,0.855,0.855,200,11603.8582
5643.327582,0.87,0.875,200,11608.50767
5698.572054,0.835,0.835,200,11613.222087
5668.519147,0.845,0.845,200,11617.869341
5658.655358,0.815,0.815,200,11624.614332
4835.969257,0.835,0.865,200,11629.360667
5463.493839,0.84,0.865,200,11633.99289
5717.068641,0.855,0.87,200,11638.565646
5017.052419,0.84,0.86,200,11643.164005
5201.650588,0.645,0.66,200,11647.714307
5721.526086,0.85,0.87,200,11652.381148
5672.372596,0.84,0.84,200,11657.046561
5576.89899,0.84,0.855,200,11661.742761
5720.754669,0.82,0.83,200,11666.481514
5735.199908,0.835,0.845,200,11673.250047
5554.894454,0.795,0.795,200,11677.92624
4517.760927,0.875,0.875,200,11682.555202
5775.169206,0.86,0.865,200,11687.159377
5626.268615,0.84,0.855,200,11691.77077
5744.346423,0.84,0.84,200,11696.40642
5748.833974,0.855,0.855,200,11701.146882
5330.591131,0.81,0.81,200,11705.880825
5760.832108,0.865,0.865,200,11710.511439
5680.724402,0.83,0.835,200,11715.220653
5592.135392,0.795,0.81,200,11722.215177
3963.362357,0.39,0.405,200,11726.756505
5584.396923,0.785,0.79,200,11731.303823
5260.607985,0.84,0.85,200,11735.921383
5755.877461,0.855,0.86,200,11740.647421
5750.63543,0.85,0.85,200,11745.237448
5714.361201,0.855,0.865,200,11749.950382
5645.637368,0.83,0.83,200,11754.804388
5753.79623,0.865,0.875,200,11759.462465
5666.905464,0.85,0.87,200,11764.304126
5643.624873,0.83,0.85,200,11771.232524
5701.352988,0.805,0.81,200,11776.124316
5683.284146,0.795,0.795,200,11780.85234
5701.202916,0.835,0.835,200,11785.567827
4368.611291,0.87,0.87,200,11790.347248
5743.399645,0.87,0.87,200,11795.163416
5699.063111,0.84,0.865,200,11799.885643
5723.433526,0.87,0.88,200,11804.599095
5682.094478,0.845,0.85,200,11809.351791
5747.202776,0.86,0.865,200,11814.213598
5631.154385,0.855,0.865,200,11821.203964
5664.696873,0.845,0.845,200,11825.881884
5789.038863,0.865,0.875,200,11830.660149
5633.067281,0.805,0.82,200,11835.398124
5733.051405,0.84,0.86,200,11840.225396
5754.263359,0.855,0.855,200,11845.069503
5584.85017,0.84,0.85,200,11849.752686
5601.520578,0.83,0.835,200,11854.526625
5693.265606,0.82,0.825,200,11859.205419
4956.53279,0.845,0.85,200,11864.046911
5002.739079,0.845,0.865,200,11871.134026
5631.005551,0.81,0.81,200,11875.845136
5759.152203,0.84,0.855,200,11880.441842
5679.851511,0.83,0.83,200,11885.168104
5735.469321,0.85,0.865,200,11889.934943
5777.039927,0.85,0.865,200,11894.701357
5700.981878,0.825,0.825,200,11899.594761
5549.139371,0.85,0.87,200,11904.262192
5552.178237,0.85,0.855,200,11909.129411
5778.536924,0.86,0.87,200,11913.945655
5749.446721,0.85,0.85,200,11920.929776
5753.208085,0.87,0.87,200,11925.601305
5607.821122,0.805,0.815,200,11930.431932
5612.409199,0.805,0.815,200,11935.320503
5774.280914,0.855,0.86,200,11940.108414
5703.277464,0.835,0.835,200,11944.90784
5225.55062,0.855,0.855,200,11949.626858
5763.66275,0.86,0.86,200,11954.337845
5688.318905,0.825,0.835,200,11959.21262
5079.241581,0.835,0.855,200,11963.895739
5668.718154,0.835,0.845,200,11970.820776
5299.732387,0.845,0.85,200,11975.542452
5772.908436,0.86,0.865,200,11980.230577
5707.282738,0.82,0.82,200,11985.084001
5657.33663,0.85,0.85,200,11989.85575
5611.843363,0.85,0.875,200,11994.495983
5783.940565,0.86,0.875,200,11999.200484
4919.734316,0.865,0.865,200,12003.977183
5678.051368,0.83,0.83,200,12008.625047
5689.305728,0.835,0.85,200,12013.181381
5648.441566,0.85,0.86,200,12020.09302
5775.664725,0.865,0.865,200,12024.556429
5676.205289,0.84,0.84,200,12029.213872
5763.774658,0.855,0.855,200,12033.871077
5669.690268,0.825,0.825,200,12038.455172
5093.493885,0.835,0.85,200,12043.123632
5788.113992,0.87,0.87,200,12047.818344
5682.545617,0.835,0.845,200,12052.52015
5643.140454,0.835,0.84,200,12057.149736
5689.511911,0.83,0.835,200,12061.763936
5682.893522,0.805,0.805,200,12068.694384
5705.116443,0.82,0.825,200,12073.279017
5687.683289,0.8,0.8,200,12077.971874
5651.46156,0.835,0.845,200,12082.493041
4898.600296,0.855,0.86,200,12087.037508
5655.280289,0.84,0.84,200,12091.48799
5642.765944,0.845,0.865,200,12096.038594
5757.908541,0.85,0.85,200,12100.349144
5766.885748,0.855,0.855,200,12104.846623
5735.781825,0.83,0.83,200,12109.404635
5755.551157,0.855,0.855,200,12116.087756
5786.103608,0.87,0.87,200,12120.539035
5682.220643,0.795,0.805,200,12125.098563
5645.87591,0.855,0.87,200,12129.678387
5709.837483,0.835,0.835,200,12134.228441
5637.176059,0.86,0.865,200,12138.820735
5776.889745,0.86,0.865,200,12143.276233
5780.759966,0.86,0.87,200,12147.835883
4836.652775,0.86,0.86,200,12152.516828
3645.438303,0.865,0.87,200,12156.987073
5763.347465,0.86,0.87,200,12163.683624
5762.529338,0.86,0.87,200,12168.30688
5692.5644,0.82,0.825,200,12173.103721
5763.3056,0.85,0.86,200,12177.605452
5634.989665,0.78,0.8,200,12182.111209
4957.617379,0.84,0.86,200,12186.708534
5664.696076,0.865,0.865,200,12191.382591
5582.559829,0.845,0.865,200,12195.906844
5692.113154,0.81,0.815,200,12200.502242
4647.549043,0.86,0.86,200,12205.270155
5727.243794,0.84,0.84,200,12212.352062
5681.465997,0.84,0.87,200,12216.969156
5755.690895,0.855,0.86,200,12221.47294
5718.972636,0.86,0.87,200,12225.988048
5758.672202,0.865,0.87,200,12230.526834
5688.556191,0.835,0.84,200,12234.926197
5738.4116,0.855,0.86,200,12239.478139
5694.476718,0.81,0.81,200,12244.041141
5680.597755,0.825,0.83,200,12248.674637
5727.553032,0.84,0.845,200,12253.337981
5771.841139,0.845,0.865,200,12260.17667
5064.154819,0.875,0.875,200,12264.81372
4180.40152,0.88,0.885,200,12269.491225
4164.940737,0.845,0.885,200,12274.031242
5635.763463,0.82,0.83,200,12278.593185
5687.340437,0.83,0.83,200,12283.015869
5697.792694,0.815,0.82,200,12287.73834
5695.323097,0.83,0.83,200,12292.455826
5676.700935,0.855,0.855,200,12297.143976
5754.832727,0.865,0.87,200,12301.703807
5658.261647,0.815,0.815,200,12308.395701
5293.88965,0.845,0.845,200,12313.01983
3259.932363,0.68,0.685,200,12317.59963
5651.21363,0.82,0.82,200,12322.259569
5688.113586,0.81,0.82,200,12327.021827
5572.709621,0.865,0.875,200,12331.578631
5759.626948,0.845,0.855,200,12336.252488
5679.319769,0.85,0.855,200,12340.965178
5699.685407,0.865,0.875,200,12345.728911
5767.667648,0.85,0.855,200,12350.358821
5617.305817,0.81,0.81,200,12357.239921
5498.908135,0.84,0.84,200,12362.027509
5767.703764,0.865,0.87,200,12366.784878
5691.271239,0.855,0.86,200,12371.344488
5757.768615,0.855,0.855,200,12375.903148
5743.656481,0.855,0.86,200,12380.293818
5515.46372,0.83,0.845,200,12384.820436
5647.573039,0.84,0.845,200,12389.490147
5686.989461,0.8,0.8,200,12394.173486
5669.429762,0.8,0.805,200,12398.764086
5693.197324,0.83,0.83,200,12405.558029
5727.558592,0.855,0.86,200,12410.085454
5622.192568,0.805,0.805,200,12414.799976
5223.027439,0.875,0.875,200,12419.343391
5671.317528,0.835,0.835,200,12423.940778
5702.903099,0.835,0.835,200,12428.4259
4871.904849,0.855,0.855,200,12433.074995
5709.841791,0.87,0.87,200,12437.76204
5228.624698,0.86,0.86,200,12442.358175
5688.209656,0.805,0.805,200,12447.007568
5764.3709,0.86,0.86,200,12453.879204
5750.682169,0.845,0.845,200,12458.398052
5682.72887,0.815,0.825,200,12462.966701
5599.545311,0.8,0.805,200,12467.480716
5496.767198,0.805,0.805,200,12472.124586
5687.569952,0.815,0.84,200,12476.762947
5631.977751,0.81,0.815,200,12481.351322
5782.926431,0.865,0.87,200,12485.972899
5753.972263,0.88,0.88,200,12490.566464
5752.561705,0.86,0.865,200,12495.318263
5768.365019,0.86,0.86,200,12501.98275
5668.164471,0.835,0.835,200,12506.560394
4999.213498,0.845,0.86,200,12511.229595
5713.068454,0.825,0.84,200,12515.888574
5675.292189,0.825,0.825,200,12520.617434
5612.378991,0.805,0.805,200,12525.292811
5731.638675,0.855,0.875,200,12529.906654
5699.427613,0.815,0.835,200,12534.527494
4818.872956,0.85,0.865,200,12539.047391
5679.117959,0.82,0.825,200,12543.719112
4777.341389,0.845,0.865,200,12550.481309
5768.339787,0.85,0.855,200,12555.083851
5651.208154,0.81,0.815,200,12559.609966
5721.190986,0.835,0.835,200,12564.256606
2503.968218,0.195,0.205,200,12568.778079
5692.079473,0.81,0.81,200,12573.36607
5658.820876,0.825,0.825,200,12578.029149
5693.30785,0.85,0.85,200,12582.72592
5685.462329,0.815,0.815,200,12587.430236
5578.211493,0.85,0.85,200,12591.995265
5566.719893,0.85,0.85,200,12598.836371
5779.840741,0.87,0.87,200,12603.364042
5759.121763,0.85,0.85,200,12607.942136
5764.145619,0.85,0.865,200,12612.443284
5731.231973,0.85,0.865,200,12616.954897
5712.679601,0.82,0.83,200,12621.338256
5205.060299,0.855,0.855,200,12625.870407
5609.48952,0.805,0.805,200,12630.194526
4951.710599,0.865,0.865,200,12634.653058
5698.731109,0.86,0.865,200,12639.202002
5700.117155,0.82,0.82,200,12645.887695
5727.729186,0.86,0.86,200,12650.148818
5695.780876,0.815,0.82,200,12654.629595
5774.530956,0.85,0.865,200,12659.305151
5678.572992,0.805,0.81,200,12663.859824
5691.203298,0.855,0.875,200,12668.436543
5673.855697,0.845,0.845,200,12673.08077
4847.724849,0.84,0.86,200,12677.680218
5678.141075,0.84,0.85,200,12682.46926
5707.389193,0.825,0.84,200,12687.135072
5787.486403,0.87,0.87,200,12693.989993
5741.359191,0.825,0.84,200,12698.633421
4814.796901,0.86,0.86,200,12703.230758
5704.610347,0.82,0.825,200,12707.767227
4742.243741,0.865,0.865,200,12712.134616
5179.217267,0.865,0.87,200,12716.751659
5064.959483,0.495,0.525,200,12721.167589
3152.486074,0.245,0.275,200,12725.81102
5774.335442,0.855,0.86,200,12730.537951
5757.052089,0.875,0.875,200,12735.157091
5732.100454,0.85,0.855,200,12742.068586
5695.092645,0.83,0.83,200,12746.73272
5684.895652,0.79,0.8,200,12751.160656
5633.915606,0.84,0.87,200,12755.673855
5610.484941,0.845,0.86,200,12760.312401
5753.197621,0.835,0.84,200,12764.883034
5709.216944,0.825,0.84,200,12769.554558
5681.458332,0.825,0.83,200,12774.116457
5726.210985,0.86,0.865,200,12778.600852
5697.778386,0.815,0.835,200,12783.093059
5775.280327,0.865,0.865,200,12789.717961
3813.513495,0.7,0.715,200,12794.351202
5763.055058,0.845,0.85,200,12799.009432
5562.35384,0.845,0.845,200,12803.6127
5674.926094,0.845,0.845,200,12808.10993
5771.321658,0.85,0.87,200,12812.654988
5571.699998,0.88,0.88,200,12817.286537
4080.189019,0.555,0.555,200,12821.93545
5760.751915,0.85,0.86,200,12826.449391
5616.311131,0.81,0.82,200,12830.964418
5238.427107,0.855,0.86,200,12837.689449
5758.865848,0.85,0.85,200,12842.26148
5725.612098,0.845,0.865,200,12846.763778
5710.391822,0.83,0.83,200,12851.264004
5779.745192,0.855,0.865,200,12855.670939
5662.725981,0.845,0.87,200,12860.16878
5695.347135,0.81,0.815,200,12864.820429
5759.630977,0.85,0.855,200,12869.26803
5687.077659,0.83,0.83,200,12873.947138
5692.07681,0.83,0.84,200,12878.446062
5774.778628,0.855,0.865,200,12885.174056
5026.946351,0.87,0.87,200,12889.766611
5629.663988,0.85,0.85,200,12894.270072
5678.191026,0.845,0.845,200,12898.783057
5738.439254,0.835,0.84,200,12903.296655
5649.151474,0.82,0.825,200,12907.939836
5772.083417,0.85,0.855,200,12912.477823
5743.496898,0.85,0.85,200,12917.036764
5635.386411,0.83,0.855,200,12921.473973
5780.941797,0.86,0.87,200,12926.046281
5706.727133,0.83,0.83,200,12932.814528
5697.444998,0.86,0.865,200,12937.401129
5743.910298,0.875,0.88,200,12941.963099
5116.596896,0.87,0.875,200,12946.607989
5505.245661,0.855,0.87,200,12951.099904
5622.431659,0.84,0.855,200,12955.622396
5768.773737,0.85,0.855,200,12960.150091
5757.996208,0.87,0.885,200,12964.873148
5768.829572,0.85,0.855,200,12969.558379
5721.407837,0.855,0.865,200,12974.362003
5419.319828,0.85,0.855,200,12981.242018
4508.382094,0.86,0.86,200,12986.013098
5764.925035,0.855,0.86,200,12990.762314
5749.441446,0.84,0.85,200,12995.372935
5282.453454,0.855,0.86,200,12999.905969
5741.424897,0.855,0.86,200,13004.536038
5059.38796,0.845,0.845,200,13009.231947
5771.919436,0.86,0.86,200,13013.981685
5771.101241,0.865,0.875,200,13018.607723
4885.396199,0.845,0.86,200,13023.331897
5735.079006,0.83,0.84,200,13030.202977
5699.554109,0.825,0.825,200,13034.887455
5762.677492,0.865,0.865,200,13039.514068
5726.327805,0.835,0.845,200,13044.162831
5695.076059,0.815,0.815,200,13048.857123
5164.900289,0.605,0.62,200,13053.492823
5267.985831,0.835,0.85,200,13058.153471
5689.174682,0.835,0.835,200,13062.928329
5704.949592,0.82,0.82,200,13067.705477
5765.15254,0.85,0.85,200,13072.449684
5696.07718,0.82,0.82,200,13079.314921
5765.662593,0.86,0.87,200,13083.930827
5193.804491,0.85,0.855,200,13088.699569
5691.169191,0.82,0.82,200,13093.404046
5759.418961,0.845,0.855,200,13098.081136
5238.470955,0.845,0.845,200,13102.76377
5678.57391,0.825,0.825,200,13107.399661
5770.689563,0.845,0.86,200,13112.014827
5687.450322,0.83,0.83,200,13116.821995
5704.423652,0.835,0.84,200,13121.419936
4641.016376,0.715,0.725,200,13128.396572
5685.89044,0.825,0.83,200,13133.011345
5709.367149,0.825,0.835,200,13137.718681
5709.416576,0.82,0.82,200,13142.447465
5695.413896,0.84,0.84,200,13147.115776
5759.11106,0.835,0.84,200,13151.850731
5688.84224,0.825,0.825,200,13156.650467
5679.454574,0.845,0.845,200,13161.402464
5587.674466,0.8,0.8,200,13166.124876
5699.707797,0.85,0.87,200,13170.9658
5620.27081,0.85,0.85,200,13177.703005
5699.594739,0.815,0.815,200,13182.429508
5770.344281,0.845,0.86,200,13187.258046
5765.767011,0.855,0.855,200,13191.908937
5687.588079,0.855,0.855,200,13196.579275
5705.773245,0.82,0.835,200,13201.339104
5694.323179,0.83,0.835,200,13206.006725
5772.59938,0.865,0.865,200,13210.546251
5768.354372,0.86,0.86,200,13215.154609
5752.533936,0.845,0.85,200,13219.896124
5075.849733,0.84,0.845,200,13226.735672
5769.065039,0.86,0.86,200,13231.495566
5634.35988,0.81,0.815,200,13236.189514
5659.411038,0.825,0.825,200,13240.891275
5786.158995,0.87,0.88,200,13245.534641
5573.511092,0.845,0.85,200,13250.252751
5746.251726,0.85,0.85,200,13255.0224
5705.902581,0.855,0.865,200,13259.722781
5627.25817,0.81,0.82,200,13264.541825
5616.308174,0.87,0.875,200,13269.270033
4671.33028,0.845,0.855,200,13276.218948
5683.071082,0.805,0.805,200,13280.782222
5777.225392,0.85,0.86,200,13285.247502
5747.719519,0.84,0.855,200,13289.961017
5730.647753,0.855,0.86,200,13294.532792
5755.783594,0.865,0.865,200,13299.111851
5688.941999,0.835,0.84,200,13303.651595
5496.361764,0.835,0.85,200,13308.311344
5784.687292,0.875,0.875,200,13313.029563
5794.485107,0.875,0.88,200,13317.693728
5649.418689,0.825,0.825,200,13324.677428
5751.711075,0.86,0.865,200,13329.314011
5697.761605,0.81,0.815,200,13334.058679
5330.092648,0.795,0.795,200,13338.697659
5669.869407,0.84,0.85,200,13343.556079
5693.282093,0.83,0.83,200,13348.168041
5681.489757,0.835,0.84,200,13352.693782
5687.671047,0.84,0.84,200,13357.301314
5718.388395,0.855,0.865,200,13361.99769
5687.826131,0.835,0.84,200,13366.60515
5621.483927,0.855,0.855,200,13373.395638
5727.014776,0.865,0.87,200,13378.135639
5624.93255,0.825,0.825,200,13382.847362
5709.321762,0.83,0.83,200,13387.460403
5667.458143,0.815,0.815,200,13392.081454
5779.587726,0.87,0.875,200,13396.843463
4788.062202,0.865,0.865,200,13401.57049
5751.207003,0.835,0.85,200,13406.315126
5674.845463,0.845,0.845,200,13411.199921
5650.182271,0.835,0.84,200,13415.870638
5672.306046,0.82,0.825,200,13422.690759
5701.531809,0.815,0.815,200,13427.370222
5688.198422,0.845,0.845,200,13431.913159
5689.350841,0.82,0.82,200,13436.557383
5687.501434,0.845,0.85,200,13441.101426
5683.174536,0.805,0.805,200,13445.69251
5687.49178,0.805,0.805,200,13450.367985
4911.013531,0.865,0.865,200,13455.102098
5798.287163,0.875,0.89,200,13459.655043
5751.603927,0.855,0.855,200,13464.388858
5786.830184,0.86,0.87,200,13471.37276
5128.738355,0.865,0.865,200,13476.08898
5686.801189,0.84,0.845,200,13480.759099
5667.459514,0.83,0.83,200,13485.411504
5693.006381,0.83,0.835,200,13490.002313
5689.964338,0.8,0.8,200,13494.541488
5664.213935,0.865,0.875,200,13499.240706
4338.220599,0.87,0.875,200,13503.907735
5670.58869,0.845,0.845,200,13508.526995
5721.816655,0.87,0.875,200,13512.995484
5541.507302,0.83,0.86,200,13519.853758
5611.083543,0.795,0.8,200,13524.520129
5758.315659,0.86,0.88,200,13529.152331
5763.54914,0.85,0.855,200,13533.849693
5721.950428,0.85,0.85,200,13538.599199
5675.427543,0.83,0.83,200,13543.271554
5691.133276,0.83,0.835,200,13547.883867
5661.092218,0.83,0.83,200,13552.531413
5712.042058,0.87,0.875,200,13557.182942
5683.563048,0.805,0.81,200,13561.629336
5695.578704,0.81,0.81,200,13568.612514
5716.343337,0.83,0.83,200,13573.299364
5605.108216,0.795,0.81,200,13577.885963
5663.799727,0.865,0.87,200,13582.561836
4707.313258,0.865,0.865,200,13587.217105
4976.873898,0.865,0.87,200,13592.010736
5685.51198,0.815,0.83,200,13596.75651
5779.431049,0.86,0.865,200,13601.575436
5650.077594,0.865,0.87,200,13606.132295
5771.622413,0.855,0.86,200,13610.812098
5566.855586,0.86,0.86,200,13617.640431
5594.756366,0.805,0.81,200,13622.332373
5713.135736,0.825,0.83,200,13627.071473
5542.64572,0.85,0.85,200,13631.799003
5686.288715,0.795,0.805,200,13636.432881
4410.01325,0.875,0.875,200,13641.131718
5688.338616,0.84,0.84,200,13645.774038
5690.397334,0.825,0.825,200,13650.229516
5739.081957,0.855,0.86,200,13654.865248
5755.759252,0.85,0.85,200,13659.39511
5743.437864,0.865,0.87,200,13666.189692
5531.813439,0.855,0.855,200,13670.835261
5704.068351,0.81,0.815,200,13675.390719
5778.062856,0.86,0.86,200,13679.8608
4523.25711,0.875,0.875,200,13684.382853
4527.84932,0.605,0.61,200,13688.909299
5347.625675,0.855,0.855,200,13693.520256
5713.75197,0.865,0.88,200,13698.130983
5740.893919,0.84,0.84,200,13702.64097
5663.034815,0.85,0.86,200,13707.126844
5718.285352,0.83,0.83,200,13713.932804
5791.967466,0.87,0.875,200,13718.444629
5511.170161,0.845,0.87,200,13723.009095
5589.80543,0.79,0.805,200,13727.482646
5706.742451,0.86,0.865,200,13732.047099
5603.806626,0.86,0.87,200,13736.589871
5369.182545,0.88,0.89,200,13741.078874
5716.914249,0.835,0.835,200,13745.551523
5684.235489,0.805,0.805,200,13750.235954
5474.089074,0.845,0.845,200,13754.788853
5695.892396,0.81,0.81,200,13761.476012
4951.502903,0.875,0.875,200,13766.073086
5775.957356,0.87,0.87,200,13770.678585
5694.619262,0.805,0.81,200,13775.324788
5690.39559,0.805,0.805,200,13780.078269
5772.080039,0.86,0.86,200,13784.694466
4825.78727,0.875,0.875,200,13789.17917
5752.166159,0.855,0.875,200,13793.847815
5584.473222,0.85,0.865,200,13798.534043
5701.194394,0.825,0.825,200,13803.235276
5638.06137,0.81,0.815,200,13810.071031
5756.316599,0.85,0.865,200,13814.732351
5631.444131,0.82,0.82,200,13819.376614
5698.248675,0.83,0.835,200,13824.024675
5512.085358,0.84,0.845,200,13828.687674
5710.729157,0.82,0.82,200,13833.359254
5692.46767,0.825,0.825,200,13837.864914
5674.518712,0.835,0.855,200,13842.560544
5667.148676,0.87,0.87,200,13847.165337
5693.621463,0.815,0.815,200,13851.85378
5765.730233,0.855,0.86,200,13858.789866
5777.62886,0.855,0.865,200,13863.472927
3528.905215,0.87,0.885,200,13868.121137
5785.592894,0.86,0.865,200,13872.693703
5727.031922,0.835,0.835,200,13877.267159
5747.215911,0.855,0.86,200,13882.0143
5704.124766,0.835,0.84,200,13886.564332
5748.266199,0.84,0.85,200,13891.256586
5763.024915,0.85,0.865,200,13895.894153
5632.025985,0.81,0.815,200,13900.468257
5638.641144,0.815,0.82,200,13907.127948
5717.323095,0.825,0.83,200,13911.775749
5688.999954,0.865,0.87,200,13916.359633
5706.080278,0.835,0.835,200,13920.968598
5611.452828,0.81,0.815,200,13925.729638
5755.177169,0.845,0.85,200,13930.284138
4931.409565,0.87,0.87,200,13934.825044
5777.654111,0.87,0.87,200,13939.469359
5768.891243,0.86,0.86,200,13944.215797
5717.211758,0.825,0.825,200,13948.802256
5738.013743,0.88,0.885,200,13955.592545
5455.06184,0.87,0.885,200,13959.973267
5715.887523,0.85,0.88,200,13964.548826
5670.42921,0.83,0.84,200,13969.158745
5682.994619,0.83,0.835,200,13973.876786
5709.001804,0.875,0.875,200,13978.31829
5739.919204,0.845,0.845,200,13982.924199
5765.838257,0.86,0.86,200,13987.613783
5737.386712,0.86,0.87,200,13992.148991
5689.823529,0.835,0.835,200,13996.838773
5666.53196,0.835,0.84,200,14003.648131
5726.951661,0.84,0.84,200,14008.457556
5736.151,0.855,0.865,200,14013.127232
5731.958914,0.84,0.84,200,14017.76332
5683.74628,0.865,0.87,200,14022.370799
5686.668067,0.87,0.88,200,14027.14308
5744.867995,0.825,0.85,200,14031.857484
5778.403989,0.855,0.87,200,14036.578101
4632.189146,0.655,0.655,200,14041.144911
5676.373455,0.83,0.83,200,14045.831622
5756.186193,0.875,0.885,200,14052.754273
5213.898396,0.87,0.87,200,14057.234803
4668.705077,0.72,0.75,200,14061.869663
4729.565431,0.845,0.855,200,14066.512503
5537.348073,0.845,0.86,200,14071.023215
4637.213627,0.87,0.87,200,14075.741132
5652.653483,0.81,0.82,200,14080.384063
5673.134125,0.86,0.865,200,14084.996032
5772.613352,0.86,0.87,200,14089.697021
5018.041872,0.845,0.855,200,14094.210937
5766.981149,0.85,0.865,200,14100.927033
5778.289097,0.87,0.875,200,14105.576453
5678.573061,0.825,0.83,200,14110.179694
5733.639416,0.835,0.845,200,14114.845533
5675.60487,0.845,0.85,200,14119.513464
5690.216718,0.795,0.805,200,14124.07766
5693.044674,0.84,0.85,200,14128.662573
5158.505881,0.84,0.855,200,14133.415141
5715.164288,0.825,0.835,200,14137.990669
5601.146695,0.79,0.8,200,14142.553388
5768.735685,0.865,0.865,200,14149.267995
4780.12745,0.86,0.86,200,14153.93478
5736.944404,0.84,0.845,200,14158.534532
5657.597334,0.865,0.87,200,14163.167407
5699.823031,0.82,0.82,200,14167.884654
5684.756299,0.835,0.84,200,14172.57688
5756.455324,0.86,0.875,200,14177.169544
5699.725501,0.84,0.84,200,14182.006405
5675.180646,0.87,0.88,200,14186.568099
5610.05157,0.81,0.81,200,14191.095001
5374.12622,0.865,0.865,200,14197.934086
5626.667312,0.805,0.815,200,14202.593641
5678.615472,0.88,0.895,200,14207.273854
5686.276589,0.85,0.85,200,14212.019029
5702.030855,0.815,0.825,200,14216.634989
5665.153269,0.855,0.87,200,14221.331478
5274.362599,0.84,0.855,200,14226.050868
5693.81076,0.85,0.855,200,14230.691676
5673.326395,0.83,0.83,200,14235.349474
5730.283639,0.845,0.845,200,14240.107958
5686.398974,0.805,0.81,200,14246.972344
5730.396182,0.845,0.865,200,14251.666146
5716.551614,0.825,0.84,200,14256.335879
4622.785648,0.585,0.585,200,14261.043178
4822.686934,0.85,0.85,200,14265.806649
5207.423713,0.86,0.86,200,14270.471464
5767.894464,0.86,0.86,200,14275.070222
5240.116654,0.845,0.855,200,14279.729128
5789.743778,0.87,0.88,200,14284.414896
5699.541767,0.85,0.855,200,14289.089967
5699.337738,0.855,0.87,200,14295.824934
5600.542631,0.79,0.81,200,14300.564169
5615.665045,0.805,0.81,200,14305.211826
5722.992203,0.84,0.84,200,14309.953502
5654.874803,0.85,0.855,200,14314.587669
5662.311206,0.84,0.84,200,14319.231599
5696.928785,0.835,0.835,200,14323.842222
3109.428805,0.255,0.28,200,14328.436111
5625.578201,0.81,0.815,200,14333.110492
5667.078183,0.825,0.85,200,14337.72519
5710.194251,0.82,0.82,200,14344.635585
5727.411068,0.845,0.855,200,14349.313645
5688.112898,0.81,0.81,200,14353.957791
5707.358849,0.84,0.845,200,14358.696265
5708.956561,0.825,0.84,200,14363.318053
5760.474504,0.85,0.85,200,14367.99016
5636.7378,0.805,0.82,200,14372.675219
5712.041139,0.845,0.845,200,14377.238337
5282.553997,0.625,0.635,200,14381.960961
5092.54676,0.855,0.855,200,14386.679343
5703.235525,0.835,0.835,200,14393.562081
5760.265473,0.855,0.865,200,14398.328185
5730.472102,0.86,0.865,200,14403.059107
5680.137581,0.825,0.825,200,14407.76574
5753.00226,0.87,0.875,200,14412.570995
5711.788155,0.835,0.835,200,14417.199835
5711.507506,0.84,0.84,200,14421.820678
5763.946234,0.88,0.89,200,14426.555057
5095.595946,0.87,0.875,200,14431.208026
4952.399435,0.83,0.83,200,14435.896632
5755.379365,0.86,0.865,200,14442.813408
5719.800174,0.825,0.84,200,14447.481198
5128.126216,0.84,0.85,200,14452.095322
5696.761491,0.815,0.83,200,14456.733727
5701.713159,0.815,0.82,200,14461.447189
5702.810994,0.82,0.82,200,14466.107045
5405.875844,0.825,0.85,200,14470.777924
5781.276753,0.855,0.87,200,14475.404157
5770.95603,0.865,0.865,200,14480.017108
5707.192037,0.84,0.84,200,14484.708342
5748.411635,0.845,0.845,200,14491.354886
5663.525506,0.85,0.85,200,14495.88983
5746.334135,0.88,0.88,200,14500.483788
5682.68184,0.845,0.845,200,14505.025856
5616.592449,0.855,0.865,200,14509.582203
5696.844424,0.805,0.82,200,14514.167378
5767.80079,0.845,0.86,200,14518.606067
5735.28793,0.835,0.85,200,14523.295455
5695.255206,0.805,0.81,200,14527.987702
5638.645237,0.87,0.87,200,14532.550286
5748.815427,0.87,0.875,200,14539.491254
5645.127262,0.81,0.82,200,14544.140372
5640.902251,0.81,0.815,200,14548.724544
5753.386066,0.865,0.87,200,14553.247641
5759.695412,0.845,0.85,200,14557.866284
5780.182614,0.865,0.87,200,14562.325931
5777.645652,0.865,0.865,200,14566.911301
5175.083818,0.59,0.595,200,14571.458136
5719.039165,0.84,0.84,200,14576.116514
5649.260065,0.81,0.81,200,14580.68533
5025.357351,0.87,0.87,200,14587.559284
5777.252421,0.85,0.86,200,14592.213645
5647.91198,0.815,0.825,200,14596.755641
5749.407981,0.85,0.86,200,14601.275739
5613.744281,0.8,0.815,200,14605.884604
5763.657983,0.85,0.85,200,14610.619022
4774.03307,0.865,0.865,200,14615.241616
5712.415802,0.82,0.825,200,14619.968969
5246.799782,0.865,0.865,200,14624.566156
5720.933619,0.87,0.87,200,14629.029887
5286.46791,0.855,0.855,200,14636.024321
5677.84491,0.82,0.83,200,14640.763604
5578.033852,0.85,0.855,200,14645.45355
5485.320974,0.87,0.87,200,14650.187006
5752.072901,0.875,0.88,200,14654.802289
5768.863178,0.855,0.855,200,14659.570658
5705.206506,0.835,0.84,200,14664.299431
4453.0712,0.775,0.79,200,14668.834367
5599.231277,0.85,0.85,200,14673.491798
5696.763716,0.815,0.815,200,14678.056972
5626.814081,0.855,0.885,200,14684.769026
5769.609288,0.875,0.875,200,14689.499774
5544.498188,0.845,0.845,200,14694.197794
5698.210949,0.845,0.845,200,14698.78136
5633.43174,0.845,0.85,200,14703.451591
5716.260697,0.825,0.83,200,14708.034961
5226.486045,0.855,0.855,200,14712.582736
5703.824428,0.82,0.835,200,14717.317711
5492.815062,0.845,0.85,200,14721.948359
5703.931102,0.82,0.835,200,14726.707246
5696.150402,0.82,0.825,200,14733.600057
5710.413061,0.835,0.84,200,14738.240852
5679.002126,0.82,0.83,200,14742.954331
5727.358675,0.86,0.865,200,14747.507989
5775.908161,0.86,0.87,200,14752.145958
5787.579239,0.875,0.875,200,14756.833848
5620.70837,0.805,0.81,200,14761.461473
5753.931706,0.855,0.86,200,14766.027858
5553.471494,0.815,0.86,200,14770.529675
5769.468423,0.865,0.87,200,14775.260872
5739.269118,0.86,0.865,200,14781.995871
5382.606002,0.86,0.88,200,14786.583908
5386.79986,0.86,0.865,200,14791.238388
5721.787111,0.845,0.845,200,14795.768678
5684.282826,0.87,0.875,200,14800.393668
5701.06606,0.835,0.835,200,14805.103601
5679.637783,0.84,0.84,200,14809.8395
5721.889609,0.86,0.865,200,14814.474272
4815.64468,0.865,0.865,200,14819.153232
5689.317476,0.835,0.835,200,14823.852028
5559.577171,0.855,0.87,200,14830.77666
5756.055332,0.845,0.845,200,14835.377426
5698.19939,0.83,0.83,200,14839.921546
5141.14887,0.855,0.855,200,14844.452447
5764.837539,0.865,0.875,200,14849.017138
5599.816445,0.85,0.855,200,14853.79485
5759.549387,0.865,0.87,200,14858.2293
5759.690579,0.85,0.85,200,14862.72822
5614.587078,0.805,0.815,200,14867.327076
5574.72035,0.805,0.815,200,14872.005054
5679.971588,0.8,0.805,200,14878.639881
5495.83336,0.835,0.85,200,14883.16799
5688.54709,0.84,0.84,200,14887.699502
5713.173299,0.855,0.855,200,14892.142712
5702.111245,0.835,0.835,200,14896.675633
5755.146951,0.84,0.845,200,14901.139404
5786.138138,0.875,0.875,200,14905.531243
5758.408655,0.845,0.845,200,14910.046289
5755.91045,0.865,0.875,200,14914.411285
5677.2061,0.815,0.83,200,14918.843441
5675.127788,0.83,0.83,200,14925.56958
4925.260448,0.73,0.76,200,14929.988527
5788.972992,0.88,0.88,200,14934.462924
5706.460936,0.82,0.84,200,14938.97246
5616.155811,0.805,0.805,200,14943.592424
5760.217779,0.845,0.855,200,14948.298797
4621.04853,0.865,0.865,200,14952.801094
5284.123373,0.86,0.86,200,14957.397437
5758.533018,0.845,0.845,200,14961.826272
5621.001815,0.815,0.815,200,14966.205538
5769.41298,0.86,0.86,200,14972.703601
4141.11229,0.285,0.285,200,14977.240772
5670.342856,0.795,0.805,200,14981.877206
5679.18542,0.85,0.855,200,14986.36169
5701.36578,0.84,0.84,200,14990.937025
5388.445584,0.865,0.865,200,14995.453249
4859.532138,0.855,0.86,200,14999.797006
5683.331096,0.835,0.85,200,15004.357371
5497.842292,0.86,0.86,200,15008.903362
5704.629884,0.82,0.82,200,15013.347997
5711.996734,0.835,0.835,200,15020.198572
5562.713505,0.83,0.87,200,15024.488383
5731.608831,0.875,0.88,200,15028.911515
5716.898594,0.83,0.835,200,15033.637585
5705.472757,0.83,0.835,200,15038.153751
5655.00907,0.81,0.815,200,15042.738043
5592.989983,0.79,0.805,200,15047.410105
5715.648994,0.87,0.875,200,15052.009105
5783.952233,0.865,0.87,200,15056.474331
5165.409392,0.87,0.87,200,15060.987234
5720.602448,0.825,0.83,200,15068.014586
5708.344654,0.865,0.865,200,15072.527988
5696.737173,0.86,0.875,200,15077.146735
5718.229225,0.845,0.845,200,15081.694234
5650.27862,0.855,0.87,200,15086.38741
5749.700709,0.855,0.875,200,15091.207453
5708.263695,0.84,0.84,200,15095.924861
5734.457213,0.85,0.85,200,15100.535173
5702.274185,0.855,0.855,200,15105.027606
5691.253926,0.845,0.855,200,15109.62564
5755.917778,0.85,0.855,200,15116.109444
5690.795052,0.82,0.82,200,15120.561596
5701.308982,0.835,0.84,200,15124.952115
5698.75396,0.84,0.85,200,15129.244972
5773.638566,0.86,0.865,200,15133.545901
4768.358431,0.86,0.86,200,15138.064824
5655.693781,0.85,0.855,200,15142.369776
5399.528606,0.855,0.855,200,15146.86064
5776.700709,0.88,0.88,200,15151.365913
5769.696733,0.85,0.86,200,15155.979423
5788.305903,0.865,0.875,200,15162.540485
5631.960587,0.82,0.82,200,15166.88312
5636.638628,0.81,0.82,200,15171.516156
5783.969633,0.86,0.865,200,15176.005661
5715.833524,0.84,0.84,200,15180.696496
5587.244214,0.805,0.81,200,15185.36111
5714.464779,0.865,0.87,200,15189.888568
5709.042474,0.84,0.84,200,15194.470923
5662.394906,0.84,0.865,200,15199.013164
5683.233245,0.825,0.835,200,15203.532782
5290.695445,0.86,0.86,200,15210.399027
5627.157628,0.85,0.875,200,15214.865199
4944.453454,0.88,0.88,200,15219.420963
3907.60267,0.865,0.875,200,15223.843994
5725.572869,0.835,0.84,200,15228.316025
5713.216609,0.825,0.83,200,15232.814827
5479.645853,0.84,0.88,200,15237.25872
5786.183048,0.87,0.87,200,15241.694974
5722.65719,0.895,0.895,200,15246.14766
5780.730977,0.86,0.87,200,15250.584562
5687.102347,0.84,0.84,200,15256.939825
5691.105685,0.83,0.84,200,15261.156647
5768.765507,0.865,0.87,200,15265.693225
5774.838738,0.865,0.865,200,15270.214302
5778.348803,0.865,0.87,200,15274.779487
5702.313536,0.815,0.815,200,15279.105305
5759.52328,0.85,0.855,200,15283.539171
4494.421378,0.41,0.41,200,15288.053232
5741.987075,0.86,0.875,200,15292.697729
5714.483721,0.835,0.835,200,15297.404802
5773.525809,0.855,0.865,200,15304.047613
5759.025919,0.855,0.855,200,15308.688937
5690.435123,0.805,0.805,200,15313.360422
5774.883824,0.86,0.86,200,15317.875419
5514.405916,0.845,0.845,200,15322.40508
5704.069915,0.83,0.83,200,15327.016334
5690.79243,0.8,0.805,200,15331.715803
5660.322137,0.85,0.85,200,15336.414536
5759.56131,0.865,0.885,200,15341.111657
3876.445919,0.62,0.62,200,15345.838082
4753.516724,0.87,0.87,200,15352.840804
5606.676594,0.845,0.885,200,15357.55551
4616.722069,0.37,0.4,200,15362.331611
3462.637414,0.385,0.42,200,15367.094705
5658.527861,0.825,0.825,200,15371.741397
5056.032168,0.865,0.865,200,15376.47375
5702.702644,0.81,0.81,200,15381.214673
5696.755342,0.835,0.835,200,15385.969351
5704.006147,0.81,0.815,200,15390.451515
5056.758604,0.87,0.87,200,15395.216056
5772.546328,0.855,0.86,200,15401.667866
5705.043808,0.84,0.845,200,15406.314343
5159.975902,0.87,0.87,200,15410.988179
5721.420971,0.87,0.87,200,15415.680052
4817.290486,0.825,0.84,200,15420.185079
5659.880012,0.815,0.83,200,15424.791868
5763.540886,0.86,0.865,200,15429.169441
5749.256357,0.865,0.865,200,15433.818969
5437.569315,0.845,0.85,200,15438.521528
5706.32864,0.835,0.835,200,15443.141257
5702.183005,0.845,0.845,200,15450.076191
5210.269287,0.845,0.845,200,15454.805534
5209.258132,0.865,0.875,200,15459.41486
5740.393325,0.87,0.87,200,15464.054455
5743.621536,0.84,0.855,200,15468.766738
5706.771367,0.825,0.84,200,15473.423872
5694.460466,0.83,0.845,200,15478.188571
5722.628635,0.825,0.84,200,15482.877488
5576.698841,0.835,0.875,200,15487.631962
5691.926256,0.855,0.88,200,15492.409643
5746.421859,0.845,0.845,200,15499.337097
5769.615898,0.88,0.885,200,15503.883411
5708.177186,0.82,0.825,200,15508.539745
4371.360078,0.88,0.895,200,15513.223715
5690.711844,0.815,0.815,200,15517.977801
5637.649682,0.82,0.82,200,15522.639108
5690.142843,0.855,0.855,200,15527.42626
5712.516582,0.84,0.84,200,15532.181046
5672.250284,0.85,0.855,200,15536.939718
5699.173785,0.845,0.865,200,15541.632793
5600.500515,0.855,0.875,200,15548.533165
4939.265778,0.69,0.705,200,15553.197253
5771.794861,0.865,0.865,200,15557.947434
5739.844672,0.855,0.86,200,15562.763496
5709.225662,0.855,0.865,200,15567.485714
5695.736426,0.85,0.85,200,15572.3214
5650.694286,0.845,0.845,200,15577.134559
5675.197267,0.86,0.86,200,15581.926074
5735.220787,0.865,0.885,200,15586.639095
5621.70848,0.8,0.82,200,15591.267103
5722.021097,0.835,0.845,200,15597.937302
4106.346541,0.715,0.74,200,15602.639399
5714.400037,0.875,0.885,200,15607.318671
5701.143387,0.835,0.855,200,15611.983107
5686.248164,0.81,0.82,200,15616.815224
5699.623957,0.84,0.84,200,15621.518938
5529.106068,0.855,0.855,200,15626.216832
5562.231547,0.855,0.865,200,15630.95753
5764.615949,0.845,0.86,200,15635.648578
5103.161051,0.875,0.89,200,15640.451599
5695.274624,0.835,0.835,200,15647.466075
5783.086574,0.87,0.875,200,15652.207346
5772.267881,0.865,0.865,200,15656.918193
5703.453355,0.825,0.835,200,15661.709874
5646.65419,0.835,0.845,200,15666.437553
5488.902268,0.855,0.865,200,15671.170557
5612.665534,0.79,0.805,200,15675.847631
5632.343392,0.855,0.87,200,15680.561417
5702.467696,0.835,0.84,200,15685.188986
5279.990079,0.855,0.865,200,15689.865235
5685.815557,0.845,0.855,200,15696.807491
5762.739641,0.855,0.855,200,15701.595946
5731.700143,0.845,0.845,200,15706.262679
5722.980149,0.84,0.84,200,15710.93301
5600.711124,0.845,0.85,200,15715.659907
5771.782771,0.87,0.87,200,15720.31281
5674.223341,0.815,0.825,200,15725.001667
5696.907386,0.8,0.815,200,15729.695054
5602.017172,0.795,0.805,200,15734.432563
5729.265785,0.835,0.84,200,15739.12941
5675.697775,0.845,0.85,200,15746.071609
4521.311931,0.88,0.88,200,15750.791202
5684.455918,0.845,0.855,200,15755.581332
5159.416762,0.835,0.86,200,15760.260437
5701.766213,0.83,0.835,200,15764.921639
5617.094276,0.815,0.815,200,15769.741043
5782.048468,0.87,0.87,200,15774.447061
5796.613096,0.875,0.885,200,15779.130424
5723.097411,0.83,0.835,200,15783.795811
5768.726796,0.855,0.855,200,15788.432595
5727.633511,0.85,0.85,200,15795.383349
5759.135813,0.86,0.86,200,15800.000532
5741.008547,0.845,0.855,200,15804.648569
5625.888935,0.795,0.81,200,15809.428404
5543.894909,0.855,0.875,200,15814.105153
5685.246939,0.815,0.825,200,15818.862657
5778.930539,0.87,0.88,200,15823.66315
3627.494218,0.435,0.445,200,15828.315158
5779.19526,0.855,0.87,200,15833.022644
5756.985175,0.85,0.87,200,15837.784148
5643.675696,0.815,0.815,200,15844.726793
5693.664443,0.86,0.87,200,15849.585264
5768.346978,0.865,0.875,200,15854.240419
4486.815814,0.58,0.605,200,15858.886422
5768.121684,0.875,0.88,200,15863.687968
5536.181757,0.865,0.865,200,15868.226509
5553.516588,0.855,0.855,200,15872.979117
5789.154987,0.88,0.88,200,15877.766375
5678.736241,0.855,0.86,200,15882.569157
5727.01084,0.875,0.88,200,15887.316675
5684.054616,0.85,0.87,200,15894.10658
5188.621223,0.86,0.86,200,15898.866548
5387.770232,0.845,0.855,200,15903.661555
5665.977912,0.845,0.85,200,15908.320841
5738.538864,0.86,0.87,200,15913.059988
5613.154083,0.85,0.85,200,15917.765924
5609.078288,0.805,0.805,200,15922.535308
5781.580459,0.865,0.865,200,15927.259718
5168.075958,0.865,0.87,200,15931.924148
5706.05883,0.835,0.835,200,15936.722791
5743.628798,0.855,0.87,200,15943.59008
5703.236603,0.825,0.825,200,15948.235136
5728.362334,0.865,0.865,200,15952.966176
5259.94684,0.855,0.855,200,15957.879999
5713.285412,0.83,0.83,200,15962.570788
5703.015353,0.845,0.85,200,15967.315405
5697.897394,0.835,0.835,200,15971.954301
5739.532869,0.865,0.87,200,15976.705849
5699.473156,0.86,0.86,200,15981.516802
5708.590395,0.855,0.86,200,15986.208567
5688.069833,0.84,0.84,200,15993.303685
5234.228861,0.865,0.865,200,15998.049414
5784.974939,0.87,0.875,200,16002.842636
5614.977402,0.84,0.865,200,16007.586926
5762.257464,0.85,0.86,200,16012.320851
5782.909076,0.86,0.87,200,16016.979531
5639.056223,0.85,0.855,200,16021.577754
5658.098539,0.85,0.87,200,16026.290933
5638.322704,0.87,0.88,200,16031.062706
5642.294334,0.825,0.825,200,16035.775147
5565.962933,0.86,0.88,200,16042.804364
5780.887529,0.865,0.87,200,16047.550336
5710.80335,0.83,0.84,200,16052.223907
5677.435021,0.835,0.85,200,16056.910311
5778.256245,0.865,0.87,200,16061.680574
5664.590998,0.875,0.885,200,16066.404416
5668.708656,0.865,0.865,200,16071.268669
5786.325141,0.88,0.89,200,16076.009415
5643.533237,0.865,0.87,200,16080.746289
5696.970981,0.845,0.855,200,16085.390352
5703.474708,0.835,0.835,200,16092.120311
5732.47773,0.845,0.85,200,16096.759012
5703.927876,0.825,0.825,200,16101.528447
5669.029063,0.85,0.85,200,16106.185951
5702.474937,0.81,0.815,200,16110.985503
5720.203321,0.83,0.83,200,16115.777604
5623.503675,0.805,0.81,200,16120.506388
4721.724525,0.66,0.66,200,16125.233627
5699.795803,0.81,0.815,200,16129.9031
5660.381885,0.815,0.82,200,16134.601428
5766.111738,0.86,0.86,200,16141.800126
5692.367677,0.805,0.805,200,16146.593719
5112.160206,0.865,0.865,200,16151.373787
5705.552117,0.82,0.82,200,16156.223226
5697.268178,0.845,0.845,200,16160.914221
5110.899766,0.85,0.85,200,16165.803163
5723.328129,0.84,0.84,200,16170.509496
5717.245382,0.825,0.825,200,16175.334028
5623.471744,0.815,0.815,200,16180.162183
5722.875108,0.855,0.855,200,16184.921865
5781.009989,0.865,0.87,200,16191.914766
5700.528961,0.845,0.845,200,16196.664042
5692.335034,0.815,0.82,200,16201.416793
5697.398752,0.81,0.81,200,16206.246053
5670.066282,0.84,0.87,200,16210.988863
5708.068233,0.825,0.83,200,16215.821711
2635.311298,0.89,0.895,200,16220.572032
5638.404435,0.815,0.815,200,16225.426757
5657.930197,0.86,0.875,200,16230.137094
5777.159805,0.865,0.88,200,16234.943823
5783.850722,0.87,0.875,200,16241.973768
5698.996876,0.845,0.845,200,16246.753748
5706.082121,0.85,0.85,200,16251.470825
5717.829577,0.83,0.83,200,16256.20762
5047.464716,0.855,0.87,200,16260.828124
5697.440854,0.815,0.815,200,16265.48016
5719.95325,0.86,0.86,200,16270.097692
5684.815917,0.82,0.82,200,16274.709383
5787.238317,0.875,0.875,200,16279.369985
5760.096029,0.89,0.89,200,16284.066846
5784.852894,0.855,0.87,200,16290.976192
5714.439227,0.84,0.84,200,16295.794031
4754.717319,0.875,0.875,200,16300.632983
5687.243084,0.85,0.855,200,16305.413125
5636.748833,0.815,0.815,200,16310.119751
3496.606863,0.41,0.45,200,16314.776499
5618.108133,0.82,0.82,200,16319.596479
5651.490434,0.85,0.86,200,16324.254983
5775.727421,0.855,0.87,200,16328.84301
5625.211096,0.835,0.835,200,16333.485461
5725.832662,0.855,0.87,200,16340.350876
5432.278946,0.84,0.875,200,16345.034682
5769.070086,0.87,0.87,200,16349.667764
5784.703293,0.86,0.87,200,16354.299713
5687.925294,0.795,0.805,200,16358.930942
5009.471634,0.875,0.875,200,16363.675933
5614.507615,0.855,0.865,200,16368.433426
5704.683167,0.82,0.82,200,16373.149749
5697.565527,0.845,0.85,200,16377.695217
5754.389614,0.845,0.86,200,16382.369499
5738.876049,0.845,0.845,200,16389.33492
5715.429038,0.825,0.825,200,16394.0103
5674.444371,0.845,0.855,200,16398.821178
5751.628414,0.86,0.86,200,16403.495291
5635.94304,0.865,0.865,200,16408.308429
5616.475577,0.87,0.885,200,16413.032825
5690.014662,0.84,0.855,200,16417.794867
5710.615188,0.825,0.825,200,16422.505245
4496.017983,0.87,0.875,200,16427.179543
5703.137705,0.83,0.83,200,16432.002969
5673.007108,0.8,0.8,200,16438.928653
5692.624597,0.825,0.825,200,16443.768124
5775.410796,0.875,0.875,200,16448.50847
5014.791114,0.875,0.875,200,16453.151307
5586.093323,0.82,0.835,200,16457.77949
5684.078964,0.85,0.85,200,16462.441954
5702.110066,0.82,0.82,200,16467.123111
5707.128225,0.825,0.825,200,16471.873958
5707.465369,0.825,0.825,200,16476.533323
5713.909323,0.825,0.83,200,16481.128152
5477.618393,0.84,0.885,200,16487.901046
5747.273005,0.84,0.84,200,16492.624027
5717.045446,0.85,0.86,200,16497.262348
5774.865704,0.87,0.875,200,16501.934649
5685.967431,0.85,0.86,200,16506.634337
5787.721147,0.87,0.875,200,16511.319488
5705.102581,0.835,0.84,200,16515.96284
5681.980937,0.84,0.845,200,16520.702126
5773.13142,0.865,0.87,200,16525.326694
5746.486848,0.845,0.845,200,16529.981938
5633.495702,0.855,0.855,200,16536.928555
5713.076883,0.83,0.84,200,16541.698721
5714.40238,0.855,0.875,200,16546.382054
5718.008718,0.875,0.875,200,16551.105526
5712.278226,0.865,0.865,200,16555.809832
5775.290211,0.865,0.87,200,16560.404243
5398.198803,0.85,0.875,200,16565.076389
5670.797463,0.82,0.83,200,16569.689614
5763.514856,0.865,0.87,200,16574.4889
5613.46774,0.865,0.88,200,16579.272441
5741.526813,0.87,0.88,200,16586.426711
5802.132905,0.89,0.89,200,16591.262833
5706.117414,0.845,0.85,200,16596.128095
4743.692299,0.885,0.885,200,16600.821843
3886.034311,0.5,0.5,200,16605.650431
5061.109377,0.875,0.875,200,16610.41325
5701.287001,0.855,0.855,200,16615.090743
5471.252973,0.87,0.87,200,16619.805063
4785.012934,0.705,0.715,200,16624.469998
5690.898951,0.815,0.815,200,16629.195797
5797.608192,0.87,0.88,200,16636.083784
5695.973163,0.865,0.875,200,16640.862054
5689.62815,0.84,0.84,200,16645.612059
5711.582772,0.87,0.88,200,16650.217886
5706.76911,0.83,0.85,200,16654.957731
3275.951602,0.87,0.875,200,16659.545299
5716.217247,0.83,0.835,200,16664.181007
5690.454924,0.84,0.84,200,16668.841468
5770.737995,0.86,0.86,200,16673.586451
5799.81021,0.885,0.885,200,16678.230217
4969.843809,0.865,0.88,200,16684.989436
5730.366363,0.875,0.875,200,16689.684432
5778.946047,0.865,0.875,200,16694.416744
5735.588602,0.875,0.88,200,16699.046627
4137.343119,0.31,0.33,200,16703.669652
5784.920387,0.86,0.87,200,16708.43847
5698.621905,0.865,0.875,200,16713.137775
5702.481431,0.83,0.835,200,16717.863287
5766.127382,0.86,0.86,200,16722.560863
5712.205571,0.83,0.835,200,16727.126539
5775.848218,0.875,0.88,200,16734.077396
5694.348298,0.845,0.855,200,16738.815238
5704.633571,0.855,0.86,200,16743.521187
5107.05723,0.835,0.845,200,16748.269274
5792.916044,0.87,0.875,200,16753.055723
5689.672611,0.805,0.805,200,16757.718907
5069.499543,0.885,0.885,200,16762.435994
5776.360014,0.855,0.86,200,16767.086808
5784.578201,0.865,0.87,200,16771.739181
3928.424443,0.88,0.88,200,16776.568729
5694.527331,0.865,0.88,200,16783.452055
5743.177568,0.85,0.85,200,16788.344244
5791.172583,0.875,0.885,200,16793.048928
5699.804589,0.855,0.86,200,16797.664389
5775.269126,0.86,0.865,200,16802.263143
5685.557336,0.865,0.885,200,16807.088469
5728.716932,0.865,0.875,200,16811.798479
5652.301751,0.83,0.855,200,16816.578885
5705.059344,0.84,0.84,200,16821.34362
5708.590649,0.84,0.84,200,16826.104243
5674.719139,0.825,0.83,200,16832.982542
5681.306416,0.855,0.865,200,16837.762842
5429.579251,0.87,0.875,200,16842.332084
5763.973408,0.86,0.86,200,16847.089765
5790.716142,0.875,0.875,200,16851.761187
5768.716419,0.85,0.855,200,16856.414862
5704.599306,0.815,0.815,200,16861.196421
5778.146653,0.865,0.865,200,16865.82423
5684.78181,0.825,0.83,200,16870.348048
5703.539394,0.83,0.83,200,16875.045247
5715.127094,0.84,0.84,200,16882.025465
5789.867902,0.86,0.87,200,16886.654845
5668.003587,0.86,0.865,200,16891.267982
5695.134335,0.835,0.835,200,16896.035544
5800.580338,0.885,0.885,200,16900.835368
5759.137636,0.85,0.855,200,16905.595057
5689.935564,0.85,0.85,200,16910.353661
5460.791365,0.855,0.86,200,16915.015218
5610.255411,0.85,0.85,200,16919.761431
5650.616087,0.81,0.82,200,16924.339533
5311.633429,0.88,0.885,200,16931.234597
3942.418657,0.885,0.885,200,16935.930492
5481.630283,0.87,0.87,200,16940.477542
5714.605368,0.84,0.84,200,16945.090589
5770.401107,0.875,0.875,200,16949.822974
5698.827746,0.825,0.84,200,16954.57961
5366.125643,0.86,0.86,200,16959.370773
5687.411724,0.83,0.83,200,16964.065816
5720.910673,0.845,0.845,200,16968.746994
5191.606257,0.87,0.87,200,16973.51903
5700.040989,0.84,0.845,200,16980.133041
5601.688406,0.845,0.88,200,16984.821342
5794.462963,0.875,0.875,200,16989.391676
5751.214628,0.86,0.86,200,16993.981994
5623.345767,0.805,0.805,200,16998.553454
5789.590326,0.87,0.875,200,17003.11461
5714.899961,0.825,0.825,200,17007.852401
4332.744756,0.695,0.695,200,17012.346034
5778.355242,0.855,0.86,200,17016.859619
5490.813604,0.865,0.88,200,17021.399024
5483.503779,0.875,0.895,200,17028.273292
5723.056826,0.825,0.84,200,17032.722722
5775.312514,0.85,0.865,200,17037.240305
5719.664427,0.835,0.84,200,17041.738187
5692.289766,0.86,0.86,200,17046.312024
5684.041264,0.85,0.855,200,17050.83399
5796.145061,0.865,0.87,200,17055.331409
5734.391125,0.865,0.87,200,17059.777464
5766.83099,0.86,0.86,200,17064.210494
5674.934698,0.85,0.86,200,17068.786115
5752.143524,0.87,0.87,200,17075.591805
5740.367768,0.85,0.855,200,17080.073555
5718.082754,0.865,0.865,200,17084.66382
5707.652799,0.82,0.82,200,17089.108095
5801.174736,0.88,0.88,200,17093.589966
5729.802111,0.865,0.875,200,17098.27134
5205.402934,0.875,0.875,200,17102.918992
5674.551057,0.855,0.855,200,17107.564187
5711.019946,0.83,0.835,200,17112.052776
5723.808111,0.86,0.87,200,17116.560624
5633.629876,0.835,0.865,200,17123.424413
5753.266282,0.85,0.855,200,17128.124575
5587.730826,0.86,0.865,200,17132.734407
5684.627851,0.835,0.84,200,17137.307329
5788.754353,0.865,0.87,200,17141.909572
5416.965151,0.81,0.83,200,17146.616783
5656.355613,0.855,0.87,200,17151.076798
5777.095866,0.87,0.875,200,17155.688111
5798.479026,0.875,0.885,200,17160.228304
5541.919126,0.865,0.865,200,17164.789129
5728.187149,0.845,0.845,200,17171.429539
5753.361625,0.865,0.865,200,17175.982673
5555.578922,0.865,0.865,200,17180.615823
5772.049334,0.86,0.86,200,17185.203937
5728.036381,0.84,0.84,200,17189.859787
5741.160194,0.835,0.85,200,17194.518932
5768.438286,0.85,0.85,200,17198.937956
5688.632137,0.815,0.83,200,17203.68683
5789.425777,0.87,0.875,200,17208.496843
5614.609122,0.855,0.86,200,17213.323811
5653.171168,0.855,0.86,200,17220.218283
5655.63898,0.845,0.855,200,17224.923575
5704.752112,0.81,0.815,200,17229.636272
5704.837954,0.82,0.835,200,17234.377105
5687.749202,0.805,0.805,200,17239.07973
5697.409951,0.845,0.86,200,17243.855902
5580.90812,0.87,0.87,200,17248.582303
5710.179423,0.84,0.84,200,17253.399323
5707.415237,0.83,0.83,200,17258.134659
5769.754294,0.865,0.875,200,17262.827377
5603.55189,0.85,0.855,200,17269.934461
5184.266655,0.88,0.885,200,17274.674083
5673.740015,0.855,0.865,200,17279.40922
5794.04076,0.88,0.88,200,17284.020617
5521.775218,0.88,0.88,200,17288.702496
5436.551136,0.87,0.87,200,17293.450342
5785.795641,0.875,0.875,200,17298.276047
5714.194785,0.825,0.835,200,17303.030248
5675.129832,0.815,0.825,200,17307.810117
5683.686095,0.815,0.83,200,17312.458519
5701.467664,0.85,0.85,200,17319.425049
5704.259607,0.845,0.845,200,17324.178346
5716.464706,0.845,0.845,200,17328.736489
5350.963305,0.81,0.81,200,17333.489272
5689.884534,0.83,0.835,200,17338.235958
5788.430331,0.87,0.875,200,17342.936513
5686.107997,0.855,0.865,200,17347.75215
5693.498173,0.845,0.845,200,17352.501534
5712.110229,0.85,0.88,200,17357.210843
5506.758618,0.855,0.865,200,17361.946269
4626.389599,0.72,0.725,200,17368.847221
5669.810904,0.815,0.82,200,17373.435067
4617.530003,0.88,0.88,200,17378.030247
5701.885059,0.85,0.855,200,17382.598843
5674.226856,0.825,0.83,200,17387.292054
5680.46075,0.815,0.83,200,17391.926809
5774.570517,0.865,0.865,200,17396.573071
5782.100968,0.86,0.875,200,17401.238923
5751.933801,0.86,0.87,200,17405.699265
5779.413181,0.855,0.865,200,17410.411723
5704.458167,0.845,0.85,200,17417.012036
5672.558423,0.825,0.825,200,17421.565955
5739.381571,0.86,0.86,200,17426.210756
5697.851501,0.825,0.83,200,17430.75658
5710.023488,0.86,0.89,200,17435.418643
5678.346136,0.85,0.85,200,17439.886962
5414.330141,0.865,0.87,200,17444.48157
5685.21865,0.855,0.855,200,17448.915369
5556.526411,0.84,0.87,200,17453.353576
4629.553629,0.89,0.895,200,17457.747591
5713.180118,0.86,0.87,200,17464.529949
5772.632836,0.855,0.865,200,17469.141213
5745.978076,0.85,0.85,200,17473.569962
5786.718904,0.86,0.88,200,17478.152515
5722.518329,0.845,0.845,200,17482.706462
5747.501942,0.855,0.87,200,17487.1432
5781.188383,0.86,0.875,200,17491.735219
5696.686748,0.85,0.86,200,17496.148185
5724.536333,0.85,0.855,200,17500.678921
4051.852911,0.725,0.745,200,17505.05091
5784.282246,0.86,0.87,200,17511.675503
5779.131193,0.875,0.88,200,17516.177072
5471.340941,0.88,0.88,200,17520.770707
5713.362984,0.835,0.835,200,17525.377959
5738.96647,0.845,0.86,200,17529.924296
5710.692402,0.825,0.835,200,17534.543372
5637.32227,0.82,0.82,200,17539.117144
5740.977874,0.85,0.85,200,17543.702716
5780.187626,0.86,0.865,200,17548.287196
5723.1695,0.84,0.84,200,17552.976352
5665.709974,0.855,0.855,200,17559.735218
5778.655678,0.87,0.87,200,17564.354574
5793.084648,0.87,0.885,200,17568.989278
5710.74569,0.82,0.82,200,17573.558873
5102.477237,0.885,0.885,200,17578.25333
5766.322824,0.84,0.85,200,17582.743497
5716.747071,0.825,0.825,200,17587.321817
5786.205178,0.87,0.87,200,17592.002713
5788.938642,0.86,0.87,200,17596.489189
5348.680144,0.87,0.87,200,17601.176153
5709.452702,0.85,0.85,200,17608.065689
5712.009012,0.84,0.84,200,17612.709333
5665.136255,0.855,0.86,200,17617.346241
5711.887439,0.82,0.82,200,17621.941735
5702.653557,0.865,0.865,200,17626.49345
5694.430921,0.845,0.85,200,17631.10492
5715.992745,0.84,0.84,200,17635.703078
5781.892542,0.885,0.885,200,17640.250427
5425.513341,0.855,0.855,200,17644.906733
5667.033451,0.85,0.855,200,17649.62561
4557.275439,0.885,0.885,200,17656.515768
5355.438218,0.885,0.89,200,17661.159195
5681.06739,0.845,0.845,200,17665.782976
5765.399958,0.865,0.87,200,17670.311898
5658.231464,0.86,0.87,200,17674.754664
5778.422798,0.87,0.87,200,17679.28031
5695.162295,0.84,0.84,200,17683.927445
5760.278415,0.865,0.87,200,17688.564526
5310.313804,0.86,0.88,200,17693.309974
5785.429626,0.865,0.87,200,17697.972738
5697.015741,0.825,0.83,200,17704.711007
5779.01476,0.87,0.875,200,17709.303451
5653.037018,0.855,0.855,200,17713.756206
5476.713822,0.875,0.875,200,17718.3864
5769.365244,0.86,0.86,200,17722.907299
5707.189426,0.83,0.83,200,17727.4517
5648.770646,0.86,0.87,200,17731.94301
3846.451713,0.45,0.48,200,17736.516882
5365.351272,0.885,0.885,200,17741.037439
5765.742943,0.845,0.855,200,17745.402186
5688.993124,0.845,0.855,200,17752.063825
5712.516588,0.825,0.825,200,17756.657193
5704.928209,0.85,0.875,200,17761.257249
5710.466249,0.85,0.855,200,17765.725814
5198.527456,0.745,0.77,200,17770.256068
5447.060257,0.86,0.86,200,17774.671047
5787.821036,0.865,0.875,200,17779.287584
5686.489878,0.845,0.855,200,17783.941477
5706.187566,0.815,0.815,200,17788.517355
5706.990465,0.8,0.825,200,17793.097035
5780.432932,0.86,0.87,200,17799.901779
5747.498829,0.84,0.87,200,17804.52368
5790.433746,0.87,0.875,200,17809.156337
5693.694385,0.845,0.85,200,17813.678375
5697.270593,0.835,0.835,200,17818.228923
5617.992549,0.815,0.815,200,17822.743367
5261.691918,0.84,0.84,200,17827.380289
5748.077442,0.85,0.85,200,17831.942878
5551.55037,0.865,0.87,200,17836.598012
5697.782501,0.85,0.85,200,17841.044039
5702.825138,0.835,0.835,200,17847.785142
5596.761621,0.83,0.86,200,17852.258089
5683.729403,0.83,0.83,200,17856.734438
5672.270972,0.86,0.865,200,17861.205816
5453.533345,0.815,0.845,200,17865.727304
5730.356448,0.85,0.85,200,17870.28897
5709.456346,0.815,0.82,200,17874.811916
5771.266042,0.865,0.865,200,17879.466172
5765.497175,0.855,0.855,200,17883.92735
5680.444076,0.82,0.825,200,17888.47191
3631.911318,0.885,0.885,200,17895.061839
5693.797589,0.835,0.835,200,17899.643542
5716.341799,0.855,0.855,200,17904.227696
5784.312419,0.87,0.87,200,17908.751703
5657.02756,0.86,0.88,200,17913.207068
5769.422492,0.875,0.885,200,17917.739382
5551.270903,0.84,0.86,200,17922.391518
5776.316525,0.86,0.86,200,17926.990294
5387.231078,0.87,0.87,200,17931.448007
5663.293188,0.83,0.83,200,17935.933361
5651.93795,0.845,0.85,200,17942.718897
5783.388597,0.86,0.87,200,17947.193863
5780.597798,0.84,0.865,200,17951.735605
5266.607412,0.87,0.87,200,17956.286647
4952.013576,0.67,0.74,200,17960.882614
5781.08641,0.865,0.865,200,17965.511991
5787.575057,0.855,0.87,200,17970.200439
5778.494707,0.87,0.87,200,17974.810208
5647.36684,0.86,0.875,200,17979.249148
5733.509072,0.87,0.875,200,17983.781221
5738.935563,0.85,0.865,200,17990.576868
5779.394194,0.855,0.865,200,17995.083329
5675.303429,0.825,0.825,200,17999.800154
5662.13801,0.86,0.865,200,18004.401026
5716.973745,0.83,0.83,200,18009.100313
5710.532033,0.845,0.845,200,18013.77927
5790.515356,0.865,0.87,200,18018.37444
5729.711213,0.855,0.855,200,18022.802254
5718.118841,0.82,0.825,200,18027.317167
5770.170483,0.855,0.86,200,18031.73317
5663.589707,0.845,0.88,200,18038.533115
5718.989578,0.84,0.84,200,18043.200627
5783.309724,0.87,0.87,200,18047.783975
5735.140342,0.835,0.84,200,18052.318657
5698.392911,0.865,0.865,200,18056.819076
5669.104609,0.84,0.855,200,18061.411478
5699.406383,0.825,0.825,200,18065.964811
5773.337048,0.875,0.885,200,18070.438468
5636.43319,0.815,0.815,200,18074.886656
5160.522503,0.875,0.875,200,18079.423687
5644.89447,0.805,0.81,200,18086.005105
5795.253864,0.875,0.885,200,18090.432735
5701.925894,0.835,0.835,200,18094.821499
5676.240082,0.835,0.875,200,18098.990741
5680.693754,0.82,0.83,200,18103.142241
5785.773046,0.865,0.87,200,18107.46367
5687.906393,0.855,0.875,200,18111.97523
5687.612177,0.815,0.83,200,18116.605626
5351.292487,0.83,0.835,200,18121.281334
5718.064682,0.83,0.835,200,18125.987565
5646.957927,0.81,0.815,200,18133.047724
5718.197754,0.855,0.875,200,18137.616073
5757.281535,0.845,0.855,200,18142.128673
5747.427327,0.875,0.885,200,18146.632214
5705.388271,0.84,0.84,200,18151.214017
5686.878869,0.825,0.83,200,18155.822845
5795.744083,0.865,0.875,200,18160.418056
5783.418038,0.87,0.87,200,18164.923955
5781.412417,0.875,0.875,200,18169.358166
5701.752679,0.83,0.84,200,18173.878017
5713.895414,0.83,0.835,200,18180.613483
5793.436076,0.87,0.875,200,18185.156038
5701.439545,0.85,0.86,200,18189.670866
5719.362898,0.84,0.84,200,18194.132625
5577.35913,0.855,0.89,200,18198.58456
5632.264281,0.85,0.85,200,18202.797723
5706.639914,0.86,0.87,200,18207.135317
5151.147646,0.62,0.62,200,18211.382963
5685.421655,0.85,0.86,200,18215.937732
5668.600133,0.865,0.88,200,18220.47716
5663.675395,0.85,0.85,200,18227.369802
5614.762029,0.875,0.875,200,18231.979532
5753.864776,0.855,0.855,200,18236.579165
5703.515505,0.845,0.845,200,18241.244488
5180.081798,0.715,0.715,200,18245.78577
5705.805713,0.85,0.855,200,18250.295107
5643.306688,0.85,0.855,200,18254.978465
5640.197488,0.84,0.875,200,18259.559978
5777.56995,0.87,0.87,200,18264.251457
5703.049834,0.855,0.86,200,18268.874186
5793.332382,0.875,0.88,200,18275.453988
5792.187787,0.875,0.875,200,18280.032917
5682.836837,0.865,0.87,200,18284.655369
5716.889666,0.845,0.85,200,18289.298
5683.957522,0.855,0.86,200,18294.000045
5590.979045,0.85,0.885,200,18298.683273
5709.35955,0.85,0.85,200,18303.368519
5778.920082,0.87,0.87,200,18307.919329
5717.545168,0.84,0.84,200,18312.544763
5714.227541,0.855,0.855,200,18317.245892
5371.648826,0.87,0.87,200,18324.131868
5752.518372,0.865,0.87,200,18328.804743
5724.957441,0.845,0.845,200,18333.381172
5710.246473,0.815,0.82,200,18338.06923
5751.000362,0.84,0.85,200,18342.718307
5671.035895,0.85,0.855,200,18347.339686
5739.145985,0.865,0.88,200,18352.126379
5713.737212,0.815,0.825,200,18356.921289
5713.920613,0.835,0.835,200,18361.574568
5719.473953,0.84,0.84,200,18366.300553
5712.150063,0.82,0.825,200,18373.280368
5263.22192,0.89,0.89,200,18377.873259
5590.874266,0.845,0.88,200,18382.650212
5731.692496,0.865,0.875,200,18387.453373
5649.304037,0.86,0.865,200,18392.212428
5775.430955,0.87,0.88,200,18397.052166
5559.052642,0.845,0.86,200,18401.633934
5404.252314,0.835,0.87,200,18406.269089
5182.505633,0.755,0.785,200,18410.909855
5729.595812,0.865,0.875,200,18415.608826
5707.81016,0.815,0.815,200,18422.354971
5777.561385,0.85,0.86,200,18426.824667
5748.293508,0.875,0.875,200,18431.380423
5756.030352,0.855,0.855,200,18436.013851
5658.964482,0.85,0.85,200,18440.69542
5672.487434,0.825,0.825,200,18445.349328
5697.613974,0.83,0.83,200,18450.047027
5788.604064,0.865,0.875,200,18454.689092
5392.824781,0.87,0.87,200,18459.496483
5503.097088,0.865,0.875,200,18464.183444
5784.10382,0.865,0.875,200,18470.969344
5739.865008,0.86,0.86,200,18475.611331
5677.424914,0.855,0.855,200,18480.319827
5666.486068,0.875,0.895,200,18485.082294
4934.290301,0.895,0.895,200,18489.779046
5775.369213,0.875,0.88,200,18494.524463
5711.931499,0.84,0.84,200,18499.196352
5577.058971,0.875,0.875,200,18503.909258
5683.921009,0.825,0.83,200,18508.520812
5706.710992,0.83,0.83,200,18513.150896
5699.935696,0.815,0.815,200,18520.035244
5709.110309,0.825,0.825,200,18524.70092
5726.020085,0.87,0.875,200,18529.466913
5709.018974,0.86,0.86,200,18534.217786
5724.48244,0.84,0.84,200,18538.822303
5714.81652,0.845,0.845,200,18543.447644
5788.759358,0.87,0.87,200,18548.029157
5581.327262,0.865,0.87,200,18552.60746
5701.943124,0.815,0.815,200,18557.086259
5660.433543,0.82,0.82,200,18561.395939
5784.122016,0.87,0.875,200,18568.205941
5732.294348,0.86,0.875,200,18572.775712
5710.296106,0.855,0.855,200,18577.44622
5721.097285,0.865,0.87,200,18582.04415
5728.159927,0.845,0.85,200,18586.692753
5789.355456,0.855,0.875,200,18591.462579
5788.804359,0.875,0.875,200,18596.117664
5706.596189,0.84,0.84,200,18600.871195
5799.164176,0.87,0.875,200,18605.517009
5717.598889,0.825,0.83,200,18610.062716
5682.800595,0.815,0.83,200,18616.962772
5652.812067,0.825,0.825,200,18621.696046
5761.407814,0.865,0.87,200,18626.39319
5708.754372,0.83,0.83,200,18631.060651
5790.696677,0.87,0.875,200,18635.84089
5714.114511,0.83,0.83,200,18640.510095
5436.530623,0.865,0.87,200,18645.111673
5689.149144,0.845,0.85,200,18649.640927
5351.905465,0.875,0.88,200,18654.057687
5653.649749,0.845,0.855,200,18658.494934
5657.873041,0.855,0.855,200,18665.076711
5769.38662,0.87,0.875,200,18669.536326
5772.444286,0.855,0.855,200,18674.004565
5685.648678,0.81,0.81,200,18678.359558
5705.297067,0.855,0.87,200,18682.844037
5698.79032,0.845,0.855,200,18687.337936
5627.321025,0.8,0.815,200,18691.830936
5808.501073,0.875,0.885,200,18696.439189
4465.300813,0.515,0.565,200,18700.990582
5790.363819,0.875,0.88,200,18705.510434
5755.651675,0.865,0.875,200,18712.293888
5713.400812,0.825,0.83,200,18716.850262
5517.776258,0.875,0.875,200,18721.339271
5596.187229,0.86,0.865,200,18725.824612
5720.364193,0.835,0.84,200,18730.297048
5757.775734,0.865,0.87,200,18734.968488
5645.33021,0.815,0.815,200,18739.693159
5782.643159,0.875,0.88,200,18744.240666
5203.349427,0.87,0.875,200,18748.91633
5652.014496,0.85,0.855,200,18753.505471
5715.295747,0.845,0.845,200,18760.097492
5702.85838,0.81,0.81,200,18764.796597
5692.048657,0.795,0.8,200,18769.374618
5694.6813,0.84,0.84,200,18774.043323
5637.18445,0.81,0.815,200,18778.554233
5715.282942,0.83,0.835,200,18783.186093
5677.83457,0.855,0.86,200,18787.87567
5722.795759,0.84,0.84,200,18792.330442
5701.180841,0.85,0.855,200,18796.761206
5726.437554,0.855,0.855,200,18801.125004
5695.915067,0.83,0.835,200,18807.673057
5591.706863,0.865,0.87,200,18812.091459
5677.071512,0.85,0.86,200,18816.579446
5793.068062,0.87,0.875,200,18821.159227
5790.199506,0.87,0.875,200,18825.639848
5762.091406,0.86,0.86,200,18830.064998
5778.478273,0.865,0.875,200,18834.528691
5770.904341,0.855,0.86,200,18838.971014
5801.093653,0.88,0.88,200,18843.411749
5424.722632,0.835,0.85,200,18847.898774
4671.316116,0.715,0.735,200,18854.873431
5707.587533,0.825,0.835,200,18859.581689
5705.85725,0.85,0.865,200,18864.077832
5710.671807,0.82,0.82,200,18868.563016
5788.207131,0.87,0.88,200,18873.163154
5803.528358,0.88,0.885,200,18877.574558
5708.995279,0.835,0.835,200,18882.031993
4312.838392,0.715,0.745,200,18886.402762
5265.155852,0.88,0.88,200,18890.941194
5337.708884,0.86,0.86,200,18895.515167
5664.368047,0.86,0.865,200,18902.357261
5674.034031,0.855,0.86,200,18907.076715
5683.10734,0.855,0.86,200,18911.515915
4862.772045,0.875,0.88,200,18915.980362
5696.898779,0.805,0.81,200,18920.453747
5666.529614,0.825,0.825,200,18924.97873
5711.728212,0.82,0.825,200,18929.486457
5278.617535,0.845,0.855,200,18933.999645
5791.09504,0.875,0.88,200,18938.490037
5721.158605,0.83,0.83,200,18943.004103
5799.964358,0.885,0.885,200,18949.608163
5777.323628,0.86,0.86,200,18954.078701
5691.426245,0.805,0.805,200,18958.583343
5718.466724,0.86,0.88,200,18963.273656
5762.271443,0.86,0.86,200,18968.063097
5705.605113,0.81,0.815,200,18972.782156
5614.632776,0.81,0.81,200,18977.482359
5684.768406,0.845,0.85,200,18982.26531
5694.982635,0.81,0.81,200,18986.821839
5729.796603,0.84,0.84,200,18991.320829
5687.53847,0.86,0.88,200,18998.189293
5702.256411,0.81,0.815,200,19002.71856
5709.358462,0.845,0.845,200,19007.288491
5799.914578,0.875,0.88,200,19011.777287
5542.011933,0.865,0.865,200,19016.366629
5698.271272,0.83,0.845,200,19020.950279
5725.745738,0.835,0.84,200,19025.501313
5692.366419,0.825,0.825,200,19030.066065
5587.532781,0.85,0.86,200,19034.729989
5784.588652,0.865,0.865,200,19039.232197
5749.329911,0.835,0.85,200,19046.216522
5440.603066,0.855,0.855,200,19050.74759
5623.663941,0.805,0.81,200,19055.27025
5703.865707,0.81,0.81,200,19059.949347
5690.785722,0.83,0.87,200,19064.705909
5708.836093,0.855,0.87,200,19069.161566
5772.138898,0.87,0.875,200,19073.652342
5720.9415,0.85,0.855,200,19078.165035
5239.965234,0.86,0.865,200,19082.681066
5745.202395,0.84,0.84,200,19087.25019
5717.067617,0.845,0.845,200,19093.934918
5590.364811,0.69,0.7,200,19098.456646
5686.932565,0.815,0.83,200,19102.992972
5695.465,0.825,0.84,200,19107.4623
5698.800572,0.79,0.81,200,19111.939215
5704.392636,0.845,0.845,200,19116.431966
5634.946818,0.805,0.82,200,19120.810194
5690.025623,0.855,0.855,200,19125.248206
5656.358421,0.815,0.825,200,19129.885119
5716.824877,0.84,0.85,200,19134.337
5666.946887,0.83,0.83,200,19140.948007
5703.723473,0.82,0.82,200,19145.496351
5582.142713,0.855,0.86,200,19150.0492
5717.837974,0.835,0.835,200,19154.539979
5703.516637,0.82,0.82,200,19159.087635
5779.739595,0.865,0.87,200,19163.651904
5721.870035,0.82,0.855,200,19168.167739
5694.8276,0.81,0.81,200,19172.621974
5686.761597,0.84,0.85,200,19177.19609
5661.629536,0.865,0.87,200,19181.80406
5707.597084,0.86,0.86,200,19188.697099
5778.382111,0.865,0.865,200,19193.208983
5704.475988,0.865,0.87,200,19197.681701
5593.857248,0.865,0.87,200,19202.328219
5727.624327,0.845,0.86,200,19206.798291
5639.601007,0.81,0.815,200,19211.524803
5603.179336,0.86,0.865,200,19216.044231
5652.030573,0.84,0.865,200,19220.65268
5782.94048,0.87,0.87,200,19225.190782
5668.101223,0.825,0.825,200,19229.711767
5713.462998,0.82,0.83,200,19236.54189
5792.940311,0.865,0.875,200,19241.05097
5718.732611,0.86,0.86,200,19245.61615
5703.021629,0.855,0.855,200,19250.103142
5604.362221,0.86,0.86,200,19254.64498
5434.275712,0.88,0.88,200,19259.218687
5663.522375,0.86,0.865,200,19263.811467
5711.259212,0.835,0.835,200,19268.429832
5765.208543,0.86,0.86,200,19273.004431
5766.419458,0.865,0.865,200,19277.688439
5775.137315,0.88,0.88,200,19284.456029
5730.943435,0.825,0.845,200,19289.018524
5781.923963,0.875,0.88,200,19293.634818
5712.9876,0.825,0.825,200,19298.266693
5648.664254,0.815,0.82,200,19302.865207
5709.614266,0.825,0.825,200,19307.372293
5686.199577,0.815,0.835,200,19311.753603
5716.18483,0.835,0.835,200,19316.183301
5645.354186,0.855,0.87,200,19320.608278
5750.888937,0.85,0.855,200,19325.121029
4549.15725,0.465,0.465,200,19331.786547
5759.774197,0.855,0.855,200,19336.317182
5702.666468,0.84,0.845,200,19340.879882
5549.447339,0.86,0.865,200,19345.519819
5762.696432,0.86,0.86,200,19350.048488
5721.794013,0.86,0.86,200,19354.64624
5709.068344,0.85,0.85,200,19358.974229
5697.941339,0.81,0.81,200,19363.605877
5671.188656,0.85,0.85,200,19368.155817
5698.40432,0.86,0.87,200,19372.637815
5705.282075,0.84,0.845,200,19379.339722
5513.755463,0.84,0.87,200,19383.78877
5707.472576,0.82,0.825,200,19388.332044
5761.4898,0.86,0.86,200,19392.969107
5652.718056,0.825,0.825,200,19397.614065
5601.431452,0.84,0.85,200,19402.230783
5755.649324,0.855,0.855,200,19406.788347
5199.219393,0.865,0.87,200,19411.207847
5763.000952,0.855,0.855,200,19415.95014
5701.997303,0.81,0.825,200,19420.581911
5714.274513,0.835,0.84,200,19427.370864
4878.243896,0.695,0.725,200,19431.90594
5808.657771,0.88,0.885,200,19436.570039
5803.30287,0.885,0.885,200,19441.221071
5787.129597,0.875,0.875,200,19445.860186
5722.678464,0.85,0.85,200,19450.541322
5691.805433,0.86,0.865,200,19455.233021
5672.430047,0.82,0.83,200,19459.768063
5709.026295,0.835,0.835,200,19464.265983
5785.097785,0.86,0.87,200,19468.933444
5700.644848,0.805,0.81,200,19475.938215
5719.350224,0.85,0.86,200,19480.61715
5676.529707,0.82,0.825,200,19485.258601
5697.106647,0.86,0.86,200,19489.975238
5787.342843,0.865,0.875,200,19494.598883
5757.933397,0.86,0.87,200,19499.217665
5506.696664,0.865,0.875,200,19503.881644
5492.134878,0.875,0.875,200,19508.609305
5596.486045,0.87,0.87,200,19513.220672
5738.712136,0.88,0.89,200,19517.915327
5685.463255,0.865,0.865,200,19524.780674
5709.779028,0.82,0.82,200,19529.462812
5728.766771,0.81,0.845,200,19533.976703
5703.349065,0.845,0.855,200,19538.653733
5743.868859,0.845,0.85,200,19543.298391
5705.922693,0.83,0.835,200,19547.944862
5796.479508,0.885,0.885,200,19552.613856
5785.780975,0.87,0.88,200,19557.15543
5780.50821,0.875,0.88,200,19561.729262
5779.755049,0.865,0.865,200,19566.304155
5764.546377,0.86,0.86,200,19572.893217
5768.858195,0.87,0.88,200,19577.528484
5735.856895,0.845,0.845,200,19582.077099
5736.245832,0.875,0.88,200,19586.666498
5738.564591,0.845,0.845,200,19591.299238
5780.828098,0.87,0.87,200,19596.059435
4765.813115,0.875,0.875,200,19600.717967
5698.224403,0.81,0.81,200,19605.31137
5784.635398,0.87,0.875,200,19610.000019
5705.084281,0.865,0.875,200,19614.786396
5787.84235,0.87,0.87,200,19621.683134
5710.921311,0.85,0.85,200,19626.165512
5685.487062,0.835,0.835,200,19630.849773
5623.908172,0.86,0.88,200,19635.42021
5787.219518,0.87,0.87,200,19640.174579
5716.341001,0.83,0.83,200,19644.784003
5298.327475,0.87,0.88,200,19649.466155
5634.95239,0.86,0.86,200,19654.171711
5765.925806,0.86,0.86,200,19658.894692
5764.167853,0.86,0.865,200,19663.549554
5799.694052,0.88,0.88,200,19670.391737
5444.280666,0.875,0.875,200,19675.112552
5701.756939,0.84,0.84,200,19679.762985
5761.381046,0.865,0.865,200,19684.339079
5689.257299,0.86,0.86,200,19688.836445
5692.510773,0.81,0.81,200,19693.486222
5757.78479,0.85,0.85,200,19697.988119
5788.506412,0.875,0.875,200,19702.588268
5746.573531,0.865,0.875,200,19707.236205
5793.851646,0.88,0.89,200,19711.823476
5637.161509,0.81,0.82,200,19718.617656
5742.587942,0.865,0.87,200,19723.237817
5651.216001,0.84,0.89,200,19727.753397
5574.421135,0.84,0.865,200,19732.455478
5679.885371,0.865,0.87,200,19736.953399
5801.382312,0.89,0.89,200,19741.512181
5567.388445,0.85,0.86,200,19746.071365
5487.262762,0.875,0.875,200,19750.78763
5690.755754,0.8,0.81,200,19755.380241
5732.817478,0.865,0.865,200,19760.078207
5703.125763,0.825,0.835,200,19766.95155
5699.858382,0.86,0.87,200,19771.513642
5733.881062,0.875,0.885,200,19776.251538
5783.452515,0.84,0.865,200,19780.956819
5786.213123,0.87,0.87,200,19785.557842
5690.542001,0.865,0.87,200,19790.094707
5448.559091,0.815,0.855,200,19794.731052
5695.635903,0.85,0.865,200,19799.346755
5773.073195,0.875,0.875,200,19804.086687
5781.551808,0.87,0.875,200,19808.774817
5784.736903,0.865,0.865,200,19815.869355
5389.998547,0.85,0.87,200,19820.667413
5448.749138,0.865,0.865,200,19825.368278
5792.209724,0.87,0.885,200,19830.015582
5800.269284,0.88,0.88,200,19834.734859
5705.399691,0.865,0.885,200,19839.395571
5701.696009,0.85,0.855,200,19843.975393
5711.024126,0.84,0.845,200,19848.676572
5779.762328,0.865,0.865,200,19853.281068
5158.244155,0.8,0.83,200,19857.991117
5784.658288,0.875,0.875,200,19864.591201
5711.844624,0.82,0.82,200,19869.00338
5782.991558,0.855,0.865,200,19873.612295
5604.628861,0.81,0.81,200,19878.072815
5080.464618,0.865,0.865,200,19882.456411
5716.472011,0.84,0.84,200,19886.918062
5780.30726,0.865,0.865,200,19891.471119
5779.327984,0.865,0.865,200,19896.038368
5714.217259,0.85,0.85,200,19900.622869
5630.042332,0.87,0.87,200,19905.256057
5754.493816,0.87,0.875,200,19912.17086
5776.281886,0.875,0.885,200,19916.617321
5692.827337,0.855,0.865,200,19921.185237
5782.045125,0.88,0.88,200,19925.624391
5671.954717,0.855,0.89,200,19930.288296
4610.399366,0.745,0.755,200,19934.954737
5353.832325,0.87,0.87,200,19939.709292
5689.85709,0.81,0.815,200,19944.393413
5744.894819,0.85,0.87,200,19949.054188
5786.618777,0.875,0.875,200,19953.692497
5744.559853,0.845,0.845,200,19960.620969
5523.927765,0.845,0.87,200,19965.357166
5529.161988,0.82,0.87,200,19970.12774
5637.578993,0.805,0.82,200,19974.822449
5698.402025,0.855,0.865,200,19979.527823
5797.229185,0.875,0.885,200,19984.168424
5698.19014,0.835,0.845,200,19988.684876
5732.189123,0.845,0.845,200,19993.384686
5744.475883,0.865,0.865,200,19997.928203
5777.232706,0.86,0.87,200,20002.602193
5709.522855,0.83,0.83,200,20009.458675
5643.501489,0.8,0.82,200,20013.971639
5796.786591,0.88,0.88,200,20018.717647
5485.300056,0.87,0.875,200,20023.44396
5715.428365,0.845,0.845,200,20028.032208
5707.030446,0.82,0.82,200,20032.701962
5760.362957,0.85,0.855,200,20037.293822
5760.248642,0.845,0.86,200,20041.94313
5794.290552,0.87,0.875,200,20046.54356
5749.544571,0.865,0.875,200,20050.987755
5693.768375,0.85,0.88,200,20057.627672
5436.629102,0.885,0.885,200,20062.257307
5790.451576,0.9,0.9,200,20066.808811
5788.558065,0.865,0.87,200,20071.403877
5711.293864,0.835,0.835,200,20076.013051
5697.273153,0.815,0.83,200,20080.607345
5707.470271,0.84,0.845,200,20085.32846
5700.557548,0.85,0.85,200,20089.836583
5714.129093,0.865,0.87,200,20094.31979
5413.316548,0.63,0.63,200,20098.874844
5793.894182,0.865,0.875,200,20105.735367
5651.504783,0.805,0.81,200,20110.235838
5765.276929,0.875,0.88,200,20114.876126
5570.94736,0.87,0.87,200,20119.60359
5790.392093,0.875,0.885,200,20124.22233
5717.734306,0.845,0.845,200,20128.895925
5762.844277,0.84,0.855,200,20133.381626
5682.38572,0.825,0.825,200,20137.65035
5631.902956,0.84,0.87,200,20142.235989
5673.490738,0.78,0.79,200,20146.780399
5670.678074,0.86,0.86,200,20153.627934
5644.732233,0.85,0.855,200,20158.077144
5782.441098,0.885,0.885,200,20162.610727
5707.157926,0.86,0.86,200,20167.092337
5677.182288,0.815,0.83,200,20171.69308
5794.082823,0.875,0.88,200,20176.304277
5379.80349,0.86,0.875,200,20180.940536
5711.94423,0.84,0.84,200,20185.579012
5784.890341,0.865,0.875,200,20190.174243
4154.10568,0.495,0.525,200,20194.789635
5755.547924,0.845,0.85,200,20201.767969
5654.912726,0.825,0.825,200,20206.337938
5700.589149,0.85,0.85,200,20210.760252
5710.401328,0.82,0.82,200,20215.231275
5784.055674,0.855,0.865,200,20219.86512
5805.561992,0.895,0.895,200,20224.432033
5797.756441,0.88,0.88,200,20229.113042
5690.807606,0.86,0.86,200,20233.653771
5713.933897,0.82,0.82,200,20238.222133
5765.423913,0.845,0.855,200,20242.739769
