# {"t_start": 1757073747.7991874, "env_id": "graff-v0"} 
r,obj_lift,obj_grab,l,t
2782.360389,0.87,0.87,200,8.303936
3653.093333,0.565,0.565,200,12.924137
2559.554224,0.87,0.87,200,17.615448
3065.062122,0.87,0.87,200,22.28958
5736.052811,0.825,0.835,200,26.956118
5728.050449,0.85,0.865,200,31.63598
4050.173988,0.885,0.885,200,36.398315
5714.634769,0.865,0.87,200,41.144229
2803.555453,0.885,0.885,200,45.9787
5538.107597,0.82,0.84,200,50.801867
3097.326378,0.885,0.885,200,58.001687
5662.296476,0.78,0.795,200,62.832747
5526.476732,0.8,0.8,200,67.602545
5743.291405,0.845,0.85,200,72.299917
5752.467194,0.845,0.85,200,76.902457
5751.50838,0.86,0.87,200,81.718423
5738.610447,0.845,0.845,200,86.500821
5478.424519,0.79,0.8,200,91.268224
3970.44253,0.875,0.875,200,96.099962
2726.246033,0.875,0.875,200,100.81583
3859.391276,0.865,0.865,200,107.836153
5310.083198,0.82,0.83,200,112.743928
5562.92212,0.795,0.795,200,117.471467
5567.087616,0.79,0.795,200,122.264609
2532.866142,0.885,0.885,200,127.03739
5487.379985,0.785,0.785,200,131.879772
5395.850348,0.74,0.745,200,136.662412
5129.780914,0.82,0.83,200,141.261341
5453.63961,0.615,0.615,200,145.976095
3038.904334,0.895,0.895,200,150.518025
5650.287219,0.78,0.79,200,157.763722
5702.879895,0.82,0.83,200,162.445281
2831.731592,0.87,0.87,200,167.181252
5740.818286,0.85,0.85,200,171.878802
4964.376421,0.835,0.845,200,176.494719
5519.517468,0.81,0.815,200,181.222243
5639.176142,0.805,0.82,200,185.875908
5002.177821,0.83,0.845,200,190.5207
5749.923018,0.845,0.87,200,195.361032
5129.75459,0.825,0.835,200,200.202634
4386.430357,0.205,0.22,200,206.988201
5727.923934,0.86,0.87,200,211.754791
5430.515982,0.815,0.815,200,216.330353
5642.676449,0.805,0.82,200,221.025429
4778.194406,0.37,0.375,200,225.868364
5007.327294,0.495,0.5,200,230.61614
5747.906746,0.835,0.85,200,235.427872
5649.030467,0.8,0.81,200,240.152877
5683.413809,0.8,0.805,200,244.946102
5592.634882,0.805,0.815,200,249.734465
4542.395302,0.88,0.89,200,256.773284
4679.186054,0.835,0.85,200,261.548595
3240.523509,0.24,0.24,200,266.310401
4039.597597,0.835,0.86,200,271.072915
5722.758221,0.84,0.84,200,275.812045
5705.612476,0.815,0.825,200,280.453943
5572.536506,0.78,0.79,200,285.002545
5735.860425,0.825,0.845,200,289.700119
5660.50579,0.815,0.83,200,294.532862
4471.20871,0.83,0.85,200,299.43548
3676.935906,0.895,0.895,200,306.829254
5643.206903,0.815,0.815,200,311.610958
3082.261942,0.875,0.875,200,316.420104
5764.548788,0.84,0.865,200,321.269384
2942.444346,0.885,0.885,200,326.100291
3311.212641,0.85,0.86,200,330.951624
5733.63328,0.85,0.85,200,335.747051
2611.584188,0.89,0.89,200,340.62127
5745.644901,0.845,0.85,200,345.524818
3096.016231,0.875,0.88,200,350.314616
5646.455741,0.79,0.795,200,357.559559
5730.223214,0.84,0.84,200,362.355628
5652.988004,0.775,0.78,200,367.181178
2893.307174,0.87,0.88,200,371.994003
3255.254968,0.86,0.865,200,376.709231
2686.830883,0.855,0.87,200,381.522263
5537.154463,0.805,0.805,200,386.371362
5666.49589,0.79,0.805,200,391.034677
5735.674561,0.84,0.85,200,395.605643
5738.455745,0.855,0.86,200,400.344581
2461.139069,0.43,0.435,200,407.481831
5602.444309,0.805,0.81,200,412.366162
5747.437239,0.845,0.855,200,417.175537
5318.227197,0.705,0.705,200,422.027035
3273.348635,0.85,0.86,200,426.875733
5455.664472,0.76,0.765,200,431.69791
4485.685642,0.865,0.865,200,436.598902
5658.051722,0.795,0.805,200,441.427739
5650.091311,0.8,0.81,200,446.354085
5659.284091,0.81,0.81,200,451.122019
5755.03671,0.84,0.855,200,458.094834
5613.187704,0.81,0.815,200,462.984763
5604.6641,0.795,0.805,200,467.819049
5735.676958,0.85,0.85,200,472.644122
4163.139665,0.835,0.85,200,477.414191
4532.061634,0.845,0.865,200,482.276694
5632.616645,0.79,0.815,200,487.142501
2685.650991,0.84,0.86,200,491.986166
5654.513343,0.8,0.8,200,496.645731
5513.221884,0.81,0.82,200,501.398631
2850.257192,0.36,0.36,200,508.501309
5328.635951,0.87,0.875,200,513.364161
3825.76619,0.86,0.875,200,518.274622
5644.976089,0.815,0.82,200,523.060898
5535.652527,0.785,0.785,200,527.764894
5732.671804,0.84,0.845,200,532.551118
4544.312729,0.825,0.845,200,537.207734
5658.019211,0.805,0.805,200,541.932123
5741.938025,0.845,0.85,200,546.760594
4764.210534,0.805,0.83,200,551.612726
5628.680115,0.79,0.79,200,558.579983
5476.056663,0.805,0.805,200,563.361337
5077.210212,0.475,0.475,200,568.263835
5601.283173,0.82,0.825,200,573.030397
5733.511938,0.84,0.84,200,577.884551
2542.963917,0.835,0.845,200,582.462173
2729.181697,0.88,0.88,200,587.072584
5318.474849,0.62,0.625,200,591.880715
5735.465789,0.84,0.84,200,596.632619
5013.829632,0.835,0.84,200,601.338521
3116.832059,0.865,0.875,200,608.266948
3155.246623,0.89,0.89,200,613.08672
5741.615358,0.84,0.845,200,617.860629
5437.981054,0.81,0.82,200,622.521275
3498.157945,0.86,0.86,200,627.194866
3365.182672,0.85,0.865,200,632.06968
2703.053117,0.87,0.87,200,636.813468
4686.929978,0.535,0.535,200,641.458721
5719.486203,0.82,0.83,200,646.217939
4975.753457,0.81,0.835,200,651.051145
5739.312337,0.83,0.83,200,658.117924
5720.660441,0.82,0.84,200,662.956615
5736.866309,0.865,0.865,200,667.635656
5759.642623,0.855,0.855,200,672.436535
5738.733636,0.85,0.85,200,677.102075
5653.501368,0.815,0.815,200,681.871512
5740.450396,0.845,0.86,200,686.501935
5012.053255,0.83,0.835,200,691.186761
4996.332837,0.8,0.82,200,695.931494
5596.010587,0.81,0.81,200,700.639275
2890.129674,0.855,0.865,200,707.400002
2834.528841,0.865,0.865,200,712.16554
4104.559766,0.525,0.535,200,716.84619
4995.906889,0.805,0.825,200,721.66302
5681.870587,0.82,0.83,200,726.3922
5708.51253,0.825,0.835,200,731.222024
5672.068863,0.82,0.82,200,735.893601
3221.639772,0.84,0.855,200,740.660242
5670.00152,0.855,0.865,200,745.397039
5749.688339,0.845,0.85,200,750.187767
5750.864339,0.84,0.85,200,757.142083
2811.536882,0.865,0.865,200,761.896697
5640.489824,0.805,0.805,200,766.730684
5736.491213,0.85,0.865,200,771.440269
5730.035952,0.85,0.855,200,776.036175
5721.350865,0.85,0.85,200,780.647826
5723.488221,0.865,0.87,200,785.253401
3592.58369,0.85,0.86,200,790.054055
3571.347001,0.85,0.87,200,794.873822
3418.677393,0.335,0.335,200,799.71986
5619.716921,0.815,0.82,200,806.711488
5750.025152,0.85,0.85,200,811.570549
4288.752497,0.835,0.855,200,816.434478
5759.440618,0.84,0.86,200,821.318967
5520.657808,0.78,0.78,200,826.04421
5745.506746,0.85,0.85,200,830.786614
4321.989598,0.84,0.865,200,835.491985
2681.086529,0.89,0.89,200,840.325616
2921.797776,0.86,0.865,200,845.126949
4005.057924,0.83,0.855,200,849.929802
4299.466663,0.85,0.86,200,856.999591
5560.380341,0.8,0.8,200,861.72068
4822.849757,0.83,0.83,200,866.56976
5505.578912,0.83,0.835,200,871.317861
5591.498008,0.795,0.8,200,876.113909
5690.117098,0.81,0.825,200,880.943023
5713.466612,0.86,0.86,200,885.826782
5727.514068,0.835,0.835,200,890.620161
5763.313829,0.86,0.86,200,895.423927
5631.287538,0.815,0.815,200,900.245413
5753.51002,0.845,0.855,200,907.048486
5673.626162,0.845,0.85,200,911.680304
5742.55794,0.845,0.85,200,916.385615
5726.76403,0.84,0.845,200,921.21488
5617.031472,0.815,0.82,200,926.054939
5639.504467,0.79,0.795,200,930.795087
5743.963939,0.835,0.845,200,935.577634
5729.190253,0.84,0.85,200,940.356318
4564.967979,0.37,0.375,200,945.105933
5322.157953,0.735,0.75,200,949.985052
2731.273432,0.72,0.72,200,957.08159
5764.73899,0.85,0.865,200,961.867982
4717.179801,0.815,0.825,200,966.678704
5752.172265,0.85,0.855,200,971.508704
5609.115263,0.81,0.81,200,976.367984
5527.187445,0.8,0.8,200,981.106373
4699.852156,0.83,0.855,200,985.833721
4536.318563,0.83,0.835,200,990.456281
5522.889514,0.785,0.8,200,995.118559
5758.219851,0.84,0.855,200,999.837188
5505.835235,0.775,0.79,200,1006.842047
5718.250889,0.825,0.83,200,1011.587259
5739.865359,0.865,0.87,200,1016.463944
4177.746474,0.775,0.775,200,1021.140563
5741.498773,0.835,0.84,200,1025.76007
4211.176648,0.825,0.84,200,1030.439008
4293.737002,0.83,0.84,200,1035.153279
5682.460059,0.82,0.82,200,1039.867831
5733.69468,0.845,0.85,200,1044.568394
3325.378861,0.84,0.86,200,1049.45299
5692.463873,0.85,0.865,200,1056.472462
4209.396562,0.865,0.88,200,1061.188846
5746.082807,0.855,0.855,200,1065.908031
4009.913935,0.825,0.845,200,1070.633829
5752.377038,0.83,0.85,200,1075.389993
2989.204488,0.585,0.585,200,1080.197287
4047.162007,0.865,0.865,200,1084.932405
3095.269694,0.85,0.87,200,1089.658017
5621.294021,0.805,0.805,200,1094.463008
5456.295583,0.78,0.785,200,1099.220087
5115.342784,0.79,0.82,200,1106.152365
5654.828023,0.8,0.81,200,1110.909231
5661.210495,0.82,0.82,200,1115.731177
4369.316401,0.83,0.835,200,1120.623614
4794.349753,0.87,0.87,200,1125.540015
5726.566607,0.83,0.835,200,1130.344324
5341.609554,0.82,0.84,200,1134.958225
5767.644521,0.86,0.87,200,1139.658169
5663.413502,0.805,0.81,200,1144.410315
2875.189789,0.845,0.865,200,1149.256916
5714.697902,0.855,0.855,200,1156.431045
5625.143457,0.79,0.795,200,1161.203469
4200.223325,0.8,0.835,200,1165.811548
5161.947815,0.56,0.57,200,1170.585867
4017.481396,0.87,0.88,200,1175.308888
4530.855607,0.83,0.845,200,1180.114004
5727.424815,0.855,0.875,200,1184.886829
2795.516278,0.85,0.86,200,1189.736818
2622.044708,0.885,0.885,200,1194.414324
5553.189868,0.78,0.78,200,1199.318857
5713.310735,0.83,0.835,200,1206.493503
5209.644572,0.57,0.585,200,1211.234364
5719.028713,0.85,0.85,200,1215.975555
5181.113029,0.605,0.605,200,1220.70206
5687.75759,0.83,0.83,200,1225.497492
5750.736415,0.855,0.86,200,1230.147537
2940.862426,0.87,0.87,200,1234.952403
4978.807655,0.825,0.825,200,1239.735702
5650.970571,0.82,0.825,200,1244.515339
4713.462786,0.405,0.41,200,1249.286083
5732.96825,0.835,0.835,200,1256.317174
5161.310073,0.825,0.825,200,1261.186428
5686.987569,0.835,0.835,200,1265.888288
4569.205692,0.82,0.855,200,1270.506579
5675.7078,0.825,0.825,200,1275.33009
5723.107307,0.835,0.835,200,1280.045772
3287.086403,0.835,0.86,200,1284.733134
4904.753004,0.83,0.83,200,1289.488923
5641.505979,0.795,0.795,200,1294.104255
5498.380919,0.865,0.87,200,1298.720161
5660.156169,0.79,0.8,200,1305.76049
5747.034122,0.845,0.85,200,1310.551378
5743.238094,0.825,0.85,200,1315.254868
5478.664292,0.78,0.785,200,1320.132423
5634.497595,0.785,0.785,200,1325.056645
4551.949336,0.83,0.84,200,1329.852749
5635.56784,0.815,0.815,200,1334.64378
4792.020659,0.82,0.82,200,1339.528189
5463.160967,0.78,0.785,200,1344.376226
5598.29731,0.76,0.76,200,1349.117453
5737.980309,0.855,0.86,200,1355.943734
5516.46874,0.775,0.795,200,1360.60981
4136.032519,0.81,0.845,200,1365.267877
2532.137159,0.1,0.105,200,1370.029163
4030.344903,0.83,0.845,200,1374.795659
5467.385581,0.78,0.78,200,1379.465338
5506.983652,0.815,0.815,200,1384.277493
5432.911442,0.81,0.815,200,1389.149364
5568.250274,0.8,0.8,200,1394.015217
3440.183414,0.835,0.86,200,1398.891102
2863.838931,0.835,0.85,200,1405.875921
4636.976445,0.825,0.84,200,1410.723944
5703.027514,0.815,0.83,200,1415.481009
5593.18752,0.785,0.795,200,1420.241868
5596.702684,0.8,0.8,200,1424.974627
5754.224208,0.855,0.865,200,1429.813474
5601.317181,0.805,0.815,200,1434.597787
5717.353517,0.82,0.825,200,1439.314318
5738.798693,0.85,0.855,200,1444.009715
5629.38228,0.795,0.805,200,1448.853843
5529.702428,0.785,0.8,200,1455.847516
3293.959809,0.855,0.855,200,1460.598135
5679.851005,0.86,0.875,200,1465.456545
4883.228205,0.36,0.36,200,1470.205859
5603.636303,0.79,0.8,200,1474.882339
5763.511191,0.86,0.87,200,1479.737715
3052.495676,0.85,0.86,200,1484.582521
5637.844341,0.785,0.785,200,1489.368395
5206.73841,0.705,0.725,200,1494.199871
5761.864458,0.845,0.865,200,1499.018768
5699.614157,0.83,0.83,200,1506.209132
5762.096374,0.86,0.875,200,1510.959635
3976.305148,0.825,0.845,200,1515.748206
4873.688422,0.825,0.835,200,1520.497922
5620.856085,0.81,0.81,200,1525.257334
5653.913456,0.82,0.82,200,1529.97053
5711.302462,0.86,0.875,200,1534.636919
4614.357819,0.81,0.84,200,1539.413621
5751.574861,0.855,0.87,200,1544.187274
2998.338026,0.84,0.86,200,1548.935047
5655.730596,0.845,0.875,200,1555.905501
5647.53911,0.79,0.79,200,1560.702021
5698.985699,0.825,0.84,200,1565.510506
4284.09561,0.815,0.835,200,1570.167465
3325.071889,0.84,0.87,200,1574.819534
5734.883305,0.83,0.845,200,1579.643066
5602.487434,0.79,0.79,200,1584.518042
5758.44729,0.85,0.865,200,1589.141604
4335.89326,0.865,0.875,200,1593.898574
3819.554308,0.45,0.47,200,1598.811705
5699.79056,0.825,0.83,200,1605.633525
5761.794238,0.85,0.865,200,1610.290021
4680.367273,0.805,0.835,200,1615.087489
5740.801262,0.86,0.885,200,1619.882517
5757.458437,0.855,0.87,200,1624.682667
5575.575368,0.805,0.805,200,1629.613945
5527.394103,0.785,0.785,200,1634.393774
5750.660542,0.855,0.885,200,1639.16508
4756.849009,0.47,0.47,200,1643.928365
5665.852916,0.795,0.795,200,1648.606527
4547.002344,0.815,0.84,200,1655.542206
5631.208873,0.815,0.815,200,1660.253301
4335.591563,0.825,0.855,200,1664.872074
5608.386343,0.805,0.82,200,1669.701376
5742.741449,0.865,0.88,200,1674.393175
5532.041685,0.82,0.82,200,1679.286225
5526.511153,0.79,0.79,200,1684.110523
2556.954515,0.865,0.875,200,1688.831784
4913.299641,0.81,0.825,200,1693.647106
4830.610078,0.82,0.82,200,1698.354882
5746.86785,0.84,0.845,200,1705.446758
5688.122958,0.8,0.81,200,1710.317906
4332.635399,0.845,0.85,200,1715.231853
5724.018645,0.875,0.875,200,1720.254482
5644.555863,0.8,0.8,200,1725.08653
5740.900361,0.835,0.845,200,1729.969404
5583.206654,0.805,0.815,200,1734.800532
5553.42256,0.79,0.8,200,1739.580887
4125.048232,0.83,0.855,200,1744.405252
5752.723415,0.85,0.85,200,1749.126311
2752.062395,0.87,0.87,200,1756.493402
5637.848117,0.815,0.815,200,1761.242596
4348.331398,0.81,0.83,200,1766.132466
4865.467166,0.34,0.34,200,1770.879613
5482.109113,0.78,0.78,200,1775.675853
5750.516007,0.85,0.855,200,1780.458337
5471.287431,0.77,0.78,200,1785.232192
5483.549846,0.785,0.785,200,1790.050526
5737.621793,0.86,0.875,200,1794.769912
5383.740883,0.82,0.825,200,1799.573783
5742.650917,0.87,0.87,200,1806.300203
4006.742062,0.845,0.855,200,1811.034174
4648.189862,0.81,0.81,200,1815.807588
3106.037314,0.88,0.88,200,1820.663234
5218.349737,0.83,0.83,200,1825.472923
5486.903255,0.785,0.79,200,1830.286088
5564.934851,0.805,0.805,200,1835.130029
5718.07844,0.84,0.84,200,1839.821264
4123.87067,0.875,0.88,200,1844.568381
5613.844849,0.75,0.75,200,1849.289616
2499.262257,0.87,0.87,200,1856.303604
5654.72268,0.795,0.805,200,1861.149711
3602.116681,0.835,0.86,200,1865.856989
5687.768893,0.84,0.86,200,1870.645387
5673.199916,0.8,0.8,200,1875.415315
5734.420542,0.835,0.84,200,1880.195939
5500.460274,0.81,0.825,200,1884.938153
3417.666431,0.32,0.325,200,1889.729489
3732.930147,0.88,0.88,200,1894.520945
5736.262463,0.83,0.835,200,1899.325541
5746.39983,0.84,0.865,200,1906.367709
5428.883108,0.77,0.78,200,1911.038843
5728.083685,0.855,0.86,200,1915.707731
5656.792454,0.82,0.83,200,1920.403314
5618.679749,0.81,0.81,200,1924.95728
4081.271247,0.835,0.855,200,1929.731886
5739.246854,0.835,0.84,200,1934.405913
5749.006564,0.86,0.865,200,1939.103019
5478.180227,0.775,0.78,200,1943.684642
5610.923366,0.8,0.81,200,1948.213928
5596.005768,0.765,0.785,200,1955.17671
5639.255316,0.81,0.81,200,1959.653728
5641.903771,0.815,0.815,200,1964.370363
4065.125906,0.86,0.87,200,1969.15901
4254.14782,0.85,0.855,200,1973.849041
2456.242005,0.875,0.885,200,1978.580355
4952.056105,0.825,0.84,200,1983.249506
5333.726999,0.695,0.7,200,1987.88546
5636.504466,0.78,0.79,200,1992.730142
3264.022839,0.575,0.595,200,1997.446838
5744.08499,0.855,0.86,200,2004.494791
5648.557024,0.805,0.805,200,2009.189202
3589.569783,0.795,0.825,200,2014.049985
4593.3515,0.82,0.83,200,2018.874567
5762.517212,0.865,0.87,200,2023.773587
5665.021377,0.825,0.825,200,2028.629694
5544.378809,0.82,0.82,200,2033.518048
5591.818404,0.805,0.805,200,2038.396034
2831.252195,0.245,0.245,200,2043.393804
5722.221331,0.86,0.86,200,2048.261635
5657.573578,0.79,0.8,200,2055.262746
5655.288888,0.815,0.825,200,2059.993324
5686.167163,0.85,0.865,200,2064.778573
3534.326612,0.595,0.64,200,2069.601207
5090.549039,0.8,0.805,200,2074.446872
5318.097304,0.82,0.825,200,2079.345778
5759.478436,0.855,0.86,200,2084.209861
2427.124996,0.875,0.875,200,2088.894564
5756.346253,0.86,0.86,200,2093.544604
4288.061475,0.82,0.85,200,2098.255184
5617.683343,0.82,0.865,200,2105.510096
3870.196032,0.345,0.375,200,2110.344895
5707.484028,0.825,0.835,200,2115.143573
5552.248717,0.795,0.805,200,2120.021616
5464.454441,0.78,0.78,200,2124.767388
5666.066949,0.805,0.805,200,2129.629519
5530.933134,0.795,0.795,200,2134.512362
5743.232676,0.85,0.85,200,2139.298243
4330.097326,0.865,0.87,200,2144.104697
5699.073049,0.835,0.835,200,2148.825826
5507.69243,0.785,0.795,200,2155.826822
5753.972663,0.845,0.855,200,2160.614277
5589.598422,0.815,0.815,200,2165.295416
5026.3783,0.815,0.825,200,2170.023938
5607.5065,0.81,0.825,200,2174.83566
5647.320477,0.85,0.855,200,2179.642895
4361.974624,0.71,0.725,200,2184.444762
5460.27837,0.79,0.79,200,2189.3908
5510.260319,0.79,0.8,200,2194.299254
5555.454793,0.79,0.795,200,2199.146852
5746.86604,0.865,0.865,200,2206.335962
5642.370515,0.825,0.825,200,2210.989826
4477.828866,0.8,0.83,200,2215.831556
5511.155508,0.815,0.82,200,2220.61294
5686.202623,0.805,0.815,200,2225.356368
5672.711671,0.855,0.865,200,2230.107849
3800.765052,0.85,0.87,200,2234.908491
4659.248425,0.82,0.83,200,2239.65706
4590.765929,0.825,0.85,200,2244.49788
5756.777159,0.875,0.875,200,2249.415646
4206.026868,0.75,0.76,200,2256.371577
5598.82653,0.805,0.805,200,2261.088136
5663.297808,0.795,0.8,200,2265.899775
4257.787514,0.875,0.885,200,2270.685111
5616.912899,0.81,0.81,200,2275.377562
5673.047304,0.82,0.82,200,2280.185409
3371.038394,0.865,0.87,200,2284.965493
5730.949366,0.865,0.865,200,2289.635164
5373.671696,0.775,0.775,200,2294.365645
5528.264006,0.82,0.83,200,2299.074029
4483.317676,0.805,0.85,200,2306.108818
5753.386871,0.85,0.855,200,2310.980111
5641.515186,0.795,0.795,200,2315.826463
5550.237434,0.815,0.82,200,2320.621957
3614.808844,0.845,0.86,200,2325.539076
5569.023275,0.815,0.825,200,2330.437269
5730.038867,0.86,0.865,200,2335.181078
4807.618709,0.84,0.84,200,2339.889001
4231.039498,0.83,0.85,200,2344.661146
5759.625667,0.86,0.86,200,2349.385747
4306.461411,0.805,0.84,200,2356.785058
5026.406272,0.815,0.83,200,2361.738404
3020.41363,0.865,0.865,200,2366.50818
5757.208044,0.855,0.865,200,2371.18914
2549.780264,0.88,0.88,200,2375.940772
4509.104624,0.835,0.85,200,2380.723972
4174.04322,0.84,0.86,200,2385.554339
5755.672574,0.845,0.86,200,2390.226029
5733.917163,0.86,0.87,200,2395.009088
5585.989979,0.81,0.815,200,2399.683962
5717.706071,0.835,0.835,200,2406.897642
4550.224708,0.64,0.64,200,2411.692835
5740.896058,0.84,0.84,200,2416.456899
4289.580363,0.825,0.85,200,2421.323221
5678.802115,0.81,0.83,200,2426.091976
2689.577394,0.84,0.86,200,2431.000217
5128.155778,0.82,0.82,200,2435.771217
5660.099335,0.8,0.8,200,2440.562427
4199.46809,0.865,0.87,200,2445.197797
5652.748683,0.78,0.79,200,2450.001856
2631.078671,0.135,0.155,200,2456.765005
5564.937878,0.79,0.8,200,2461.516202
5724.770307,0.855,0.855,200,2466.268772
4111.220134,0.88,0.88,200,2470.96735
5768.652176,0.865,0.87,200,2475.669392
5731.736978,0.835,0.84,200,2480.332326
5655.425123,0.805,0.83,200,2485.080442
5547.786882,0.8,0.805,200,2489.856541
5594.968701,0.755,0.765,200,2494.692758
5656.420891,0.81,0.815,200,2499.508735
4452.59226,0.835,0.85,200,2506.599976
5649.56852,0.8,0.81,200,2511.170331
5714.662364,0.835,0.835,200,2515.769443
3475.917753,0.435,0.445,200,2520.363193
5552.333895,0.79,0.795,200,2525.02387
5708.641079,0.825,0.84,200,2529.828505
3739.612777,0.255,0.29,200,2534.53893
5750.119012,0.845,0.85,200,2539.187261
4186.868047,0.835,0.855,200,2544.067662
2508.330115,0.87,0.87,200,2548.94597
5716.013311,0.855,0.88,200,2556.149517
2608.152008,0.865,0.87,200,2560.996407
5531.057216,0.765,0.77,200,2565.753367
5679.84956,0.795,0.805,200,2570.531359
4006.739677,0.855,0.86,200,2575.283536
5649.497837,0.79,0.79,200,2580.060451
5742.875325,0.855,0.865,200,2584.940516
3748.085636,0.305,0.32,200,2589.842815
5490.079341,0.775,0.785,200,2594.745731
4492.981731,0.665,0.675,200,2599.664937
5739.712832,0.83,0.845,200,2606.826336
3541.085255,0.83,0.855,200,2611.859264
4870.999459,0.805,0.825,200,2616.815457
4587.920143,0.85,0.875,200,2621.624038
5332.353174,0.815,0.83,200,2626.459317
5368.445786,0.815,0.815,200,2631.309912
5595.865591,0.84,0.86,200,2636.069182
4643.337085,0.815,0.82,200,2640.944696
4021.187338,0.86,0.865,200,2645.656121
5739.384962,0.855,0.86,200,2650.526867
5729.401106,0.85,0.85,200,2657.594061
5650.257644,0.87,0.875,200,2662.502988
4323.007366,0.825,0.845,200,2667.289066
5738.430379,0.845,0.845,200,2672.191909
3684.140947,0.345,0.36,200,2676.871091
5747.136988,0.84,0.85,200,2681.731311
5666.204839,0.815,0.815,200,2686.658568
5747.19558,0.855,0.86,200,2691.504801
4466.352993,0.82,0.835,200,2696.343593
5642.677752,0.81,0.81,200,2701.093883
5753.705118,0.85,0.85,200,2708.275216
5732.925881,0.845,0.845,200,2713.029958
3078.208637,0.86,0.865,200,2717.841027
4213.637826,0.795,0.825,200,2722.541272
3200.614985,0.845,0.85,200,2727.31706
5578.803878,0.825,0.83,200,2732.127335
5645.733379,0.82,0.82,200,2736.879023
5737.669828,0.84,0.845,200,2741.630098
5488.409339,0.785,0.785,200,2746.407241
5493.029575,0.78,0.79,200,2751.177566
3177.028579,0.85,0.87,200,2758.081972
5739.184571,0.84,0.84,200,2762.856435
5522.358263,0.78,0.805,200,2767.784977
5157.932003,0.825,0.835,200,2772.650461
5569.803159,0.815,0.815,200,2777.404101
5540.251472,0.795,0.805,200,2782.175277
4361.841784,0.83,0.855,200,2786.949883
5738.533517,0.835,0.845,200,2791.651577
3698.784887,0.84,0.865,200,2796.491652
5638.155177,0.785,0.785,200,2801.218956
5658.849209,0.795,0.795,200,2808.203868
5668.429631,0.81,0.83,200,2812.982148
5671.471718,0.81,0.81,200,2817.689919
5546.413494,0.785,0.8,200,2822.584957
4209.265487,0.825,0.85,200,2827.330067
5492.311846,0.8,0.8,200,2832.077722
3690.606852,0.865,0.875,200,2837.052236
4554.226209,0.875,0.88,200,2841.855263
5422.956731,0.815,0.82,200,2846.84309
3006.052822,0.855,0.855,200,2851.645806
4327.579904,0.855,0.865,200,2858.706749
4699.823972,0.54,0.55,200,2863.714573
5587.952174,0.8,0.805,200,2868.637036
5731.563837,0.85,0.85,200,2873.452197
5737.458378,0.835,0.845,200,2878.293135
4990.391352,0.82,0.82,200,2883.072582
5737.578213,0.88,0.885,200,2887.83208
4049.203777,0.81,0.84,200,2892.721234
5665.437825,0.8,0.815,200,2897.523106
5765.827767,0.845,0.87,200,2902.278299
5600.453156,0.81,0.81,200,2909.556
5025.033595,0.605,0.61,200,2914.353877
5183.603192,0.835,0.845,200,2919.131304
5600.376838,0.815,0.815,200,2923.877272
4587.889316,0.875,0.88,200,2928.53948
4802.694072,0.54,0.545,200,2933.216472
5752.917721,0.845,0.86,200,2938.056622
3246.890848,0.85,0.85,200,2942.814808
5755.851512,0.855,0.855,200,2947.514739
3978.981163,0.855,0.87,200,2952.18549
5681.15292,0.865,0.87,200,2959.038326
4422.877297,0.845,0.85,200,2963.799133
5740.262363,0.84,0.845,200,2968.55483
5748.052785,0.85,0.85,200,2973.259368
3090.533925,0.86,0.87,200,2978.101848
3931.671452,0.865,0.865,200,2982.800031
5591.620965,0.82,0.82,200,2987.449304
5732.653348,0.865,0.885,200,2992.219458
5643.360004,0.815,0.825,200,2996.907172
4863.914358,0.83,0.835,200,3001.725594
5622.220396,0.82,0.82,200,3008.945297
3571.163363,0.505,0.54,200,3013.698946
5750.151701,0.84,0.84,200,3018.410587
3933.734358,0.83,0.85,200,3023.199268
5684.041108,0.81,0.81,200,3027.884567
5661.829127,0.825,0.825,200,3032.696188
4097.688684,0.855,0.865,200,3037.50823
3868.926828,0.87,0.87,200,3042.39045
5408.179668,0.83,0.84,200,3047.573555
4230.829452,0.815,0.84,200,3052.542182
5613.251949,0.81,0.81,200,3059.488677
5755.333738,0.85,0.86,200,3064.275638
5764.111291,0.855,0.86,200,3068.91971
5655.547018,0.82,0.82,200,3073.781562
5759.741684,0.83,0.85,200,3078.561531
5745.637356,0.84,0.845,200,3083.274866
5737.794523,0.855,0.88,200,3088.051585
2983.615633,0.835,0.86,200,3092.982963
4778.748294,0.505,0.505,200,3097.853508
5379.384029,0.825,0.825,200,3102.854293
3735.697654,0.87,0.87,200,3109.741151
5752.17451,0.85,0.855,200,3114.643278
5745.528796,0.865,0.87,200,3119.49125
5623.783549,0.81,0.825,200,3124.342435
2780.617457,0.86,0.86,200,3129.177933
5459.128513,0.77,0.785,200,3134.03172
4202.393072,0.82,0.835,200,3138.835903
2981.568635,0.66,0.66,200,3143.560014
3848.572233,0.7,0.7,200,3148.281528
5638.516468,0.82,0.82,200,3153.16067
2544.142529,0.885,0.885,200,3159.975628
5555.156425,0.795,0.805,200,3164.866996
5726.139359,0.835,0.84,200,3169.842418
5657.351146,0.825,0.835,200,3174.726167
5755.001313,0.845,0.855,200,3179.479152
5629.279167,0.83,0.83,200,3184.414151
5215.851216,0.835,0.845,200,3189.238327
5597.934619,0.81,0.81,200,3194.153138
4288.704339,0.725,0.73,200,3199.023629
5642.031216,0.825,0.825,200,3203.830636
5726.333041,0.825,0.825,200,3211.109752
5771.03633,0.865,0.87,200,3216.015222
5637.222217,0.82,0.825,200,3221.035629
5674.211682,0.8,0.8,200,3225.962222
5761.924927,0.865,0.865,200,3230.879233
3783.189542,0.85,0.87,200,3235.772219
5705.757844,0.86,0.865,200,3240.542526
5646.333755,0.8,0.8,200,3245.29406
4936.588177,0.835,0.835,200,3250.111051
5722.072954,0.825,0.84,200,3254.835248
5547.329221,0.795,0.8,200,3262.194417
5694.998771,0.835,0.835,200,3267.010641
5743.030134,0.84,0.85,200,3271.793317
5519.891201,0.83,0.835,200,3276.712839
5628.966382,0.815,0.82,200,3281.576648
5633.677508,0.815,0.82,200,3286.48405
5489.27739,0.82,0.82,200,3291.251616
5747.184302,0.855,0.865,200,3296.148702
5646.857389,0.795,0.795,200,3301.060975
3195.983286,0.195,0.21,200,3305.962905
2718.235206,0.345,0.37,200,3313.009401
3509.414189,0.855,0.865,200,3317.882234
5741.448995,0.865,0.865,200,3322.734838
5572.193718,0.82,0.825,200,3327.728928
4351.771994,0.835,0.84,200,3332.592314
5519.316984,0.79,0.79,200,3337.420277
5740.956547,0.845,0.855,200,3342.116005
5713.638462,0.85,0.87,200,3346.861935
4391.01183,0.855,0.855,200,3351.649847
5600.482072,0.805,0.81,200,3356.236539
5695.278812,0.835,0.835,200,3363.471305
4579.780706,0.835,0.845,200,3368.242486
5754.354321,0.85,0.86,200,3373.061569
4850.811628,0.83,0.83,200,3377.938192
5670.986816,0.81,0.815,200,3382.874347
5698.268933,0.87,0.88,200,3387.628268
3873.613917,0.83,0.85,200,3392.50821
5639.268581,0.815,0.82,200,3397.373978
5625.57105,0.805,0.81,200,3402.218602
5751.118813,0.845,0.865,200,3406.945998
5756.150379,0.855,0.855,200,3413.842867
4227.906062,0.85,0.855,200,3418.69588
5631.981981,0.805,0.825,200,3423.581019
5266.285558,0.835,0.835,200,3428.334136
5613.097872,0.805,0.815,200,3433.115355
5515.269868,0.78,0.8,200,3437.975853
5722.528288,0.845,0.845,200,3442.932527
5667.051805,0.79,0.79,200,3447.81009
3119.079105,0.75,0.75,200,3452.600194
5650.930253,0.845,0.88,200,3457.305465
5675.215435,0.79,0.79,200,3464.543068
5660.690225,0.795,0.8,200,3469.345049
5758.867675,0.855,0.86,200,3474.127172
5733.34059,0.84,0.855,200,3478.895422
5713.809363,0.855,0.87,200,3483.616925
3748.042609,0.84,0.855,200,3488.433276
5722.662249,0.83,0.835,200,3493.130746
5751.155336,0.85,0.85,200,3497.861861
4059.944667,0.85,0.855,200,3502.694582
5760.001501,0.85,0.86,200,3507.550957
5645.440198,0.825,0.825,200,3514.648355
5644.484675,0.805,0.805,200,3519.43745
2566.710226,0.87,0.875,200,3524.19362
5638.615141,0.775,0.775,200,3528.875142
5727.640849,0.835,0.835,200,3533.571165
5745.805718,0.85,0.875,200,3538.142635
4766.188181,0.815,0.84,200,3542.993061
5676.121837,0.825,0.825,200,3547.821727
5538.491621,0.795,0.795,200,3552.53568
5765.244504,0.855,0.87,200,3557.203888
5739.461548,0.85,0.85,200,3564.257604
5643.898808,0.82,0.835,200,3569.041992
5712.435007,0.86,0.865,200,3573.846057
5758.600952,0.85,0.86,200,3578.741246
5632.373849,0.815,0.815,200,3583.702549
5747.092516,0.845,0.845,200,3588.426683
5734.656417,0.86,0.86,200,3593.192231
5754.354477,0.855,0.855,200,3598.056681
5744.612494,0.845,0.845,200,3602.811053
5430.573455,0.815,0.83,200,3607.57239
5773.910339,0.87,0.875,200,3614.372487
4740.242142,0.825,0.85,200,3619.102701
3921.564922,0.87,0.875,200,3623.730343
5298.097552,0.825,0.83,200,3628.351597
5745.711806,0.845,0.85,200,3633.026409
5747.883222,0.855,0.87,200,3637.662817
5756.516979,0.845,0.85,200,3642.37259
5640.876545,0.79,0.79,200,3647.013947
5757.309957,0.855,0.86,200,3651.674806
5739.81647,0.84,0.845,200,3656.344
4738.529768,0.075,0.075,200,3663.374691
5608.823727,0.81,0.815,200,3668.06247
5761.494873,0.865,0.875,200,3672.785544
4159.707212,0.28,0.28,200,3677.448575
5343.109439,0.81,0.81,200,3682.192228
5765.670917,0.85,0.865,200,3686.916144
5751.80897,0.845,0.845,200,3691.572747
5592.03014,0.825,0.825,200,3696.280352
5528.437031,0.785,0.795,200,3701.003053
4210.634517,0.815,0.855,200,3705.639112
3203.545337,0.86,0.87,200,3712.801312
4457.208088,0.875,0.88,200,3717.576303
4657.636266,0.775,0.78,200,3722.25672
5628.727284,0.81,0.81,200,3727.073205
5643.842655,0.785,0.79,200,3731.83978
5570.927652,0.79,0.8,200,3736.636777
5756.813743,0.86,0.87,200,3741.398032
4108.140507,0.82,0.84,200,3746.081387
5481.337294,0.875,0.88,200,3750.68913
2760.369027,0.89,0.89,200,3755.295811
4061.852441,0.86,0.865,200,3762.265719
5698.5463,0.835,0.835,200,3766.886009
5641.712459,0.79,0.79,200,3771.644903
4066.87653,0.865,0.87,200,3776.369974
5715.980415,0.86,0.87,200,3781.137798
5460.286362,0.825,0.84,200,3785.858378
5656.363272,0.82,0.82,200,3790.579587
4710.25508,0.82,0.835,200,3795.294056
5671.706129,0.805,0.805,200,3800.094897
5731.742007,0.845,0.845,200,3804.825467
5717.566859,0.835,0.84,200,3811.868004
5692.95183,0.84,0.84,200,3816.592075
5687.417665,0.825,0.825,200,3821.218956
5529.789131,0.795,0.805,200,3825.876059
5757.822673,0.84,0.855,200,3830.580339
5729.153387,0.85,0.86,200,3835.352749
4575.315921,0.875,0.875,200,3840.133738
5647.444442,0.78,0.78,200,3844.888919
4055.108556,0.165,0.24,200,3849.615822
5659.593285,0.82,0.82,200,3854.457998
4846.236687,0.525,0.535,200,3861.680904
5751.252785,0.87,0.88,200,3866.589794
5677.276517,0.81,0.81,200,3871.459332
4907.458284,0.6,0.63,200,3876.213978
4646.506206,0.815,0.83,200,3881.024844
5675.587634,0.815,0.815,200,3885.67052
5654.046467,0.79,0.79,200,3890.347131
5727.342848,0.83,0.835,200,3895.162968
5586.07896,0.81,0.81,200,3899.914027
4388.434227,0.86,0.86,200,3904.635456
5755.93786,0.845,0.85,200,3911.462388
4798.103454,0.495,0.52,200,3916.163612
5500.480684,0.775,0.79,200,3920.998479
3302.570229,0.87,0.87,200,3925.7478
3936.118651,0.85,0.87,200,3930.421829
5775.650915,0.875,0.88,200,3935.074465
5484.816073,0.73,0.77,200,3939.967494
5675.113961,0.865,0.875,200,3944.759053
4145.385727,0.84,0.84,200,3949.543983
5730.270933,0.84,0.84,200,3954.450014
2958.380268,0.505,0.52,200,3961.564953
5009.810725,0.825,0.84,200,3966.312304
5751.360578,0.855,0.855,200,3971.248111
4480.857499,0.84,0.855,200,3976.088991
5622.763146,0.83,0.83,200,3980.870003
5242.480861,0.68,0.69,200,3985.708085
4167.159901,0.675,0.695,200,3990.489207
5677.247266,0.795,0.795,200,3995.290665
4330.565537,0.825,0.835,200,3999.987593
4369.276529,0.865,0.87,200,4004.779938
5657.481524,0.815,0.83,200,4011.916127
5733.149286,0.84,0.84,200,4016.649453
3702.656473,0.875,0.875,200,4021.641164
5660.319212,0.79,0.79,200,4026.497508
5681.362372,0.82,0.825,200,4031.395117
4700.959725,0.83,0.84,200,4036.260737
5675.581526,0.815,0.815,200,4041.017274
5737.101696,0.855,0.865,200,4045.97386
5695.238648,0.795,0.81,200,4050.935503
5141.702871,0.825,0.84,200,4055.69116
4475.244094,0.835,0.855,200,4062.850168
5614.27625,0.81,0.815,200,4067.718895
5647.652445,0.8,0.805,200,4072.462451
5754.778751,0.845,0.855,200,4077.266828
5686.34413,0.825,0.825,200,4082.113189
3942.022784,0.87,0.87,200,4087.027327
4361.339758,0.825,0.85,200,4091.864272
5665.686639,0.82,0.82,200,4096.711661
5740.046634,0.85,0.86,200,4101.573132
5738.376182,0.84,0.85,200,4106.303167
5660.378087,0.815,0.815,200,4113.21647
5253.277956,0.83,0.83,200,4117.832207
5507.496921,0.785,0.8,200,4122.510073
3396.700683,0.865,0.865,200,4127.261353
5638.858689,0.815,0.825,200,4131.989698
5629.410523,0.81,0.81,200,4136.625731
5767.790814,0.855,0.86,200,4141.362357
3739.757114,0.46,0.465,200,4146.151319
4483.912084,0.85,0.85,200,4151.08093
5760.556102,0.87,0.885,200,4156.081266
5641.331896,0.82,0.82,200,4163.319327
4906.237874,0.83,0.845,200,4167.978498
5616.055268,0.815,0.82,200,4172.667577
5675.817394,0.835,0.835,200,4177.454876
5507.277956,0.79,0.79,200,4182.304637
5629.784965,0.815,0.815,200,4186.84401
3105.897582,0.87,0.87,200,4191.541319
5734.419711,0.835,0.835,200,4196.256117
5734.984094,0.84,0.84,200,4201.080051
3574.704632,0.845,0.855,200,4205.898333
5521.615317,0.785,0.795,200,4212.894093
4652.755032,0.825,0.845,200,4217.735391
5615.481831,0.85,0.865,200,4222.475719
5718.415277,0.87,0.875,200,4227.203396
4610.068748,0.04,0.04,200,4231.921876
5757.3114,0.855,0.86,200,4236.658355
3862.892377,0.675,0.685,200,4241.514038
5749.2848,0.855,0.855,200,4246.330669
5604.413804,0.81,0.815,200,4251.173987
5717.244229,0.855,0.86,200,4255.924826
5675.30124,0.805,0.805,200,4263.02515
5738.656612,0.845,0.845,200,4267.821145
4566.581563,0.86,0.86,200,4272.671837
5766.832069,0.85,0.865,200,4277.310462
5746.786873,0.855,0.86,200,4282.033974
5496.9513,0.785,0.785,200,4286.705529
3085.773384,0.27,0.285,200,4291.510715
4646.521117,0.605,0.615,200,4296.277723
2978.023151,0.275,0.28,200,4300.98753
5745.269834,0.845,0.845,200,4305.79279
4462.268411,0.865,0.865,200,4312.710176
5747.220466,0.84,0.845,200,4317.542137
5742.572258,0.84,0.84,200,4322.409338
5734.778782,0.875,0.895,200,4327.116507
4437.814933,0.86,0.86,200,4331.808003
5636.697208,0.825,0.825,200,4336.610803
4107.920129,0.87,0.875,200,4341.503376
5055.244605,0.865,0.875,200,4346.188739
5752.263586,0.855,0.865,200,4351.007542
3981.972006,0.535,0.575,200,4355.747669
5676.625893,0.83,0.83,200,4362.955625
3547.730148,0.855,0.865,200,4367.631418
3198.554581,0.85,0.855,200,4372.411162
4321.072891,0.365,0.365,200,4377.233608
5756.247479,0.845,0.855,200,4381.90855
5755.655402,0.85,0.855,200,4386.617555
5763.525838,0.86,0.86,200,4391.350878
5567.121587,0.71,0.71,200,4396.135757
5751.081052,0.86,0.86,200,4400.93476
5750.946163,0.85,0.85,200,4405.697116
2540.310347,0.84,0.86,200,4412.630956
5773.723504,0.85,0.87,200,4417.452364
4643.099913,0.41,0.415,200,4422.219362
5737.811813,0.865,0.865,200,4427.057655
4427.262805,0.855,0.855,200,4431.928329
5661.363447,0.825,0.83,200,4436.685928
5730.01102,0.845,0.85,200,4441.538324
4619.969532,0.85,0.85,200,4446.310108
5753.717253,0.845,0.85,200,4451.203237
5738.462514,0.84,0.84,200,4456.065944
4752.224123,0.84,0.84,200,4463.12762
5703.68044,0.84,0.875,200,4467.8534
3438.394993,0.87,0.87,200,4472.497933
5731.500412,0.84,0.845,200,4477.145144
4940.310448,0.84,0.84,200,4481.950677
5743.319681,0.855,0.86,200,4486.658777
4686.862182,0.845,0.86,200,4491.379993
5727.492841,0.845,0.85,200,4496.138801
5717.259697,0.835,0.835,200,4500.888578
5160.967035,0.58,0.6,200,4505.690244
4545.859747,0.335,0.34,200,4512.467259
5573.820568,0.8,0.805,200,4517.352777
5731.516921,0.82,0.835,200,4522.160375
5676.591195,0.8,0.805,200,4526.983136
5664.998406,0.805,0.81,200,4531.839459
5534.099845,0.795,0.795,200,4536.590694
5620.5734,0.81,0.82,200,4541.47908
4604.281604,0.84,0.85,200,4546.342452
5692.747946,0.87,0.875,200,4551.124665
5334.348409,0.815,0.815,200,4555.886821
5758.596491,0.84,0.855,200,4563.196015
5754.899911,0.85,0.86,200,4568.030923
5698.349394,0.86,0.87,200,4572.700015
5752.254726,0.85,0.865,200,4577.562963
5235.592626,0.79,0.805,200,4582.526151
5701.010165,0.795,0.81,200,4587.280565
5717.615318,0.855,0.87,200,4592.088332
5603.499059,0.825,0.83,200,4596.883601
4882.629112,0.83,0.85,200,4601.65596
5757.036469,0.86,0.86,200,4606.39322
5090.644788,0.83,0.845,200,4613.479533
5284.07899,0.61,0.63,200,4618.162712
5763.579765,0.855,0.865,200,4622.816763
5618.972567,0.815,0.815,200,4627.696128
3100.840909,0.475,0.485,200,4632.519607
5713.754485,0.835,0.84,200,4637.331231
4999.156957,0.84,0.845,200,4642.108467
4498.534978,0.85,0.855,200,4646.836673
5227.637498,0.855,0.865,200,4651.561295
5687.310164,0.82,0.835,200,4656.190653
5671.890181,0.81,0.815,200,4663.322159
5753.141604,0.85,0.85,200,4668.150196
5750.376733,0.845,0.85,200,4672.998249
5694.294585,0.82,0.82,200,4677.710106
4482.337262,0.845,0.85,200,4682.500133
3532.268808,0.86,0.865,200,4687.196882
5697.455428,0.835,0.84,200,4692.004479
5620.829286,0.825,0.825,200,4696.832695
5751.341153,0.84,0.845,200,4701.62604
5462.687521,0.865,0.865,200,4706.443889
5761.362743,0.845,0.865,200,4713.547508
4151.725169,0.875,0.875,200,4718.251317
5707.688642,0.835,0.835,200,4723.099048
5739.422783,0.865,0.87,200,4727.960426
5668.436072,0.795,0.795,200,4732.754032
3295.491512,0.865,0.865,200,4737.4718
3709.99797,0.875,0.88,200,4742.221746
5697.325698,0.82,0.83,200,4746.964759
5680.276399,0.865,0.865,200,4751.632007
5759.762682,0.855,0.865,200,4756.430874
3401.492858,0.38,0.41,200,4763.459955
4971.029022,0.83,0.835,200,4768.088079
5147.735936,0.745,0.75,200,4772.86144
5639.021727,0.81,0.815,200,4777.547906
5733.31083,0.86,0.875,200,4782.217925
5320.534796,0.85,0.855,200,4786.866261
5742.45479,0.845,0.845,200,4791.688531
5702.053944,0.82,0.83,200,4796.611094
5690.889924,0.83,0.83,200,4801.268129
5473.14386,0.84,0.84,200,4806.129491
5722.828971,0.84,0.84,200,4812.90169
4210.113588,0.83,0.85,200,4817.693799
4316.05179,0.86,0.86,200,4822.501297
5687.200012,0.835,0.835,200,4827.233543
3143.003626,0.245,0.255,200,4831.895851
5706.693261,0.795,0.815,200,4836.572837
4949.38416,0.855,0.86,200,4841.278063
4037.84348,0.88,0.88,200,4845.905813
4285.731013,0.865,0.88,200,4850.696198
4628.770141,0.835,0.845,200,4855.36562
5679.423658,0.82,0.82,200,4862.301591
5137.583169,0.49,0.49,200,4866.963732
5757.498057,0.85,0.855,200,4871.720588
5770.118963,0.855,0.86,200,4876.556859
5752.794552,0.855,0.855,200,4881.390791
5747.236663,0.845,0.845,200,4886.132469
3572.998274,0.87,0.87,200,4890.819329
5741.86271,0.84,0.84,200,4895.329057
5742.190084,0.845,0.85,200,4899.940062
5757.269032,0.855,0.855,200,4904.564619
5651.184793,0.825,0.83,200,4911.683568
5751.627046,0.85,0.855,200,4916.368549
5490.872482,0.8,0.8,200,4921.168455
5676.968702,0.83,0.83,200,4925.829123
5516.618775,0.78,0.78,200,4930.641355
5663.521097,0.825,0.83,200,4935.260328
5699.691101,0.795,0.82,200,4939.959929
5688.685814,0.81,0.81,200,4944.847994
5780.412753,0.865,0.88,200,4949.421582
5738.65521,0.835,0.835,200,4954.129218
5590.294813,0.8,0.81,200,4960.959288
4323.321455,0.87,0.88,200,4965.714277
4708.84273,0.845,0.845,200,4970.455884
5750.047465,0.85,0.855,200,4975.052562
5664.07113,0.83,0.83,200,4979.936192
5642.931086,0.82,0.835,200,4984.618696
4082.795072,0.86,0.87,200,4989.292764
5551.002904,0.84,0.855,200,4993.866683
5743.294377,0.85,0.865,200,4998.60909
5669.913019,0.81,0.81,200,5003.399943
4541.512844,0.845,0.85,200,5010.168158
5660.429066,0.815,0.825,200,5014.837743
5709.084165,0.855,0.855,200,5019.617285
5679.012397,0.815,0.815,200,5024.322096
4243.741903,0.715,0.725,200,5029.000444
2480.800545,0.04,0.06,200,5033.704308
5742.075316,0.84,0.84,200,5038.379576
5678.293016,0.8,0.8,200,5043.17152
5510.857511,0.785,0.795,200,5047.829643
5685.603291,0.825,0.83,200,5052.557553
5716.465345,0.85,0.87,200,5059.352027
5719.399217,0.84,0.84,200,5064.026864
4445.202155,0.535,0.54,200,5068.741417
5129.582149,0.83,0.835,200,5073.511994
5686.20364,0.865,0.87,200,5078.209615
5637.11498,0.805,0.805,200,5082.855198
5596.221588,0.835,0.845,200,5087.425599
5665.693279,0.815,0.82,200,5092.10109
5701.335807,0.85,0.85,200,5096.886836
4449.113508,0.725,0.735,200,5101.687079
4742.669584,0.84,0.84,200,5108.615832
5626.56749,0.82,0.825,200,5113.427128
5663.756337,0.815,0.815,200,5118.258928
4075.275606,0.85,0.855,200,5123.010659
5749.218714,0.845,0.845,200,5127.791183
4003.546023,0.655,0.665,200,5132.58033
5703.561874,0.83,0.83,200,5137.330692
5762.664862,0.85,0.86,200,5142.192623
5707.023968,0.82,0.825,200,5146.997157
4547.186358,0.86,0.86,200,5151.935264
4674.106549,0.855,0.855,200,5159.241164
2378.830208,0.07,0.09,200,5164.147634
5759.532488,0.85,0.855,200,5169.123673
5629.875215,0.83,0.84,200,5173.922075
5751.128312,0.855,0.87,200,5178.678123
5555.489207,0.79,0.79,200,5183.452705
5634.25101,0.835,0.84,200,5188.333132
5761.708174,0.84,0.855,200,5193.103606
5436.18432,0.825,0.825,200,5197.830879
5688.476135,0.815,0.815,200,5202.679739
5624.096881,0.86,0.87,200,5209.514933
5678.265099,0.83,0.83,200,5214.406704
2974.829208,0.665,0.665,200,5219.230185
5754.145459,0.83,0.855,200,5224.120459
4474.987215,0.845,0.845,200,5228.913249
5177.900823,0.83,0.83,200,5233.684039
4403.935391,0.855,0.865,200,5238.555205
4169.429877,0.865,0.87,200,5243.335355
5690.296724,0.86,0.865,200,5248.053234
5746.279506,0.845,0.85,200,5252.878676
5642.875567,0.855,0.865,200,5260.083186
5758.499404,0.85,0.85,200,5264.774034
4327.781339,0.85,0.85,200,5269.520571
5680.369983,0.825,0.825,200,5274.427861
5719.906741,0.84,0.84,200,5279.305828
5560.683944,0.79,0.79,200,5284.137169
5657.486791,0.825,0.835,200,5288.981637
4383.365347,0.73,0.745,200,5293.803783
5683.021662,0.83,0.83,200,5298.603834
5174.262802,0.84,0.85,200,5303.428115
5703.245704,0.83,0.835,200,5310.488158
5747.970289,0.845,0.85,200,5315.354763
5639.779835,0.805,0.815,200,5320.103159
5782.367946,0.86,0.875,200,5324.944835
5617.026547,0.815,0.815,200,5329.688353
5659.215239,0.785,0.785,200,5334.454545
5659.734271,0.815,0.815,200,5339.189107
5742.65506,0.84,0.84,200,5344.046015
5749.745348,0.855,0.865,200,5348.852269
5499.209632,0.785,0.785,200,5353.611124
5667.705965,0.795,0.795,200,5360.674674
3986.650352,0.845,0.845,200,5365.605094
5728.486237,0.835,0.84,200,5370.477117
5612.269329,0.82,0.825,200,5375.302791
3682.594206,0.87,0.875,200,5380.103877
5676.334859,0.795,0.795,200,5384.830196
5718.649244,0.84,0.845,200,5389.691166
5544.428312,0.8,0.8,200,5394.356061
4799.833488,0.84,0.845,200,5399.066966
5751.975,0.845,0.855,200,5403.898084
4926.035231,0.845,0.845,200,5410.950795
5642.381154,0.86,0.875,200,5415.873044
3873.10698,0.385,0.39,200,5420.647577
5598.178532,0.81,0.81,200,5425.334045
5598.731825,0.805,0.805,200,5429.984707
4496.547736,0.835,0.85,200,5434.730669
5741.624608,0.83,0.84,200,5439.489661
5124.233471,0.85,0.85,200,5444.370835
5689.744743,0.82,0.82,200,5449.143204
5693.074448,0.83,0.83,200,5453.872469
5684.227502,0.795,0.8,200,5460.711871
5738.605092,0.865,0.87,200,5465.421915
4927.067842,0.84,0.845,200,5470.185168
3221.036139,0.86,0.86,200,5474.977259
4255.408795,0.84,0.855,200,5479.807463
5693.901239,0.825,0.83,200,5484.707283
5759.06453,0.85,0.855,200,5489.546894
5762.894016,0.865,0.87,200,5494.272291
5646.347648,0.845,0.86,200,5499.010117
5677.279739,0.805,0.815,200,5503.754843
4646.93576,0.84,0.845,200,5510.910727
5550.737029,0.805,0.805,200,5515.633252
4501.125032,0.86,0.865,200,5520.346091
5662.345594,0.855,0.88,200,5525.101145
5630.664428,0.815,0.815,200,5530.00102
5704.747134,0.815,0.815,200,5534.733485
2881.984602,0.76,0.765,200,5539.482205
4747.242627,0.87,0.87,200,5544.255672
4684.071217,0.86,0.875,200,5549.107959
4263.958399,0.87,0.87,200,5553.867146
5643.312148,0.805,0.82,200,5560.959499
5743.026419,0.845,0.845,200,5565.790781
5690.62106,0.815,0.82,200,5570.488759
5697.525383,0.825,0.83,200,5575.254762
5732.926104,0.845,0.845,200,5580.064679
5692.694155,0.865,0.87,200,5584.915296
5625.063759,0.82,0.82,200,5589.594742
4247.253471,0.845,0.85,200,5594.438136
5720.343695,0.875,0.88,200,5599.257967
3668.536138,0.87,0.875,200,5603.99136
5400.846061,0.825,0.835,200,5611.180551
5648.713807,0.795,0.8,200,5615.978565
5456.972878,0.82,0.835,200,5620.844256
4251.169011,0.86,0.86,200,5625.614878
5652.969943,0.82,0.83,200,5630.360418
5724.013601,0.84,0.84,200,5635.167548
5756.044777,0.85,0.85,200,5639.891851
5693.635328,0.855,0.865,200,5644.687527
5476.029922,0.825,0.825,200,5649.562937
5739.619611,0.845,0.86,200,5654.406211
5666.580241,0.82,0.825,200,5661.236035
5620.815938,0.835,0.835,200,5665.970742
5695.16371,0.815,0.835,200,5670.685682
4179.195014,0.7,0.715,200,5675.340296
5719.49166,0.84,0.84,200,5680.105491
5763.448278,0.85,0.87,200,5684.86075
5685.207661,0.805,0.805,200,5689.5922
5219.153327,0.575,0.575,200,5694.297468
5714.124643,0.835,0.835,200,5699.009929
5739.372498,0.875,0.88,200,5703.844083
5724.563079,0.835,0.835,200,5710.889776
5686.509399,0.805,0.81,200,5715.630224
5652.222062,0.815,0.815,200,5720.395309
5650.973085,0.87,0.88,200,5725.168851
4129.148217,0.855,0.855,200,5729.858423
5744.319978,0.84,0.845,200,5734.523325
5662.922562,0.815,0.815,200,5739.378266
4964.359397,0.83,0.85,200,5744.103235
5720.90173,0.86,0.875,200,5748.988878
5080.84888,0.83,0.83,200,5753.755564
5712.895065,0.845,0.845,200,5761.135571
3676.979184,0.375,0.39,200,5765.848886
5542.860626,0.79,0.79,200,5770.634497
5703.772012,0.825,0.835,200,5775.377294
5738.998355,0.835,0.84,200,5780.181871
5247.473099,0.845,0.845,200,5784.922745
5737.02141,0.855,0.87,200,5789.711537
5548.094729,0.79,0.8,200,5794.466303
4388.461139,0.73,0.76,200,5799.291873
5746.738917,0.865,0.87,200,5804.071897
5761.618283,0.86,0.86,200,5811.071987
5682.279847,0.805,0.805,200,5815.864104
5625.300868,0.82,0.825,200,5820.723043
5655.288203,0.815,0.82,200,5825.628999
5721.800648,0.87,0.87,200,5830.546159
5224.555736,0.515,0.515,200,5835.392268
5311.699249,0.84,0.84,200,5840.274512
5656.594732,0.815,0.825,200,5845.080275
5650.55338,0.805,0.81,200,5849.962379
5760.346666,0.85,0.855,200,5854.872022
4358.113154,0.865,0.87,200,5861.909512
5748.112819,0.85,0.85,200,5866.515554
5009.147015,0.585,0.59,200,5871.135403
5673.07557,0.855,0.855,200,5875.839907
5762.231555,0.86,0.87,200,5880.630373
5680.020955,0.805,0.825,200,5885.442656
4128.312153,0.85,0.85,200,5890.191235
4872.547801,0.86,0.86,200,5894.945037
5752.573181,0.855,0.87,200,5899.650556
5000.11191,0.84,0.84,200,5904.438606
5633.42417,0.82,0.83,200,5911.482708
5713.230886,0.84,0.855,200,5916.119033
5683.854603,0.83,0.83,200,5920.658303
4283.943288,0.85,0.855,200,5925.337739
4564.578024,0.875,0.875,200,5930.20752
5271.205166,0.835,0.835,200,5934.94958
4540.855134,0.85,0.86,200,5939.730587
5717.385757,0.84,0.84,200,5944.348656
5647.628293,0.815,0.815,200,5949.188182
5623.708064,0.815,0.815,200,5953.792833
4561.043225,0.855,0.855,200,5960.663123
4384.543715,0.87,0.87,200,5965.484244
5673.490584,0.825,0.825,200,5970.253271
5662.863393,0.8,0.8,200,5975.004548
5761.232022,0.85,0.865,200,5979.610486
5753.772077,0.845,0.86,200,5984.448517
5743.503847,0.84,0.84,200,5989.25772
5763.902057,0.865,0.87,200,5993.883526
5769.322756,0.865,0.865,200,5998.544086
4985.559192,0.84,0.85,200,6003.242095
5774.227455,0.87,0.88,200,6010.239661
5747.952236,0.845,0.845,200,6014.858774
5731.650348,0.83,0.84,200,6019.448968
5677.031249,0.81,0.815,200,6024.082374
5756.040125,0.85,0.87,200,6028.663841
5750.442919,0.845,0.865,200,6033.390605
5049.939569,0.845,0.85,200,6038.11328
5734.826492,0.84,0.84,200,6042.868589
5741.688322,0.835,0.835,200,6047.665821
5749.979056,0.83,0.84,200,6052.416826
5688.189538,0.825,0.825,200,6059.237845
5746.209271,0.855,0.875,200,6063.79159
5422.598187,0.835,0.845,200,6068.377857
5749.870801,0.87,0.875,200,6073.051673
2707.739916,0.25,0.255,200,6077.60827
5647.142392,0.83,0.83,200,6082.257946
5740.294258,0.84,0.84,200,6087.131682
5689.339009,0.835,0.835,200,6091.880497
4771.992485,0.425,0.425,200,6096.619121
5611.114344,0.82,0.82,200,6101.156858
5700.629741,0.825,0.835,200,6107.979382
5765.380561,0.86,0.86,200,6112.684614
5192.590598,0.85,0.85,200,6117.443283
5664.621097,0.82,0.82,200,6122.082308
5723.640082,0.845,0.845,200,6126.660537
5652.236214,0.82,0.82,200,6131.278355
5742.971201,0.855,0.865,200,6135.814172
5684.193732,0.825,0.825,200,6140.489234
5031.09902,0.83,0.845,200,6144.963185
5672.140163,0.8,0.8,200,6149.586312
5734.457695,0.84,0.845,200,6156.261764
5747.894215,0.855,0.88,200,6160.879399
5738.106039,0.86,0.87,200,6165.451818
4839.936343,0.845,0.845,200,6170.219986
5686.324922,0.8,0.805,200,6174.950416
5749.723394,0.845,0.85,200,6179.681941
4301.983463,0.865,0.88,200,6184.264927
5136.362789,0.84,0.855,200,6188.909839
5622.058167,0.85,0.87,200,6193.507917
5547.083125,0.79,0.79,200,6198.01093
5683.91109,0.805,0.805,200,6204.785657
5596.644719,0.8,0.805,200,6209.335685
5749.166077,0.845,0.85,200,6213.993958
5730.630334,0.83,0.835,200,6218.676855
5768.016675,0.86,0.865,200,6223.267953
4399.161566,0.84,0.845,200,6227.898724
5746.545394,0.86,0.875,200,6232.483125
3602.688807,0.86,0.86,200,6236.988547
5626.566203,0.82,0.825,200,6241.4863
5529.721446,0.825,0.825,200,6245.902045
4484.085553,0.88,0.88,200,6252.610459
5689.686987,0.815,0.815,200,6257.202459
5750.456354,0.86,0.87,200,6261.755488
5758.869221,0.855,0.855,200,6266.474962
5383.855452,0.775,0.775,200,6271.010053
5746.763491,0.84,0.845,200,6275.560165
5678.606359,0.805,0.805,200,6280.11828
4659.184448,0.84,0.855,200,6284.734492
5704.140047,0.845,0.845,200,6289.380024
5758.137408,0.855,0.855,200,6293.990875
5508.125779,0.82,0.82,200,6300.743168
4360.173117,0.84,0.85,200,6305.334862
5563.702206,0.835,0.86,200,6309.812966
5205.385619,0.83,0.84,200,6314.294015
4623.565584,0.865,0.865,200,6318.901201
5660.938796,0.815,0.825,200,6323.492168
5690.276217,0.825,0.825,200,6328.207902
5657.489825,0.815,0.825,200,6332.708649
5647.083391,0.82,0.825,200,6337.294137
5666.167428,0.815,0.815,200,6341.981847
5095.818829,0.85,0.85,200,6348.586951
3585.25951,0.875,0.875,200,6353.269006
5661.003803,0.805,0.805,200,6357.735484
5755.357054,0.85,0.865,200,6362.306761
5663.042633,0.825,0.825,200,6366.980022
5761.191939,0.85,0.855,200,6371.475398
3942.367527,0.62,0.625,200,6376.080556
5656.885325,0.855,0.88,200,6380.68104
5569.709841,0.8,0.81,200,6385.229436
5642.162825,0.805,0.825,200,6389.905789
5634.349989,0.83,0.84,200,6396.699611
5733.464559,0.84,0.85,200,6401.212763
5539.669639,0.845,0.845,200,6405.673038
5720.062792,0.845,0.845,200,6410.086071
4855.113443,0.845,0.85,200,6414.685597
5758.548673,0.855,0.86,200,6419.219451
5035.602612,0.38,0.38,200,6423.836296
5387.334583,0.85,0.85,200,6428.462841
4310.289883,0.74,0.765,200,6432.918385
5694.010331,0.82,0.82,200,6437.482492
5315.495695,0.845,0.845,200,6444.478288
5761.297159,0.855,0.86,200,6449.273558
5687.544739,0.825,0.825,200,6453.981144
5747.657075,0.855,0.86,200,6458.562667
5680.891956,0.81,0.81,200,6463.099645
4913.897017,0.845,0.845,200,6467.800204
5659.232395,0.87,0.875,200,6472.508273
5723.947346,0.835,0.835,200,6477.226021
4163.15272,0.79,0.795,200,6481.824985
5701.448539,0.82,0.82,200,6486.503287
5577.118206,0.8,0.815,200,6493.385703
5758.571,0.85,0.85,200,6497.924437
5693.500138,0.82,0.82,200,6502.543407
5626.646718,0.83,0.835,200,6507.189373
5601.627172,0.81,0.81,200,6511.644411
5747.877144,0.845,0.87,200,6516.154254
5135.108734,0.845,0.85,200,6520.825014
5746.662818,0.84,0.845,200,6525.468289
5636.608688,0.83,0.83,200,6530.183229
5678.575657,0.825,0.825,200,6534.734051
5710.899925,0.825,0.83,200,6541.339164
5687.204319,0.805,0.805,200,6546.053807
5686.775869,0.81,0.81,200,6550.847651
5754.560254,0.855,0.865,200,6555.360653
5775.426137,0.855,0.875,200,6560.156124
5663.01351,0.85,0.875,200,6564.744366
5754.818231,0.865,0.875,200,6569.530966
3672.514597,0.875,0.875,200,6574.221915
5742.389378,0.85,0.87,200,6578.849594
5672.594011,0.825,0.825,200,6583.378856
4236.024453,0.865,0.865,200,6590.027533
5670.36424,0.8,0.8,200,6594.638242
5699.797965,0.825,0.825,200,6599.251499
3881.031058,0.62,0.62,200,6603.760673
5705.194362,0.82,0.82,200,6608.408468
5717.80896,0.83,0.835,200,6613.067516
4987.907937,0.84,0.85,200,6617.891633
5753.364605,0.865,0.875,200,6622.496133
5684.245206,0.83,0.83,200,6626.962702
5748.92192,0.83,0.85,200,6631.456299
4820.002644,0.84,0.855,200,6638.283656
4732.782439,0.845,0.85,200,6642.864114
5776.30722,0.865,0.88,200,6647.499571
5767.251891,0.87,0.87,200,6652.140338
5616.364047,0.845,0.845,200,6656.780061
4948.172137,0.84,0.84,200,6661.406397
4848.623034,0.86,0.86,200,6666.058133
5702.156248,0.82,0.82,200,6670.669112
5683.96447,0.825,0.825,200,6675.267495
5710.524585,0.82,0.83,200,6679.768949
3119.451228,0.875,0.88,200,6686.583
4975.918993,0.85,0.85,200,6691.197106
4270.111083,0.87,0.87,200,6695.746266
5756.091028,0.84,0.86,200,6700.335127
5240.642325,0.56,0.56,200,6704.781613
5740.754559,0.84,0.845,200,6709.313935
4427.002577,0.85,0.86,200,6714.042201
5582.600751,0.795,0.805,200,6718.559111
5759.44102,0.865,0.87,200,6723.237988
5769.240866,0.875,0.88,200,6727.723975
5772.74188,0.885,0.89,200,6734.548808
5685.252472,0.805,0.805,200,6739.032919
5772.189467,0.835,0.865,200,6743.585924
5631.544794,0.85,0.865,200,6748.273331
5587.072462,0.81,0.81,200,6752.94848
5745.968056,0.85,0.85,200,6757.625193
5667.471847,0.835,0.84,200,6762.406471
5653.508972,0.79,0.79,200,6767.026502
5761.268019,0.845,0.86,200,6771.604409
5767.22488,0.86,0.86,200,6776.256285
5436.926545,0.84,0.84,200,6783.109831
5674.696576,0.795,0.795,200,6787.689342
5732.508193,0.86,0.88,200,6792.559297
5163.824831,0.545,0.545,200,6797.245876
5673.396295,0.8,0.8,200,6801.893806
5745.851869,0.855,0.855,200,6806.552508
5765.989768,0.865,0.865,200,6811.238488
5758.376746,0.885,0.89,200,6815.881715
4825.426259,0.84,0.845,200,6820.603746
5677.658712,0.845,0.855,200,6824.929958
5674.286667,0.83,0.83,200,6831.52415
5769.543733,0.875,0.885,200,6836.046584
5666.395638,0.84,0.84,200,6840.679115
4410.490182,0.865,0.865,200,6845.21174
5594.704779,0.805,0.805,200,6849.849329
5572.095222,0.785,0.8,200,6854.392632
4316.998877,0.865,0.865,200,6858.897406
5535.761391,0.845,0.845,200,6863.562871
5615.394401,0.805,0.81,200,6868.237748
5678.774835,0.81,0.81,200,6872.777486
4999.580929,0.845,0.845,200,6879.761679
5675.823264,0.81,0.82,200,6884.446085
5742.497552,0.85,0.88,200,6888.899136
4706.774655,0.845,0.85,200,6893.601724
5589.003674,0.825,0.835,200,6897.992942
5641.344438,0.82,0.825,200,6902.600705
5747.994665,0.86,0.875,200,6907.098358
5744.06057,0.855,0.855,200,6911.586641
4728.805638,0.825,0.85,200,6916.00158
5755.018818,0.85,0.855,200,6920.574109
4235.370944,0.86,0.86,200,6927.023069
5144.52088,0.845,0.845,200,6931.181939
5748.874076,0.87,0.875,200,6935.642506
4520.92492,0.69,0.705,200,6940.020091
5676.956385,0.81,0.81,200,6944.544351
5745.409003,0.85,0.865,200,6949.074498
4429.20755,0.86,0.86,200,6953.592733
5757.685665,0.84,0.85,200,6957.996112
5743.844496,0.855,0.855,200,6962.453486
5657.199898,0.825,0.83,200,6967.155092
2620.165138,0.265,0.3,200,6973.813717
5172.884335,0.725,0.73,200,6978.535599
4772.864891,0.875,0.875,200,6983.150607
5524.258467,0.785,0.785,200,6987.771176
5752.459165,0.855,0.855,200,6992.243525
5037.821428,0.845,0.845,200,6996.882499
5679.794179,0.825,0.825,200,7001.478278
4649.261172,0.84,0.855,200,7005.924367
5726.911037,0.855,0.855,200,7010.427079
4475.316929,0.865,0.865,200,7014.887695
5263.151121,0.835,0.835,200,7021.615178
4686.331396,0.84,0.845,200,7026.371532
5624.083015,0.8,0.815,200,7030.98814
5705.321838,0.83,0.835,200,7035.543515
4684.204186,0.85,0.85,200,7040.034599
5689.237866,0.825,0.825,200,7044.496696
5751.047546,0.845,0.85,200,7049.141293
5719.457001,0.855,0.87,200,7053.767604
5719.977357,0.83,0.835,200,7058.246046
5770.128002,0.86,0.87,200,7062.855904
5741.238972,0.85,0.85,200,7069.743777
5644.832777,0.86,0.865,200,7074.404183
4419.827073,0.845,0.855,200,7079.019203
5759.142284,0.855,0.855,200,7083.648237
4645.109372,0.85,0.865,200,7088.327905
5676.135653,0.795,0.8,200,7092.973588
4682.15575,0.855,0.855,200,7097.5564
5738.084914,0.845,0.845,200,7102.176526
5692.808339,0.815,0.815,200,7106.88252
5701.733015,0.84,0.84,200,7111.692563
2553.972903,0.175,0.18,200,7118.412262
5693.439818,0.835,0.84,200,7123.001067
5759.474756,0.855,0.87,200,7127.680257
5746.404593,0.84,0.84,200,7132.41422
5720.920246,0.845,0.845,200,7137.02913
5591.527427,0.795,0.805,200,7141.589713
2815.726605,0.87,0.88,200,7146.429226
4784.922132,0.845,0.845,200,7151.12338
5574.79385,0.84,0.85,200,7155.799692
5668.934093,0.795,0.795,200,7160.515665
5762.163147,0.85,0.86,200,7167.471668
5766.246554,0.85,0.86,200,7172.138587
5686.439778,0.84,0.84,200,7176.726728
5726.959959,0.83,0.845,200,7181.383627
5451.858385,0.845,0.845,200,7186.091044
5681.699107,0.83,0.835,200,7190.820529
5584.418382,0.8,0.805,200,7195.542039
5676.052632,0.805,0.805,200,7200.231798
4362.753104,0.85,0.855,200,7204.920454
5694.312557,0.825,0.825,200,7209.549836
5702.705185,0.82,0.84,200,7216.119221
5735.552974,0.855,0.87,200,7220.604037
5199.731434,0.845,0.85,200,7225.126768
5699.992794,0.82,0.82,200,7229.729412
5740.071366,0.865,0.875,200,7234.20687
5772.994968,0.85,0.86,200,7238.686566
5745.551415,0.865,0.885,200,7243.244911
5711.444921,0.825,0.835,200,7247.772483
5592.506529,0.8,0.8,200,7252.25505
3960.168178,0.42,0.45,200,7256.856874
5723.338058,0.835,0.835,200,7263.653433
4577.539349,0.875,0.875,200,7268.462182
5610.434032,0.8,0.81,200,7273.104948
5693.257858,0.81,0.81,200,7277.672324
5684.478941,0.85,0.85,200,7282.377056
5729.0175,0.855,0.86,200,7286.819447
5543.866413,0.79,0.795,200,7291.334605
4275.843718,0.845,0.845,200,7295.879586
5774.048602,0.865,0.87,200,7300.395576
5765.578739,0.855,0.86,200,7305.049841
4160.238103,0.865,0.865,200,7311.985082
5742.410898,0.86,0.86,200,7316.733804
5687.243104,0.8,0.805,200,7321.521504
5595.485463,0.84,0.855,200,7326.202626
5108.476479,0.83,0.84,200,7330.757961
5660.939256,0.81,0.81,200,7335.474294
5678.763973,0.83,0.83,200,7339.954402
5686.583657,0.825,0.825,200,7344.791426
5665.410992,0.83,0.83,200,7349.612433
5192.744601,0.835,0.845,200,7354.338047
5762.312267,0.85,0.855,200,7361.359093
5754.3845,0.87,0.88,200,7366.170517
5726.851913,0.85,0.855,200,7370.94197
5742.495171,0.845,0.845,200,7375.730471
5701.992431,0.825,0.83,200,7380.436917
5715.205443,0.85,0.87,200,7385.206641
5698.723005,0.84,0.84,200,7389.662466
5690.525046,0.815,0.815,200,7394.311363
4305.325754,0.465,0.48,200,7398.95321
5637.997065,0.82,0.82,200,7403.603644
5633.184951,0.815,0.815,200,7410.356342
5627.609228,0.82,0.82,200,7414.918324
5688.624219,0.815,0.815,200,7419.510293
5764.432523,0.86,0.865,200,7424.040846
4261.314619,0.85,0.85,200,7428.550345
5714.54747,0.865,0.865,200,7433.202989
5720.298239,0.865,0.865,200,7437.774717
5546.696816,0.795,0.795,200,7442.344961
4995.162562,0.815,0.815,200,7447.004817
5768.992633,0.86,0.865,200,7451.69199
5692.503063,0.82,0.835,200,7458.229868
5717.120264,0.845,0.845,200,7462.808763
5739.368052,0.835,0.84,200,7467.411819
5756.86874,0.865,0.88,200,7471.931962
5685.484007,0.805,0.805,200,7476.439798
5755.158155,0.85,0.86,200,7480.991676
5719.916272,0.87,0.885,200,7485.572633
5744.416687,0.86,0.86,200,7490.164978
5764.339525,0.85,0.855,200,7494.742087
5764.442084,0.87,0.87,200,7499.416341
5672.20951,0.8,0.8,200,7506.181424
5689.013293,0.805,0.805,200,7510.79917
5530.235966,0.79,0.8,200,7515.371528
5666.598658,0.825,0.825,200,7520.096741
5595.588337,0.8,0.805,200,7524.670085
5210.105514,0.565,0.575,200,7529.344033
4825.633435,0.84,0.845,200,7533.965921
5585.973942,0.8,0.8,200,7538.493355
5670.070778,0.815,0.83,200,7543.072293
5689.820709,0.81,0.81,200,7547.750691
5651.351093,0.845,0.865,200,7554.807591
5761.061306,0.85,0.855,200,7559.370412
4727.665595,0.825,0.835,200,7563.789551
5756.972083,0.87,0.88,200,7568.369142
5744.627618,0.84,0.86,200,7572.914485
5688.161158,0.8,0.805,200,7577.337033
5716.712658,0.85,0.865,200,7582.020375
5367.049797,0.84,0.855,200,7586.538736
3956.378573,0.855,0.855,200,7591.326012
5356.148191,0.705,0.71,200,7595.916495
5781.21382,0.86,0.865,200,7602.715118
5737.732742,0.84,0.86,200,7607.203745
5655.192913,0.815,0.825,200,7611.737859
5762.427715,0.84,0.86,200,7616.247659
4708.101559,0.695,0.715,200,7620.8254
5592.315662,0.805,0.815,200,7625.197544
5664.540454,0.835,0.835,200,7629.664113
4308.901806,0.495,0.525,200,7634.133359
5731.395827,0.855,0.87,200,7638.767363
5673.783967,0.845,0.845,200,7643.424671
5660.52158,0.815,0.815,200,7650.215968
5672.743985,0.805,0.805,200,7654.870939
4830.390077,0.84,0.855,200,7659.477589
5675.591062,0.86,0.875,200,7664.009768
5705.426222,0.825,0.835,200,7668.546491
5651.459733,0.81,0.815,200,7673.173272
4643.305326,0.835,0.855,200,7677.697838
5693.892153,0.81,0.81,200,7682.287399
5772.320331,0.865,0.875,200,7686.970258
5686.398768,0.845,0.845,200,7691.704613
5721.261097,0.865,0.87,200,7698.733401
5646.718599,0.835,0.835,200,7703.505121
5774.305359,0.86,0.875,200,7708.23091
5616.149312,0.835,0.855,200,7712.647231
4697.081806,0.835,0.86,200,7717.258879
5470.456261,0.83,0.845,200,7721.889899
3788.31574,0.885,0.89,200,7726.375749
4240.270271,0.865,0.865,200,7730.967498
5752.957738,0.85,0.86,200,7735.545365
5736.964446,0.865,0.89,200,7740.146612
5568.448943,0.875,0.89,200,7747.151782
4639.080248,0.71,0.715,200,7751.675554
5750.291927,0.85,0.85,200,7756.282248
5713.317555,0.835,0.835,200,7760.840452
5608.305575,0.835,0.84,200,7765.402189
5678.542326,0.805,0.805,200,7769.931779
4753.18049,0.855,0.86,200,7774.525208
4030.232284,0.695,0.695,200,7779.153539
5711.919005,0.855,0.865,200,7783.736487
4003.509186,0.885,0.885,200,7788.306335
5751.241827,0.85,0.85,200,7795.023577
5757.771483,0.855,0.855,200,7799.751888
5726.287775,0.845,0.86,200,7804.34514
5595.516907,0.84,0.845,200,7808.938988
5638.004912,0.81,0.81,200,7813.515368
5057.953753,0.825,0.84,200,7818.113598
5734.335371,0.85,0.86,200,7822.756811
5694.485655,0.815,0.815,200,7827.342228
5617.602037,0.81,0.81,200,7832.040747
5746.180985,0.84,0.845,200,7836.644509
5584.960189,0.795,0.805,200,7843.558855
4965.179402,0.825,0.85,200,7848.211431
4365.313948,0.83,0.835,200,7852.851294
3583.869245,0.855,0.865,200,7857.535666
5664.997217,0.825,0.825,200,7862.072581
5771.337493,0.86,0.87,200,7866.712858
5747.169471,0.845,0.875,200,7871.439425
5688.205776,0.81,0.81,200,7876.118164
5691.589915,0.815,0.815,200,7880.808105
5621.613948,0.845,0.845,200,7885.416272
5660.342587,0.825,0.83,200,7892.226096
5766.905177,0.855,0.855,200,7896.74587
5703.502628,0.835,0.835,200,7901.454545
5706.175444,0.835,0.835,200,7906.077846
5675.710109,0.8,0.8,200,7910.882845
5745.764419,0.835,0.85,200,7915.58663
4744.992202,0.86,0.86,200,7920.212174
5180.202537,0.855,0.855,200,7924.885387
5744.021002,0.855,0.865,200,7929.52549
5757.653258,0.855,0.86,200,7934.132339
4271.491097,0.865,0.865,200,7940.767708
4919.896759,0.84,0.855,200,7945.452562
5693.423091,0.815,0.825,200,7950.183919
5623.632425,0.805,0.81,200,7954.712411
5651.12158,0.815,0.82,200,7959.193756
5704.192572,0.815,0.815,200,7963.803425
5661.7054,0.82,0.82,200,7968.503826
5718.220761,0.86,0.875,200,7973.135808
5578.914124,0.78,0.795,200,7977.639322
4388.511698,0.87,0.87,200,7982.26483
5561.225713,0.78,0.795,200,7988.977944
5610.88315,0.865,0.865,200,7993.49163
5560.530045,0.8,0.8,200,7998.118183
5676.431936,0.825,0.825,200,8002.718317
5681.537061,0.8,0.81,200,8007.551688
5676.790002,0.83,0.84,200,8012.232769
5681.476699,0.85,0.87,200,8016.739984
5651.539219,0.845,0.845,200,8021.261997
5754.733559,0.85,0.85,200,8025.908899
5615.595762,0.845,0.855,200,8030.514882
4721.681746,0.84,0.85,200,8037.442898
5724.638727,0.85,0.865,200,8042.09925
5707.245375,0.83,0.835,200,8046.801893
5720.960866,0.82,0.835,200,8051.531497
5710.387464,0.835,0.835,200,8056.238
5622.960404,0.84,0.85,200,8060.951535
5751.921176,0.845,0.85,200,8065.57722
5728.547073,0.83,0.835,200,8070.079282
5357.182387,0.84,0.84,200,8074.64586
5725.642672,0.83,0.845,200,8079.203459
5726.335948,0.835,0.835,200,8086.007593
4471.589326,0.865,0.865,200,8090.675608
5746.714696,0.835,0.845,200,8095.268299
5681.149833,0.81,0.825,200,8099.892751
5421.171056,0.845,0.845,200,8104.64446
5731.53789,0.85,0.87,200,8109.287094
5681.583557,0.8,0.805,200,8113.857894
5539.794747,0.79,0.79,200,8118.420218
2522.115359,0.875,0.88,200,8123.073536
5621.960938,0.82,0.83,200,8127.714736
4627.187292,0.845,0.855,200,8134.467665
5618.59123,0.81,0.81,200,8139.180302
5642.011022,0.83,0.835,200,8143.895066
5754.073526,0.845,0.845,200,8148.429756
5681.008518,0.795,0.8,200,8153.140453
5671.954352,0.82,0.83,200,8157.662394
4466.339451,0.835,0.855,200,8162.422106
5718.864995,0.84,0.84,200,8167.044749
5376.672961,0.835,0.845,200,8171.593892
5660.753325,0.825,0.825,200,8176.280691
5762.126228,0.86,0.875,200,8183.118256
5614.358158,0.84,0.845,200,8187.89317
5672.445084,0.815,0.83,200,8192.492035
5764.307678,0.84,0.86,200,8197.166369
5737.948229,0.835,0.845,200,8201.935208
5614.230469,0.83,0.84,200,8206.726984
5717.920475,0.85,0.85,200,8211.305559
5729.451161,0.83,0.83,200,8216.095852
3485.96583,0.395,0.405,200,8220.892373
5547.107803,0.87,0.875,200,8225.506475
5703.558599,0.82,0.835,200,8232.452004
5759.377243,0.855,0.86,200,8237.261469
4780.767442,0.855,0.855,200,8241.951561
3678.918224,0.53,0.535,200,8246.608442
5678.396727,0.8,0.8,200,8251.332741
4448.609565,0.605,0.61,200,8256.049576
5735.84859,0.855,0.87,200,8260.677733
5700.373294,0.815,0.82,200,8265.335682
4399.14935,0.865,0.865,200,8270.104641
5694.934089,0.815,0.815,200,8274.790569
4564.287517,0.7,0.73,200,8281.737615
5679.435179,0.795,0.795,200,8286.432935
5704.889074,0.84,0.84,200,8291.332368
5750.874512,0.855,0.855,200,8296.157666
5602.830002,0.8,0.81,200,8300.770549
5743.689107,0.86,0.865,200,8305.540694
5618.930657,0.805,0.81,200,8310.185647
5618.396292,0.8,0.8,200,8314.962059
5662.693078,0.815,0.815,200,8319.68076
5763.190091,0.835,0.855,200,8324.294346
5067.782627,0.865,0.865,200,8330.9641
5709.118879,0.85,0.87,200,8335.445914
5736.890143,0.86,0.88,200,8339.962392
5769.85506,0.85,0.855,200,8344.58019
5549.212725,0.85,0.85,200,8349.194195
3582.968782,0.885,0.885,200,8353.888032
5473.310698,0.815,0.83,200,8358.44311
5704.403243,0.83,0.83,200,8363.053866
5760.811634,0.855,0.855,200,8367.788615
2338.87016,0.025,0.025,200,8372.456141
4408.633587,0.18,0.23,200,8379.302802
5675.184609,0.795,0.795,200,8384.011207
4392.477632,0.86,0.865,200,8388.703026
5761.130672,0.845,0.855,200,8393.278532
5642.74982,0.835,0.85,200,8397.794308
5743.551237,0.85,0.86,200,8402.40156
5741.016153,0.85,0.85,200,8407.11236
5580.838208,0.81,0.81,200,8411.737488
5699.599133,0.82,0.82,200,8416.401411
5764.794365,0.855,0.865,200,8421.179292
3630.424368,0.265,0.315,200,8428.107453
5695.285235,0.82,0.825,200,8432.681272
5610.946688,0.815,0.82,200,8437.375939
5678.580296,0.83,0.835,200,8442.006648
5742.92451,0.855,0.855,200,8446.649338
5666.198243,0.805,0.825,200,8451.304599
5694.739896,0.84,0.85,200,8455.852262
4779.243206,0.85,0.85,200,8460.521662
5689.961455,0.81,0.815,200,8465.197432
5718.031138,0.84,0.855,200,8469.818356
5727.897463,0.86,0.865,200,8476.886304
5306.440496,0.835,0.835,200,8481.64406
5683.055472,0.825,0.825,200,8486.375318
5687.245667,0.81,0.81,200,8490.95221
5583.621563,0.835,0.845,200,8495.601978
5772.203325,0.855,0.865,200,8500.300675
5323.032426,0.84,0.845,200,8504.964918
5156.539052,0.85,0.85,200,8509.597804
3910.780996,0.86,0.86,200,8514.349595
5663.610791,0.83,0.83,200,8519.108249
5688.21785,0.83,0.835,200,8525.838909
5747.735009,0.845,0.85,200,8530.541841
5677.765748,0.825,0.825,200,8535.210281
5652.923105,0.805,0.82,200,8539.76601
5738.732378,0.855,0.865,200,8544.417637
5591.16458,0.795,0.805,200,8549.101834
5621.224312,0.815,0.815,200,8553.720443
5674.269169,0.845,0.845,200,8558.386807
5649.968596,0.8,0.8,200,8563.102503
5753.980607,0.855,0.86,200,8567.675792
4789.22336,0.84,0.86,200,8574.599088
5692.555941,0.82,0.835,200,8579.231884
5698.147466,0.8,0.81,200,8583.715409
5544.766341,0.85,0.85,200,8588.30431
5133.605567,0.82,0.825,200,8592.94217
5650.098844,0.84,0.84,200,8597.554521
5753.27653,0.855,0.88,200,8602.218302
4963.418364,0.855,0.855,200,8606.842809
5743.146093,0.855,0.875,200,8611.576267
3852.425046,0.36,0.385,200,8616.286482
3836.53276,0.435,0.45,200,8623.150993
5658.02024,0.84,0.84,200,8627.738592
3425.155936,0.855,0.87,200,8632.40495
5702.394788,0.855,0.88,200,8637.090793
5706.866496,0.82,0.82,200,8641.726958
5744.412982,0.845,0.85,200,8646.453677
5727.396964,0.865,0.865,200,8651.07417
5717.387871,0.845,0.855,200,8655.642816
5645.199534,0.835,0.835,200,8660.451684
5493.164958,0.775,0.785,200,8665.095157
5706.680263,0.825,0.825,200,8672.085301
5678.646209,0.8,0.8,200,8676.698352
5686.172923,0.825,0.825,200,8681.295684
5676.957151,0.845,0.845,200,8685.923129
5731.675405,0.84,0.84,200,8690.60502
5736.072634,0.875,0.88,200,8695.158043
5641.803611,0.87,0.88,200,8699.70277
5709.99182,0.86,0.87,200,8704.387299
5741.874726,0.83,0.855,200,8708.985594
5679.974324,0.825,0.825,200,8713.567244
4988.324072,0.835,0.855,200,8720.542838
5690.470158,0.825,0.825,200,8725.304575
5709.837559,0.845,0.855,200,8730.030627
5693.74791,0.83,0.83,200,8734.626345
5753.506922,0.85,0.85,200,8739.353726
4328.778182,0.865,0.865,200,8743.929884
4348.327618,0.865,0.865,200,8748.527419
5759.062388,0.855,0.86,200,8753.125536
4815.298088,0.83,0.85,200,8757.816912
5775.06116,0.87,0.875,200,8762.449691
5716.199995,0.86,0.86,200,8769.280689
5763.509709,0.855,0.855,200,8774.013174
5438.711551,0.83,0.85,200,8778.723925
3329.882459,0.86,0.86,200,8783.403308
5630.343581,0.805,0.815,200,8788.129136
5756.721725,0.865,0.865,200,8792.799524
5685.88544,0.805,0.805,200,8797.672033
5600.215428,0.81,0.81,200,8802.375359
5703.139919,0.815,0.815,200,8807.041575
5574.234899,0.79,0.795,200,8811.845297
5733.794778,0.835,0.845,200,8818.637047
5690.134942,0.8,0.8,200,8823.334254
4970.412322,0.845,0.86,200,8827.99246
5648.262172,0.86,0.87,200,8832.809428
5715.15209,0.83,0.84,200,8837.533773
5685.163445,0.82,0.82,200,8842.179726
5743.67345,0.84,0.86,200,8846.845914
4779.990439,0.715,0.74,200,8851.426164
5728.683904,0.87,0.875,200,8855.939318
4519.868994,0.86,0.865,200,8860.536206
5082.187911,0.845,0.855,200,8867.483194
5780.441275,0.875,0.875,200,8872.286497
5670.746278,0.835,0.835,200,8877.013212
5687.276852,0.85,0.85,200,8881.471889
3927.598705,0.875,0.875,200,8886.024487
5771.765108,0.855,0.855,200,8890.630667
5761.291236,0.86,0.865,200,8895.21143
5738.153583,0.835,0.845,200,8899.89232
4364.127426,0.85,0.855,200,8904.420087
5734.710078,0.85,0.875,200,8908.932805
5678.850457,0.86,0.865,200,8915.723144
5680.398851,0.83,0.83,200,8920.388561
5739.776027,0.855,0.86,200,8924.981312
5656.334931,0.81,0.82,200,8929.709552
5686.658279,0.825,0.83,200,8934.414905
5703.703051,0.82,0.82,200,8939.072561
5719.496186,0.825,0.83,200,8943.713475
5663.478855,0.835,0.84,200,8948.201812
5769.248969,0.855,0.87,200,8952.885419
5210.246869,0.84,0.84,200,8957.307767
5756.195519,0.845,0.85,200,8964.271994
5710.022284,0.825,0.825,200,8968.94817
5785.662855,0.875,0.88,200,8973.600165
4649.097172,0.84,0.85,200,8978.089964
5771.351342,0.86,0.86,200,8982.470479
5125.845972,0.85,0.85,200,8986.955054
5498.971548,0.76,0.76,200,8991.35577
5694.774425,0.82,0.82,200,8995.794236
5645.638755,0.83,0.83,200,9000.205566
5757.165648,0.85,0.865,200,9004.689234
5748.921348,0.84,0.845,200,9011.241601
5645.4196,0.81,0.825,200,9015.95224
5771.203674,0.865,0.865,200,9020.285568
5662.68953,0.845,0.845,200,9024.74911
5691.264595,0.85,0.875,200,9029.074811
5738.038675,0.835,0.84,200,9033.515679
5316.992464,0.835,0.835,200,9038.217854
5559.981219,0.85,0.85,200,9042.908936
5767.373703,0.87,0.88,200,9047.412007
5638.801193,0.83,0.83,200,9051.961823
5569.187143,0.8,0.8,200,9058.643157
5715.941821,0.84,0.84,200,9063.374101
4701.315633,0.845,0.86,200,9067.964645
5662.267954,0.83,0.83,200,9072.513685
5188.473004,0.845,0.85,200,9077.196062
5725.335375,0.865,0.87,200,9081.827961
5682.134235,0.825,0.83,200,9086.534091
5698.615215,0.835,0.835,200,9091.240153
5679.62669,0.835,0.835,200,9095.850082
5775.873709,0.865,0.865,200,9100.455445
5691.026605,0.8,0.805,200,9107.301499
5702.035696,0.82,0.82,200,9112.037971
5768.336731,0.865,0.87,200,9116.768625
3991.829828,0.855,0.865,200,9121.383363
5761.672642,0.875,0.89,200,9126.004482
4692.313628,0.845,0.86,200,9130.668963
5522.84243,0.865,0.885,200,9135.291574
5759.988565,0.86,0.865,200,9139.841829
5641.122213,0.815,0.82,200,9144.481172
3414.987995,0.42,0.425,200,9149.083315
5738.231762,0.845,0.85,200,9155.873498
5693.850767,0.81,0.81,200,9160.312107
5666.780497,0.825,0.825,200,9164.730031
5725.374209,0.87,0.875,200,9169.288144
5729.551496,0.85,0.865,200,9173.875623
4790.272717,0.83,0.855,200,9178.420821
5637.748379,0.855,0.87,200,9183.10585
4624.803821,0.85,0.86,200,9187.688045
5708.142288,0.82,0.82,200,9192.441936
5679.837219,0.835,0.835,200,9197.105773
5769.315495,0.865,0.87,200,9203.857478
4906.566627,0.855,0.855,200,9208.46857
5744.586402,0.865,0.87,200,9213.1194
5704.770279,0.835,0.84,200,9217.882449
5660.031376,0.82,0.82,200,9222.480221
5762.608031,0.855,0.86,200,9227.064608
5561.171463,0.815,0.815,200,9231.671537
5642.00811,0.82,0.82,200,9236.141249
5658.759969,0.83,0.83,200,9240.744023
4417.55931,0.365,0.385,200,9245.332333
5769.158152,0.875,0.875,200,9252.050922
5694.219804,0.83,0.83,200,9256.701818
4798.362222,0.86,0.86,200,9261.286725
4120.852811,0.805,0.82,200,9265.862521
4128.535955,0.88,0.88,200,9270.315225
5712.280787,0.85,0.85,200,9274.876259
5658.554981,0.825,0.825,200,9279.472204
5758.33989,0.845,0.855,200,9284.203793
5692.870085,0.825,0.825,200,9288.747262
5717.257001,0.835,0.845,200,9293.250354
5568.0619,0.785,0.805,200,9300.04246
5632.010042,0.805,0.825,200,9304.685237
5790.07856,0.875,0.88,200,9309.275763
4490.756881,0.84,0.865,200,9314.002404
5576.324371,0.8,0.805,200,9318.510406
5510.352169,0.835,0.845,200,9322.932914
5693.044857,0.805,0.81,200,9327.458779
4545.951272,0.88,0.88,200,9332.080056
5309.411273,0.87,0.895,200,9336.694598
5617.162066,0.83,0.85,200,9341.297809
5713.009103,0.835,0.835,200,9348.291453
5751.840088,0.85,0.87,200,9352.998439
5663.857948,0.82,0.83,200,9357.683997
5781.87791,0.87,0.87,200,9362.126447
3416.256149,0.865,0.865,200,9366.617847
5766.753452,0.875,0.875,200,9371.267373
4455.497742,0.855,0.855,200,9375.969665
5642.481844,0.86,0.88,200,9380.690161
5650.547428,0.815,0.82,200,9385.361334
5639.514576,0.81,0.815,200,9390.054818
5656.370674,0.845,0.845,200,9396.993728
5683.5971,0.825,0.825,200,9401.705556
5677.513786,0.855,0.86,200,9406.3273
5292.598808,0.84,0.855,200,9411.047583
5756.673036,0.845,0.85,200,9415.709131
5668.524881,0.835,0.835,200,9420.198856
5649.807407,0.81,0.81,200,9424.868227
5757.164627,0.85,0.855,200,9429.340865
4569.911897,0.865,0.865,200,9433.880437
4054.240018,0.865,0.865,200,9438.586312
5758.115223,0.85,0.855,200,9445.118357
3913.622785,0.455,0.475,200,9449.791646
5766.04941,0.855,0.86,200,9454.542592
5612.06884,0.8,0.805,200,9459.211939
5688.305213,0.835,0.835,200,9463.9779
4945.390125,0.865,0.88,200,9468.655875
5393.611523,0.84,0.84,200,9473.27
5715.467963,0.825,0.825,200,9478.021201
5612.112476,0.81,0.81,200,9482.79383
4709.641169,0.84,0.845,200,9487.614019
5343.411242,0.835,0.85,200,9494.536254
5621.844,0.84,0.84,200,9499.321219
5762.216093,0.85,0.85,200,9504.165049
5631.417218,0.81,0.81,200,9508.970888
4614.411526,0.355,0.37,200,9513.662652
5755.983008,0.86,0.875,200,9518.325497
4121.860541,0.85,0.875,200,9522.885367
5638.100014,0.87,0.88,200,9527.50625
5692.253317,0.83,0.835,200,9532.244836
5759.373949,0.845,0.855,200,9537.055562
5558.044442,0.8,0.8,200,9544.130695
4937.264895,0.86,0.865,200,9548.714699
5754.757792,0.845,0.855,200,9553.43486
4605.301028,0.865,0.865,200,9558.192668
5762.886053,0.865,0.87,200,9562.781435
5612.161971,0.85,0.895,200,9567.367824
5635.861096,0.825,0.83,200,9572.023958
5766.433286,0.875,0.88,200,9576.523666
5579.465429,0.815,0.815,200,9581.067385
5692.138667,0.825,0.825,200,9585.787369
5788.114951,0.865,0.875,200,9592.701415
5690.866574,0.82,0.82,200,9597.381385
4592.706231,0.845,0.86,200,9602.059352
4768.149329,0.73,0.755,200,9606.704744
5764.18825,0.85,0.86,200,9611.412166
5657.962287,0.85,0.85,200,9615.997665
5644.696847,0.82,0.84,200,9620.562639
5748.420815,0.85,0.855,200,9625.129763
5662.247088,0.815,0.815,200,9629.692443
4646.788548,0.835,0.86,200,9634.291017
5640.890515,0.845,0.85,200,9640.966758
5754.812652,0.855,0.855,200,9645.414309
5757.520719,0.86,0.875,200,9649.858562
5681.014534,0.83,0.83,200,9654.526634
5736.878489,0.855,0.865,200,9659.225406
5725.594948,0.85,0.855,200,9663.824072
5768.989549,0.855,0.865,200,9668.41384
5534.490032,0.785,0.785,200,9673.043953
5730.367601,0.865,0.875,200,9677.726266
5757.338996,0.84,0.845,200,9682.506189
5556.484679,0.835,0.85,200,9689.534803
5725.535391,0.855,0.86,200,9694.02319
5752.384772,0.855,0.875,200,9698.499979
5694.945092,0.81,0.81,200,9702.962101
5678.877621,0.795,0.795,200,9707.666063
5157.152707,0.83,0.84,200,9712.318771
5697.715,0.84,0.86,200,9717.118044
5668.087174,0.82,0.82,200,9721.837205
5632.625694,0.845,0.85,200,9726.510497
5755.505308,0.845,0.85,200,9731.209435
5681.260722,0.8,0.8,200,9737.982955
5560.493609,0.785,0.795,200,9742.580281
5759.827492,0.87,0.875,200,9747.092147
5624.473411,0.845,0.845,200,9751.60091
5768.0556,0.85,0.855,200,9756.043833
5758.696783,0.85,0.85,200,9760.576881
5686.556557,0.795,0.805,200,9765.111587
5770.750616,0.855,0.855,200,9769.819225
5726.271721,0.845,0.845,200,9774.236268
5768.791369,0.85,0.87,200,9778.751806
5741.563566,0.835,0.855,200,9785.490267
4591.939125,0.565,0.58,200,9790.100465
5681.357265,0.82,0.82,200,9794.446282
5260.552303,0.63,0.64,200,9798.730801
5652.185922,0.835,0.835,200,9803.049522
5647.791585,0.82,0.82,200,9807.503543
5663.071909,0.87,0.88,200,9811.858506
4917.602978,0.85,0.85,200,9816.360324
5615.530238,0.82,0.825,200,9820.960654
4931.294017,0.87,0.87,200,9825.501279
5668.951938,0.835,0.835,200,9832.301591
5687.414754,0.82,0.82,200,9836.604518
5717.107062,0.84,0.845,200,9841.144802
4487.054977,0.855,0.855,200,9845.42101
5767.735544,0.85,0.855,200,9849.774245
5654.779738,0.83,0.83,200,9854.271528
5743.665577,0.835,0.845,200,9858.822065
5758.376854,0.87,0.88,200,9863.500285
4552.820725,0.87,0.87,200,9867.949933
5637.034108,0.855,0.875,200,9872.564975
4349.455642,0.66,0.67,200,9879.424997
5746.262556,0.85,0.85,200,9883.964749
5771.682514,0.85,0.86,200,9888.682118
5666.096882,0.84,0.84,200,9893.133527
5637.213872,0.81,0.83,200,9897.571127
5681.564752,0.82,0.82,200,9902.138419
5699.211772,0.815,0.815,200,9906.558604
5724.205979,0.845,0.845,200,9911.229454
5718.724853,0.855,0.855,200,9915.747229
5637.981519,0.84,0.84,200,9920.236726
5687.217322,0.835,0.835,200,9926.855428
4898.670859,0.435,0.445,200,9931.296086
5120.463153,0.845,0.845,200,9935.696232
5745.517392,0.835,0.84,200,9940.153193
5674.614664,0.8,0.8,200,9944.569292
5577.971306,0.83,0.83,200,9949.025098
5676.027638,0.83,0.83,200,9953.645797
5604.514256,0.805,0.81,200,9958.028398
5694.493778,0.82,0.82,200,9962.65939
5687.566967,0.835,0.835,200,9967.107952
5738.48598,0.855,0.86,200,9973.865378
5629.29932,0.805,0.815,200,9978.336497
5772.599417,0.865,0.865,200,9982.732335
3416.229211,0.645,0.655,200,9987.021847
5589.985221,0.835,0.865,200,9991.359157
4971.562149,0.845,0.865,200,9995.746008
5737.220935,0.83,0.855,200,10000.270222
5722.281422,0.865,0.865,200,10004.726887
5755.599206,0.855,0.875,200,10009.100211
5746.989188,0.835,0.85,200,10013.55955
4882.127317,0.83,0.84,200,10020.227643
5706.068589,0.82,0.82,200,10024.759576
5683.72164,0.825,0.825,200,10029.284659
5766.366006,0.87,0.88,200,10033.81496
5764.119553,0.85,0.855,200,10038.352116
5648.95395,0.805,0.815,200,10042.953159
5678.668211,0.84,0.84,200,10047.554511
4543.980956,0.85,0.85,200,10052.262764
5674.647254,0.83,0.83,200,10056.822833
5697.355449,0.825,0.825,200,10061.406452
5721.215724,0.85,0.86,200,10068.369435
5758.627723,0.85,0.855,200,10072.924322
5768.30314,0.855,0.87,200,10077.661656
5284.189389,0.85,0.855,200,10082.395147
5689.999155,0.835,0.835,200,10086.889287
5015.85091,0.845,0.855,200,10091.423551
5596.433924,0.8,0.81,200,10095.990663
5681.720874,0.815,0.835,200,10100.542943
5605.403719,0.87,0.885,200,10105.113827
5694.589114,0.805,0.81,200,10109.810326
5435.401618,0.855,0.855,200,10116.586118
5664.277766,0.81,0.825,200,10121.179327
5562.281807,0.795,0.795,200,10125.667269
5756.88508,0.855,0.855,200,10130.346691
5699.711316,0.835,0.84,200,10134.937454
5730.139634,0.87,0.875,200,10139.561286
5286.899343,0.85,0.855,200,10143.99088
5667.110342,0.835,0.84,200,10148.646092
5759.809358,0.84,0.855,200,10153.361413
5683.848828,0.83,0.83,200,10158.009806
5404.030096,0.855,0.855,200,10164.834662
4546.641413,0.835,0.86,200,10169.490292
5765.583807,0.875,0.89,200,10174.245155
5779.947399,0.86,0.87,200,10178.912935
5760.617951,0.845,0.845,200,10183.499907
5700.754723,0.825,0.825,200,10188.14889
5672.939723,0.83,0.83,200,10192.853335
5676.27112,0.845,0.845,200,10197.349925
4507.009154,0.87,0.87,200,10201.968184
4437.952636,0.875,0.875,200,10206.577127
5383.940291,0.83,0.84,200,10213.387106
5640.502366,0.83,0.83,200,10218.024718
5770.096837,0.87,0.87,200,10222.649085
5725.622631,0.82,0.83,200,10227.23158
5794.033431,0.875,0.88,200,10231.836592
5639.584567,0.81,0.81,200,10236.484115
2735.527418,0.095,0.135,200,10241.004864
5763.005296,0.84,0.865,200,10245.824592
5779.788416,0.865,0.865,200,10250.379585
5696.235564,0.83,0.83,200,10254.887192
5750.769249,0.845,0.845,200,10261.529932
5719.078087,0.835,0.835,200,10266.089762
5681.962757,0.805,0.805,200,10270.706893
5752.834716,0.855,0.855,200,10275.351481
5071.845985,0.835,0.845,200,10279.911359
5763.545449,0.85,0.85,200,10284.490586
5692.164728,0.855,0.86,200,10289.105653
5676.251639,0.825,0.825,200,10293.815204
5578.516366,0.845,0.85,200,10298.429736
5742.704043,0.845,0.845,200,10302.954591
5618.080438,0.805,0.805,200,10309.537389
5516.177014,0.845,0.845,200,10313.996788
5676.446327,0.825,0.825,200,10318.634014
5696.399,0.86,0.87,200,10323.345131
5739.105721,0.85,0.87,200,10328.015892
5753.993671,0.84,0.88,200,10332.779166
5771.270849,0.865,0.885,200,10337.33978
5735.948911,0.83,0.84,200,10341.951884
5710.59085,0.835,0.835,200,10346.727834
5677.126882,0.84,0.84,200,10351.410239
5762.369689,0.85,0.86,200,10358.171449
5710.870375,0.83,0.835,200,10362.761799
5773.805603,0.855,0.865,200,10367.432494
5699.16891,0.815,0.815,200,10372.001421
5726.9968,0.835,0.835,200,10376.434934
5647.627895,0.835,0.835,200,10381.141029
4190.149716,0.48,0.495,200,10385.835428
5736.96313,0.855,0.87,200,10390.442793
5713.592855,0.845,0.86,200,10395.031311
5773.692492,0.85,0.86,200,10399.634173
5311.524601,0.85,0.855,200,10406.443646
5697.472228,0.815,0.815,200,10411.020445
5770.299784,0.85,0.855,200,10415.656749
5124.144719,0.84,0.85,200,10420.257205
3871.175725,0.87,0.875,200,10424.97639
4882.584681,0.855,0.86,200,10429.685254
5646.20245,0.81,0.815,200,10434.294376
5651.209201,0.82,0.825,200,10438.932269
5741.688942,0.86,0.865,200,10443.680374
5577.050329,0.805,0.805,200,10448.341874
5717.013154,0.83,0.835,200,10455.149806
5731.967687,0.83,0.84,200,10459.70413
5717.524176,0.825,0.83,200,10464.388887
5623.832265,0.815,0.815,200,10468.783484
5695.083729,0.83,0.83,200,10473.360836
5784.189134,0.84,0.87,200,10477.795642
5002.749254,0.6,0.645,200,10482.277522
5780.511739,0.865,0.87,200,10486.66671
5738.75502,0.84,0.845,200,10491.190227
5593.621602,0.8,0.81,200,10495.881013
5666.833776,0.785,0.785,200,10502.702555
5697.614131,0.82,0.835,200,10507.377784
5583.652,0.8,0.8,200,10511.845515
5754.533069,0.84,0.845,200,10516.360986
5717.134199,0.835,0.845,200,10521.038801
3876.833098,0.69,0.72,200,10525.550303
5736.257907,0.835,0.85,200,10530.338137
5713.630569,0.855,0.865,200,10534.982637
5631.019361,0.845,0.845,200,10539.737026
5767.663237,0.85,0.86,200,10544.29038
5771.340612,0.875,0.875,200,10551.252689
5665.317319,0.82,0.825,200,10555.775923
5760.639504,0.855,0.86,200,10560.381196
5694.825437,0.85,0.86,200,10565.006558
5687.23307,0.825,0.83,200,10569.764587
4410.392005,0.89,0.89,200,10574.486718
5764.054626,0.85,0.855,200,10579.082085
5773.964297,0.85,0.865,200,10583.80992
5594.409533,0.8,0.805,200,10588.463552
5555.106338,0.84,0.84,200,10593.161519
5673.871972,0.8,0.8,200,10600.072778
5738.448031,0.87,0.875,200,10604.679976
5689.420395,0.825,0.825,200,10609.338753
5724.763627,0.86,0.875,200,10613.993141
5688.69204,0.805,0.805,200,10618.690671
5759.739683,0.875,0.885,200,10623.387346
5776.701872,0.865,0.865,200,10627.963712
5694.705746,0.83,0.83,200,10632.707508
5482.973648,0.84,0.855,200,10637.401934
5772.749819,0.855,0.86,200,10642.11774
5704.524938,0.825,0.825,200,10649.08125
4934.126041,0.835,0.855,200,10653.834154
5700.042635,0.815,0.815,200,10658.465305
4986.524697,0.855,0.855,200,10663.16453
5346.749083,0.84,0.845,200,10667.728555
5761.222651,0.85,0.855,200,10672.388077
5632.443163,0.825,0.845,200,10677.20305
5700.586704,0.815,0.815,200,10681.721727
5772.718678,0.85,0.86,200,10686.301784
5696.154778,0.82,0.83,200,10691.02226
5609.15956,0.81,0.81,200,10698.017017
5639.797202,0.86,0.875,200,10702.797904
5635.811737,0.855,0.855,200,10707.512633
5698.505106,0.815,0.815,200,10712.211044
5751.5605,0.835,0.84,200,10716.899499
5737.618928,0.84,0.84,200,10721.552567
5726.314944,0.87,0.87,200,10726.193459
5765.282553,0.845,0.845,200,10730.891559
5614.943554,0.8,0.81,200,10735.622987
5567.660117,0.87,0.87,200,10740.305142
5533.631234,0.855,0.855,200,10747.417321
5613.937131,0.855,0.86,200,10752.173076
5521.317033,0.825,0.845,200,10756.85166
4855.056693,0.85,0.86,200,10761.575006
5620.873935,0.87,0.87,200,10766.309379
5764.150542,0.855,0.86,200,10771.023918
5789.719756,0.88,0.88,200,10775.651471
5764.190222,0.85,0.855,200,10780.283708
5653.105665,0.81,0.81,200,10785.081176
5646.655851,0.795,0.795,200,10789.718284
5770.993774,0.855,0.86,200,10796.457494
5647.992965,0.83,0.85,200,10801.173445
5670.712033,0.84,0.845,200,10805.913112
4463.187172,0.835,0.855,200,10810.626876
5642.405311,0.84,0.84,200,10815.2738
5690.174043,0.805,0.805,200,10819.945998
5759.784489,0.855,0.86,200,10824.714732
5631.750758,0.86,0.885,200,10829.396234
5717.753603,0.83,0.83,200,10834.0643
5617.299305,0.85,0.85,200,10838.759853
5724.867867,0.82,0.835,200,10845.810756
5692.494938,0.825,0.825,200,10850.467673
5704.305396,0.815,0.83,200,10855.105572
5703.126743,0.84,0.84,200,10859.683943
5601.339662,0.78,0.8,200,10864.321766
4224.425911,0.46,0.46,200,10869.177345
4775.822492,0.84,0.86,200,10873.835177
5576.957206,0.735,0.775,200,10878.457356
5774.516786,0.87,0.88,200,10883.142765
5604.103049,0.85,0.85,200,10887.912001
5749.753279,0.84,0.845,200,10894.978693
5654.016154,0.825,0.825,200,10899.725067
5572.122399,0.86,0.86,200,10904.522586
5737.794068,0.85,0.85,200,10909.233092
5774.339939,0.855,0.865,200,10913.846093
5676.564576,0.795,0.795,200,10918.640054
5676.49888,0.835,0.835,200,10923.471278
5739.54653,0.835,0.835,200,10928.119535
4505.345841,0.87,0.87,200,10932.798722
5138.378848,0.58,0.59,200,10937.428623
5644.61326,0.87,0.875,200,10944.190425
5688.953249,0.82,0.82,200,10948.843388
5774.865032,0.855,0.86,200,10953.473775
4666.85331,0.84,0.86,200,10958.105982
5728.390627,0.865,0.895,200,10962.555294
5734.854667,0.86,0.865,200,10967.174613
5768.974156,0.85,0.865,200,10971.707786
5325.736308,0.855,0.855,200,10976.331857
5771.667572,0.86,0.865,200,10980.913285
4651.315308,0.86,0.87,200,10985.603189
4748.306264,0.85,0.86,200,10992.377542
5752.692937,0.85,0.85,200,10996.995777
5748.15022,0.845,0.845,200,11001.610335
5719.762864,0.845,0.855,200,11006.34664
5757.128747,0.845,0.855,200,11011.008736
5749.14631,0.845,0.85,200,11015.58081
5705.19924,0.815,0.815,200,11020.107971
5702.702107,0.825,0.825,200,11024.696768
5727.275604,0.83,0.835,200,11029.422076
5556.661635,0.825,0.845,200,11033.905169
5753.216976,0.85,0.85,200,11040.773132
5574.918605,0.855,0.855,200,11045.352634
5685.965939,0.81,0.825,200,11050.092804
3943.645481,0.855,0.855,200,11054.843722
5635.920349,0.85,0.855,200,11059.719299
5712.321523,0.825,0.84,200,11064.465983
5615.750031,0.865,0.88,200,11069.147808
5246.951989,0.88,0.885,200,11073.812058
5665.866421,0.855,0.855,200,11078.589813
5762.051193,0.855,0.855,200,11083.207981
5757.382876,0.845,0.85,200,11089.904731
5690.682847,0.835,0.835,200,11094.505388
5677.744997,0.82,0.83,200,11099.062289
5642.701189,0.84,0.845,200,11103.781259
5000.127787,0.835,0.855,200,11108.542065
5203.295803,0.865,0.865,200,11113.176402
5725.18802,0.82,0.825,200,11117.937393
5680.821018,0.84,0.84,200,11122.636983
5695.688068,0.825,0.835,200,11127.313866
5754.435868,0.85,0.865,200,11132.099293
5627.645895,0.83,0.83,200,11139.114978
5675.545501,0.83,0.83,200,11143.789125
5709.086244,0.865,0.89,200,11148.387822
5186.30606,0.84,0.84,200,11153.118316
4749.128425,0.855,0.855,200,11157.867661
4584.469132,0.85,0.855,200,11162.651696
5764.137628,0.845,0.845,200,11167.28032
5574.780038,0.785,0.8,200,11171.888787
5641.621528,0.805,0.815,200,11176.511141
4518.407076,0.835,0.845,200,11181.081278
5676.822777,0.875,0.89,200,11187.82653
5674.264889,0.81,0.82,200,11192.534839
5638.25701,0.825,0.835,200,11197.044718
5680.57844,0.795,0.8,200,11201.811502
5686.410002,0.805,0.805,200,11206.443102
5680.892567,0.845,0.845,200,11210.978846
5689.144574,0.815,0.815,200,11215.42194
5773.844871,0.865,0.865,200,11220.09669
5563.833637,0.79,0.795,200,11224.696437
5697.202117,0.805,0.805,200,11229.323611
5722.105052,0.85,0.855,200,11236.075152
4583.72861,0.865,0.865,200,11240.612521
5658.752435,0.825,0.835,200,11245.200992
5702.025451,0.81,0.815,200,11249.713486
5696.742841,0.815,0.815,200,11254.120194
5723.249365,0.835,0.84,200,11258.616171
5658.2834,0.82,0.82,200,11263.15214
5761.09719,0.85,0.86,200,11267.703043
5775.886347,0.87,0.87,200,11272.207475
5769.933949,0.87,0.88,200,11276.898406
5551.24539,0.845,0.865,200,11283.527711
5692.72322,0.81,0.81,200,11287.928731
4605.229578,0.705,0.715,200,11292.459647
5763.552152,0.84,0.855,200,11297.019199
5448.056168,0.845,0.855,200,11301.695041
5772.931531,0.865,0.865,200,11306.227459
5741.034622,0.865,0.87,200,11310.664532
3274.187121,0.32,0.34,200,11315.264189
5697.296673,0.835,0.835,200,11319.873135
5655.905771,0.815,0.825,200,11324.545593
5665.349678,0.83,0.83,200,11331.420887
5779.220942,0.87,0.875,200,11336.18788
5643.500727,0.815,0.815,200,11340.886527
5086.264954,0.835,0.835,200,11345.449735
5664.554433,0.82,0.82,200,11350.141865
5696.604405,0.815,0.815,200,11354.718165
5146.848369,0.845,0.85,200,11359.366129
5673.228859,0.825,0.825,200,11364.06667
5581.307933,0.79,0.805,200,11368.660042
5764.875456,0.87,0.87,200,11373.294344
5718.440626,0.84,0.84,200,11380.431398
5704.669408,0.84,0.84,200,11385.107203
5760.015057,0.855,0.86,200,11389.58926
5587.090407,0.805,0.805,200,11394.177495
5753.806738,0.835,0.84,200,11398.879937
5681.752993,0.825,0.825,200,11403.656462
5748.171415,0.835,0.855,200,11408.267873
5678.019116,0.81,0.82,200,11413.062824
5639.16759,0.805,0.81,200,11417.816004
5747.760346,0.84,0.84,200,11422.51103
5738.384101,0.86,0.865,200,11429.268436
5591.002562,0.805,0.805,200,11433.917314
5732.679593,0.83,0.835,200,11438.627726
5689.457426,0.82,0.82,200,11443.298583
5698.227591,0.815,0.815,200,11447.955465
5722.318778,0.86,0.86,200,11452.505732
5628.137668,0.8,0.81,200,11456.882951
5359.754179,0.86,0.865,200,11461.364121
5686.817239,0.84,0.85,200,11465.877402
5606.320933,0.795,0.81,200,11470.309165
5757.650572,0.85,0.85,200,11477.074091
5670.650795,0.825,0.83,200,11481.663769
5753.503399,0.865,0.87,200,11486.303577
5770.031682,0.855,0.86,200,11490.965416
5766.302926,0.865,0.88,200,11495.736952
5609.26967,0.81,0.81,200,11500.438717
5652.686283,0.83,0.83,200,11505.017034
5681.925465,0.835,0.86,200,11509.591056
5765.933243,0.855,0.865,200,11514.328526
5666.234226,0.82,0.825,200,11519.063293
5709.175354,0.845,0.85,200,11526.049803
5646.566744,0.87,0.88,200,11530.649588
4247.933614,0.845,0.86,200,11535.302806
5660.046391,0.83,0.83,200,11539.930865
5683.950347,0.83,0.83,200,11544.452604
5777.391972,0.865,0.88,200,11549.209434
5690.753985,0.83,0.83,200,11553.845976
5696.020211,0.815,0.815,200,11558.455546
5779.814125,0.86,0.865,200,11563.13657
4465.71396,0.865,0.875,200,11567.935869
3204.802478,0.41,0.425,200,11574.963554
5663.216661,0.84,0.845,200,11579.605497
5346.605894,0.855,0.865,200,11584.286913
5645.042526,0.88,0.885,200,11588.93347
5607.28331,0.8,0.805,200,11593.642042
3464.427394,0.48,0.5,200,11598.347441
5635.288849,0.835,0.835,200,11603.179169
5630.910499,0.805,0.805,200,11607.83211
5732.660359,0.82,0.845,200,11612.537709
5693.436142,0.855,0.885,200,11617.189513
5760.851938,0.855,0.87,200,11623.934504
5603.960934,0.83,0.845,200,11628.687055
5740.405317,0.845,0.855,200,11633.314959
5710.75241,0.855,0.865,200,11637.886768
5686.613073,0.805,0.805,200,11642.485942
5655.294377,0.845,0.845,200,11647.035364
5770.449719,0.845,0.855,200,11651.699649
5683.516642,0.825,0.835,200,11656.372913
5676.094962,0.83,0.835,200,11661.06663
5630.698633,0.84,0.845,200,11665.804076
5743.881556,0.865,0.875,200,11672.572285
5777.923368,0.87,0.87,200,11677.247438
5776.563954,0.865,0.865,200,11681.875606
5599.129182,0.8,0.8,200,11686.482399
5669.822974,0.84,0.84,200,11691.094149
5400.576124,0.815,0.845,200,11695.729427
5755.153067,0.855,0.865,200,11700.4671
5766.842462,0.855,0.865,200,11705.199879
4325.432279,0.86,0.86,200,11709.834092
5665.408899,0.85,0.85,200,11714.547931
3309.852453,0.31,0.31,200,11721.537649
5032.603565,0.87,0.87,200,11726.074854
5747.730911,0.855,0.88,200,11730.626013
5764.841633,0.865,0.865,200,11735.243127
5721.979253,0.83,0.835,200,11739.971718
5772.881727,0.86,0.86,200,11744.559422
5563.517352,0.845,0.865,200,11749.263361
4941.418233,0.86,0.86,200,11754.125981
5741.019285,0.855,0.855,200,11758.782892
5771.805807,0.855,0.865,200,11763.626902
4782.848661,0.845,0.855,200,11770.552079
5723.704201,0.855,0.87,200,11775.43663
5724.045514,0.855,0.87,200,11780.168786
5655.477212,0.815,0.83,200,11784.887292
5783.297699,0.87,0.87,200,11789.668057
5693.446633,0.81,0.815,200,11794.484616
5284.564692,0.86,0.86,200,11799.209479
5633.649632,0.815,0.815,200,11803.92542
5657.68288,0.845,0.86,200,11808.676018
5683.705055,0.84,0.84,200,11813.535227
5676.473245,0.8,0.8,200,11820.52581
5674.971063,0.82,0.835,200,11825.203715
5670.643589,0.82,0.825,200,11829.983744
4436.081461,0.86,0.86,200,11834.72047
5689.099312,0.845,0.85,200,11839.547204
5787.354971,0.87,0.875,200,11844.391395
4806.651952,0.85,0.865,200,11849.075004
5739.750974,0.84,0.845,200,11853.849836
4266.149466,0.14,0.14,200,11858.523994
4863.719477,0.825,0.86,200,11863.3687
5449.427559,0.83,0.84,200,11870.457968
5645.49229,0.835,0.845,200,11875.166794
5728.622694,0.865,0.87,200,11879.763332
5369.233592,0.825,0.84,200,11884.490538
5668.272213,0.85,0.86,200,11889.253288
5559.654716,0.84,0.865,200,11894.022078
5695.788281,0.855,0.865,200,11898.914255
5619.350918,0.87,0.89,200,11903.583431
3969.423442,0.695,0.695,200,11908.45486
5781.402247,0.855,0.875,200,11913.269553
4418.82368,0.86,0.865,200,11920.254423
5667.140545,0.815,0.815,200,11924.927172
5760.550054,0.84,0.85,200,11929.751934
5757.745645,0.85,0.86,200,11934.645436
5194.909259,0.86,0.86,200,11939.43115
5623.420318,0.81,0.81,200,11944.235036
5706.83858,0.865,0.865,200,11948.948165
5745.582771,0.84,0.85,200,11953.661431
5640.312435,0.82,0.825,200,11958.537108
5780.921388,0.87,0.875,200,11963.212841
5604.946081,0.805,0.81,200,11970.142557
5318.209714,0.53,0.53,200,11974.86423
5675.733656,0.825,0.83,200,11979.556547
5755.842744,0.845,0.85,200,11984.405226
5610.846433,0.845,0.87,200,11989.178619
5726.428746,0.825,0.84,200,11993.81499
5767.318946,0.85,0.85,200,11998.528201
5585.635451,0.845,0.85,200,12003.29818
5633.894706,0.81,0.82,200,12007.943746
5657.007747,0.835,0.835,200,12012.500709
4465.39853,0.645,0.665,200,12019.415306
5699.189144,0.83,0.83,200,12023.881863
5686.166749,0.815,0.815,200,12028.534433
4889.966594,0.835,0.855,200,12033.188892
5608.2613,0.83,0.835,200,12037.77503
5764.622367,0.855,0.855,200,12042.437239
5772.130314,0.865,0.87,200,12047.140596
5714.689613,0.855,0.855,200,12051.836592
5697.545812,0.825,0.825,200,12056.472241
5667.847737,0.82,0.86,200,12061.082008
5701.316245,0.83,0.83,200,12068.019955
5751.233278,0.865,0.875,200,12072.599016
5108.029476,0.855,0.875,200,12077.293372
5234.60974,0.835,0.855,200,12081.817989
3753.993397,0.645,0.655,200,12086.359147
5097.678312,0.78,0.79,200,12090.809093
5183.455048,0.85,0.86,200,12095.361701
5544.859073,0.845,0.845,200,12099.671537
5778.157476,0.855,0.86,200,12104.168327
5712.097926,0.87,0.875,200,12108.724833
5721.694589,0.84,0.84,200,12115.409811
5599.052937,0.795,0.795,200,12119.86132
5757.332299,0.855,0.855,200,12124.421844
4695.491245,0.86,0.86,200,12129.001523
5691.35307,0.81,0.81,200,12133.557702
5687.970114,0.835,0.84,200,12138.141443
5751.168781,0.85,0.86,200,12142.60636
5658.561328,0.84,0.85,200,12147.16075
4766.100532,0.855,0.865,200,12151.845532
5697.998509,0.82,0.825,200,12156.311203
5002.154949,0.56,0.56,200,12163.006598
5696.206888,0.81,0.81,200,12167.627492
5759.599149,0.85,0.85,200,12172.425032
5698.148507,0.82,0.82,200,12176.922045
5690.843596,0.81,0.81,200,12181.435506
5750.962221,0.855,0.87,200,12186.027047
5609.126972,0.815,0.815,200,12190.705988
5703.803404,0.825,0.825,200,12195.218448
4372.756927,0.875,0.875,200,12199.823659
5065.014443,0.53,0.555,200,12204.59055
5772.332503,0.855,0.86,200,12211.66865
5766.998108,0.845,0.86,200,12216.293291
5706.059525,0.83,0.83,200,12220.795911
5697.09334,0.83,0.83,200,12225.310375
5697.252481,0.835,0.84,200,12229.851569
5763.0322,0.85,0.855,200,12234.245761
5668.433772,0.865,0.88,200,12238.802126
5684.630059,0.84,0.84,200,12243.361373
5666.394385,0.83,0.83,200,12247.998503
5704.249448,0.83,0.83,200,12252.658172
5636.319225,0.84,0.84,200,12259.502923
5703.216926,0.83,0.83,200,12264.134733
5766.839933,0.86,0.865,200,12268.812037
5785.189576,0.865,0.87,200,12273.353691
5614.70426,0.795,0.795,200,12277.913776
5676.057919,0.805,0.805,200,12282.340448
5684.4197,0.815,0.815,200,12287.056897
5670.402826,0.835,0.835,200,12291.777986
5761.827957,0.855,0.855,200,12296.467461
5048.525961,0.84,0.855,200,12301.026234
5216.715287,0.855,0.855,200,12307.715714
5743.43463,0.855,0.86,200,12312.347849
3543.008201,0.875,0.875,200,12316.914304
5761.200806,0.855,0.855,200,12321.586745
5767.45482,0.86,0.86,200,12326.346179
4570.685073,0.86,0.865,200,12330.901274
5746.990081,0.87,0.875,200,12335.579881
5111.248646,0.56,0.575,200,12340.288711
5743.573401,0.84,0.84,200,12345.054275
5759.489882,0.85,0.855,200,12349.68356
5662.141457,0.835,0.855,200,12356.558774
5367.695132,0.85,0.85,200,12361.349649
5690.738768,0.835,0.84,200,12366.104803
5322.219177,0.655,0.66,200,12370.66663
3734.5734,0.875,0.875,200,12375.222748
5757.464371,0.865,0.865,200,12379.616303
4374.179826,0.625,0.635,200,12384.13888
5695.363036,0.82,0.83,200,12388.809868
5781.904811,0.87,0.875,200,12393.491834
5482.420939,0.725,0.735,200,12398.089332
5588.39318,0.815,0.815,200,12404.875226
5752.962138,0.845,0.85,200,12409.405916
5661.351304,0.84,0.84,200,12414.1239
5636.621295,0.855,0.855,200,12418.66156
5785.260543,0.865,0.87,200,12423.262078
5699.107893,0.81,0.83,200,12427.749099
5676.830259,0.835,0.84,200,12432.40065
5727.358141,0.865,0.88,200,12437.088371
5687.605947,0.81,0.81,200,12441.6791
5740.149477,0.85,0.85,200,12446.324167
5684.21025,0.83,0.83,200,12453.20306
5696.583873,0.865,0.875,200,12457.71966
5053.415598,0.85,0.86,200,12462.29079
5705.993649,0.825,0.825,200,12466.803485
5738.784284,0.83,0.845,200,12471.451075
5684.143052,0.835,0.835,200,12476.082352
4517.567713,0.855,0.875,200,12480.674072
5739.830627,0.86,0.87,200,12485.295384
5748.047375,0.84,0.85,200,12489.887418
5685.562363,0.84,0.85,200,12494.640504
5146.086075,0.86,0.86,200,12501.303175
5642.019544,0.845,0.845,200,12505.879693
4826.519855,0.85,0.855,200,12510.545753
5598.499179,0.85,0.87,200,12515.212164
5707.953507,0.81,0.82,200,12519.936454
5684.664803,0.81,0.81,200,12524.614174
5742.186846,0.845,0.86,200,12529.231114
5735.320022,0.87,0.87,200,12533.851072
5708.909108,0.82,0.82,200,12538.375017
5757.367735,0.865,0.875,200,12543.039489
5571.326776,0.845,0.865,200,12549.80664
5584.902372,0.845,0.845,200,12554.40235
5671.064893,0.835,0.845,200,12558.940168
5652.386525,0.825,0.825,200,12563.575567
5308.443347,0.85,0.85,200,12568.099414
5684.063585,0.82,0.83,200,12572.692884
5757.395913,0.86,0.86,200,12577.356268
5649.587806,0.81,0.81,200,12582.047333
5675.875378,0.815,0.815,200,12586.751791
5688.361794,0.835,0.835,200,12591.326074
5634.96037,0.815,0.82,200,12598.159036
5692.152411,0.81,0.81,200,12602.684925
5655.539751,0.845,0.85,200,12607.262303
5703.151944,0.815,0.815,200,12611.76602
5657.954418,0.825,0.83,200,12616.277209
5756.778463,0.855,0.855,200,12620.661666
5689.762207,0.81,0.81,200,12625.193202
5644.066613,0.815,0.82,200,12629.518813
5697.516026,0.83,0.83,200,12633.977048
5754.218891,0.845,0.865,200,12638.522081
5590.888387,0.795,0.805,200,12645.209353
5271.011376,0.855,0.86,200,12649.469004
5774.805036,0.86,0.875,200,12653.952185
5699.557764,0.845,0.845,200,12658.628506
5591.632133,0.805,0.805,200,12663.186867
5471.314397,0.85,0.85,200,12667.753483
5702.244674,0.845,0.85,200,12672.400594
5735.878656,0.83,0.84,200,12677.002167
5685.815285,0.85,0.85,200,12681.793294
5722.762854,0.89,0.89,200,12686.45819
5657.999584,0.85,0.855,200,12693.312127
5647.786478,0.86,0.875,200,12697.956863
5451.341428,0.83,0.85,200,12702.552169
5706.570213,0.83,0.83,200,12707.089056
5694.280493,0.81,0.81,200,12711.449797
5755.899925,0.845,0.845,200,12716.074607
5086.505732,0.87,0.87,200,12720.49403
5696.775801,0.86,0.87,200,12725.131382
4503.220429,0.665,0.68,200,12729.862309
5723.023645,0.82,0.83,200,12734.476315
5641.934653,0.825,0.825,200,12741.391828
5726.842396,0.83,0.835,200,12746.05414
5671.200164,0.835,0.84,200,12750.483302
5751.369892,0.855,0.865,200,12754.994711
5644.979813,0.835,0.84,200,12759.641116
5296.339834,0.845,0.86,200,12764.206305
5758.468455,0.845,0.845,200,12768.875865
5416.247178,0.8,0.8,200,12773.439731
5722.818177,0.865,0.875,200,12777.921609
5642.723914,0.81,0.82,200,12782.416137
4710.195658,0.835,0.86,200,12789.042295
5693.271771,0.815,0.815,200,12793.675305
5757.611226,0.85,0.85,200,12798.331912
5693.612174,0.81,0.81,200,12802.937369
5466.83689,0.72,0.73,200,12807.426595
5690.105461,0.82,0.82,200,12811.978195
5650.54175,0.835,0.86,200,12816.597671
5693.716908,0.835,0.835,200,12821.258998
5754.951732,0.835,0.845,200,12825.768724
4924.244543,0.86,0.86,200,12830.286705
5702.437692,0.825,0.83,200,12837.009724
5697.783022,0.815,0.815,200,12841.583536
5780.34943,0.865,0.875,200,12846.087128
5688.819348,0.835,0.855,200,12850.595121
5706.231829,0.825,0.825,200,12854.993453
4079.213792,0.875,0.875,200,12859.492229
5629.038698,0.86,0.88,200,12864.142764
5607.258833,0.85,0.85,200,12868.589354
5770.895368,0.855,0.855,200,12873.274379
5765.501728,0.85,0.86,200,12877.766614
5678.388262,0.815,0.815,200,12884.496386
5747.949842,0.845,0.85,200,12889.086789
5730.986372,0.83,0.84,200,12893.589372
5616.03931,0.84,0.84,200,12898.1045
5665.145387,0.825,0.83,200,12902.616834
5699.858442,0.815,0.82,200,12907.262427
5690.140665,0.86,0.87,200,12911.798803
5731.131461,0.865,0.87,200,12916.358777
5670.191179,0.845,0.85,200,12920.792644
4152.992783,0.86,0.875,200,12925.366254
4936.180464,0.84,0.86,200,12932.129264
5781.763568,0.865,0.865,200,12936.723819
5692.166154,0.815,0.815,200,12941.281041
4498.077945,0.87,0.87,200,12945.928962
5707.269157,0.815,0.825,200,12950.420301
5687.004775,0.835,0.845,200,12954.946584
5759.368407,0.845,0.85,200,12959.474851
5640.080577,0.86,0.86,200,12964.196822
5742.412284,0.85,0.85,200,12968.879633
5759.485973,0.85,0.85,200,12973.684227
5696.61976,0.835,0.84,200,12980.560213
5775.716882,0.875,0.88,200,12985.332904
5781.408929,0.855,0.86,200,12990.082961
5668.625451,0.855,0.855,200,12994.696179
5786.511368,0.875,0.875,200,12999.230052
5682.882019,0.83,0.83,200,13003.858837
5740.26572,0.87,0.875,200,13008.545784
5722.847173,0.86,0.865,200,13013.303279
5703.439872,0.825,0.825,200,13017.925536
5767.817977,0.865,0.87,200,13022.65317
5216.549802,0.875,0.89,200,13029.524896
5784.627984,0.865,0.87,200,13034.209998
5793.525202,0.87,0.885,200,13038.836591
5675.060914,0.85,0.85,200,13043.488086
5701.176925,0.86,0.87,200,13048.178432
5670.740226,0.87,0.87,200,13052.816962
5650.300231,0.84,0.845,200,13057.477117
5656.108933,0.83,0.83,200,13062.250565
5567.73548,0.8,0.8,200,13067.027593
5600.406219,0.845,0.845,200,13071.779807
5768.604824,0.85,0.86,200,13078.632751
5747.646921,0.875,0.875,200,13083.253235
5688.303257,0.815,0.825,200,13088.022552
5767.407136,0.855,0.855,200,13092.72507
4888.220045,0.86,0.86,200,13097.404704
5748.346619,0.835,0.835,200,13102.089879
5702.306955,0.825,0.825,200,13106.724456
5699.637458,0.82,0.825,200,13111.344917
5626.97982,0.805,0.81,200,13116.143103
5672.981324,0.845,0.865,200,13120.741366
5753.805908,0.85,0.855,200,13127.720491
5642.046633,0.845,0.845,200,13132.336189
5638.385619,0.865,0.875,200,13137.040003
5722.849839,0.86,0.86,200,13141.772267
5759.356842,0.86,0.865,200,13146.439286
5629.046122,0.815,0.82,200,13151.169524
5684.941707,0.82,0.835,200,13155.97434
5695.791732,0.835,0.84,200,13160.723657
5698.12052,0.87,0.88,200,13165.443083
4894.577188,0.835,0.86,200,13170.287738
5746.250859,0.865,0.865,200,13177.020887
5690.707455,0.815,0.815,200,13181.750409
5579.122093,0.805,0.805,200,13186.58058
5759.576964,0.86,0.86,200,13191.229587
5701.432418,0.83,0.835,200,13195.899784
5762.047999,0.86,0.865,200,13200.661189
5662.167437,0.83,0.875,200,13205.326086
5774.882822,0.86,0.86,200,13209.866672
5774.386425,0.86,0.86,200,13214.472509
5700.140671,0.815,0.82,200,13219.219186
5703.96472,0.855,0.855,200,13226.060658
5769.416429,0.865,0.87,200,13230.820657
5713.41069,0.87,0.875,200,13235.508089
4883.600922,0.83,0.85,200,13240.210694
5780.860125,0.865,0.865,200,13244.857656
5681.43005,0.795,0.795,200,13249.571709
5061.89368,0.87,0.875,200,13254.340543
5703.887506,0.83,0.835,200,13259.040625
5672.373315,0.81,0.815,200,13263.861747
5692.125982,0.81,0.81,200,13268.593955
5315.54915,0.84,0.84,200,13275.538625
5697.40683,0.815,0.82,200,13280.104416
5715.790316,0.825,0.825,200,13284.580853
5676.838209,0.83,0.83,200,13289.28358
5724.370616,0.875,0.88,200,13293.850685
5682.903755,0.835,0.835,200,13298.434295
5677.724888,0.85,0.875,200,13302.978175
5656.884927,0.835,0.835,200,13307.63055
5547.708935,0.85,0.875,200,13312.354916
5655.675376,0.86,0.87,200,13317.013111
5769.834877,0.865,0.875,200,13323.9969
5687.872933,0.82,0.82,200,13328.639894
4526.822983,0.855,0.865,200,13333.380803
5802.971448,0.885,0.885,200,13338.016482
5764.106872,0.86,0.86,200,13342.875914
5760.472017,0.845,0.845,200,13347.48954
5704.812733,0.865,0.88,200,13352.017376
5782.162969,0.86,0.865,200,13356.623064
5297.492641,0.85,0.855,200,13361.322576
5352.617753,0.845,0.855,200,13365.92472
5730.509611,0.84,0.84,200,13372.72455
4448.092991,0.845,0.865,200,13377.45735
5697.731502,0.815,0.815,200,13382.16602
5678.629874,0.825,0.825,200,13386.782598
5712.93986,0.84,0.84,200,13391.402062
5577.868947,0.85,0.865,200,13396.16537
5711.68881,0.87,0.87,200,13400.893289
5655.522233,0.84,0.845,200,13405.636214
5763.485939,0.845,0.855,200,13410.521374
4396.770871,0.68,0.69,200,13415.191861
5791.269434,0.87,0.87,200,13422.009348
5697.057954,0.815,0.815,200,13426.694125
5705.31281,0.815,0.815,200,13431.237189
3175.707983,0.86,0.865,200,13435.886945
5772.10119,0.855,0.86,200,13440.422675
5753.151771,0.85,0.85,200,13445.015495
5638.103374,0.8,0.81,200,13449.684797
5681.801323,0.835,0.835,200,13454.424378
5726.696401,0.84,0.875,200,13458.980825
5764.704779,0.85,0.85,200,13463.709313
4975.585676,0.855,0.86,200,13470.702737
5754.373301,0.835,0.84,200,13475.410281
5682.405698,0.805,0.81,200,13480.080449
3994.450903,0.855,0.875,200,13484.732116
5621.816531,0.8,0.81,200,13489.321204
5648.59538,0.81,0.82,200,13493.869006
5689.937286,0.865,0.87,200,13498.560081
5764.752356,0.85,0.85,200,13503.228801
5718.429213,0.86,0.865,200,13507.84831
5727.380574,0.86,0.865,200,13512.320034
5772.204008,0.855,0.855,200,13519.177526
4981.695644,0.855,0.86,200,13523.841393
5707.907619,0.855,0.87,200,13528.474351
5697.131793,0.855,0.86,200,13533.170767
5072.562959,0.86,0.86,200,13537.918286
5709.046961,0.845,0.845,200,13542.595823
5755.606508,0.855,0.855,200,13547.206767
5693.236788,0.84,0.84,200,13551.852144
5447.679926,0.855,0.86,200,13556.50918
5684.386984,0.835,0.84,200,13560.949738
5693.163075,0.84,0.84,200,13567.933037
5709.494916,0.835,0.835,200,13572.620723
5733.26802,0.835,0.835,200,13577.208987
5740.477234,0.825,0.85,200,13581.884049
5402.360577,0.845,0.855,200,13586.541555
4783.606189,0.835,0.845,200,13591.327744
5652.559083,0.845,0.845,200,13596.077913
5582.440997,0.795,0.805,200,13600.901308
5774.814464,0.85,0.86,200,13605.455405
5702.606034,0.815,0.815,200,13610.139339
5735.893461,0.835,0.84,200,13616.965661
5697.246554,0.83,0.84,200,13621.657067
5759.118343,0.865,0.865,200,13626.387232
5753.508646,0.845,0.85,200,13631.117431
5797.324045,0.88,0.88,200,13635.760185
5651.796304,0.855,0.855,200,13640.452293
5489.604326,0.85,0.855,200,13645.093668
5679.615286,0.82,0.825,200,13649.550439
4734.786424,0.855,0.855,200,13654.184744
5712.059559,0.825,0.83,200,13658.718821
5735.389778,0.875,0.885,200,13665.511213
4595.467152,0.21,0.23,200,13670.15519
5717.867494,0.805,0.83,200,13674.71236
5765.156271,0.85,0.86,200,13679.181022
4297.543052,0.435,0.465,200,13683.703403
5609.577011,0.795,0.805,200,13688.235903
5618.035894,0.805,0.81,200,13692.842523
5690.992893,0.82,0.82,200,13697.455083
5704.771958,0.835,0.835,200,13701.958911
5587.372215,0.805,0.815,200,13706.450329
5646.933893,0.805,0.82,200,13713.25733
5501.384628,0.84,0.84,200,13717.767054
5735.509573,0.86,0.875,200,13722.329465
5699.807371,0.82,0.82,200,13726.812355
5676.521417,0.815,0.83,200,13731.373199
5635.210824,0.845,0.85,200,13735.910408
5670.753903,0.815,0.83,200,13740.400659
5700.920947,0.835,0.835,200,13744.867599
4019.920705,0.645,0.645,200,13749.551117
5690.436998,0.805,0.805,200,13754.110353
5739.165768,0.85,0.85,200,13760.796397
5712.135499,0.835,0.84,200,13765.39106
5746.204441,0.85,0.86,200,13770.00397
5755.561425,0.855,0.855,200,13774.641643
5697.423412,0.81,0.81,200,13779.401597
5617.725541,0.85,0.86,200,13784.017035
5585.616183,0.85,0.865,200,13788.500941
5608.300421,0.87,0.88,200,13793.167418
4909.046959,0.86,0.865,200,13797.860269
5595.646527,0.8,0.805,200,13802.552559
5692.759114,0.825,0.835,200,13809.395964
5720.239907,0.835,0.84,200,13814.050954
5767.06693,0.84,0.86,200,13818.698862
5770.360472,0.86,0.865,200,13823.348291
5768.856721,0.855,0.865,200,13828.014494
5223.647969,0.85,0.855,200,13832.67925
5768.47848,0.865,0.865,200,13837.187159
5689.860441,0.815,0.815,200,13841.88352
5736.650765,0.86,0.87,200,13846.493508
5700.431116,0.815,0.825,200,13851.175173
5508.395233,0.815,0.82,200,13858.116912
5694.322593,0.825,0.835,200,13862.799271
5710.645589,0.83,0.83,200,13867.447578
5690.306844,0.845,0.85,200,13872.017526
5732.608378,0.855,0.865,200,13876.588835
5688.829151,0.82,0.825,200,13881.336823
5682.940508,0.845,0.845,200,13885.886872
5782.861003,0.89,0.89,200,13890.573205
5729.100073,0.86,0.87,200,13895.219289
5766.037605,0.87,0.87,200,13899.784992
5652.224351,0.825,0.855,200,13906.445581
5645.217162,0.85,0.875,200,13911.09377
5705.096048,0.83,0.83,200,13915.680225
5688.139587,0.81,0.81,200,13920.293052
5739.4134,0.87,0.875,200,13925.051002
5659.091352,0.86,0.865,200,13929.605321
5673.075022,0.85,0.87,200,13934.142437
4866.865934,0.865,0.865,200,13938.79063
5284.544561,0.85,0.85,200,13943.539444
5736.119351,0.845,0.845,200,13948.120844
5735.587922,0.84,0.845,200,13954.916392
5698.041472,0.835,0.835,200,13959.288745
5610.962878,0.815,0.815,200,13963.875736
5747.564346,0.86,0.87,200,13968.479822
5681.783309,0.825,0.825,200,13973.193552
5738.039649,0.835,0.85,200,13977.643416
4547.779788,0.68,0.68,200,13982.245716
5441.675335,0.865,0.87,200,13986.928989
5682.873927,0.8,0.805,200,13991.471812
5742.603865,0.855,0.865,200,13996.156343
5536.096771,0.835,0.855,200,14002.970218
5626.809102,0.81,0.81,200,14007.779598
5776.392457,0.86,0.865,200,14012.455919
5443.242175,0.845,0.855,200,14017.083406
5765.516098,0.86,0.86,200,14021.697286
5600.016546,0.805,0.805,200,14026.46718
5693.162537,0.815,0.815,200,14031.17986
5647.659324,0.82,0.82,200,14035.901255
5694.518181,0.82,0.82,200,14040.464817
5700.254743,0.83,0.835,200,14045.149922
5726.103034,0.84,0.84,200,14052.079296
5687.852876,0.825,0.835,200,14056.552499
5636.89176,0.8,0.8,200,14061.196419
5590.396592,0.81,0.81,200,14065.835125
4892.563591,0.855,0.86,200,14070.351342
5728.950266,0.855,0.87,200,14075.06422
5771.698995,0.86,0.86,200,14079.707025
5705.000744,0.85,0.85,200,14084.318271
4118.546834,0.685,0.705,200,14089.016738
5678.832121,0.835,0.845,200,14093.532302
5707.646314,0.825,0.83,200,14100.244885
5748.730638,0.84,0.84,200,14104.898568
5673.907525,0.86,0.875,200,14109.500973
5543.240961,0.855,0.855,200,14114.165879
5398.388501,0.86,0.86,200,14118.835609
5144.42871,0.875,0.875,200,14123.399963
5768.185986,0.855,0.86,200,14127.985595
5700.072416,0.835,0.835,200,14132.737645
5506.849351,0.805,0.85,200,14137.312435
5621.701665,0.8,0.82,200,14141.871229
5713.951022,0.865,0.865,200,14148.594198
4813.398693,0.875,0.875,200,14153.257737
5725.532128,0.835,0.84,200,14157.854026
5718.145646,0.815,0.825,200,14162.490661
5699.689042,0.835,0.835,200,14167.21201
5767.610997,0.86,0.86,200,14171.899244
5258.839067,0.84,0.865,200,14176.492039
5786.270771,0.875,0.88,200,14181.328729
5753.671855,0.85,0.86,200,14185.886036
5706.672667,0.83,0.83,200,14190.415831
5312.213437,0.855,0.86,200,14197.258026
5564.439612,0.82,0.84,200,14201.915121
5756.260353,0.84,0.85,200,14206.594806
5773.715582,0.855,0.86,200,14211.338355
5712.887402,0.815,0.82,200,14215.961043
5708.89973,0.815,0.825,200,14220.658738
5763.331618,0.86,0.87,200,14225.37058
5754.706487,0.85,0.85,200,14230.010317
5643.625369,0.835,0.845,200,14234.667809
5767.589214,0.87,0.875,200,14239.431946
5703.821655,0.8,0.82,200,14246.303271
5668.292593,0.825,0.825,200,14250.988065
5285.765912,0.865,0.865,200,14255.662295
5768.763369,0.845,0.855,200,14260.368278
5695.820257,0.795,0.81,200,14265.124241
5690.821687,0.825,0.83,200,14269.793027
5641.514158,0.86,0.86,200,14274.391798
5746.244887,0.835,0.84,200,14279.052427
5695.300238,0.805,0.815,200,14283.737155
5716.049311,0.815,0.83,200,14288.411159
5695.54442,0.83,0.835,200,14295.151205
5667.160214,0.85,0.85,200,14299.88529
5699.92315,0.825,0.825,200,14304.538049
5732.642063,0.84,0.84,200,14309.278283
5741.200128,0.86,0.865,200,14313.908231
5774.07129,0.855,0.86,200,14318.560369
5075.047691,0.86,0.865,200,14323.162086
5698.306493,0.835,0.835,200,14327.756068
5576.818757,0.835,0.865,200,14332.432227
5762.382715,0.845,0.85,200,14337.045258
5702.342067,0.86,0.865,200,14343.953292
5733.873407,0.845,0.845,200,14348.635498
5638.688164,0.82,0.82,200,14353.273536
5698.67965,0.845,0.85,200,14358.015917
5707.478561,0.82,0.82,200,14362.644381
5595.064629,0.805,0.805,200,14367.314647
5776.054229,0.855,0.865,200,14371.99205
5637.688095,0.81,0.815,200,14376.561618
5731.296808,0.845,0.845,200,14381.292613
5701.160973,0.85,0.85,200,14386.004715
5020.174625,0.7,0.73,200,14392.887744
4863.046295,0.855,0.86,200,14397.650706
5704.046318,0.83,0.83,200,14402.380668
5705.207135,0.825,0.84,200,14407.086038
5688.474197,0.825,0.825,200,14411.891038
5717.761105,0.845,0.85,200,14416.516886
5741.196506,0.835,0.84,200,14421.14165
5626.883429,0.8,0.8,200,14425.879192
5742.337012,0.845,0.845,200,14430.527623
5679.265675,0.83,0.835,200,14435.221021
5760.993175,0.855,0.86,200,14442.138118
5759.07272,0.86,0.86,200,14446.807384
4962.370299,0.67,0.705,200,14451.408712
5787.317591,0.875,0.875,200,14456.053581
5738.098002,0.83,0.83,200,14460.768776
5328.441424,0.86,0.86,200,14465.424455
5722.87735,0.86,0.87,200,14470.101293
5753.757075,0.845,0.85,200,14474.726562
5539.795201,0.845,0.845,200,14479.339008
5752.968342,0.845,0.845,200,14484.028627
5722.022683,0.845,0.845,200,14490.677373
4569.758996,0.87,0.875,200,14495.21261
5621.406215,0.835,0.845,200,14499.805266
5742.414617,0.855,0.865,200,14504.349663
5710.665746,0.835,0.84,200,14508.905687
5378.316248,0.85,0.855,200,14513.490087
5692.942455,0.845,0.85,200,14517.931253
5667.400058,0.845,0.845,200,14522.614255
5746.28767,0.88,0.89,200,14527.307605
5757.963364,0.865,0.875,200,14531.871047
5737.851168,0.855,0.865,200,14538.809419
5643.326901,0.82,0.82,200,14543.463361
5676.181553,0.79,0.79,200,14548.041796
5196.817957,0.84,0.85,200,14552.563952
5674.014811,0.87,0.87,200,14557.191163
5684.615904,0.81,0.82,200,14561.64517
5721.232205,0.825,0.84,200,14566.236339
5771.465445,0.86,0.86,200,14570.779114
5715.952916,0.84,0.84,200,14575.435127
5677.704792,0.83,0.83,200,14580.008357
5702.846635,0.84,0.85,200,14586.883621
5755.906685,0.86,0.86,200,14591.537457
5700.132108,0.84,0.84,200,14596.078909
5519.274192,0.835,0.835,200,14600.597896
4824.286633,0.865,0.865,200,14605.205681
5733.174763,0.865,0.88,200,14609.936612
5709.412539,0.835,0.835,200,14614.559592
5761.9001,0.85,0.855,200,14619.290647
5701.090471,0.805,0.815,200,14623.890594
5714.411764,0.835,0.84,200,14628.354681
5789.129002,0.88,0.88,200,14635.348374
5754.655142,0.865,0.87,200,14640.08472
5700.491967,0.815,0.825,200,14644.77473
5675.510151,0.85,0.85,200,14649.507139
5652.973713,0.81,0.815,200,14654.126494
5792.689187,0.885,0.885,200,14658.891666
4933.990912,0.865,0.87,200,14663.619278
5608.399014,0.81,0.81,200,14668.158596
5712.629243,0.88,0.885,200,14672.814803
5444.019663,0.845,0.85,200,14677.379727
5709.227446,0.83,0.835,200,14684.094393
5782.063938,0.87,0.87,200,14688.824735
4513.694228,0.87,0.87,200,14693.518216
5708.579969,0.82,0.84,200,14698.10373
5786.022829,0.87,0.87,200,14702.765618
5796.418749,0.885,0.885,200,14707.354456
5711.185097,0.82,0.825,200,14711.905046
5762.070319,0.86,0.87,200,14716.638774
5794.05033,0.88,0.88,200,14721.269095
5772.720598,0.855,0.86,200,14726.029642
5368.912286,0.64,0.65,200,14732.918047
5730.316868,0.83,0.845,200,14737.561631
5709.303659,0.835,0.835,200,14742.273179
5764.161307,0.85,0.855,200,14746.83106
5756.375373,0.845,0.845,200,14751.464691
5771.163237,0.87,0.875,200,14756.158784
5350.96698,0.855,0.855,200,14760.784076
5432.275279,0.87,0.87,200,14765.348207
5766.059093,0.86,0.865,200,14769.853269
5630.869554,0.87,0.87,200,14774.586451
5712.254606,0.84,0.84,200,14781.318227
5760.462264,0.845,0.85,200,14785.907528
5710.050527,0.865,0.87,200,14790.554745
5762.714535,0.86,0.86,200,14795.081423
5772.202124,0.855,0.855,200,14799.71768
5656.179953,0.845,0.88,200,14804.425742
5029.064807,0.755,0.76,200,14809.15843
5749.405117,0.84,0.84,200,14813.800709
5695.203423,0.83,0.83,200,14818.475578
5768.59987,0.855,0.855,200,14823.170507
5692.478887,0.83,0.83,200,14830.098671
5765.993874,0.86,0.86,200,14834.693524
5694.335796,0.81,0.81,200,14839.243578
5755.497764,0.84,0.85,200,14843.774588
5783.961796,0.855,0.865,200,14848.329404
5772.261059,0.865,0.865,200,14853.11482
5771.83597,0.855,0.865,200,14857.554673
5686.093065,0.83,0.83,200,14862.047028
5674.14936,0.85,0.86,200,14866.649461
5733.129877,0.845,0.845,200,14871.324254
5784.346145,0.86,0.87,200,14877.959434
5689.036575,0.81,0.835,200,14882.486741
5708.393092,0.835,0.84,200,14887.022686
5706.146945,0.815,0.815,200,14891.465987
5066.581542,0.85,0.85,200,14896.001821
5746.067604,0.855,0.855,200,14900.455596
5631.558375,0.87,0.88,200,14904.855429
5299.506773,0.855,0.855,200,14909.367307
5654.039149,0.81,0.81,200,14913.733831
5668.168311,0.84,0.84,200,14918.167749
5689.466387,0.825,0.83,200,14924.890562
5696.957844,0.83,0.83,200,14929.3157
3483.581189,0.35,0.36,200,14933.782445
5610.799637,0.87,0.875,200,14938.293901
5715.209184,0.82,0.82,200,14942.912001
5707.372777,0.815,0.82,200,14947.618503
5311.392144,0.87,0.87,200,14952.127431
5712.63626,0.82,0.825,200,14956.7203
5738.769222,0.87,0.88,200,14961.143908
5785.774646,0.865,0.88,200,14965.527704
5750.394079,0.85,0.86,200,14972.02608
5669.393739,0.815,0.82,200,14976.566461
4955.906612,0.84,0.84,200,14981.20188
2428.216122,0.105,0.115,200,14985.683397
5772.514899,0.85,0.86,200,14990.259459
5657.747877,0.81,0.825,200,14994.772557
3900.052226,0.865,0.87,200,14999.119118
5704.379622,0.82,0.82,200,15003.679738
5712.579249,0.84,0.84,200,15008.221389
5628.980629,0.785,0.785,200,15012.667136
5739.075022,0.855,0.855,200,15019.523659
5691.773884,0.835,0.835,200,15023.815126
5715.678743,0.825,0.825,200,15028.241456
5779.683707,0.86,0.87,200,15032.959218
5704.750367,0.835,0.835,200,15037.480377
4841.242221,0.87,0.87,200,15042.065815
5027.65856,0.87,0.87,200,15046.733898
5740.978028,0.85,0.85,200,15051.325698
5777.903267,0.86,0.87,200,15055.795653
5668.445664,0.86,0.88,200,15060.316471
5710.12044,0.82,0.825,200,15067.33053
3759.273768,0.88,0.885,200,15071.851453
5775.014409,0.855,0.87,200,15076.471945
5706.362865,0.855,0.86,200,15081.015817
5177.87812,0.855,0.855,200,15085.705395
5482.309598,0.86,0.86,200,15090.531974
5563.080958,0.825,0.87,200,15095.244784
5704.117665,0.82,0.82,200,15099.84935
5718.499159,0.83,0.835,200,15104.350078
5700.282721,0.82,0.82,200,15108.947684
5539.248852,0.86,0.86,200,15115.428392
5731.051973,0.85,0.85,200,15119.87872
3897.902361,0.875,0.875,200,15124.273836
5622.735888,0.815,0.815,200,15128.573292
5656.603368,0.845,0.86,200,15132.864979
5712.023838,0.835,0.84,200,15137.386031
5734.618088,0.83,0.84,200,15141.689598
5706.939933,0.82,0.82,200,15146.17869
5722.801821,0.84,0.845,200,15150.687475
5747.450617,0.865,0.88,200,15155.292578
5745.15551,0.83,0.84,200,15161.864893
5334.991464,0.855,0.86,200,15166.204085
5738.43873,0.865,0.865,200,15170.825144
5669.252293,0.84,0.84,200,15175.322961
5718.315648,0.815,0.825,200,15180.017514
5713.805548,0.83,0.83,200,15184.684671
5644.516562,0.81,0.825,200,15189.210676
5536.514335,0.85,0.865,200,15193.795718
5711.462947,0.835,0.84,200,15198.340453
5686.269069,0.805,0.805,200,15202.854008
5764.136367,0.845,0.85,200,15209.720165
5745.340174,0.855,0.855,200,15214.187334
5665.582396,0.82,0.825,200,15218.736005
5684.108595,0.805,0.805,200,15223.175134
5616.826292,0.87,0.87,200,15227.639499
5781.301473,0.875,0.875,200,15232.136159
4834.139509,0.68,0.71,200,15236.582127
5601.544881,0.86,0.87,200,15241.019227
4951.472131,0.855,0.855,200,15245.473617
5680.962886,0.825,0.835,200,15249.907307
5701.973534,0.815,0.815,200,15256.256432
5680.174332,0.79,0.79,200,15260.485568
5612.17581,0.85,0.85,200,15265.017992
5694.613695,0.835,0.84,200,15269.534377
5757.512766,0.85,0.86,200,15274.106838
5681.346652,0.825,0.825,200,15278.426788
5619.373377,0.87,0.875,200,15282.851015
4581.446859,0.715,0.715,200,15287.374933
5661.162539,0.81,0.825,200,15292.019828
5791.83526,0.875,0.875,200,15296.722594
5557.992567,0.84,0.855,200,15303.37018
5712.82742,0.835,0.84,200,15308.01086
5617.113929,0.8,0.815,200,15312.683093
5777.803276,0.855,0.865,200,15317.196725
5787.830814,0.87,0.87,200,15321.722407
5735.200125,0.85,0.86,200,15326.342028
5736.086631,0.85,0.85,200,15331.044276
5628.257785,0.815,0.815,200,15335.738451
5403.490351,0.865,0.865,200,15340.433557
5620.233447,0.79,0.81,200,15345.157679
5660.517656,0.79,0.79,200,15352.166655
5662.618283,0.84,0.875,200,15356.876735
5121.350337,0.865,0.865,200,15361.659127
5627.646901,0.85,0.87,200,15366.420105
5771.793747,0.86,0.865,200,15371.066035
5692.641216,0.83,0.83,200,15375.796157
5561.255225,0.85,0.85,200,15380.532559
5791.031969,0.885,0.885,200,15385.292483
5616.670076,0.85,0.865,200,15389.771459
5650.113168,0.83,0.83,200,15394.5432
5711.341088,0.84,0.845,200,15400.986989
5769.774859,0.87,0.88,200,15405.635838
5701.096977,0.845,0.845,200,15410.310318
5772.241013,0.86,0.86,200,15415.004949
4192.121882,0.88,0.88,200,15419.504307
5698.272714,0.84,0.84,200,15424.113734
4845.503072,0.88,0.88,200,15428.487853
5712.438938,0.83,0.83,200,15433.143556
5716.30324,0.87,0.89,200,15437.842672
5784.735541,0.87,0.87,200,15442.461294
5769.418273,0.86,0.865,200,15449.399106
5591.510484,0.86,0.88,200,15454.125038
5653.15262,0.845,0.86,200,15458.737369
5718.840121,0.825,0.83,200,15463.374528
5665.560005,0.82,0.835,200,15468.085641
5691.531312,0.85,0.85,200,15472.746011
5704.589425,0.82,0.825,200,15477.511365
5778.894378,0.86,0.865,200,15482.195385
5779.903863,0.865,0.865,200,15486.954256
5737.079637,0.86,0.865,200,15491.732583
4974.711428,0.65,0.67,200,15498.660385
5733.976408,0.86,0.87,200,15503.203902
5718.036707,0.83,0.83,200,15507.863272
5676.572602,0.825,0.83,200,15512.544869
5705.434133,0.835,0.845,200,15517.291885
5746.914566,0.845,0.85,200,15521.960461
5682.038797,0.84,0.845,200,15526.750305
5705.169658,0.82,0.825,200,15531.502885
5703.808215,0.795,0.815,200,15536.261528
5664.579388,0.84,0.85,200,15540.953494
5341.163257,0.85,0.86,200,15547.855181
5681.053453,0.815,0.83,200,15552.517972
5712.225955,0.855,0.86,200,15557.26958
5644.348029,0.845,0.85,200,15562.085566
5750.428707,0.845,0.85,200,15566.808072
5711.089138,0.825,0.825,200,15571.643726
5790.033399,0.86,0.875,200,15576.455505
5679.886344,0.795,0.81,200,15581.245402
5667.027253,0.85,0.875,200,15585.960007
5704.279121,0.845,0.845,200,15590.588871
4701.457509,0.85,0.855,200,15597.259511
5405.378702,0.85,0.855,200,15601.963259
5737.229223,0.85,0.85,200,15606.643673
5775.680176,0.865,0.865,200,15611.30204
5784.725216,0.865,0.87,200,15616.136181
5724.61051,0.87,0.875,200,15620.846244
5538.801317,0.85,0.86,200,15625.534666
5717.457582,0.825,0.835,200,15630.280077
5634.639144,0.82,0.82,200,15634.970069
5757.580267,0.85,0.85,200,15639.776165
5751.318681,0.86,0.87,200,15646.790123
5094.398881,0.87,0.87,200,15651.536927
5642.403732,0.8,0.82,200,15656.239256
5691.149365,0.845,0.845,200,15661.02993
5616.62365,0.81,0.81,200,15665.759421
5484.047809,0.855,0.86,200,15670.493064
5740.376074,0.87,0.875,200,15675.166987
5680.369883,0.835,0.835,200,15679.883636
5765.743583,0.86,0.86,200,15684.508354
5768.96821,0.86,0.86,200,15689.186126
5787.631835,0.865,0.875,200,15696.132415
5647.485777,0.84,0.845,200,15700.917888
5762.821248,0.865,0.87,200,15705.587478
5722.739545,0.83,0.84,200,15710.241582
5517.721239,0.865,0.88,200,15714.979385
5770.38679,0.845,0.865,200,15719.638837
5650.719671,0.835,0.84,200,15724.323379
4895.45901,0.87,0.87,200,15729.017131
5690.252486,0.805,0.805,200,15733.75269
5779.858114,0.855,0.86,200,15738.450111
5790.629579,0.865,0.875,200,15745.393145
5741.410644,0.85,0.85,200,15750.110486
5647.449524,0.815,0.825,200,15754.906723
5604.947633,0.81,0.81,200,15759.579834
5609.01341,0.81,0.815,200,15764.243303
5768.671465,0.865,0.87,200,15769.065933
5740.05369,0.845,0.845,200,15773.769495
5683.35271,0.84,0.855,200,15778.457375
5676.287133,0.82,0.82,200,15783.118336
5663.683802,0.85,0.855,200,15787.754806
3995.637548,0.875,0.88,200,15794.707871
5660.176397,0.835,0.845,200,15799.321506
5780.606053,0.865,0.87,200,15803.971451
5720.131311,0.875,0.875,200,15808.750133
5689.844268,0.825,0.825,200,15813.428643
5773.773807,0.855,0.86,200,15818.184985
5683.97745,0.83,0.83,200,15822.987002
5647.880178,0.8,0.82,200,15827.637594
5651.462794,0.82,0.82,200,15832.338529
5731.816168,0.85,0.85,200,15837.108769
5757.024197,0.845,0.86,200,15844.048886
5579.100624,0.845,0.845,200,15848.905502
5792.369185,0.885,0.885,200,15853.55685
5799.058945,0.885,0.885,200,15858.208516
5759.583199,0.87,0.885,200,15863.007091
5793.266957,0.86,0.875,200,15867.558848
5770.442795,0.855,0.865,200,15872.303331
5750.216244,0.855,0.87,200,15877.088793
5659.749604,0.815,0.825,200,15881.894336
5702.028458,0.855,0.86,200,15886.639713
4778.73195,0.875,0.875,200,15893.428927
5072.756782,0.695,0.765,200,15898.190652
5714.237616,0.82,0.825,200,15902.992849
5256.226181,0.85,0.855,200,15907.644052
5638.461559,0.81,0.81,200,15912.3853
5371.799025,0.865,0.865,200,15917.091161
5699.302197,0.805,0.815,200,15921.858317
5761.873353,0.865,0.865,200,15926.583681
5733.939551,0.865,0.875,200,15931.246458
5700.854985,0.845,0.845,200,15936.047512
5782.586067,0.87,0.875,200,15942.909638
5693.616652,0.855,0.865,200,15947.556522
5795.932748,0.885,0.89,200,15952.285918
5756.237459,0.85,0.86,200,15957.199506
5372.273861,0.87,0.89,200,15961.892576
5772.234044,0.865,0.88,200,15966.639617
5196.233704,0.67,0.685,200,15971.280826
5731.798799,0.845,0.845,200,15976.029731
5713.144445,0.85,0.855,200,15980.839483
5725.938936,0.83,0.835,200,15985.526217
5697.691148,0.86,0.875,200,15992.628858
5698.077406,0.825,0.825,200,15997.369133
5741.684561,0.84,0.85,200,16002.167274
5719.821169,0.84,0.84,200,16006.90765
5744.376945,0.865,0.865,200,16011.638134
5715.765597,0.85,0.85,200,16016.307117
4863.943345,0.88,0.88,200,16020.9001
5739.188761,0.86,0.885,200,16025.60897
5774.07697,0.865,0.865,200,16030.384997
5672.426248,0.85,0.85,200,16035.094739
5640.346084,0.845,0.86,200,16042.128918
5790.80901,0.875,0.875,200,16046.871493
5693.094187,0.855,0.86,200,16051.552024
5718.214627,0.84,0.845,200,16056.228631
5593.96329,0.845,0.865,200,16061.003678
5778.960423,0.855,0.87,200,16065.729334
5701.564086,0.865,0.87,200,16070.597631
5597.053507,0.8,0.8,200,16075.334297
5776.369668,0.865,0.865,200,16080.06868
5587.432411,0.865,0.865,200,16084.717225
5726.961255,0.83,0.835,200,16091.447004
5565.489195,0.855,0.86,200,16096.078581
5719.745213,0.845,0.845,200,16100.850666
5324.12941,0.85,0.86,200,16105.507007
5793.79229,0.875,0.885,200,16110.303182
5683.728761,0.85,0.855,200,16115.100035
5699.35296,0.85,0.87,200,16119.829866
5717.235689,0.87,0.87,200,16124.548994
5744.706585,0.84,0.84,200,16129.223178
4817.363947,0.75,0.76,200,16133.918963
5754.383596,0.86,0.86,200,16141.119083
5286.448929,0.86,0.86,200,16145.922599
5774.533543,0.87,0.875,200,16150.688635
5785.492803,0.865,0.88,200,16155.542953
5673.352948,0.86,0.86,200,16160.236699
5703.282952,0.815,0.815,200,16165.122902
5616.799231,0.82,0.82,200,16169.833005
5222.730942,0.865,0.865,200,16174.657711
5746.696989,0.87,0.87,200,16179.482329
5652.565075,0.85,0.875,200,16184.241108
5699.113419,0.84,0.845,200,16191.237249
5747.604088,0.865,0.875,200,16195.986096
5684.228476,0.85,0.86,200,16200.739069
5661.168869,0.825,0.825,200,16205.564745
5708.698162,0.82,0.82,200,16210.314709
4760.876043,0.885,0.885,200,16215.143848
5704.016421,0.86,0.87,200,16219.889531
5071.503436,0.865,0.865,200,16224.748275
5711.605943,0.865,0.88,200,16229.457567
5773.735035,0.87,0.88,200,16234.265951
5541.559728,0.88,0.88,200,16241.302618
5710.70878,0.825,0.835,200,16246.080788
5713.266673,0.82,0.82,200,16250.792337
5717.716783,0.84,0.84,200,16255.532882
5795.306257,0.875,0.875,200,16260.149314
5654.016172,0.865,0.875,200,16264.803714
5676.238129,0.87,0.87,200,16269.420939
5714.779179,0.835,0.835,200,16274.029444
5744.927086,0.885,0.89,200,16278.700588
5722.969501,0.86,0.87,200,16283.388247
5686.329125,0.83,0.83,200,16290.29854
5700.040014,0.84,0.84,200,16295.116141
5692.434653,0.84,0.84,200,16299.955882
5756.247934,0.86,0.86,200,16304.738995
5701.122349,0.82,0.825,200,16309.442269
5736.389851,0.84,0.84,200,16314.099929
5712.594258,0.835,0.835,200,16318.915972
5749.472246,0.87,0.88,200,16323.580781
5746.501378,0.865,0.875,200,16328.167329
5698.626587,0.845,0.85,200,16332.807888
5662.645956,0.82,0.82,200,16339.670524
5753.702686,0.855,0.855,200,16344.358084
5744.896426,0.855,0.855,200,16348.990217
5785.857575,0.86,0.865,200,16353.625559
5641.174313,0.82,0.82,200,16358.253946
5696.767924,0.84,0.84,200,16362.995296
5758.818751,0.855,0.86,200,16367.756985
5750.03757,0.86,0.88,200,16372.468637
5710.664654,0.81,0.815,200,16377.014293
5743.305946,0.845,0.845,200,16381.701605
5738.281512,0.84,0.84,200,16388.651392
5777.323627,0.885,0.885,200,16393.337668
5739.986748,0.835,0.85,200,16398.147058
5777.43783,0.855,0.87,200,16402.82333
5700.749062,0.835,0.85,200,16407.630661
5068.222405,0.88,0.88,200,16412.352096
5647.997072,0.82,0.82,200,16417.119195
5794.059163,0.875,0.88,200,16421.837753
5748.481319,0.85,0.85,200,16426.502721
4974.465898,0.88,0.88,200,16431.329997
5717.777814,0.84,0.84,200,16438.238623
5803.030463,0.87,0.885,200,16443.089795
5729.142127,0.86,0.865,200,16447.830752
5710.809085,0.84,0.84,200,16452.474067
5756.817336,0.86,0.87,200,16457.100336
5749.937199,0.87,0.88,200,16461.762136
5192.652421,0.87,0.87,200,16466.450662
5790.235293,0.87,0.875,200,16471.193455
5678.28995,0.84,0.85,200,16475.860414
5163.163537,0.87,0.875,200,16480.449109
5700.247909,0.83,0.83,200,16487.228972
5636.275097,0.815,0.815,200,16491.946776
5748.339954,0.865,0.875,200,16496.585968
5749.952223,0.85,0.85,200,16501.256676
5668.809819,0.825,0.825,200,16505.959047
5698.303336,0.845,0.855,200,16510.639087
3792.939325,0.87,0.895,200,16515.285286
5681.052643,0.83,0.83,200,16520.022692
5690.406335,0.815,0.815,200,16524.653176
5764.137628,0.845,0.845,200,16529.302142
5492.582125,0.885,0.885,200,16536.250054
5713.168807,0.855,0.86,200,16541.023748
5576.000534,0.865,0.865,200,16545.704344
5761.444859,0.86,0.86,200,16550.428157
5627.03484,0.85,0.86,200,16555.132413
5710.212664,0.83,0.84,200,16559.737497
5694.584818,0.835,0.835,200,16564.397019
5035.579271,0.86,0.86,200,16569.01243
5637.688727,0.82,0.82,200,16573.807245
5789.385524,0.87,0.875,200,16578.592269
5757.188553,0.845,0.845,200,16585.747887
5775.607153,0.85,0.855,200,16590.581386
5715.121775,0.83,0.83,200,16595.450865
5661.123915,0.82,0.82,200,16600.146987
5730.450228,0.845,0.845,200,16604.971385
5621.761245,0.85,0.89,200,16609.736652
5780.916144,0.865,0.865,200,16614.405612
5702.078766,0.845,0.845,200,16619.128891
4817.509526,0.74,0.77,200,16623.797704
5751.739975,0.87,0.875,200,16628.516487
5543.315348,0.875,0.895,200,16635.404288
5691.302999,0.86,0.86,200,16640.18491
5705.950319,0.835,0.84,200,16644.935988
5628.41632,0.795,0.815,200,16649.541605
5673.425683,0.815,0.825,200,16654.279979
5668.035194,0.865,0.865,200,16658.869743
5754.228447,0.845,0.845,200,16663.49732
5711.145383,0.805,0.825,200,16668.162378
5712.397952,0.83,0.83,200,16672.909417
5711.69873,0.835,0.835,200,16677.554123
5712.856452,0.855,0.86,200,16684.309973
5708.14722,0.83,0.83,200,16689.008432
5638.497413,0.815,0.815,200,16693.740978
5710.010493,0.83,0.83,200,16698.360016
5683.71792,0.85,0.855,200,16702.990183
5564.136731,0.835,0.85,200,16707.760258
5796.450943,0.875,0.885,200,16712.457957
5670.958997,0.775,0.785,200,16717.181855
5675.890382,0.845,0.85,200,16721.880455
5752.156519,0.875,0.885,200,16726.448311
5297.465477,0.865,0.865,200,16733.40028
4802.894841,0.87,0.87,200,16738.135631
5766.986348,0.865,0.875,200,16742.836417
5716.650768,0.835,0.835,200,16747.591269
5721.377149,0.855,0.875,200,16752.372033
5466.891613,0.85,0.855,200,16757.040018
5451.967049,0.84,0.85,200,16761.758167
5699.200865,0.815,0.82,200,16766.40857
5534.954519,0.86,0.86,200,16771.05861
5710.315033,0.825,0.83,200,16775.890513
5769.230027,0.87,0.875,200,16782.776623
5713.171833,0.835,0.845,200,16787.671101
5502.492748,0.855,0.86,200,16792.373391
5770.437019,0.845,0.855,200,16796.986796
5759.003845,0.88,0.885,200,16801.584721
5630.043284,0.855,0.87,200,16806.420573
5404.835467,0.71,0.725,200,16811.121152
5797.255154,0.88,0.88,200,16815.891585
5781.337598,0.865,0.875,200,16820.667116
5687.424252,0.855,0.87,200,16825.427797
5742.856219,0.85,0.85,200,16832.304803
5722.77534,0.845,0.845,200,16837.085191
5690.161417,0.875,0.88,200,16841.659927
5716.990985,0.82,0.825,200,16846.410408
5780.170934,0.88,0.89,200,16851.082927
5692.191077,0.81,0.81,200,16855.73651
5241.927221,0.865,0.87,200,16860.523065
5525.364976,0.85,0.875,200,16865.141278
4874.316926,0.7,0.735,200,16869.67038
4904.745434,0.835,0.855,200,16874.367618
5787.603775,0.87,0.87,200,16881.348756
5654.513127,0.815,0.815,200,16885.972987
5672.85425,0.85,0.855,200,16890.595019
5794.945275,0.86,0.875,200,16895.356857
5702.150776,0.835,0.835,200,16900.153682
5679.35306,0.85,0.855,200,16904.921798
5055.416026,0.89,0.89,200,16909.677444
5680.371839,0.85,0.85,200,16914.338489
5630.676614,0.81,0.815,200,16919.082616
5626.567508,0.87,0.88,200,16923.656243
5720.205262,0.83,0.845,200,16930.550723
5602.16349,0.85,0.855,200,16935.252854
5621.013742,0.86,0.88,200,16939.796567
5727.826542,0.865,0.885,200,16944.417059
5654.993809,0.85,0.855,200,16949.141262
5544.355346,0.85,0.87,200,16953.899486
5684.512724,0.855,0.875,200,16958.695957
5265.090118,0.865,0.865,200,16963.392049
5772.893275,0.86,0.86,200,16968.065161
5484.065554,0.86,0.865,200,16972.842422
5688.138309,0.835,0.835,200,16979.456859
5757.849651,0.86,0.86,200,16984.144943
5782.485931,0.865,0.87,200,16988.714256
5615.914679,0.865,0.87,200,16993.30591
5663.769344,0.855,0.88,200,16997.872751
5342.576279,0.865,0.875,200,17002.437015
5691.428579,0.845,0.845,200,17007.174455
4175.553426,0.4,0.405,200,17011.668425
5755.208716,0.865,0.88,200,17016.180599
5705.399749,0.825,0.825,200,17020.729595
5701.379307,0.83,0.835,200,17027.60618
5227.352847,0.885,0.885,200,17032.047022
5699.706293,0.83,0.835,200,17036.562215
5781.903151,0.89,0.89,200,17041.054008
5783.371772,0.86,0.87,200,17045.636458
5666.896575,0.825,0.825,200,17050.152799
5615.330102,0.85,0.86,200,17054.651906
5691.510806,0.855,0.855,200,17059.102993
5722.991147,0.86,0.86,200,17063.535131
5764.351932,0.87,0.875,200,17068.109863
3745.72471,0.89,0.89,200,17074.910483
5712.638043,0.82,0.82,200,17079.39473
5062.452676,0.87,0.875,200,17083.985927
5708.427398,0.865,0.865,200,17088.43122
5689.042993,0.85,0.86,200,17092.908263
5653.023968,0.82,0.82,200,17097.591401
5774.939498,0.865,0.875,200,17102.235729
5695.368154,0.83,0.83,200,17106.883674
5703.615479,0.845,0.845,200,17111.379062
5797.109589,0.89,0.89,200,17115.88739
5695.546998,0.86,0.865,200,17122.746736
5725.088659,0.83,0.845,200,17127.450271
5710.224926,0.86,0.87,200,17132.05751
5768.246392,0.855,0.865,200,17136.622503
5772.678965,0.875,0.875,200,17141.234376
5745.544758,0.855,0.855,200,17145.945021
5709.742327,0.835,0.835,200,17150.398393
5519.665562,0.815,0.855,200,17155.013025
5764.110304,0.855,0.86,200,17159.555443
5745.585497,0.855,0.865,200,17164.107254
5678.228557,0.85,0.88,200,17170.753822
5704.993085,0.815,0.815,200,17175.307697
5698.662508,0.85,0.855,200,17179.940254
5615.806346,0.835,0.86,200,17184.526274
5796.329855,0.865,0.88,200,17189.184534
5053.708166,0.85,0.875,200,17193.845418
5515.848985,0.84,0.875,200,17198.255826
5770.289145,0.86,0.865,200,17203.009075
5777.454924,0.865,0.865,200,17207.823232
5072.198613,0.885,0.885,200,17212.646914
5715.878858,0.815,0.835,200,17219.538227
5389.294756,0.865,0.87,200,17224.241326
5405.056886,0.885,0.885,200,17228.952743
5751.007682,0.845,0.85,200,17233.700027
5757.109208,0.855,0.88,200,17238.385012
5535.269865,0.865,0.865,200,17243.174899
5524.825937,0.865,0.87,200,17247.902546
5794.25456,0.87,0.885,200,17252.730986
5691.931629,0.865,0.87,200,17257.45688
5645.165382,0.815,0.815,200,17262.149843
5770.440961,0.86,0.865,200,17269.258894
5713.003302,0.84,0.84,200,17273.996271
5084.214077,0.87,0.87,200,17278.726886
5686.589125,0.8,0.8,200,17283.342175
5711.922222,0.855,0.855,200,17288.021004
5788.776904,0.87,0.88,200,17292.773069
5773.455019,0.86,0.86,200,17297.594908
5744.942122,0.84,0.855,200,17302.354861
5697.871947,0.81,0.81,200,17307.133745
5709.20985,0.83,0.835,200,17311.779127
5724.289073,0.835,0.835,200,17318.750697
5373.206734,0.855,0.86,200,17323.503915
5712.29993,0.84,0.84,200,17328.058335
5784.243237,0.86,0.87,200,17332.809273
5714.364522,0.84,0.84,200,17337.559796
5674.955033,0.84,0.845,200,17342.259912
5706.481059,0.835,0.84,200,17347.072829
5679.849282,0.82,0.845,200,17351.827498
5745.606482,0.855,0.855,200,17356.535497
5760.792399,0.845,0.855,200,17361.264764
5685.809481,0.855,0.86,200,17368.169722
5690.794701,0.835,0.835,200,17372.757456
5805.36011,0.885,0.885,200,17377.359496
5787.106776,0.86,0.87,200,17381.923616
5659.378384,0.86,0.865,200,17386.623108
5493.69838,0.885,0.885,200,17391.249786
5773.827242,0.855,0.86,200,17395.893647
5739.568887,0.835,0.845,200,17400.560232
5652.086161,0.86,0.87,200,17405.022166
5716.195448,0.83,0.835,200,17409.737875
5674.497194,0.84,0.865,200,17416.336015
5698.774036,0.84,0.845,200,17420.885762
5662.619079,0.845,0.86,200,17425.536027
5681.472306,0.845,0.855,200,17430.082382
5700.07165,0.84,0.84,200,17434.740926
5655.297774,0.85,0.87,200,17439.208288
5674.041895,0.82,0.82,200,17443.805443
5279.937366,0.875,0.875,200,17448.23899
5694.044908,0.81,0.81,200,17452.689527
5673.298108,0.86,0.86,200,17457.066512
5596.265617,0.87,0.89,200,17463.848757
5696.69817,0.825,0.83,200,17468.46444
5706.517395,0.82,0.825,200,17472.895573
5690.146466,0.805,0.81,200,17477.471222
5471.643317,0.865,0.87,200,17482.028139
5707.693781,0.825,0.825,200,17486.462725
5687.660428,0.83,0.83,200,17491.057297
5533.78968,0.835,0.865,200,17495.472004
5780.857887,0.865,0.87,200,17500.00152
5703.683873,0.82,0.82,200,17504.372957
5640.996261,0.82,0.82,200,17511.002438
5677.854718,0.81,0.825,200,17515.497963
5662.276225,0.82,0.82,200,17520.092721
5719.584406,0.845,0.845,200,17524.690554
5674.810449,0.85,0.86,200,17529.24616
5743.346078,0.85,0.86,200,17533.857324
5759.997795,0.855,0.855,200,17538.442445
5561.457044,0.84,0.895,200,17543.022323
5714.317625,0.835,0.845,200,17547.608265
5268.423977,0.88,0.885,200,17552.288372
5684.932904,0.805,0.805,200,17559.059733
5624.662211,0.845,0.87,200,17563.676812
5265.591102,0.875,0.885,200,17568.308762
5807.403296,0.89,0.89,200,17572.876562
5682.884401,0.85,0.855,200,17577.569876
5400.194569,0.89,0.89,200,17582.065784
5735.520842,0.865,0.865,200,17586.639961
5624.137115,0.805,0.805,200,17591.329817
5747.098409,0.865,0.88,200,17595.81257
5644.451298,0.81,0.815,200,17600.502122
5717.788337,0.835,0.84,200,17607.390578
5688.721376,0.83,0.835,200,17612.032049
5759.26758,0.85,0.855,200,17616.671132
5723.937742,0.865,0.875,200,17621.263369
5684.332487,0.855,0.86,200,17625.816171
5771.191854,0.865,0.88,200,17630.419302
5762.898335,0.875,0.875,200,17635.029954
5472.279701,0.875,0.875,200,17639.576071
5661.141812,0.855,0.86,200,17644.22713
5774.170185,0.875,0.875,200,17648.946916
5754.860787,0.84,0.845,200,17655.842732
5657.693306,0.815,0.815,200,17660.480421
5690.110373,0.805,0.81,200,17665.112776
5765.112008,0.87,0.875,200,17669.630319
5753.04458,0.875,0.88,200,17674.074807
5203.655276,0.885,0.885,200,17678.607089
5721.704992,0.86,0.86,200,17683.252519
5692.856736,0.82,0.82,200,17687.888425
5617.769646,0.86,0.87,200,17692.631572
5690.080099,0.84,0.855,200,17697.294869
5636.679005,0.86,0.88,200,17704.036568
5770.250508,0.87,0.88,200,17708.623664
5773.086799,0.86,0.865,200,17713.070559
5674.681121,0.85,0.85,200,17717.708484
5700.3619,0.82,0.82,200,17722.230306
5780.743457,0.875,0.875,200,17726.769354
5786.76964,0.87,0.88,200,17731.253297
5804.158948,0.88,0.89,200,17735.837721
5735.607451,0.865,0.87,200,17740.355309
5658.443239,0.86,0.87,200,17744.724982
5690.019751,0.845,0.845,200,17751.387161
5490.805593,0.84,0.865,200,17755.982108
5788.411702,0.875,0.875,200,17760.575138
5667.876143,0.855,0.86,200,17765.049291
5700.575601,0.835,0.835,200,17769.57853
5717.216674,0.855,0.86,200,17773.993353
3547.929497,0.76,0.76,200,17778.609627
5341.176213,0.87,0.87,200,17783.263254
5702.531984,0.87,0.87,200,17787.836616
5210.928647,0.87,0.88,200,17792.427805
5736.579648,0.825,0.835,200,17799.225157
5746.621916,0.835,0.845,200,17803.845569
5685.730974,0.875,0.885,200,17808.476
5690.551424,0.81,0.82,200,17813.006578
5709.607955,0.84,0.845,200,17817.550636
5706.037494,0.85,0.85,200,17822.069855
5764.994055,0.85,0.855,200,17826.703881
5713.707562,0.83,0.835,200,17831.26437
5672.934492,0.855,0.87,200,17835.920536
5787.019469,0.86,0.87,200,17840.366358
5797.411294,0.865,0.88,200,17847.109227
5709.83902,0.835,0.84,200,17851.569391
5773.831011,0.86,0.86,200,17856.053464
5710.183605,0.82,0.82,200,17860.517389
5627.834856,0.845,0.875,200,17865.044338
5597.752734,0.83,0.86,200,17869.61038
5697.883759,0.835,0.835,200,17874.130248
5477.840322,0.83,0.855,200,17878.786308
4909.538059,0.88,0.885,200,17883.249167
5685.176268,0.805,0.805,200,17887.789948
5577.424571,0.88,0.89,200,17894.382568
5610.182722,0.84,0.85,200,17898.965507
5662.706101,0.86,0.86,200,17903.550901
5772.467924,0.87,0.87,200,17908.072093
5269.212207,0.85,0.865,200,17912.529505
5571.394199,0.865,0.87,200,17917.063126
5788.478073,0.87,0.87,200,17921.719203
5666.246825,0.85,0.875,200,17926.309706
5088.212349,0.735,0.75,200,17930.765273
5802.024672,0.88,0.88,200,17935.255896
5786.186911,0.86,0.865,200,17942.041026
5750.557396,0.85,0.85,200,17946.517865
5651.753346,0.855,0.855,200,17951.05248
5716.849502,0.83,0.83,200,17955.609229
5742.668896,0.87,0.885,200,17960.2022
5658.251306,0.815,0.82,200,17964.834681
5798.245115,0.88,0.88,200,17969.519099
5714.445217,0.85,0.85,200,17974.133029
5167.83225,0.86,0.88,200,17978.566933
5785.126403,0.86,0.87,200,17983.102682
5789.532313,0.865,0.87,200,17989.898058
5782.189517,0.87,0.875,200,17994.403707
5785.297989,0.86,0.87,200,17999.122591
5736.031187,0.845,0.845,200,18003.723542
5691.112357,0.835,0.85,200,18008.42333
5616.713531,0.85,0.855,200,18013.099958
5690.611416,0.82,0.83,200,18017.698234
5700.795159,0.825,0.825,200,18022.123014
5793.389315,0.865,0.87,200,18026.635268
5649.968061,0.805,0.82,200,18031.051655
5691.18634,0.845,0.845,200,18037.857663
5776.016364,0.86,0.86,200,18042.521958
5733.17164,0.84,0.84,200,18047.10444
5765.349915,0.86,0.86,200,18051.643596
5801.007848,0.87,0.88,200,18056.142991
5753.448836,0.85,0.85,200,18060.730421
5732.462333,0.865,0.87,200,18065.28451
5779.892699,0.855,0.865,200,18069.759935
5720.996609,0.86,0.86,200,18074.210243
5695.916425,0.84,0.84,200,18078.748248
5787.002567,0.87,0.87,200,18085.326553
5708.959896,0.85,0.85,200,18089.755583
5788.875568,0.88,0.88,200,18094.142538
5683.621891,0.83,0.83,200,18098.316533
5618.311807,0.85,0.885,200,18102.45737
5689.375472,0.85,0.865,200,18106.786847
5502.501268,0.8,0.8,200,18111.294242
5271.721595,0.865,0.865,200,18115.927763
5670.340785,0.855,0.875,200,18120.605309
5400.809603,0.895,0.895,200,18125.311203
5670.220576,0.86,0.86,200,18132.371957
5693.341449,0.845,0.845,200,18136.944642
4550.311394,0.605,0.655,200,18141.450805
5688.503531,0.81,0.81,200,18145.956162
5758.82517,0.86,0.86,200,18150.536204
5737.57684,0.85,0.85,200,18155.151541
5777.177436,0.875,0.875,200,18159.742837
5513.525534,0.855,0.865,200,18164.248265
5670.779945,0.855,0.86,200,18168.687201
5725.456169,0.87,0.89,200,18173.19731
5611.058674,0.8,0.8,200,18179.932016
5610.702434,0.85,0.875,200,18184.477978
5063.317177,0.255,0.265,200,18188.988175
5436.424134,0.87,0.87,200,18193.456343
5701.42249,0.85,0.85,200,18197.906109
5678.260393,0.85,0.86,200,18202.116643
5717.776559,0.845,0.845,200,18206.456633
5784.705776,0.875,0.875,200,18210.702921
4835.608984,0.88,0.88,200,18215.257485
5720.078075,0.84,0.84,200,18219.799754
5793.83248,0.87,0.88,200,18226.685008
5683.44789,0.86,0.87,200,18231.305532
5690.104393,0.81,0.81,200,18235.898199
5745.663682,0.865,0.865,200,18240.565647
5640.579177,0.805,0.815,200,18245.112139
5707.536285,0.83,0.84,200,18249.61957
5657.309879,0.825,0.825,200,18254.301059
3232.672516,0.46,0.465,200,18258.882274
5693.657004,0.865,0.885,200,18263.570867
5781.747454,0.86,0.86,200,18268.19324
5698.010895,0.825,0.825,200,18274.778265
5771.850417,0.845,0.865,200,18279.355305
5529.239524,0.87,0.885,200,18283.977607
5709.868731,0.84,0.84,200,18288.616663
4972.811571,0.87,0.87,200,18293.314449
5691.50235,0.85,0.86,200,18298.008548
5458.727199,0.88,0.88,200,18302.686328
5708.692902,0.84,0.84,200,18307.239691
5677.848956,0.845,0.855,200,18311.869956
5791.885671,0.875,0.875,200,18316.566399
5724.833843,0.855,0.865,200,18323.456303
5617.674862,0.87,0.87,200,18328.122164
5713.872126,0.825,0.83,200,18332.70418
5705.444001,0.85,0.855,200,18337.390297
5141.430558,0.73,0.755,200,18342.038385
5782.910171,0.86,0.87,200,18346.653541
5707.391536,0.85,0.85,200,18351.448595
5708.485122,0.82,0.82,200,18356.243715
5659.952146,0.865,0.875,200,18360.893793
5685.54465,0.825,0.83,200,18365.621005
5806.217114,0.885,0.885,200,18372.598453
5709.209562,0.835,0.835,200,18377.197842
5779.629268,0.88,0.88,200,18381.971434
5775.714859,0.87,0.875,200,18386.778174
5723.653945,0.865,0.87,200,18391.532278
5701.548349,0.81,0.815,200,18396.376359
5712.693878,0.835,0.84,200,18400.967881
5788.828712,0.87,0.88,200,18405.595089
5704.978212,0.81,0.825,200,18410.235009
5697.655907,0.855,0.855,200,18414.933188
5694.947057,0.86,0.86,200,18421.678317
5719.007137,0.84,0.84,200,18426.149448
5787.747125,0.885,0.885,200,18430.694569
5780.907607,0.87,0.87,200,18435.329948
4970.311399,0.865,0.865,200,18440.014058
5683.130246,0.83,0.83,200,18444.673918
5766.711857,0.86,0.86,200,18449.36506
5802.336412,0.885,0.89,200,18454.01147
5778.185855,0.865,0.865,200,18458.817773
5679.79159,0.83,0.875,200,18463.500947
5782.256001,0.87,0.87,200,18470.289248
5641.93038,0.855,0.86,200,18474.937117
5718.081773,0.83,0.83,200,18479.641343
5763.700952,0.865,0.87,200,18484.400345
5014.953961,0.79,0.79,200,18489.095674
5701.832974,0.805,0.81,200,18493.846721
5771.699539,0.85,0.86,200,18498.519376
5757.167403,0.86,0.87,200,18503.22942
4707.742106,0.885,0.895,200,18507.838725
5687.436253,0.81,0.815,200,18512.46485
5446.347017,0.88,0.88,200,18519.356108
5773.323056,0.865,0.865,200,18524.023444
5677.896771,0.83,0.83,200,18528.792417
5666.926659,0.855,0.855,200,18533.540404
5406.9799,0.885,0.885,200,18538.142059
5777.783501,0.86,0.86,200,18542.765616
5387.427645,0.88,0.885,200,18547.355607
4945.333732,0.69,0.725,200,18551.929505
5040.176638,0.885,0.895,200,18556.413045
5718.521731,0.845,0.85,200,18560.717409
5791.752183,0.87,0.88,200,18567.537892
5753.2618,0.855,0.855,200,18572.103115
5725.030145,0.835,0.84,200,18576.761835
5691.542461,0.855,0.855,200,18581.36688
5750.028426,0.85,0.85,200,18586.013853
5648.646148,0.85,0.86,200,18590.784905
5541.572508,0.855,0.855,200,18595.441769
5774.015908,0.865,0.865,200,18600.18987
5714.014998,0.835,0.835,200,18604.843156
5786.944798,0.88,0.88,200,18609.38485
5690.001137,0.86,0.865,200,18616.286951
5709.19573,0.845,0.845,200,18621.014912
5697.701503,0.85,0.855,200,18625.715541
5798.3791,0.88,0.885,200,18630.379184
5719.720173,0.835,0.84,200,18635.164169
5727.53303,0.84,0.84,200,18639.8314
5708.227146,0.835,0.835,200,18644.441304
5799.65238,0.88,0.88,200,18648.965096
5602.298504,0.86,0.86,200,18653.378536
5787.020937,0.865,0.865,200,18657.817107
5732.084458,0.87,0.87,200,18664.397639
5703.728321,0.85,0.85,200,18668.85256
5703.056617,0.83,0.83,200,18673.32883
5705.32276,0.83,0.83,200,18677.681687
5714.070986,0.83,0.83,200,18682.167252
5250.114517,0.87,0.87,200,18686.65648
5634.213284,0.81,0.82,200,18691.147007
5791.492334,0.87,0.88,200,18695.761835
5701.172689,0.815,0.815,200,18700.315677
5797.91947,0.88,0.88,200,18704.829102
5627.117098,0.815,0.815,200,18711.616438
5710.154,0.865,0.88,200,18716.172454
5653.328564,0.825,0.825,200,18720.662892
5704.03505,0.835,0.835,200,18725.150928
5694.877011,0.835,0.835,200,18729.618092
5632.07366,0.855,0.88,200,18734.294699
5675.978799,0.865,0.865,200,18739.01176
5473.818426,0.875,0.875,200,18743.559309
4702.305491,0.495,0.505,200,18748.240929
5692.343897,0.855,0.87,200,18752.825834
5770.171873,0.855,0.875,200,18759.422163
5804.989301,0.89,0.89,200,18764.124909
5766.954252,0.86,0.87,200,18768.69966
5789.398427,0.87,0.875,200,18773.364352
5635.079033,0.865,0.895,200,18777.876076
5701.196631,0.805,0.805,200,18782.509057
5783.242994,0.86,0.865,200,18787.192814
3926.676474,0.875,0.885,200,18791.649945
5704.854366,0.815,0.815,200,18796.08462
5393.034332,0.88,0.885,200,18800.454457
5772.671983,0.865,0.865,200,18806.99185
5701.20704,0.855,0.855,200,18811.408466
5541.925533,0.865,0.885,200,18815.903895
5785.108042,0.865,0.875,200,18820.477006
5778.382973,0.845,0.865,200,18824.962309
5756.118968,0.86,0.87,200,18829.387331
5714.294334,0.85,0.85,200,18833.84704
5763.731829,0.86,0.86,200,18838.293418
5745.445031,0.845,0.865,200,18842.726697
5733.940721,0.87,0.87,200,18847.218421
5698.929501,0.815,0.815,200,18854.195939
5734.898884,0.87,0.875,200,18858.909984
5678.240986,0.86,0.885,200,18863.401905
5721.114679,0.835,0.84,200,18867.880272
5746.935315,0.86,0.88,200,18872.484885
5757.621735,0.85,0.85,200,18876.891308
5692.469465,0.81,0.81,200,18881.359326
5645.110282,0.86,0.875,200,18885.719325
5753.476676,0.88,0.89,200,18890.261678
5129.485839,0.865,0.865,200,18894.835307
5103.837748,0.875,0.875,200,18901.678326
5644.584053,0.82,0.82,200,18906.397515
5794.975111,0.88,0.88,200,18910.834111
5733.330843,0.85,0.86,200,18915.300618
5699.362105,0.815,0.815,200,18919.779939
5787.863251,0.87,0.87,200,18924.297476
5749.013994,0.86,0.87,200,18928.808864
5753.88944,0.865,0.87,200,18933.322454
5785.485921,0.87,0.87,200,18937.812311
5703.859051,0.82,0.83,200,18942.327448
4005.571406,0.58,0.61,200,18948.926622
5554.744486,0.875,0.88,200,18953.410052
5777.394803,0.895,0.895,200,18957.901779
5708.373022,0.85,0.85,200,18962.597987
5790.622874,0.875,0.875,200,18967.384483
5775.889891,0.86,0.865,200,18972.104607
5373.935926,0.87,0.87,200,18976.809272
5776.565765,0.85,0.87,200,18981.586306
5646.367688,0.82,0.82,200,18986.14238
5791.748666,0.86,0.875,200,18990.646714
5742.316494,0.87,0.88,200,18997.509035
5786.157576,0.875,0.885,200,19002.04376
5766.491575,0.86,0.86,200,19006.614052
5661.206533,0.82,0.82,200,19011.099159
5720.550115,0.865,0.875,200,19015.688877
5700.171815,0.825,0.825,200,19020.281249
5687.143009,0.845,0.85,200,19024.82603
5688.293741,0.8,0.8,200,19029.386798
5692.236864,0.86,0.87,200,19034.05245
5693.629654,0.855,0.855,200,19038.556946
5735.25668,0.85,0.86,200,19045.542755
5699.763204,0.85,0.86,200,19050.065632
5717.070603,0.84,0.84,200,19054.59071
5702.006262,0.84,0.85,200,19059.27001
5689.896462,0.81,0.81,200,19064.024256
5627.117307,0.805,0.815,200,19068.484723
5794.541201,0.865,0.88,200,19072.971745
5696.843855,0.85,0.85,200,19077.488092
5529.40102,0.86,0.86,200,19082.000311
5744.690684,0.85,0.85,200,19086.572038
5635.039978,0.845,0.875,200,19093.253599
5808.289438,0.895,0.895,200,19097.781691
5639.445301,0.815,0.815,200,19102.315109
5654.687583,0.82,0.82,200,19106.779297
5759.334117,0.86,0.875,200,19111.257454
5386.120969,0.87,0.87,200,19115.757282
5674.733615,0.86,0.865,200,19120.129768
5669.988852,0.86,0.875,200,19124.572356
5705.377928,0.855,0.86,200,19129.207647
5784.254336,0.86,0.87,200,19133.651309
4822.491687,0.89,0.89,200,19140.268536
5364.764779,0.88,0.88,200,19144.814929
5707.736002,0.845,0.85,200,19149.367727
3279.923948,0.88,0.89,200,19153.861297
5635.338476,0.81,0.815,200,19158.408656
5676.065108,0.825,0.825,200,19162.972342
5711.453457,0.835,0.835,200,19167.485903
5751.336313,0.855,0.87,200,19171.952686
5724.858157,0.87,0.875,200,19176.518134
5805.304687,0.88,0.89,200,19181.125212
5722.740247,0.84,0.84,200,19188.018714
5642.687253,0.86,0.86,200,19192.526102
5774.42587,0.87,0.88,200,19197.005383
5152.762537,0.875,0.88,200,19201.646473
5695.137559,0.805,0.81,200,19206.119443
5485.337466,0.86,0.865,200,19210.850529
5666.975109,0.83,0.83,200,19215.366983
5782.610293,0.875,0.875,200,19219.976948
5781.523391,0.875,0.875,200,19224.513144
5626.56133,0.86,0.86,200,19229.031916
5782.470988,0.855,0.86,200,19235.863437
5780.903146,0.86,0.86,200,19240.364086
5707.326723,0.825,0.825,200,19244.936711
5703.306327,0.82,0.82,200,19249.429192
5554.447549,0.815,0.855,200,19253.965125
5794.672613,0.88,0.88,200,19258.537677
5656.651936,0.815,0.82,200,19263.13716
5692.389956,0.85,0.85,200,19267.750222
5407.073918,0.84,0.85,200,19272.328173
5692.42078,0.83,0.83,200,19277.009899
5712.142593,0.825,0.84,200,19283.778615
5709.955288,0.825,0.83,200,19288.340858
5732.6638,0.845,0.845,200,19292.955949
5694.093632,0.81,0.81,200,19297.588962
5675.66579,0.83,0.83,200,19302.190115
5784.21829,0.87,0.87,200,19306.696113
5667.925024,0.825,0.825,200,19311.071889
5775.094237,0.87,0.87,200,19315.507409
5751.221967,0.855,0.855,200,19319.929702
5605.087316,0.85,0.875,200,19324.442631
5773.470304,0.87,0.87,200,19331.108945
5726.516696,0.855,0.86,200,19335.644538
5702.963529,0.83,0.83,200,19340.200777
5751.119446,0.84,0.845,200,19344.835529
5658.164804,0.815,0.83,200,19349.371988
5520.544773,0.87,0.87,200,19353.97416
5784.981953,0.87,0.87,200,19358.294012
5763.010834,0.87,0.87,200,19362.923568
4983.722112,0.695,0.735,200,19367.470908
5776.660804,0.87,0.875,200,19371.957009
5705.440931,0.805,0.815,200,19378.658817
5724.638491,0.845,0.845,200,19383.114378
5747.713426,0.86,0.875,200,19387.649046
5767.902701,0.855,0.86,200,19392.287967
4760.612726,0.835,0.855,200,19396.937435
5770.712012,0.87,0.88,200,19401.553597
5786.932113,0.87,0.87,200,19406.109415
5608.344387,0.825,0.865,200,19410.527952
5719.823023,0.845,0.845,200,19415.273836
5746.946335,0.85,0.85,200,19419.900119
5721.163741,0.86,0.865,200,19426.692995
5624.726411,0.84,0.86,200,19431.223703
5608.393388,0.81,0.81,200,19435.895065
5759.901916,0.855,0.86,200,19440.543445
5340.211457,0.86,0.875,200,19445.18506
5771.625149,0.86,0.86,200,19449.861665
5699.225668,0.85,0.875,200,19454.555386
5675.717088,0.855,0.86,200,19459.09552
5773.722724,0.86,0.86,200,19463.587152
5709.561021,0.815,0.82,200,19468.255116
5439.651326,0.865,0.865,200,19475.258712
5788.485907,0.875,0.875,200,19479.93857
5723.19497,0.825,0.83,200,19484.583923
5319.903499,0.86,0.865,200,19489.296655
5369.224015,0.825,0.85,200,19493.920312
5696.553771,0.835,0.835,200,19498.540952
5791.257369,0.865,0.87,200,19503.203873
5765.395214,0.855,0.86,200,19507.928066
5489.223423,0.855,0.86,200,19512.544508
5721.391153,0.825,0.83,200,19517.24139
5562.741678,0.86,0.86,200,19524.099832
5360.68078,0.87,0.87,200,19528.782292
5522.880374,0.875,0.885,200,19533.29758
5696.567244,0.815,0.815,200,19537.976276
5768.671433,0.87,0.875,200,19542.621505
5652.950787,0.81,0.815,200,19547.268811
5671.351659,0.81,0.825,200,19551.938138
5376.752957,0.88,0.88,200,19556.481617
5677.490513,0.85,0.855,200,19561.04971
5719.133887,0.83,0.83,200,19565.633875
5779.762673,0.87,0.87,200,19572.21897
5694.227442,0.865,0.865,200,19576.850842
5787.787313,0.87,0.88,200,19581.401005
5777.470002,0.885,0.885,200,19585.988723
5698.329082,0.81,0.81,200,19590.61259
5447.000513,0.86,0.86,200,19595.375299
5614.693029,0.85,0.85,200,19600.039489
5716.789755,0.825,0.825,200,19604.633799
5394.016891,0.885,0.885,200,19609.322443
5694.544437,0.81,0.81,200,19614.111787
5717.969241,0.845,0.845,200,19621.006085
5712.895742,0.845,0.845,200,19625.486729
5100.940257,0.875,0.875,200,19630.17219
5720.743322,0.84,0.84,200,19634.745944
5428.440856,0.875,0.875,200,19639.496641
5617.34388,0.84,0.85,200,19644.10534
5707.776942,0.82,0.82,200,19648.795358
5531.192355,0.87,0.87,200,19653.493821
5708.098683,0.845,0.86,200,19658.217412
5783.136378,0.88,0.88,200,19662.869798
5799.802551,0.88,0.88,200,19669.71206
5789.849313,0.88,0.88,200,19674.433305
5659.373763,0.86,0.86,200,19679.085538
5684.00453,0.835,0.835,200,19683.662292
5709.830656,0.82,0.825,200,19688.162001
5675.80806,0.83,0.83,200,19692.809913
5726.205503,0.875,0.895,200,19697.312738
5777.147163,0.865,0.865,200,19701.90893
5759.018301,0.85,0.85,200,19706.557618
5707.789374,0.84,0.84,200,19711.140689
5758.1702,0.86,0.86,200,19717.932451
5711.819531,0.825,0.825,200,19722.559241
5660.537999,0.825,0.825,200,19727.07648
5775.660437,0.87,0.88,200,19731.776484
5738.747853,0.84,0.84,200,19736.271183
5722.963777,0.835,0.84,200,19740.832918
5744.447985,0.86,0.86,200,19745.390941
5280.44212,0.585,0.59,200,19750.109838
5668.673547,0.865,0.865,200,19754.704645
5787.200293,0.87,0.87,200,19759.398124
5481.107222,0.785,0.875,200,19766.267395
5694.539584,0.815,0.83,200,19770.836881
5757.026411,0.855,0.855,200,19775.581894
5717.346471,0.82,0.825,200,19780.277343
5723.21965,0.84,0.84,200,19784.875866
4952.533518,0.81,0.855,200,19789.413223
4730.001807,0.56,0.61,200,19794.05089
5796.94334,0.88,0.88,200,19798.666459
5760.681635,0.86,0.87,200,19803.410428
5479.789635,0.855,0.855,200,19808.099756
5704.996276,0.81,0.82,200,19815.19356
5746.682162,0.86,0.86,200,19819.986521
5714.712242,0.83,0.83,200,19824.698177
4861.676569,0.83,0.875,200,19829.341632
5744.302967,0.855,0.865,200,19834.059695
5692.508065,0.83,0.83,200,19838.720597
5693.383541,0.805,0.805,200,19843.29879
5685.359775,0.825,0.83,200,19847.996959
5706.74527,0.825,0.825,200,19852.603294
5414.91014,0.865,0.865,200,19857.315496
5772.056036,0.865,0.865,200,19863.912723
5726.508494,0.845,0.845,200,19868.322078
5694.048356,0.81,0.81,200,19872.933492
5597.874877,0.86,0.865,200,19877.390703
3863.572907,0.525,0.57,200,19881.776971
5778.194213,0.86,0.865,200,19886.2375
5707.127374,0.85,0.86,200,19890.784024
5561.327888,0.86,0.86,200,19895.360608
5706.094277,0.82,0.82,200,19899.944597
5614.205677,0.815,0.815,200,19904.58915
5776.697714,0.865,0.865,200,19911.495609
5611.071175,0.825,0.87,200,19915.943377
5788.247549,0.87,0.87,200,19920.504622
5641.973729,0.805,0.81,200,19924.944312
5775.291636,0.865,0.865,200,19929.610819
5771.276262,0.87,0.875,200,19934.27177
5750.620873,0.855,0.855,200,19939.028132
5763.644451,0.855,0.855,200,19943.715749
5158.933479,0.88,0.88,200,19948.376951
5618.280052,0.805,0.805,200,19953.014827
5715.070764,0.815,0.825,200,19959.941626
5778.097341,0.87,0.875,200,19964.677335
5724.198346,0.84,0.84,200,19969.445959
5783.852416,0.865,0.87,200,19974.144803
5703.167482,0.825,0.825,200,19978.848948
5780.907228,0.87,0.875,200,19983.493348
5717.910224,0.82,0.835,200,19988.004485
5270.917934,0.865,0.88,200,19992.706416
5760.809953,0.86,0.86,200,19997.249807
5714.435288,0.815,0.825,200,20001.933492
5629.184886,0.845,0.875,200,20008.783537
5772.081947,0.865,0.865,200,20013.294117
5688.782535,0.805,0.805,200,20018.04085
5688.367441,0.855,0.855,200,20022.771564
5566.539415,0.86,0.86,200,20027.353852
5786.999901,0.865,0.87,200,20032.025863
5747.445772,0.855,0.855,200,20036.618542
5724.932949,0.865,0.865,200,20041.261533
5683.479352,0.83,0.83,200,20045.863923
5719.838509,0.855,0.875,200,20050.304313
5708.12959,0.815,0.825,200,20056.944174
5751.818812,0.87,0.885,200,20061.580633
5538.38022,0.87,0.875,200,20066.130894
5778.312886,0.865,0.88,200,20070.723467
5704.154461,0.84,0.84,200,20075.335486
5706.986126,0.875,0.875,200,20079.92668
5615.37617,0.81,0.81,200,20084.640707
5669.215079,0.855,0.865,200,20089.157902
5740.527137,0.84,0.845,200,20093.638751
5715.036814,0.83,0.835,200,20098.197102
5491.601375,0.8,0.805,200,20105.05901
5629.731416,0.85,0.88,200,20109.557888
5624.314752,0.8,0.81,200,20114.196843
5658.920875,0.81,0.82,200,20118.92662
5654.798496,0.85,0.855,200,20123.543891
5701.008288,0.84,0.845,200,20128.218094
5673.334702,0.845,0.885,200,20132.694582
5781.86991,0.865,0.87,200,20136.97312
5355.121752,0.86,0.86,200,20141.554108
5300.538209,0.875,0.875,200,20146.104537
5707.825837,0.855,0.855,200,20152.951258
5697.259908,0.845,0.845,200,20157.39925
5463.578056,0.87,0.87,200,20161.931466
5621.380399,0.85,0.855,200,20166.416383
5400.873816,0.875,0.875,200,20171.013935
5724.402818,0.835,0.835,200,20175.625748
5677.165727,0.855,0.88,200,20180.261534
5794.58784,0.865,0.88,200,20184.896069
5718.487985,0.83,0.83,200,20189.493226
5705.105031,0.84,0.84,200,20194.113468
5764.089508,0.87,0.875,200,20201.090338
5493.925481,0.84,0.87,200,20205.661155
5306.421208,0.835,0.835,200,20210.08269
5729.666979,0.825,0.835,200,20214.552103
5739.294571,0.87,0.89,200,20219.186466
5696.280146,0.865,0.885,200,20223.752409
5702.047514,0.855,0.86,200,20228.429353
5701.453207,0.81,0.81,200,20232.982741
5765.048832,0.86,0.86,200,20237.542367
5385.851933,0.87,0.87,200,20242.061684
