# {"t_start": 1757073748.585372, "env_id": "graff-v0"} 
r,obj_lift,obj_grab,l,t
5754.545432,0.845,0.865,200,7.519044
4385.396158,0.825,0.84,200,12.139953
5747.979531,0.835,0.845,200,16.830389
5729.218022,0.835,0.835,200,21.506011
5752.308404,0.865,0.87,200,26.161438
3141.803729,0.885,0.885,200,30.859332
4539.627166,0.845,0.86,200,35.601856
5078.249597,0.83,0.835,200,40.358782
5745.751595,0.835,0.85,200,45.196805
4439.34944,0.84,0.86,200,50.012316
5689.028579,0.815,0.83,200,57.213651
5649.286636,0.795,0.795,200,62.044306
5389.183778,0.795,0.805,200,66.813597
2592.478724,0.875,0.875,200,71.511966
5711.967559,0.825,0.835,200,76.111844
5745.099957,0.87,0.885,200,80.931173
4566.672364,0.405,0.42,200,85.714044
4277.848945,0.84,0.855,200,90.48401
5729.111474,0.84,0.855,200,95.312554
5614.41964,0.75,0.755,200,100.027496
5614.854282,0.795,0.81,200,107.045031
5344.232005,0.805,0.81,200,111.959333
5628.912301,0.795,0.805,200,116.690561
5665.667388,0.82,0.825,200,121.482476
4209.036358,0.865,0.865,200,126.246576
3373.485434,0.875,0.875,200,131.095297
5658.324632,0.78,0.8,200,135.871347
5732.463608,0.855,0.86,200,140.477826
5754.354191,0.86,0.865,200,145.191081
5682.082475,0.8,0.825,200,149.729541
4733.491715,0.84,0.855,200,156.974498
5407.178071,0.825,0.835,200,161.664337
5579.790288,0.82,0.83,200,166.394289
5733.648446,0.84,0.84,200,171.095634
5601.912778,0.8,0.815,200,175.707754
4558.534474,0.86,0.87,200,180.43468
5493.372518,0.81,0.81,200,185.093623
4280.552321,0.65,0.65,200,189.729914
3094.698205,0.85,0.87,200,194.571685
4942.284296,0.85,0.865,200,199.420391
5668.710409,0.79,0.81,200,206.202296
3120.098384,0.725,0.755,200,210.968302
3158.276488,0.055,0.065,200,215.561132
5196.758937,0.805,0.825,200,220.24028
3371.602746,0.86,0.87,200,225.082525
4680.056772,0.835,0.85,200,229.823654
4962.535062,0.615,0.615,200,234.64198
5673.42205,0.81,0.815,200,239.364328
5756.768618,0.84,0.85,200,244.159206
2569.947264,0.87,0.88,200,248.944774
5508.194362,0.78,0.785,200,255.98595
5547.901722,0.77,0.79,200,260.760693
4064.862216,0.86,0.86,200,265.528955
5747.837953,0.84,0.85,200,270.288361
5740.116239,0.835,0.845,200,275.024172
3187.535506,0.87,0.87,200,279.662105
5488.204303,0.78,0.785,200,284.221489
5756.6751,0.85,0.855,200,288.911824
5691.064016,0.82,0.825,200,293.747983
5244.112584,0.825,0.845,200,298.658984
5606.365288,0.81,0.815,200,306.028867
3416.616815,0.885,0.885,200,310.825176
5738.735041,0.84,0.84,200,315.62039
4335.175975,0.88,0.88,200,320.482465
3023.803486,0.895,0.895,200,325.313074
5649.107781,0.825,0.825,200,330.165772
5648.951582,0.805,0.83,200,334.967523
4483.601061,0.84,0.845,200,339.839329
5368.038207,0.735,0.74,200,344.739171
5578.192043,0.865,0.875,200,349.527944
3886.259917,0.835,0.855,200,356.774428
2684.926151,0.595,0.605,200,361.579046
4270.917962,0.84,0.86,200,366.396047
5067.496925,0.555,0.555,200,371.20369
5739.03538,0.85,0.855,200,375.922883
3075.035184,0.885,0.885,200,380.727734
5567.485151,0.785,0.805,200,385.586976
3121.436479,0.855,0.865,200,390.248722
5700.4257,0.82,0.83,200,394.818966
5637.236627,0.82,0.825,200,399.556971
3298.652056,0.88,0.88,200,406.699253
4113.145922,0.84,0.855,200,411.580466
5722.57837,0.83,0.83,200,416.386359
5470.104739,0.78,0.785,200,421.242812
4489.592133,0.84,0.845,200,426.089782
5626.993376,0.795,0.795,200,430.915573
5727.151306,0.84,0.84,200,435.814107
5654.120553,0.815,0.815,200,440.648914
5625.582713,0.81,0.81,200,445.57034
5439.505152,0.81,0.825,200,450.338128
3014.366596,0.86,0.865,200,457.306174
2978.192698,0.875,0.875,200,462.195318
5774.996078,0.87,0.885,200,467.028898
5612.075876,0.81,0.815,200,471.860445
5095.954893,0.825,0.84,200,476.631302
3426.890188,0.835,0.845,200,481.489876
3666.116346,0.845,0.86,200,486.352954
4895.783666,0.84,0.845,200,491.197685
4832.587422,0.84,0.85,200,495.859862
5677.515615,0.81,0.82,200,500.614588
4693.027943,0.835,0.86,200,507.713952
5501.814453,0.78,0.79,200,512.583691
4363.206617,0.835,0.85,200,517.486712
5619.069285,0.805,0.81,200,522.277075
5472.629993,0.785,0.785,200,526.977258
5668.172507,0.815,0.82,200,531.765264
4566.779851,0.815,0.84,200,536.414578
5744.579917,0.85,0.86,200,541.149791
5077.11715,0.56,0.56,200,545.970703
5659.757774,0.8,0.805,200,550.829621
4528.584794,0.82,0.845,200,557.803608
5196.879172,0.5,0.51,200,562.57828
3151.432885,0.89,0.89,200,567.478188
2591.265945,0.87,0.87,200,572.228484
4901.72393,0.81,0.82,200,577.097062
5648.043469,0.815,0.815,200,581.67229
5544.551804,0.765,0.78,200,586.28931
4923.046446,0.85,0.86,200,591.091987
4756.273071,0.385,0.41,200,595.85039
5677.613504,0.825,0.825,200,600.55108
5495.044846,0.78,0.79,200,607.478978
2440.889687,0.85,0.86,200,612.297419
5732.319728,0.845,0.865,200,617.0697
2604.518665,0.85,0.875,200,621.736363
5500.303725,0.81,0.825,200,626.411353
2859.481152,0.075,0.085,200,631.279762
5773.567392,0.86,0.88,200,636.024663
2981.925364,0.9,0.9,200,640.670437
5620.945587,0.825,0.83,200,645.429371
5359.237725,0.47,0.49,200,650.265512
3411.521692,0.87,0.875,200,657.325112
3677.449635,0.885,0.89,200,662.169529
4715.905569,0.83,0.85,200,666.849286
4569.491947,0.315,0.32,200,671.641321
2812.645703,0.87,0.88,200,676.306931
2955.890694,0.87,0.87,200,681.074369
3034.191662,0.875,0.875,200,685.711548
3221.623139,0.845,0.86,200,690.403287
4917.650912,0.84,0.84,200,695.145997
4310.721623,0.845,0.845,200,699.853227
5631.740689,0.795,0.795,200,706.613073
3279.480009,0.835,0.865,200,711.377344
5643.561417,0.8,0.82,200,716.063777
2780.759999,0.025,0.03,200,720.873179
4706.103342,0.835,0.835,200,725.608139
5544.460334,0.78,0.795,200,730.442655
5771.903378,0.86,0.88,200,735.103552
2888.060137,0.88,0.88,200,739.873714
5733.497158,0.835,0.835,200,744.615638
5737.320057,0.84,0.85,200,749.403802
5739.027185,0.86,0.86,200,756.35591
5629.360167,0.82,0.82,200,761.096957
5655.88832,0.805,0.81,200,765.949566
5747.19689,0.85,0.85,200,770.657474
5764.014348,0.87,0.88,200,775.250023
5655.043941,0.795,0.795,200,779.864318
5723.505391,0.84,0.855,200,784.466077
5699.681025,0.82,0.84,200,789.264086
5336.045796,0.81,0.815,200,794.083868
5664.621992,0.815,0.82,200,798.93296
3933.558222,0.035,0.045,200,805.92042
4787.479182,0.835,0.845,200,810.79068
3434.917687,0.865,0.865,200,815.646955
4668.496223,0.845,0.85,200,820.528485
5657.419849,0.8,0.805,200,825.271421
5585.31683,0.795,0.815,200,830.00698
5010.465997,0.785,0.815,200,834.701409
5568.894052,0.795,0.805,200,839.540355
4617.204827,0.81,0.835,200,844.337727
4222.240086,0.825,0.845,200,849.138063
5222.450259,0.56,0.565,200,856.21021
2699.497014,0.865,0.865,200,860.939513
5019.164843,0.825,0.83,200,865.789887
2808.676321,0.545,0.575,200,870.536746
5529.850396,0.8,0.805,200,875.326452
5634.8591,0.78,0.785,200,880.162962
5644.893251,0.81,0.81,200,885.036222
2609.617918,0.865,0.875,200,889.835444
5427.304051,0.765,0.775,200,894.638126
5031.520968,0.48,0.48,200,899.456722
5645.876186,0.795,0.8,200,906.25875
5653.134461,0.795,0.815,200,910.894016
5723.936452,0.83,0.835,200,915.594978
5741.70922,0.84,0.845,200,920.427491
5732.350229,0.845,0.855,200,925.261733
5743.333901,0.845,0.845,200,930.01012
5719.359171,0.83,0.835,200,934.787843
4308.685094,0.85,0.855,200,939.572911
5697.650714,0.85,0.865,200,944.317258
5678.149559,0.81,0.81,200,949.204267
5750.541006,0.85,0.86,200,956.29796
5626.298866,0.8,0.8,200,961.079814
5690.997887,0.83,0.83,200,965.887427
4344.492634,0.83,0.85,200,970.722547
3476.234035,0.81,0.845,200,975.576765
5717.000488,0.865,0.865,200,980.31981
4347.43117,0.82,0.83,200,985.052695
5622.079888,0.82,0.82,200,989.674855
3537.594422,0.87,0.87,200,994.329956
5753.341186,0.835,0.855,200,999.045856
5640.697571,0.805,0.815,200,1006.057773
2849.595892,0.87,0.87,200,1010.800164
2488.300711,0.88,0.88,200,1015.684316
5756.667831,0.86,0.87,200,1020.358214
5635.007549,0.81,0.81,200,1024.981888
4976.456139,0.815,0.82,200,1029.650495
5663.596916,0.85,0.87,200,1034.36738
4781.160122,0.52,0.565,200,1039.081133
2703.117502,0.87,0.875,200,1043.779748
5741.452057,0.84,0.845,200,1048.667378
4540.729413,0.815,0.84,200,1055.683926
5757.417215,0.845,0.86,200,1060.401112
5756.854835,0.845,0.855,200,1065.127063
5596.395137,0.79,0.79,200,1069.850785
5753.521619,0.85,0.85,200,1074.599516
2911.689758,0.865,0.875,200,1079.412361
4483.945757,0.86,0.86,200,1084.144217
5526.84148,0.795,0.81,200,1088.870912
3583.744718,0.825,0.845,200,1093.675579
5650.427695,0.81,0.815,200,1098.43605
5598.56229,0.805,0.81,200,1105.365927
3207.030786,0.855,0.855,200,1110.119193
5751.825766,0.865,0.865,200,1114.941215
5053.857016,0.82,0.83,200,1119.837904
4816.177887,0.84,0.84,200,1124.752582
2708.064265,0.83,0.845,200,1129.557896
5749.534146,0.845,0.85,200,1134.170877
5711.129333,0.825,0.825,200,1138.870284
5618.143518,0.775,0.775,200,1143.624618
4904.152017,0.625,0.625,200,1148.465333
5528.656366,0.79,0.795,200,1155.644325
5642.712447,0.82,0.82,200,1160.413008
5760.228565,0.845,0.86,200,1165.024116
3015.511357,0.88,0.88,200,1169.797302
2578.500252,0.88,0.88,200,1174.522338
5655.143751,0.785,0.79,200,1179.32808
4815.168347,0.825,0.835,200,1184.093415
4956.163486,0.815,0.825,200,1188.950004
5681.781594,0.82,0.83,200,1193.624458
3730.664851,0.855,0.86,200,1198.531418
5299.830818,0.815,0.83,200,1205.705926
5750.938402,0.845,0.855,200,1210.454955
3596.636131,0.15,0.17,200,1215.189148
2816.657683,0.865,0.865,200,1219.920483
5726.102232,0.855,0.86,200,1224.720406
5664.448607,0.815,0.82,200,1229.366343
5762.433532,0.86,0.865,200,1234.166452
4088.008818,0.825,0.86,200,1238.948017
4458.579209,0.825,0.85,200,1243.730112
4309.94503,0.82,0.85,200,1248.498993
4505.162229,0.825,0.845,200,1255.531569
5196.723674,0.765,0.765,200,1260.39711
4514.223042,0.825,0.83,200,1265.096842
2400.12671,0.14,0.215,200,1269.718094
3037.583068,0.87,0.87,200,1274.544682
5545.918142,0.805,0.805,200,1279.259932
5716.935364,0.83,0.83,200,1283.945429
5477.233978,0.785,0.79,200,1288.712101
5635.302268,0.815,0.815,200,1293.315455
5002.209346,0.785,0.785,200,1297.934592
4089.463975,0.85,0.865,200,1304.971623
5596.638552,0.825,0.825,200,1309.767738
4438.12762,0.835,0.855,200,1314.467992
5753.383355,0.84,0.85,200,1319.349688
5707.915109,0.855,0.865,200,1324.265811
5625.538756,0.81,0.825,200,1329.062391
4763.64506,0.86,0.87,200,1333.860138
5523.442026,0.785,0.79,200,1338.742493
5738.99271,0.865,0.88,200,1343.588516
5640.28171,0.81,0.815,200,1348.335177
5363.411482,0.815,0.815,200,1355.15227
5702.548041,0.825,0.835,200,1359.826169
5668.078674,0.86,0.86,200,1364.481797
5457.083492,0.825,0.825,200,1369.246905
5591.59947,0.81,0.81,200,1374.010137
5648.68273,0.81,0.82,200,1378.669612
5650.036115,0.825,0.825,200,1383.486686
4414.485463,0.835,0.85,200,1388.360183
3324.573821,0.835,0.85,200,1393.224739
5659.19564,0.81,0.825,200,1398.100197
2653.914874,0.875,0.89,200,1405.086731
4479.564754,0.83,0.845,200,1409.938133
4434.082881,0.87,0.875,200,1414.697056
5639.950207,0.785,0.785,200,1419.458012
4362.35498,0.815,0.84,200,1424.187009
5059.494132,0.32,0.32,200,1429.029739
4761.532685,0.825,0.845,200,1433.810451
5268.24477,0.585,0.585,200,1438.528716
5724.113699,0.855,0.865,200,1443.224058
5743.498011,0.845,0.845,200,1448.069478
5745.175085,0.855,0.865,200,1455.057175
5309.874901,0.815,0.825,200,1459.813386
5133.279421,0.725,0.725,200,1464.66608
5746.604729,0.845,0.845,200,1469.420223
3131.462385,0.845,0.865,200,1474.098244
5751.189092,0.84,0.85,200,1478.959097
4201.599807,0.855,0.86,200,1483.795923
4946.861996,0.835,0.855,200,1488.581976
5552.8876,0.805,0.805,200,1493.416126
5749.177853,0.85,0.85,200,1498.237472
5766.649606,0.85,0.875,200,1505.418077
5751.750895,0.85,0.855,200,1510.182501
4251.988264,0.815,0.85,200,1514.960449
5672.384019,0.82,0.82,200,1519.716093
5737.804359,0.855,0.855,200,1524.465085
5641.283271,0.8,0.81,200,1529.187815
5663.367827,0.815,0.82,200,1533.851171
3202.258355,0.855,0.855,200,1538.628655
5770.108827,0.855,0.87,200,1543.404186
4183.860644,0.86,0.86,200,1548.158266
5519.044618,0.785,0.8,200,1555.11652
5522.01236,0.79,0.79,200,1559.915835
5610.459763,0.8,0.8,200,1564.725356
4373.090523,0.82,0.84,200,1569.37762
4757.329545,0.735,0.745,200,1574.03605
4647.785191,0.815,0.825,200,1578.850464
5600.19693,0.81,0.81,200,1583.732205
5651.093909,0.805,0.81,200,1588.356797
5753.372975,0.86,0.86,200,1593.110535
5678.839448,0.825,0.835,200,1598.025044
2946.07637,0.045,0.07,200,1604.844848
5742.560949,0.84,0.845,200,1609.502726
5633.956834,0.8,0.81,200,1614.303784
5350.741532,0.675,0.68,200,1619.095235
5759.608238,0.87,0.885,200,1623.891303
3301.626506,0.81,0.825,200,1628.827553
5663.767613,0.8,0.8,200,1633.60439
3712.801979,0.82,0.845,200,1638.373901
5623.840827,0.8,0.81,200,1643.146034
5743.474722,0.85,0.855,200,1647.819574
5671.679955,0.81,0.81,200,1654.761306
4599.20673,0.815,0.84,200,1659.465705
3199.449765,0.875,0.88,200,1664.084404
5655.553216,0.8,0.81,200,1668.915467
5709.388835,0.83,0.835,200,1673.599906
4115.590112,0.17,0.175,200,1678.495327
5763.76291,0.845,0.86,200,1683.323594
5660.006035,0.815,0.815,200,1688.042144
5722.038074,0.82,0.83,200,1692.860068
5721.850491,0.845,0.845,200,1697.570171
3134.616131,0.87,0.87,200,1704.656412
5709.492606,0.83,0.83,200,1709.526668
3793.14024,0.875,0.875,200,1714.444301
5534.096778,0.765,0.765,200,1719.465256
5745.313254,0.855,0.86,200,1724.297898
3180.753609,0.64,0.66,200,1729.186526
5629.039534,0.785,0.795,200,1734.012464
5594.758845,0.81,0.815,200,1738.793913
2758.661798,0.335,0.335,200,1743.618336
5747.319399,0.835,0.85,200,1748.336687
5724.098732,0.84,0.84,200,1755.708209
5639.851685,0.81,0.815,200,1760.456038
5749.813443,0.845,0.855,200,1765.346792
2677.83645,0.875,0.875,200,1770.094129
5739.12404,0.865,0.875,200,1774.884099
2566.815939,0.39,0.39,200,1779.675481
3769.722228,0.705,0.715,200,1784.450017
5650.602436,0.805,0.815,200,1789.265013
4036.105496,0.815,0.84,200,1793.984185
5550.910795,0.82,0.82,200,1798.784615
2771.280607,0.845,0.86,200,1805.509577
5568.095833,0.795,0.795,200,1810.245389
5731.882077,0.835,0.84,200,1815.021439
5724.49815,0.835,0.835,200,1819.874297
2668.349409,0.425,0.425,200,1824.691954
5749.458257,0.845,0.85,200,1829.501623
5677.986919,0.82,0.825,200,1834.34095
5646.880069,0.795,0.8,200,1839.035674
2489.620953,0.855,0.87,200,1843.779546
5611.398218,0.81,0.81,200,1848.507934
5729.987769,0.85,0.855,200,1855.511033
5066.288027,0.645,0.65,200,1860.36139
5542.403982,0.785,0.795,200,1865.062068
5736.275205,0.855,0.88,200,1869.861166
5655.830532,0.795,0.795,200,1874.628711
5020.871694,0.51,0.515,200,1879.411431
4072.974013,0.845,0.845,200,1884.149712
3705.415738,0.86,0.86,200,1888.945554
5667.893039,0.815,0.815,200,1893.730701
3183.142422,0.865,0.865,200,1898.538416
2958.723824,0.875,0.875,200,1905.593222
2531.649566,0.87,0.88,200,1910.248469
5610.81501,0.81,0.81,200,1914.923105
4074.558433,0.815,0.845,200,1919.613031
5621.139419,0.81,0.825,200,1924.173175
5140.416694,0.82,0.83,200,1928.943333
5590.714671,0.8,0.805,200,1933.622659
5631.049499,0.805,0.805,200,1938.318813
4493.650735,0.84,0.855,200,1942.903143
5310.703087,0.81,0.825,200,1947.426044
5493.569605,0.78,0.785,200,1954.388524
4136.796909,0.835,0.85,200,1958.870813
3293.534234,0.86,0.865,200,1963.588578
2478.915298,0.88,0.885,200,1968.371846
5199.777102,0.57,0.58,200,1973.067331
5550.922871,0.805,0.805,200,1977.795059
5587.171073,0.79,0.79,200,1982.468077
5637.478551,0.81,0.815,200,1987.099403
4014.172448,0.86,0.87,200,1991.944557
4513.218035,0.83,0.85,200,1996.655259
5744.229425,0.855,0.86,200,2003.711583
5664.762478,0.83,0.83,200,2008.398564
5633.078437,0.79,0.805,200,2013.265625
5523.931522,0.785,0.79,200,2018.08901
5489.745391,0.785,0.79,200,2022.989643
4253.976062,0.845,0.86,200,2027.843043
3036.039495,0.88,0.88,200,2032.724068
4376.296704,0.845,0.865,200,2037.606499
5746.046478,0.845,0.86,200,2042.602169
5724.367772,0.83,0.835,200,2047.472426
5691.048077,0.825,0.835,200,2054.473143
5494.70276,0.86,0.885,200,2059.197115
5741.014263,0.845,0.845,200,2063.995355
5648.004105,0.81,0.82,200,2068.812677
5553.590796,0.79,0.81,200,2073.656602
5614.689946,0.805,0.805,200,2078.559187
3055.268696,0.83,0.855,200,2083.423347
5650.226184,0.8,0.8,200,2088.108804
5031.147328,0.795,0.825,200,2092.760194
5723.443341,0.835,0.835,200,2097.473588
4188.936967,0.835,0.855,200,2104.721944
5492.837193,0.86,0.86,200,2109.561435
5694.272923,0.82,0.83,200,2114.35522
5643.729175,0.82,0.825,200,2119.2385
5374.219673,0.815,0.815,200,2123.977548
3337.141601,0.545,0.58,200,2128.838838
2247.493946,0.535,0.535,200,2133.725458
5771.179753,0.86,0.87,200,2138.50993
5505.368452,0.79,0.79,200,2143.313887
3024.391156,0.855,0.865,200,2148.035546
5718.781131,0.83,0.83,200,2155.036932
4956.682828,0.8,0.81,200,2159.829782
5409.844715,0.81,0.82,200,2164.507524
5743.647541,0.845,0.85,200,2169.240316
5676.583212,0.83,0.83,200,2174.045707
5729.536323,0.86,0.865,200,2178.855354
5647.202435,0.815,0.82,200,2183.656339
4243.536508,0.855,0.855,200,2188.60481
5292.298166,0.825,0.83,200,2193.507722
3930.656036,0.84,0.86,200,2198.361195
5741.260721,0.86,0.88,200,2205.548282
5452.286327,0.66,0.66,200,2210.203365
5715.664659,0.825,0.84,200,2215.046378
5720.774619,0.83,0.835,200,2219.822682
3980.70427,0.835,0.855,200,2224.565896
5694.37643,0.82,0.825,200,2229.321998
4675.736876,0.8,0.825,200,2234.119873
5739.29167,0.84,0.845,200,2238.871315
5208.954786,0.8,0.82,200,2243.70455
4353.459185,0.85,0.865,200,2248.625128
5673.79468,0.79,0.8,200,2255.591288
4412.484286,0.83,0.845,200,2260.309588
3210.278572,0.85,0.855,200,2265.112697
5417.344527,0.835,0.835,200,2269.898598
5639.423331,0.775,0.775,200,2274.591088
5482.999293,0.78,0.78,200,2279.394673
5750.090327,0.845,0.85,200,2284.172568
5704.095796,0.84,0.84,200,2288.847154
5672.889244,0.825,0.825,200,2293.587294
5764.792602,0.85,0.86,200,2298.285971
5651.199833,0.815,0.83,200,2305.322867
5674.756898,0.815,0.82,200,2310.194258
5723.441306,0.835,0.835,200,2315.043679
5575.141367,0.8,0.8,200,2319.836056
4845.574106,0.825,0.835,200,2324.752116
5745.442684,0.83,0.85,200,2329.646569
5695.243205,0.825,0.825,200,2334.393673
5630.33254,0.805,0.815,200,2339.101315
4109.774552,0.845,0.855,200,2343.875284
5478.431853,0.78,0.785,200,2348.599962
5613.148341,0.805,0.815,200,2355.99855
5747.342817,0.85,0.86,200,2360.957202
5631.235301,0.8,0.8,200,2365.718561
5496.859696,0.825,0.835,200,2370.403661
5728.336881,0.835,0.845,200,2375.153773
5737.788492,0.84,0.84,200,2379.935628
5765.568361,0.855,0.86,200,2384.759718
5718.816663,0.825,0.835,200,2389.443336
5765.169093,0.855,0.87,200,2394.220287
5665.402208,0.785,0.805,200,2398.89366
5545.71816,0.8,0.805,200,2406.11195
5725.414181,0.835,0.845,200,2410.906158
4325.542705,0.475,0.505,200,2415.671146
4384.678095,0.825,0.85,200,2420.536675
5749.535935,0.855,0.87,200,2425.305035
5571.865207,0.805,0.81,200,2430.214778
4804.996495,0.835,0.845,200,2434.982989
2700.492244,0.855,0.855,200,2439.771217
4480.228345,0.845,0.855,200,2444.41227
3105.458671,0.865,0.865,200,2449.216411
4760.474832,0.535,0.55,200,2455.975268
5637.860669,0.815,0.82,200,2460.725974
5689.708922,0.82,0.83,200,2465.480149
5143.763834,0.825,0.825,200,2470.170894
5731.611034,0.86,0.87,200,2474.879612
4908.450006,0.845,0.855,200,2479.544705
5574.298947,0.79,0.8,200,2484.29389
5728.412472,0.845,0.845,200,2489.07322
5748.889259,0.85,0.855,200,2493.905245
5576.985601,0.805,0.805,200,2498.719879
5676.983245,0.825,0.825,200,2505.815464
5725.176438,0.835,0.835,200,2510.38158
3910.427553,0.83,0.85,200,2514.980468
5655.282601,0.8,0.825,200,2519.573043
5232.350482,0.535,0.55,200,2524.232254
2792.510706,0.855,0.865,200,2529.037816
5666.726209,0.81,0.82,200,2533.749459
3119.171869,0.86,0.875,200,2538.398572
2687.2492,0.87,0.87,200,2543.281718
3556.824462,0.275,0.28,200,2548.1586
4561.792988,0.815,0.835,200,2555.364828
5744.192148,0.845,0.845,200,2560.207874
5656.789367,0.78,0.8,200,2564.962495
5680.093167,0.795,0.805,200,2569.738053
5752.491771,0.845,0.855,200,2574.496601
5546.324885,0.795,0.795,200,2579.275908
5658.549146,0.795,0.795,200,2584.148636
5741.289509,0.845,0.845,200,2589.053327
5757.342236,0.85,0.855,200,2593.959882
3946.338169,0.875,0.88,200,2598.874378
5478.527377,0.78,0.79,200,2606.040765
5708.484951,0.82,0.835,200,2611.073507
4801.30781,0.83,0.84,200,2616.024922
3233.377071,0.86,0.87,200,2620.837188
5730.967053,0.84,0.84,200,2625.673308
4564.140466,0.83,0.855,200,2630.527344
5115.863822,0.82,0.83,200,2635.279434
5516.598774,0.785,0.8,200,2640.163256
2905.856889,0.845,0.855,200,2644.866135
5758.085868,0.86,0.86,200,2649.735664
5751.916716,0.855,0.855,200,2656.798311
5371.456983,0.82,0.835,200,2661.720461
5108.733084,0.845,0.845,200,2666.503529
4049.476909,0.83,0.86,200,2671.407634
2488.498483,0.865,0.875,200,2676.084258
5645.056229,0.815,0.825,200,2680.945178
5615.107907,0.82,0.835,200,2685.883607
3799.831234,0.825,0.86,200,2690.71616
5658.61478,0.795,0.805,200,2695.555039
5759.334095,0.855,0.86,200,2700.31
4162.741862,0.845,0.845,200,2707.48392
3916.407179,0.84,0.85,200,2712.244966
5501.765819,0.78,0.79,200,2717.054534
5769.506455,0.87,0.87,200,2721.754597
5734.026388,0.855,0.855,200,2726.528086
5734.611618,0.84,0.855,200,2731.333922
5491.682575,0.795,0.795,200,2736.090685
5626.2809,0.815,0.82,200,2740.848178
5675.351029,0.805,0.805,200,2745.62193
5717.673139,0.855,0.88,200,2750.385111
5732.713596,0.87,0.875,200,2757.294176
5659.385143,0.815,0.815,200,2762.074301
5606.491073,0.8,0.81,200,2766.998973
5586.652541,0.81,0.81,200,2771.870364
5186.532752,0.83,0.84,200,2776.618151
5647.915418,0.82,0.82,200,2781.38713
5705.45323,0.82,0.84,200,2786.163422
5640.221705,0.81,0.815,200,2790.860649
5464.090544,0.78,0.785,200,2795.704297
3532.404889,0.87,0.87,200,2800.43069
3519.610392,0.88,0.88,200,2807.417833
5658.718931,0.805,0.815,200,2812.195391
4142.773116,0.815,0.83,200,2816.904441
5657.703963,0.805,0.805,200,2821.79408
5731.237174,0.835,0.845,200,2826.54223
5033.141426,0.835,0.84,200,2831.298938
3049.3383,0.85,0.85,200,2836.255888
3911.633932,0.83,0.85,200,2841.068352
5661.242282,0.8,0.8,200,2846.053169
5225.287736,0.725,0.755,200,2850.856999
4717.256471,0.715,0.73,200,2857.922936
5627.987784,0.81,0.81,200,2862.928232
5488.56325,0.795,0.795,200,2867.846117
4712.905187,0.835,0.84,200,2872.662516
4981.554552,0.83,0.835,200,2877.50049
5673.358956,0.8,0.81,200,2882.285235
4079.692337,0.845,0.86,200,2887.042285
5684.607777,0.82,0.825,200,2891.931447
5668.109935,0.8,0.815,200,2896.727523
2792.858453,0.855,0.87,200,2901.488828
4514.65832,0.83,0.845,200,2908.766408
5660.231461,0.795,0.8,200,2913.56809
5655.785504,0.805,0.81,200,2918.345098
5726.578186,0.885,0.885,200,2923.093108
5746.140628,0.845,0.85,200,2927.751493
5020.740205,0.82,0.83,200,2932.428337
5611.512805,0.81,0.81,200,2937.273093
5744.615263,0.86,0.86,200,2942.026191
5761.547771,0.85,0.86,200,2946.724639
5763.002067,0.875,0.875,200,2951.402303
5744.994811,0.845,0.85,200,2958.253896
5744.178155,0.85,0.85,200,2963.012466
5599.721925,0.8,0.81,200,2967.765624
5736.082507,0.86,0.86,200,2972.468829
5655.853851,0.785,0.79,200,2977.312122
5763.169993,0.84,0.855,200,2982.013761
5728.519348,0.84,0.84,200,2986.666451
5751.438847,0.855,0.855,200,2991.437501
3993.01583,0.875,0.88,200,2996.116742
4467.036542,0.845,0.86,200,3000.941281
5615.827792,0.82,0.82,200,3008.159421
5672.148538,0.81,0.81,200,3012.909203
2460.077268,0.865,0.875,200,3017.621729
5735.905922,0.865,0.88,200,3022.411396
5550.660097,0.815,0.82,200,3027.097846
5733.948586,0.83,0.845,200,3031.911408
5640.545155,0.785,0.785,200,3036.719092
5705.804313,0.83,0.84,200,3041.596973
3733.943533,0.725,0.725,200,3046.792137
4003.383094,0.845,0.86,200,3051.752749
4573.360479,0.84,0.84,200,3058.703138
5753.367516,0.845,0.855,200,3063.4813
2573.66602,0.88,0.885,200,3068.128384
2785.624005,0.11,0.12,200,3072.992726
3831.662404,0.88,0.88,200,3077.781442
5629.448847,0.805,0.81,200,3082.485274
2914.984923,0.885,0.885,200,3087.270588
4026.192946,0.84,0.86,200,3092.198003
5628.210131,0.825,0.835,200,3097.067493
5652.243897,0.79,0.79,200,3102.066171
3982.817026,0.875,0.885,200,3108.950168
5719.624593,0.84,0.84,200,3113.852043
4545.325762,0.845,0.845,200,3118.705404
5774.370625,0.865,0.87,200,3123.554839
5657.950409,0.785,0.785,200,3128.391867
4707.847817,0.84,0.84,200,3133.241627
3225.190484,0.84,0.865,200,3138.051451
5698.381626,0.84,0.84,200,3142.773831
5755.758814,0.865,0.87,200,3147.499066
2928.135506,0.25,0.25,200,3152.375831
5700.556248,0.835,0.84,200,3159.189926
5445.696259,0.825,0.835,200,3164.080274
5749.698291,0.845,0.845,200,3169.06085
5222.617511,0.83,0.84,200,3173.930611
5673.249705,0.825,0.825,200,3178.693079
4239.948787,0.825,0.835,200,3183.62751
5605.82021,0.805,0.82,200,3188.451316
4964.824421,0.83,0.83,200,3193.365158
5745.658725,0.87,0.885,200,3198.241407
5677.126868,0.805,0.82,200,3203.046685
5738.532992,0.86,0.86,200,3210.321913
5762.79374,0.85,0.85,200,3215.225857
5736.063149,0.865,0.88,200,3220.247447
4333.879768,0.825,0.845,200,3225.176491
2870.251667,0.695,0.7,200,3230.093982
5749.637994,0.84,0.85,200,3234.980179
5752.737351,0.845,0.855,200,3239.760169
5739.742431,0.855,0.855,200,3244.506704
5746.372876,0.85,0.85,200,3249.325227
3659.229093,0.85,0.86,200,3254.046873
3424.308015,0.625,0.625,200,3261.40717
4282.737712,0.845,0.86,200,3266.223599
4802.593789,0.84,0.855,200,3271.010848
5547.025676,0.825,0.84,200,3275.924046
5487.342084,0.785,0.785,200,3280.791343
5007.029164,0.805,0.835,200,3285.693182
4450.314692,0.84,0.84,200,3290.45941
5532.559828,0.825,0.83,200,3295.357244
5562.60823,0.795,0.8,200,3300.268015
5757.503137,0.845,0.855,200,3305.179297
4117.739988,0.845,0.855,200,3312.224127
5638.983525,0.815,0.815,200,3317.099773
5731.463667,0.86,0.865,200,3321.944366
5562.351983,0.825,0.835,200,3326.944579
5748.093905,0.855,0.865,200,3331.804179
5743.965124,0.84,0.845,200,3336.632402
5638.321621,0.82,0.825,200,3341.32321
2445.51469,0.095,0.115,200,3346.075175
5716.115553,0.835,0.835,200,3350.859514
5755.390047,0.855,0.86,200,3355.451638
5765.06366,0.865,0.865,200,3362.687559
4134.112363,0.835,0.86,200,3367.457994
5748.696878,0.85,0.85,200,3372.278513
4490.637687,0.84,0.855,200,3377.147969
5745.954248,0.845,0.85,200,3382.083997
5703.140645,0.845,0.845,200,3386.844754
5679.313249,0.795,0.81,200,3391.722394
4296.154233,0.885,0.885,200,3396.590381
5726.995656,0.865,0.87,200,3401.43192
5618.039103,0.815,0.815,200,3406.158046
5546.329194,0.825,0.84,200,3413.057494
4189.396689,0.86,0.87,200,3417.910662
5717.233229,0.835,0.835,200,3422.793656
2907.510114,0.195,0.205,200,3427.544651
5677.790143,0.815,0.825,200,3432.335506
5657.280412,0.8,0.805,200,3437.190238
5573.098129,0.79,0.81,200,3442.146116
5668.785866,0.81,0.81,200,3447.026713
5628.623387,0.82,0.82,200,3451.81219
4476.380264,0.8,0.8,200,3456.52051
5666.503988,0.82,0.82,200,3463.753748
3767.189061,0.87,0.88,200,3468.558903
5676.046353,0.795,0.795,200,3473.338732
5707.79223,0.875,0.875,200,3478.112692
5672.378308,0.82,0.82,200,3482.82541
5585.912163,0.8,0.81,200,3487.645544
5649.846812,0.825,0.825,200,3492.34791
4201.082225,0.84,0.86,200,3497.076673
5600.165961,0.82,0.82,200,3501.913721
4409.353118,0.87,0.87,200,3506.765426
3837.982513,0.875,0.88,200,3513.86119
4984.208034,0.61,0.625,200,3518.648274
5755.48105,0.855,0.855,200,3523.413726
4861.417232,0.835,0.85,200,3528.085389
5751.466764,0.855,0.855,200,3532.785365
2344.964345,0.045,0.06,200,3537.354822
5746.443886,0.85,0.85,200,3542.20656
3999.700048,0.825,0.85,200,3547.044824
5752.139351,0.855,0.86,200,3551.752153
4302.521939,0.85,0.85,200,3556.412678
5680.754804,0.815,0.825,200,3563.471609
5526.819036,0.805,0.805,200,3568.258168
5675.741066,0.795,0.8,200,3573.06162
5631.387317,0.82,0.82,200,3577.951581
5508.474703,0.82,0.825,200,3582.915464
5748.585674,0.85,0.85,200,3587.644383
5772.485834,0.855,0.875,200,3592.40904
5633.554267,0.805,0.815,200,3597.267617
5709.8543,0.85,0.86,200,3602.021587
4299.82135,0.67,0.705,200,3606.783851
5725.543458,0.845,0.845,200,3613.595356
5522.781909,0.81,0.81,200,3618.315781
4598.341794,0.845,0.855,200,3622.94398
5657.809764,0.81,0.81,200,3627.565783
2594.665237,0.875,0.875,200,3632.238184
5717.888068,0.83,0.83,200,3636.873795
4137.005109,0.88,0.89,200,3641.586593
5672.183623,0.815,0.825,200,3646.228267
5635.311875,0.815,0.82,200,3650.894172
4543.146159,0.855,0.855,200,3655.558644
5755.192552,0.855,0.86,200,3662.588173
5747.558181,0.85,0.85,200,3667.27094
4336.064979,0.835,0.86,200,3672.004324
5636.141408,0.79,0.79,200,3676.662334
5308.803262,0.685,0.69,200,3681.401654
5556.541309,0.8,0.8,200,3686.132533
3833.51962,0.85,0.85,200,3690.782366
2455.571104,0.26,0.26,200,3695.484263
5762.586697,0.87,0.88,200,3700.21934
4563.204369,0.815,0.835,200,3704.848166
4010.423715,0.36,0.37,200,3712.01622
2980.164179,0.65,0.65,200,3716.789108
5686.600702,0.82,0.82,200,3721.475974
5743.481564,0.855,0.86,200,3726.283291
5764.667432,0.865,0.865,200,3731.053853
5746.886949,0.85,0.87,200,3735.848416
5048.066002,0.835,0.84,200,3740.61605
5722.130206,0.835,0.835,200,3745.291463
5733.128246,0.865,0.865,200,3749.903338
5620.48049,0.82,0.83,200,3754.509382
5600.190495,0.805,0.805,200,3761.484815
5572.993498,0.81,0.81,200,3766.101511
5738.091005,0.855,0.885,200,3770.857924
5758.140657,0.845,0.855,200,3775.583541
5748.412709,0.845,0.845,200,3780.352748
5693.711156,0.83,0.83,200,3785.073859
5564.308074,0.84,0.845,200,3789.793295
4588.665636,0.85,0.85,200,3794.508225
2816.523068,0.885,0.885,200,3799.307835
5759.259475,0.845,0.855,200,3804.039409
3011.680166,0.865,0.865,200,3811.080649
5603.819043,0.81,0.815,200,3815.802536
5748.279066,0.845,0.845,200,3820.436643
5771.069652,0.86,0.88,200,3825.086402
5636.016737,0.81,0.815,200,3829.794504
4872.1638,0.615,0.625,200,3834.571024
5604.596935,0.825,0.83,200,3839.340438
4323.41788,0.875,0.875,200,3844.106014
4512.216176,0.84,0.845,200,3848.823745
5741.407786,0.865,0.875,200,3853.669124
5498.683447,0.83,0.84,200,3860.897172
5514.605968,0.795,0.81,200,3865.80483
5755.778682,0.855,0.855,200,3870.672835
5754.859276,0.855,0.855,200,3875.431972
5763.852763,0.87,0.885,200,3880.236217
5748.622978,0.84,0.85,200,3884.886708
5487.618168,0.785,0.785,200,3889.563487
3691.116449,0.845,0.85,200,3894.368294
5765.974076,0.86,0.87,200,3899.126971
4693.919395,0.845,0.845,200,3903.84956
4080.886039,0.58,0.595,200,3910.672284
5688.858164,0.83,0.845,200,3915.374561
5727.347353,0.87,0.875,200,3920.215048
5722.984705,0.865,0.87,200,3924.953182
5666.456699,0.825,0.83,200,3929.631978
3368.267829,0.23,0.24,200,3934.284533
5631.380352,0.825,0.83,200,3939.182167
3820.18057,0.84,0.85,200,3943.974637
5532.268615,0.825,0.83,200,3948.755784
5673.599852,0.8,0.81,200,3953.664156
5754.662353,0.845,0.85,200,3960.78312
5644.52548,0.81,0.81,200,3965.526321
5661.351426,0.785,0.785,200,3970.460634
4921.604287,0.84,0.85,200,3975.305996
5303.818645,0.845,0.87,200,3980.085274
5681.582263,0.805,0.805,200,3984.924242
3850.667454,0.87,0.87,200,3989.712985
5661.228917,0.785,0.785,200,3994.494321
5010.283382,0.805,0.825,200,3999.195716
3361.682164,0.865,0.87,200,4003.98929
5756.81714,0.86,0.86,200,4011.134075
5674.984601,0.805,0.82,200,4015.857975
4342.11203,0.875,0.885,200,4020.860603
5748.018098,0.85,0.85,200,4025.712773
4497.308628,0.835,0.85,200,4030.609607
4832.654267,0.825,0.84,200,4035.469743
5568.859154,0.875,0.89,200,4040.227163
3700.439182,0.84,0.84,200,4045.184486
4907.377139,0.82,0.83,200,4050.149433
5581.629344,0.8,0.8,200,4054.903516
5745.942515,0.84,0.85,200,4062.067189
4681.916175,0.85,0.855,200,4066.933238
5738.724609,0.84,0.845,200,4071.679698
3652.041403,0.84,0.845,200,4076.478967
5177.321516,0.595,0.605,200,4081.326113
5747.130123,0.865,0.865,200,4086.237297
5654.649456,0.82,0.82,200,4091.078424
5739.838067,0.85,0.85,200,4095.930409
5667.767285,0.79,0.795,200,4100.788502
4597.147963,0.765,0.765,200,4105.513355
5665.817602,0.82,0.82,200,4112.440282
5754.034301,0.855,0.86,200,4117.042536
5699.655976,0.825,0.825,200,4121.717675
2634.414501,0.865,0.87,200,4126.475501
5716.944768,0.83,0.835,200,4131.201348
3193.946223,0.875,0.875,200,4135.831401
5633.086557,0.83,0.83,200,4140.575176
5706.497261,0.79,0.82,200,4145.37275
5105.316709,0.83,0.83,200,4150.291643
3918.816414,0.875,0.875,200,4155.299659
5573.112351,0.815,0.825,200,4162.534604
3381.868198,0.87,0.875,200,4167.191778
4749.445055,0.84,0.85,200,4171.883782
5669.872073,0.85,0.86,200,4176.673128
3879.744064,0.855,0.855,200,4181.51484
3810.01088,0.855,0.855,200,4186.053344
5652.885701,0.81,0.81,200,4190.751962
5650.801675,0.78,0.78,200,4195.463481
5659.710925,0.785,0.79,200,4200.295026
5666.121292,0.82,0.82,200,4205.112582
5673.652337,0.83,0.83,200,4212.104406
5527.897072,0.79,0.795,200,4216.953695
3262.821805,0.345,0.35,200,4221.692036
5734.713854,0.855,0.86,200,4226.413643
5593.037967,0.795,0.805,200,4231.139146
4451.840944,0.835,0.86,200,4235.872368
5735.331203,0.865,0.875,200,4240.727603
5641.664288,0.81,0.82,200,4245.544772
3312.409115,0.67,0.685,200,4250.384937
5764.244359,0.86,0.865,200,4255.137157
5678.173773,0.83,0.83,200,4262.239404
5529.360381,0.8,0.8,200,4267.030352
5752.811389,0.86,0.86,200,4271.881111
5357.727837,0.83,0.83,200,4276.527684
5357.604552,0.83,0.835,200,4281.247354
5725.67464,0.835,0.84,200,4285.920371
5675.900836,0.8,0.805,200,4290.727032
5695.259232,0.83,0.83,200,4295.491298
5666.822913,0.815,0.82,200,4300.199358
4687.552608,0.845,0.85,200,4305.005886
4959.902034,0.83,0.855,200,4311.924608
5707.048423,0.825,0.83,200,4316.754836
5680.895395,0.82,0.82,200,4321.623585
5662.045615,0.815,0.815,200,4326.332176
5694.522671,0.82,0.82,200,4331.012566
5756.647554,0.855,0.855,200,4335.83035
5766.891729,0.87,0.88,200,4340.720743
5753.631632,0.855,0.855,200,4345.402402
5623.807109,0.825,0.84,200,4350.22569
2760.15178,0.88,0.88,200,4354.965441
5727.835334,0.84,0.84,200,4362.164227
5551.540916,0.79,0.79,200,4366.836626
5627.09777,0.855,0.875,200,4371.619868
5752.103041,0.84,0.855,200,4376.445244
5751.154979,0.855,0.855,200,4381.125286
5757.168815,0.85,0.86,200,4385.826087
5706.250526,0.865,0.865,200,4390.570596
5278.235953,0.84,0.84,200,4395.348339
4335.543238,0.835,0.85,200,4400.148762
5755.462003,0.86,0.875,200,4404.907954
5740.164148,0.845,0.855,200,4411.843626
4932.219408,0.84,0.85,200,4416.6645
5383.711649,0.825,0.825,200,4421.433573
5744.460802,0.86,0.865,200,4426.267015
5731.215438,0.85,0.855,200,4431.141552
4447.68076,0.865,0.865,200,4435.891784
5482.200983,0.79,0.79,200,4440.748557
5753.040992,0.845,0.86,200,4445.524204
4686.909176,0.67,0.7,200,4450.412393
5678.232666,0.825,0.83,200,4455.274657
5734.818012,0.84,0.84,200,4462.337086
5537.050579,0.785,0.79,200,4467.070881
5613.605628,0.83,0.83,200,4471.709872
5061.038587,0.82,0.835,200,4476.361698
4492.053848,0.84,0.84,200,4481.162201
5658.478517,0.785,0.785,200,4485.874575
5639.963663,0.765,0.765,200,4490.592544
5674.599549,0.785,0.785,200,4495.349791
5593.823135,0.81,0.81,200,4500.104919
5727.224133,0.845,0.845,200,4504.897112
5740.036039,0.845,0.845,200,4511.684385
5677.225621,0.785,0.805,200,4516.569826
4427.190534,0.84,0.85,200,4521.374875
4555.487797,0.865,0.865,200,4526.194216
5667.406895,0.785,0.8,200,4531.052003
5567.601019,0.8,0.8,200,4535.802244
5615.835947,0.805,0.81,200,4540.692942
5651.524528,0.81,0.81,200,4545.55585
5721.335099,0.865,0.875,200,4550.344253
5474.89407,0.78,0.79,200,4555.097926
5743.444669,0.865,0.87,200,4562.406755
5472.384734,0.815,0.835,200,4567.242217
5746.244012,0.845,0.85,200,4571.911273
5579.302726,0.805,0.805,200,4576.780352
5700.965513,0.81,0.815,200,4581.736011
5303.39279,0.84,0.845,200,4586.490959
5684.063521,0.815,0.815,200,4591.302497
5170.361688,0.675,0.675,200,4596.094712
5105.627168,0.835,0.84,200,4600.868985
5756.718778,0.85,0.855,200,4605.607544
5564.760991,0.84,0.85,200,4612.69347
5676.697965,0.79,0.805,200,4617.378745
5753.163817,0.865,0.89,200,4622.026599
5753.800445,0.86,0.875,200,4626.910311
5687.153255,0.82,0.82,200,4631.73201
4801.036132,0.845,0.85,200,4636.54565
2568.89448,0.155,0.175,200,4641.320108
5708.011194,0.83,0.835,200,4646.04565
5679.640325,0.795,0.8,200,4650.779598
5546.912265,0.79,0.8,200,4655.403013
4653.449197,0.84,0.85,200,4662.535314
4812.518524,0.475,0.485,200,4667.363576
5530.542496,0.795,0.795,200,4672.215366
5646.236919,0.82,0.82,200,4676.920679
5658.535612,0.81,0.81,200,4681.712724
5686.690892,0.81,0.81,200,4686.411196
5588.017503,0.8,0.8,200,4691.223381
3494.602025,0.865,0.865,200,4696.042728
5761.996209,0.875,0.885,200,4700.839071
5452.736287,0.825,0.835,200,4705.658054
5628.357576,0.825,0.83,200,4712.762763
5767.217904,0.865,0.865,200,4717.469354
4463.820657,0.84,0.855,200,4722.30989
5673.270561,0.82,0.82,200,4727.178913
3551.029944,0.865,0.865,200,4731.96643
5671.076425,0.815,0.83,200,4736.685451
5683.114918,0.795,0.805,200,4741.438468
5610.30204,0.81,0.815,200,4746.173486
5763.566319,0.845,0.86,200,4750.843456
5725.233884,0.83,0.83,200,4755.639363
5765.131862,0.855,0.865,200,4762.672253
5688.575399,0.81,0.815,200,4767.305523
3406.502502,0.875,0.88,200,4772.07087
5677.892919,0.815,0.825,200,4776.76026
5708.675707,0.825,0.83,200,4781.431601
5661.405558,0.825,0.825,200,4786.080826
5565.933399,0.795,0.8,200,4790.896019
5146.105967,0.835,0.835,200,4795.826879
5728.598958,0.86,0.86,200,4800.479604
3934.80769,0.86,0.865,200,4805.346072
5751.616873,0.845,0.845,200,4812.114791
5744.343427,0.84,0.845,200,4816.905572
5679.232193,0.81,0.81,200,4821.711509
5681.195102,0.8,0.8,200,4826.446107
5717.375058,0.84,0.84,200,4831.109775
4837.573533,0.65,0.675,200,4835.782265
5662.636437,0.805,0.82,200,4840.492418
5745.760096,0.845,0.845,200,4845.1164
2872.210086,0.88,0.88,200,4849.9181
3839.777343,0.85,0.865,200,4854.575607
5542.121204,0.79,0.795,200,4861.51592
5738.318219,0.84,0.845,200,4866.175409
5590.419484,0.83,0.835,200,4870.934561
5652.643564,0.82,0.825,200,4875.765843
5409.660797,0.685,0.685,200,4880.605761
4362.490267,0.61,0.62,200,4885.346074
5580.960526,0.805,0.81,200,4890.029715
2668.453335,0.14,0.155,200,4894.547086
5743.516996,0.845,0.845,200,4899.149191
5615.330444,0.805,0.815,200,4903.777099
5742.266149,0.835,0.835,200,4910.897941
3138.854446,0.625,0.655,200,4915.578978
5453.288139,0.835,0.835,200,4920.382862
5713.611742,0.825,0.84,200,4925.039267
5683.336093,0.825,0.825,200,4929.856006
3211.819931,0.875,0.875,200,4934.474576
5763.012534,0.855,0.855,200,4939.174184
4696.722961,0.87,0.87,200,4944.061985
5637.279004,0.82,0.83,200,4948.636663
4873.962518,0.845,0.85,200,4953.343234
5719.284531,0.835,0.84,200,4960.173698
5682.041451,0.855,0.865,200,4964.927111
3739.093996,0.87,0.87,200,4969.668968
4842.227684,0.65,0.67,200,4974.268143
5757.364238,0.855,0.855,200,4979.146213
5492.42663,0.82,0.835,200,4983.831809
5687.606586,0.81,0.81,200,4988.504714
5749.356752,0.845,0.845,200,4993.082169
5670.397887,0.805,0.805,200,4997.823178
3967.963649,0.865,0.865,200,5002.609294
4887.925298,0.83,0.845,200,5009.380331
4370.982777,0.865,0.865,200,5014.05397
5635.804318,0.81,0.81,200,5018.831745
5736.07614,0.84,0.845,200,5023.530329
4672.924093,0.84,0.84,200,5028.208184
5708.594939,0.825,0.835,200,5032.91614
5678.446716,0.82,0.825,200,5037.591141
5699.72462,0.83,0.83,200,5042.384695
5738.547786,0.845,0.845,200,5047.036424
5714.328027,0.835,0.84,200,5051.775613
5764.087916,0.855,0.86,200,5058.562796
5111.740412,0.845,0.855,200,5063.245442
5734.007628,0.835,0.84,200,5067.955919
5555.424701,0.815,0.83,200,5072.727404
5742.618787,0.84,0.84,200,5077.427209
5753.505132,0.865,0.865,200,5082.065077
5662.130737,0.82,0.82,200,5086.631531
5605.394275,0.795,0.81,200,5091.311994
5590.582488,0.805,0.805,200,5096.096715
4339.302193,0.835,0.855,200,5100.904717
5567.597137,0.815,0.815,200,5107.832832
3105.24143,0.73,0.745,200,5112.646126
5560.466923,0.8,0.8,200,5117.476606
5734.442211,0.835,0.845,200,5122.212573
5636.163545,0.815,0.82,200,5127.005595
5652.522365,0.825,0.83,200,5131.803818
5654.375424,0.82,0.82,200,5136.543805
5560.209751,0.8,0.8,200,5141.405414
5765.636557,0.85,0.865,200,5146.210304
5682.200174,0.825,0.83,200,5151.137931
5752.754148,0.84,0.85,200,5158.453001
5664.231356,0.83,0.835,200,5163.360258
5597.43847,0.815,0.815,200,5168.340323
5195.858436,0.68,0.685,200,5173.135406
5733.559037,0.825,0.83,200,5177.891518
5742.457724,0.85,0.85,200,5182.670198
4543.473494,0.85,0.87,200,5187.550261
5662.226634,0.815,0.815,200,5192.321324
4994.466613,0.84,0.84,200,5197.045863
4898.945737,0.605,0.625,200,5201.893612
5730.220583,0.85,0.865,200,5208.726666
5661.285279,0.82,0.83,200,5213.619783
5699.558056,0.83,0.835,200,5218.446766
4345.320312,0.84,0.85,200,5223.336706
5671.754791,0.825,0.825,200,5228.128538
5773.699417,0.855,0.87,200,5232.897429
4691.368698,0.84,0.85,200,5237.767751
4409.903188,0.85,0.86,200,5242.549563
5771.981898,0.86,0.87,200,5247.267223
4454.587432,0.56,0.595,200,5252.095482
4615.719445,0.7,0.7,200,5259.296699
5171.605108,0.835,0.84,200,5263.986144
5516.755165,0.79,0.79,200,5268.733633
5705.588705,0.83,0.83,200,5273.641918
5653.63314,0.82,0.82,200,5278.518337
4816.962955,0.825,0.825,200,5283.350456
5733.51082,0.845,0.845,200,5288.191423
5546.221939,0.835,0.84,200,5293.018138
4905.703674,0.835,0.845,200,5297.819867
5690.979293,0.815,0.83,200,5302.641136
5695.513959,0.825,0.835,200,5309.702438
5529.269397,0.785,0.795,200,5314.566861
5757.30148,0.855,0.86,200,5319.313165
5693.686384,0.83,0.845,200,5324.161413
5595.724211,0.815,0.815,200,5328.901852
5552.609834,0.8,0.8,200,5333.673387
5688.93824,0.835,0.835,200,5338.397532
5753.827295,0.85,0.85,200,5343.261434
5654.683574,0.85,0.85,200,5348.063973
4164.686824,0.85,0.855,200,5352.821002
5733.012053,0.835,0.835,200,5359.885279
5758.213798,0.845,0.86,200,5364.812968
5761.331693,0.86,0.865,200,5369.689476
5772.239814,0.87,0.875,200,5374.517198
5698.403069,0.81,0.81,200,5379.31652
5636.852217,0.815,0.815,200,5384.041568
5078.384763,0.645,0.66,200,5388.902604
5739.446979,0.86,0.87,200,5393.56397
5688.402305,0.81,0.81,200,5398.283788
5738.782665,0.84,0.84,200,5403.113607
5609.691089,0.825,0.825,200,5410.162084
5236.737762,0.835,0.845,200,5415.090277
5712.495522,0.86,0.875,200,5419.859721
5748.880496,0.85,0.86,200,5424.543825
4618.033766,0.84,0.85,200,5429.202328
5527.198491,0.835,0.835,200,5433.951173
5595.697284,0.86,0.87,200,5438.701593
5763.419926,0.845,0.85,200,5443.58516
5042.825838,0.825,0.825,200,5448.35479
5661.931192,0.83,0.84,200,5453.087902
5736.957794,0.845,0.845,200,5459.921465
5684.740868,0.82,0.825,200,5464.640042
3560.340288,0.865,0.865,200,5469.398618
5351.742408,0.83,0.835,200,5474.190816
5679.848801,0.825,0.825,200,5479.019474
5755.502167,0.86,0.86,200,5483.91171
5681.414623,0.85,0.865,200,5488.763256
5733.515537,0.845,0.845,200,5493.489609
5193.737862,0.835,0.84,200,5498.217195
5573.839718,0.805,0.81,200,5502.974325
5658.436179,0.81,0.815,200,5510.124947
5592.541719,0.805,0.805,200,5514.847565
4127.738444,0.845,0.855,200,5519.559594
5758.500385,0.855,0.855,200,5524.319755
5757.803324,0.85,0.85,200,5529.219053
5641.593469,0.805,0.805,200,5533.944941
5640.709277,0.795,0.8,200,5538.700036
3339.990774,0.87,0.87,200,5543.466893
5206.289359,0.85,0.85,200,5548.319668
4193.919782,0.855,0.86,200,5553.079555
5747.119422,0.865,0.87,200,5560.168845
5515.931156,0.79,0.79,200,5565.00508
4666.572575,0.86,0.86,200,5569.698779
5761.120801,0.86,0.865,200,5574.464094
5718.60511,0.84,0.86,200,5579.274829
5691.149348,0.86,0.86,200,5584.127268
5051.511217,0.83,0.835,200,5588.805731
4189.653267,0.86,0.86,200,5593.656734
5705.184226,0.82,0.83,200,5598.472025
5687.899241,0.805,0.805,200,5603.205709
5480.559135,0.785,0.785,200,5610.399067
5530.226499,0.8,0.8,200,5615.189569
5764.303084,0.875,0.88,200,5620.055737
5656.734749,0.84,0.84,200,5624.823088
5747.186852,0.84,0.85,200,5629.571447
3867.79029,0.875,0.875,200,5634.384938
5736.679588,0.835,0.84,200,5639.105997
5763.49023,0.85,0.86,200,5643.900238
5764.13784,0.85,0.86,200,5648.777186
5040.118348,0.835,0.845,200,5653.615536
5722.89201,0.855,0.86,200,5660.446834
5751.026044,0.84,0.85,200,5665.186049
5637.073058,0.81,0.82,200,5669.899759
5048.52563,0.84,0.855,200,5674.553543
5751.352077,0.84,0.86,200,5679.326124
5769.548045,0.865,0.87,200,5684.078963
5655.85077,0.825,0.825,200,5688.804515
5691.086973,0.805,0.805,200,5693.514895
5778.621361,0.855,0.87,200,5698.224967
5666.910303,0.87,0.88,200,5703.055135
5612.836321,0.805,0.82,200,5710.098983
4299.255348,0.86,0.86,200,5714.844383
5737.711507,0.85,0.855,200,5719.608775
4974.572082,0.85,0.85,200,5724.38286
5517.74888,0.79,0.795,200,5729.079474
5754.382496,0.86,0.87,200,5733.734383
5568.387065,0.795,0.8,200,5738.592074
5570.093149,0.805,0.805,200,5743.316013
5675.890732,0.8,0.81,200,5748.199764
5710.616536,0.83,0.83,200,5752.969678
5681.456036,0.82,0.82,200,5760.348889
5667.173421,0.81,0.83,200,5765.064474
4405.97245,0.84,0.845,200,5769.850924
5659.40374,0.82,0.82,200,5774.595678
5673.636748,0.815,0.815,200,5779.395971
5689.598286,0.835,0.835,200,5784.131658
5685.20673,0.825,0.825,200,5788.925835
5680.0923,0.805,0.805,200,5793.677719
5610.539431,0.81,0.81,200,5798.508616
5761.223897,0.855,0.855,200,5803.28773
5693.247013,0.805,0.815,200,5810.28817
5697.332029,0.835,0.835,200,5815.079895
5641.855044,0.83,0.835,200,5819.938761
5708.914254,0.84,0.84,200,5824.845296
5723.169679,0.86,0.86,200,5829.756394
5723.875159,0.845,0.845,200,5834.601873
4995.115206,0.845,0.845,200,5839.489037
5651.063402,0.815,0.82,200,5844.291142
5636.865217,0.865,0.865,200,5849.173675
4949.54443,0.705,0.715,200,5854.085828
5660.902785,0.83,0.83,200,5861.119924
4672.30213,0.835,0.855,200,5865.723056
5692.288376,0.825,0.825,200,5870.346458
5610.553448,0.82,0.82,200,5875.055116
5734.45854,0.85,0.86,200,5879.842205
5544.668334,0.845,0.85,200,5884.659698
4261.259169,0.235,0.25,200,5889.402716
5686.706811,0.805,0.805,200,5894.160089
5638.067576,0.805,0.83,200,5898.867938
5768.235971,0.86,0.87,200,5903.650218
5599.412434,0.825,0.83,200,5910.696831
5753.221721,0.845,0.855,200,5915.334738
5761.98902,0.85,0.855,200,5919.868174
5750.963261,0.855,0.86,200,5924.55341
5618.409718,0.83,0.835,200,5929.420965
5558.35199,0.805,0.805,200,5934.166381
5673.832242,0.83,0.83,200,5938.947426
3808.484928,0.88,0.885,200,5943.558568
5688.05761,0.825,0.83,200,5948.397035
5754.651641,0.855,0.855,200,5953.00817
5688.971793,0.8,0.81,200,5959.875664
5670.710601,0.81,0.81,200,5964.699985
5744.504572,0.855,0.855,200,5969.46862
5737.664136,0.87,0.875,200,5974.219229
3818.091717,0.85,0.855,200,5978.819213
4441.588772,0.835,0.85,200,5983.668869
3986.943951,0.875,0.875,200,5988.469469
5792.764067,0.865,0.88,200,5993.101741
5744.707539,0.835,0.845,200,5997.754212
5689.798299,0.825,0.825,200,6002.459459
4138.527613,0.84,0.855,200,6009.455517
5597.081915,0.82,0.82,200,6014.071469
5662.677539,0.82,0.83,200,6018.665545
4271.674669,0.86,0.86,200,6023.295145
5724.826098,0.83,0.835,200,6027.880976
5744.650066,0.835,0.845,200,6032.600877
5094.541638,0.83,0.845,200,6037.329283
5722.981782,0.825,0.83,200,6042.076728
5775.720814,0.86,0.865,200,6046.878643
5595.125574,0.805,0.805,200,6051.629625
5725.615805,0.835,0.84,200,6058.451957
5751.409261,0.845,0.85,200,6063.003835
5747.769218,0.845,0.845,200,6067.590826
4991.356862,0.83,0.845,200,6072.26991
4084.650727,0.86,0.86,200,6076.824146
2804.515961,0.87,0.875,200,6081.472671
5723.041119,0.85,0.86,200,6086.344141
5645.751206,0.82,0.82,200,6091.099414
5612.224676,0.81,0.81,200,6095.831716
5757.085988,0.855,0.855,200,6100.366976
5692.265328,0.82,0.82,200,6107.190112
2743.603266,0.86,0.86,200,6111.900398
5658.716734,0.79,0.795,200,6116.648197
5765.410621,0.865,0.88,200,6121.293963
5756.016898,0.85,0.855,200,6125.872289
5432.277971,0.825,0.83,200,6130.491193
5655.841874,0.79,0.79,200,6135.028612
5768.358341,0.855,0.865,200,6139.698895
5700.188208,0.82,0.82,200,6144.173131
5682.361518,0.815,0.815,200,6148.801445
5559.030232,0.87,0.89,200,6155.46532
5434.424359,0.84,0.85,200,6160.089724
5670.579265,0.81,0.815,200,6164.6641
5675.445647,0.815,0.825,200,6169.431817
5564.732048,0.805,0.81,200,6174.163294
5578.152833,0.795,0.8,200,6178.895662
5750.498021,0.85,0.85,200,6183.482394
5754.42999,0.84,0.855,200,6188.124598
4162.453649,0.85,0.85,200,6192.723449
5749.807745,0.865,0.875,200,6197.224198
4613.815156,0.835,0.85,200,6203.993994
5708.248692,0.84,0.84,200,6208.548003
4966.856145,0.335,0.335,200,6213.204083
5591.253762,0.81,0.82,200,6217.89219
5692.107569,0.86,0.865,200,6222.475572
5673.432882,0.865,0.875,200,6227.112413
4324.637401,0.7,0.7,200,6231.699668
5528.215966,0.79,0.79,200,6236.207304
4517.508145,0.725,0.74,200,6240.693744
5758.860572,0.855,0.88,200,6245.115038
5731.912204,0.87,0.885,200,6251.826563
4565.744347,0.59,0.605,200,6256.41739
5740.552622,0.835,0.84,200,6260.969452
4436.527609,0.85,0.86,200,6265.681679
5690.137656,0.805,0.81,200,6270.22231
5751.60867,0.855,0.86,200,6274.77269
5758.160567,0.855,0.865,200,6279.332228
5670.617302,0.795,0.795,200,6283.947099
5429.85118,0.85,0.85,200,6288.593618
4348.933107,0.84,0.85,200,6293.202569
5681.817732,0.835,0.835,200,6299.955913
5689.134545,0.875,0.885,200,6304.546625
5755.176329,0.855,0.86,200,6309.023869
5679.714306,0.81,0.81,200,6313.504086
5622.237037,0.82,0.82,200,6318.116824
4392.678975,0.84,0.85,200,6322.70532
5742.966303,0.84,0.84,200,6327.419149
5667.117001,0.8,0.8,200,6331.921721
5732.693152,0.845,0.845,200,6336.507387
4515.894611,0.865,0.865,200,6341.193284
4973.199636,0.855,0.855,200,6347.795665
2719.486983,0.87,0.88,200,6352.483142
5752.747218,0.85,0.85,200,6356.945381
5701.717723,0.82,0.83,200,6361.519354
4422.3632,0.875,0.875,200,6366.19684
5688.277919,0.79,0.81,200,6370.686575
5704.246335,0.84,0.84,200,6375.290498
5686.714813,0.82,0.83,200,6379.896199
5562.424499,0.8,0.805,200,6384.444354
5696.996239,0.81,0.815,200,6389.117845
5752.055349,0.865,0.865,200,6395.916995
4805.440781,0.84,0.855,200,6400.425447
5744.411927,0.865,0.875,200,6404.892802
5760.76405,0.86,0.86,200,6409.300051
5758.406839,0.855,0.855,200,6413.89895
5663.236372,0.825,0.825,200,6418.434314
5679.084827,0.835,0.835,200,6423.052637
5758.791413,0.855,0.855,200,6427.67617
5692.930914,0.805,0.805,200,6432.134547
5755.686032,0.85,0.85,200,6436.691738
5753.745161,0.85,0.865,200,6443.687412
5734.224942,0.82,0.83,200,6448.483088
5778.675989,0.855,0.875,200,6453.200649
5730.785959,0.855,0.865,200,6457.779385
5590.374376,0.875,0.89,200,6462.309246
5641.032896,0.84,0.84,200,6467.019963
4310.671871,0.535,0.555,200,6471.724822
5699.687013,0.825,0.83,200,6476.443267
5728.967428,0.825,0.83,200,6481.041022
5431.430548,0.835,0.835,200,6485.715617
5758.078075,0.855,0.865,200,6492.597383
5654.905974,0.815,0.815,200,6497.135106
5764.912835,0.855,0.855,200,6501.758438
4813.092666,0.835,0.835,200,6506.402874
5669.314766,0.835,0.85,200,6510.860036
5741.072452,0.845,0.845,200,6515.366525
4407.108955,0.845,0.855,200,6520.037091
5745.16635,0.86,0.875,200,6524.67816
5693.790431,0.85,0.865,200,6529.394698
5734.48086,0.84,0.84,200,6533.94458
5751.521935,0.85,0.875,200,6540.544057
5674.933873,0.81,0.81,200,6545.26273
5773.972938,0.865,0.865,200,6550.060104
5693.490773,0.81,0.815,200,6554.575459
5671.894383,0.82,0.825,200,6559.369483
3017.256827,0.43,0.435,200,6563.955022
5680.80762,0.825,0.83,200,6568.734882
5691.891096,0.81,0.815,200,6573.439567
5740.972718,0.84,0.84,200,6578.063719
3531.13408,0.435,0.465,200,6582.584215
5660.196208,0.825,0.825,200,6589.238312
5784.639943,0.87,0.875,200,6593.852528
5664.543113,0.82,0.835,200,6598.460708
5682.594488,0.81,0.81,200,6602.9788
3844.630369,0.41,0.43,200,6607.620116
5681.555792,0.805,0.805,200,6612.285071
5763.036018,0.85,0.85,200,6617.102409
5605.661223,0.86,0.88,200,6621.708431
4441.611911,0.845,0.845,200,6626.177931
5768.474222,0.86,0.87,200,6630.673405
5687.934662,0.875,0.875,200,6637.498819
5746.263985,0.865,0.865,200,6642.079803
5715.346343,0.865,0.885,200,6646.709419
5742.0719,0.865,0.87,200,6651.352954
5631.067372,0.81,0.81,200,6655.996964
5773.573623,0.86,0.865,200,6660.615829
5759.01843,0.865,0.87,200,6665.274838
5077.671359,0.84,0.85,200,6669.881524
5764.277149,0.85,0.855,200,6674.480669
5058.371023,0.71,0.725,200,6678.980591
5756.332142,0.855,0.86,200,6685.793448
5752.954473,0.865,0.865,200,6690.401549
5759.533652,0.855,0.86,200,6694.96017
5739.751332,0.855,0.855,200,6699.551689
5729.399871,0.87,0.875,200,6703.993975
3964.928324,0.875,0.875,200,6708.530444
4782.133647,0.855,0.86,200,6713.254317
5626.011471,0.81,0.81,200,6717.771912
4911.608986,0.85,0.85,200,6722.448599
5638.929958,0.82,0.825,200,6726.939119
5666.592704,0.81,0.81,200,6733.763026
5751.442248,0.855,0.87,200,6738.25016
3533.431203,0.87,0.87,200,6742.800739
4126.766647,0.625,0.625,200,6747.491325
5615.545431,0.82,0.82,200,6752.163145
5603.955783,0.805,0.805,200,6756.836964
5665.855773,0.83,0.835,200,6761.623461
5750.946615,0.865,0.875,200,6766.241584
4258.870971,0.73,0.735,200,6770.813033
5646.404742,0.81,0.835,200,6775.466162
5706.469071,0.82,0.825,200,6782.326197
5765.923249,0.865,0.885,200,6786.902467
5731.728833,0.87,0.88,200,6791.772431
5454.942149,0.845,0.845,200,6796.46656
5696.118545,0.815,0.815,200,6801.103141
5769.37057,0.87,0.88,200,6805.764509
5777.643395,0.87,0.875,200,6810.450699
5678.984762,0.815,0.815,200,6815.095808
5753.106573,0.845,0.855,200,6819.817277
4427.303976,0.86,0.86,200,6824.142191
5562.985223,0.795,0.795,200,6830.734657
5732.693923,0.84,0.85,200,6835.263181
5672.000109,0.825,0.825,200,6839.892449
5564.155437,0.79,0.79,200,6844.427648
4463.517706,0.53,0.535,200,6849.065728
5686.872008,0.81,0.81,200,6853.608648
5666.993602,0.805,0.815,200,6858.113109
5600.895973,0.805,0.81,200,6862.77448
5740.890759,0.875,0.88,200,6867.449483
5676.015475,0.86,0.875,200,6871.988723
5740.08576,0.825,0.85,200,6878.974859
5696.362342,0.81,0.83,200,6883.655504
5765.322924,0.86,0.87,200,6888.108521
5360.061932,0.835,0.845,200,6892.813854
5681.817648,0.82,0.82,200,6897.216863
4812.604101,0.495,0.495,200,6901.810289
5117.616959,0.835,0.835,200,6906.315371
4895.808402,0.855,0.86,200,6910.798607
5634.194548,0.81,0.82,200,6915.211209
5702.579261,0.815,0.815,200,6919.788073
5561.886509,0.805,0.805,200,6926.24205
4522.788353,0.85,0.86,200,6930.401788
5756.684853,0.865,0.865,200,6934.854012
5666.049754,0.79,0.79,200,6939.229768
4787.600198,0.855,0.855,200,6943.75725
5679.178314,0.83,0.835,200,6948.285391
5684.322957,0.8,0.805,200,6952.809562
5750.355813,0.835,0.845,200,6957.21172
5653.132587,0.835,0.835,200,6961.659967
5780.509953,0.87,0.875,200,6966.374019
3629.786264,0.86,0.875,200,6973.035813
5684.836468,0.805,0.805,200,6977.747787
5732.04991,0.845,0.85,200,6982.361155
5554.374899,0.845,0.87,200,6986.986379
5202.634413,0.845,0.85,200,6991.458379
3768.112338,0.685,0.685,200,6996.093047
5748.18487,0.85,0.85,200,7000.692018
4681.453986,0.85,0.86,200,7005.132167
5705.000211,0.855,0.87,200,7009.642128
5755.586116,0.85,0.855,200,7014.097624
5648.62715,0.835,0.835,200,7020.817959
5672.778308,0.79,0.79,200,7025.582905
5689.526124,0.83,0.835,200,7030.199851
5711.48589,0.855,0.875,200,7034.76012
4470.317446,0.835,0.85,200,7039.246158
5706.267959,0.835,0.835,200,7043.706572
5702.546949,0.825,0.83,200,7048.360464
5737.043778,0.85,0.85,200,7052.984003
5694.410449,0.82,0.82,200,7057.46229
5630.018613,0.86,0.875,200,7062.071894
5063.807953,0.71,0.745,200,7068.953062
3740.504755,0.87,0.885,200,7073.615974
5653.883341,0.805,0.825,200,7078.235782
5688.472335,0.815,0.82,200,7082.863668
5701.199858,0.825,0.825,200,7087.542124
5682.901826,0.805,0.805,200,7092.189029
5698.844691,0.825,0.825,200,7096.771066
4766.66314,0.875,0.875,200,7101.396805
5575.306134,0.8,0.8,200,7106.094655
5689.120874,0.805,0.805,200,7110.910099
5760.19341,0.845,0.85,200,7117.623875
4453.740792,0.335,0.375,200,7122.214092
5676.272269,0.825,0.825,200,7126.895383
5660.535391,0.8,0.815,200,7131.6301
4441.928196,0.845,0.845,200,7136.238586
5771.919412,0.855,0.865,200,7140.804998
5539.09306,0.785,0.785,200,7145.646868
5539.095385,0.79,0.795,200,7150.339537
5676.15465,0.85,0.85,200,7155.015914
4649.400233,0.845,0.86,200,7159.726448
3286.781296,0.845,0.855,200,7166.683904
5597.899691,0.805,0.805,200,7171.350649
5762.315902,0.855,0.865,200,7175.940491
5637.446083,0.81,0.81,200,7180.596592
5751.998754,0.85,0.85,200,7185.301419
5758.884765,0.86,0.86,200,7190.035207
5757.272109,0.855,0.86,200,7194.758433
5715.971532,0.845,0.845,200,7199.444471
5169.495929,0.86,0.865,200,7204.135012
5658.167988,0.83,0.835,200,7208.763047
4305.940051,0.87,0.87,200,7215.332139
5641.320434,0.83,0.835,200,7219.815627
5754.292844,0.85,0.85,200,7224.341641
5703.699539,0.855,0.855,200,7228.94851
5727.91212,0.84,0.84,200,7233.417244
5663.74097,0.845,0.845,200,7237.897765
5723.384747,0.84,0.85,200,7242.458595
5465.344427,0.845,0.845,200,7246.978225
5676.073117,0.8,0.805,200,7251.469761
5564.373712,0.8,0.8,200,7256.069675
2992.3328,0.655,0.68,200,7262.865695
5716.73943,0.84,0.84,200,7267.67803
5673.480439,0.82,0.835,200,7272.314319
5375.276876,0.84,0.85,200,7276.887986
4658.15991,0.835,0.86,200,7281.585583
5751.483256,0.845,0.85,200,7286.038229
5581.019952,0.8,0.8,200,7290.549745
5760.106269,0.87,0.88,200,7295.091112
5538.462397,0.79,0.8,200,7299.607636
5742.765645,0.85,0.85,200,7304.262419
5659.967245,0.82,0.82,200,7311.203792
5681.324271,0.83,0.84,200,7315.951812
5712.022863,0.805,0.825,200,7320.737743
5587.588735,0.83,0.835,200,7325.414304
5661.466568,0.845,0.85,200,7329.977731
5789.905673,0.87,0.88,200,7334.690804
5603.69579,0.81,0.815,200,7339.165669
5590.236194,0.79,0.81,200,7344.007348
5739.06505,0.845,0.845,200,7348.830545
5688.885894,0.815,0.815,200,7353.55215
3800.004692,0.875,0.875,200,7360.573267
4897.062224,0.855,0.855,200,7365.383108
5645.493755,0.85,0.875,200,7370.150463
5684.979002,0.805,0.805,200,7374.943565
4976.97717,0.835,0.855,200,7379.651331
5693.52088,0.83,0.835,200,7384.414964
4103.465668,0.86,0.86,200,7388.871651
5300.378009,0.85,0.85,200,7393.52373
3678.756072,0.87,0.88,200,7398.168686
5670.302323,0.835,0.835,200,7402.818502
5770.125527,0.865,0.87,200,7409.571957
5749.952365,0.85,0.85,200,7414.130447
5639.568572,0.825,0.84,200,7418.724717
5727.676889,0.85,0.865,200,7423.254579
5720.070327,0.83,0.835,200,7427.767808
5570.151974,0.79,0.805,200,7432.427507
5614.84542,0.795,0.805,200,7436.988852
5556.994805,0.84,0.84,200,7441.553909
5606.047989,0.8,0.81,200,7446.217499
5766.035108,0.86,0.865,200,7450.905488
5738.463392,0.87,0.875,200,7457.439466
5743.150726,0.845,0.845,200,7462.01985
5732.200732,0.84,0.845,200,7466.619793
4513.111356,0.86,0.87,200,7471.149306
5601.259189,0.825,0.825,200,7475.65577
5778.383636,0.865,0.87,200,7480.20261
5115.211331,0.845,0.855,200,7484.785428
5781.119286,0.865,0.87,200,7489.384125
5742.8821,0.85,0.86,200,7493.95773
5736.372643,0.865,0.865,200,7498.630561
5741.527786,0.845,0.845,200,7505.395058
5654.976515,0.82,0.82,200,7510.012396
5382.734208,0.81,0.81,200,7514.581418
3488.064097,0.87,0.875,200,7519.311198
5764.812301,0.85,0.86,200,7523.877955
5733.350775,0.86,0.865,200,7528.555904
5566.087707,0.795,0.805,200,7533.17906
5602.410796,0.805,0.815,200,7537.706377
4713.249066,0.855,0.855,200,7542.28549
3389.184483,0.87,0.89,200,7546.959437
4974.33877,0.83,0.855,200,7554.028998
5781.600803,0.87,0.88,200,7558.58678
5734.846144,0.865,0.875,200,7562.998658
3901.890754,0.87,0.875,200,7567.584289
5671.598328,0.81,0.825,200,7572.129513
5769.886714,0.85,0.87,200,7576.5493
5750.785135,0.865,0.88,200,7581.234279
5308.32614,0.85,0.855,200,7585.753278
5721.276717,0.845,0.845,200,7590.540394
5220.336317,0.835,0.85,200,7595.129224
5592.14643,0.83,0.84,200,7601.933918
5689.171003,0.84,0.84,200,7606.423157
5669.538675,0.83,0.83,200,7610.946503
3744.793243,0.77,0.77,200,7615.466492
5190.499302,0.84,0.84,200,7620.034357
5775.418933,0.855,0.865,200,7624.410874
4478.938321,0.86,0.86,200,7628.876296
5696.737057,0.82,0.82,200,7633.34345
5675.335609,0.82,0.82,200,7637.984068
5603.157809,0.835,0.85,200,7642.63726
5681.759676,0.81,0.81,200,7649.429301
5663.519312,0.795,0.805,200,7654.084234
4852.089327,0.625,0.63,200,7658.693503
5696.364711,0.805,0.805,200,7663.225919
5765.686414,0.855,0.87,200,7667.758185
4743.077899,0.85,0.86,200,7672.388825
5691.698063,0.81,0.81,200,7676.911963
5707.248886,0.825,0.83,200,7681.501535
5604.218209,0.815,0.815,200,7686.18838
5745.476934,0.85,0.855,200,7690.915778
5766.128455,0.85,0.855,200,7697.950203
4775.326251,0.85,0.85,200,7702.723757
5783.176521,0.87,0.87,200,7707.443868
5764.03606,0.865,0.875,200,7711.86441
5747.203755,0.85,0.85,200,7716.47315
5697.586243,0.81,0.815,200,7721.098561
5521.532507,0.83,0.855,200,7725.589508
5756.563213,0.855,0.86,200,7730.185357
5752.465682,0.85,0.855,200,7734.762578
5733.704918,0.855,0.86,200,7739.365971
4742.109628,0.845,0.855,200,7746.364621
5750.138094,0.845,0.85,200,7750.887063
3431.622562,0.565,0.575,200,7755.498454
5731.8449,0.86,0.865,200,7760.052101
4973.972394,0.83,0.84,200,7764.615733
5698.458259,0.82,0.82,200,7769.140532
5684.443587,0.82,0.82,200,7773.744996
5746.992321,0.85,0.85,200,7778.368899
5694.636419,0.815,0.815,200,7782.952824
5705.547383,0.825,0.825,200,7787.528763
5706.354491,0.82,0.82,200,7794.231906
5726.176603,0.85,0.875,200,7798.963174
5511.635293,0.78,0.79,200,7803.555763
5782.732339,0.86,0.875,200,7808.15572
5711.991419,0.825,0.825,200,7812.72949
5774.438636,0.87,0.875,200,7817.320112
5744.12059,0.845,0.845,200,7821.971061
4013.2526,0.885,0.885,200,7826.553663
5734.190939,0.855,0.87,200,7831.251944
5748.49748,0.84,0.84,200,7835.862994
5656.31118,0.805,0.81,200,7842.776358
5720.075024,0.86,0.86,200,7847.423795
5753.14116,0.855,0.86,200,7852.061207
5678.229264,0.82,0.82,200,7856.745656
5668.58236,0.84,0.845,200,7861.292484
5633.195061,0.8,0.82,200,7865.921077
5141.002137,0.845,0.845,200,7870.651503
5735.379684,0.855,0.875,200,7875.331834
5747.83814,0.835,0.87,200,7880.020662
5747.490909,0.865,0.87,200,7884.62767
5618.862093,0.825,0.825,200,7891.435637
5627.692888,0.825,0.825,200,7895.965126
5756.179707,0.84,0.855,200,7900.66634
5389.632715,0.83,0.855,200,7905.29763
5564.589247,0.795,0.805,200,7910.096102
5668.994967,0.835,0.835,200,7914.80164
5754.758408,0.845,0.85,200,7919.434114
5686.993009,0.805,0.805,200,7924.093902
5538.500199,0.835,0.845,200,7928.73995
5757.581581,0.855,0.855,200,7933.346033
5708.403533,0.86,0.87,200,7939.981027
5713.723579,0.835,0.845,200,7944.667741
5767.909526,0.865,0.87,200,7949.39141
4772.727556,0.845,0.86,200,7953.926144
5679.98805,0.845,0.845,200,7958.407302
5686.294506,0.855,0.865,200,7963.015441
5580.183196,0.8,0.8,200,7967.715169
5743.459063,0.835,0.845,200,7972.344773
5736.274939,0.86,0.875,200,7976.84461
5629.865346,0.835,0.835,200,7981.478707
5681.571864,0.825,0.825,200,7988.197052
5752.440924,0.86,0.88,200,7992.699329
5701.035581,0.855,0.865,200,7997.334773
5440.826524,0.855,0.855,200,8001.926597
5741.702618,0.835,0.84,200,8006.766029
5658.33122,0.865,0.865,200,8011.448345
4419.824088,0.845,0.85,200,8015.953794
5370.147273,0.835,0.84,200,8020.478532
4538.454143,0.835,0.85,200,8025.121913
4386.408321,0.84,0.855,200,8029.725857
5686.029494,0.81,0.81,200,8036.653453
5680.362689,0.81,0.81,200,8041.307421
5760.733137,0.855,0.855,200,8046.015465
5765.722428,0.86,0.86,200,8050.745029
5240.158949,0.815,0.85,200,8055.453782
3281.335446,0.87,0.875,200,8060.161302
5611.273444,0.83,0.83,200,8064.791431
5727.599648,0.85,0.86,200,8069.294089
4137.686785,0.87,0.87,200,8073.855033
5615.882778,0.795,0.815,200,8078.409705
5221.015582,0.44,0.44,200,8085.217784
5710.586325,0.82,0.84,200,8089.887044
5714.351431,0.805,0.81,200,8094.48999
5734.115969,0.84,0.86,200,8099.107987
5696.372008,0.81,0.81,200,8103.854276
5684.938023,0.805,0.805,200,8108.498
5736.597655,0.845,0.845,200,8113.069163
5761.928985,0.85,0.875,200,8117.633676
5741.101899,0.855,0.86,200,8122.283344
5776.104557,0.86,0.875,200,8126.925143
5724.766196,0.855,0.865,200,8133.681204
4218.655601,0.855,0.865,200,8138.394244
5668.355955,0.79,0.79,200,8143.105943
5754.297793,0.85,0.875,200,8147.644215
5724.018696,0.845,0.855,200,8152.344276
5695.450285,0.855,0.865,200,8156.876245
5661.86537,0.815,0.815,200,8161.635062
5687.217378,0.815,0.825,200,8166.262302
5685.185358,0.82,0.82,200,8170.810098
5713.180011,0.845,0.875,200,8175.49448
5211.37091,0.58,0.58,200,8182.33215
5684.279951,0.82,0.82,200,8187.108934
4949.175628,0.84,0.86,200,8191.704422
5584.318478,0.83,0.845,200,8196.382724
5623.539495,0.835,0.835,200,8201.149143
5598.037081,0.855,0.87,200,8205.94297
5766.186286,0.855,0.855,200,8210.523764
5713.055789,0.86,0.865,200,8215.315146
5657.459537,0.835,0.835,200,8220.107062
5061.928969,0.865,0.865,200,8224.731604
5616.794501,0.81,0.82,200,8231.666758
5601.375273,0.805,0.81,200,8236.472519
5766.664358,0.845,0.865,200,8241.164117
5693.469133,0.825,0.825,200,8245.82422
5769.787509,0.86,0.86,200,8250.546937
5715.866653,0.83,0.83,200,8255.26179
5643.081523,0.86,0.865,200,8259.890176
3979.094307,0.39,0.44,200,8264.546849
5725.593282,0.83,0.84,200,8269.317765
4711.484251,0.855,0.855,200,8274.004717
4686.718981,0.845,0.855,200,8280.95167
5566.493551,0.84,0.845,200,8285.646005
5772.004719,0.865,0.865,200,8290.54637
5717.222902,0.855,0.855,200,8295.369938
5315.806342,0.84,0.845,200,8299.986846
5674.589232,0.83,0.83,200,8304.749506
5564.453666,0.83,0.84,200,8309.399721
5758.881483,0.85,0.85,200,8314.173244
5758.34829,0.845,0.855,200,8318.895092
5667.602062,0.8,0.8,200,8323.507362
5680.481385,0.82,0.82,200,8330.178632
5756.037318,0.845,0.845,200,8334.658596
5737.930281,0.845,0.845,200,8339.178768
5663.873092,0.86,0.875,200,8343.79848
5180.830896,0.54,0.555,200,8348.40327
5704.208354,0.83,0.83,200,8353.101834
5757.300214,0.85,0.86,200,8357.654377
4815.750563,0.845,0.855,200,8362.264575
5675.450232,0.83,0.83,200,8367.000621
5738.873636,0.84,0.85,200,8371.672241
5251.739112,0.845,0.85,200,8378.521573
5750.341738,0.855,0.87,200,8383.221446
4308.220293,0.86,0.875,200,8387.913847
5725.072283,0.82,0.825,200,8392.494652
4699.386884,0.545,0.57,200,8397.010116
5679.670111,0.83,0.83,200,8401.622025
5679.504325,0.825,0.825,200,8406.319904
5684.670805,0.8,0.8,200,8410.947953
2681.873111,0.175,0.185,200,8415.617903
3327.198243,0.875,0.88,200,8420.398543
5761.592961,0.86,0.875,200,8427.323826
5783.189335,0.87,0.88,200,8431.896229
5757.596611,0.855,0.855,200,8436.587203
3947.895876,0.86,0.88,200,8441.224531
4983.576937,0.85,0.85,200,8445.867054
5751.802346,0.85,0.87,200,8450.512782
3004.619647,0.355,0.36,200,8455.062149
4017.136706,0.88,0.885,200,8459.735243
5734.311655,0.835,0.85,200,8464.418992
5637.382369,0.825,0.825,200,8469.029362
5667.194391,0.825,0.835,200,8476.096392
5685.952879,0.815,0.815,200,8480.856379
4438.371681,0.86,0.86,200,8485.590347
5572.683106,0.8,0.805,200,8490.166399
5753.834045,0.845,0.855,200,8494.823398
5643.177103,0.8,0.815,200,8499.518795
4891.875008,0.835,0.865,200,8504.176842
5672.796941,0.8,0.82,200,8508.813917
5186.427698,0.835,0.845,200,8513.567977
5735.223178,0.835,0.845,200,8518.326268
5641.497163,0.835,0.84,200,8525.048368
5149.238076,0.86,0.875,200,8529.760314
4773.573102,0.835,0.84,200,8534.42944
5684.159924,0.805,0.805,200,8538.980709
5717.868722,0.84,0.84,200,8543.63273
5776.995647,0.87,0.88,200,8548.317353
5636.092975,0.86,0.87,200,8552.931016
5675.28034,0.82,0.82,200,8557.600308
5761.485963,0.835,0.855,200,8562.32216
5720.519091,0.85,0.85,200,8566.88588
5749.977759,0.86,0.865,200,8573.811931
5688.581327,0.805,0.805,200,8578.448283
5698.299129,0.865,0.875,200,8582.929025
5649.296351,0.835,0.84,200,8587.512704
4556.335044,0.855,0.865,200,8592.153235
5658.247496,0.815,0.815,200,8596.76085
5681.890596,0.83,0.83,200,8601.434154
4913.705603,0.84,0.855,200,8606.060742
4436.106384,0.875,0.875,200,8610.793422
5049.646483,0.84,0.845,200,8615.509324
5685.48714,0.83,0.83,200,8622.369778
5251.630673,0.84,0.845,200,8626.956217
5701.914027,0.815,0.825,200,8631.613694
5742.78667,0.835,0.835,200,8636.302913
5697.563568,0.81,0.81,200,8640.940939
5760.304834,0.86,0.865,200,8645.667362
4330.882627,0.865,0.865,200,8650.28751
5753.939984,0.845,0.855,200,8654.868324
5694.145506,0.86,0.87,200,8659.662433
3174.002714,0.305,0.31,200,8664.307876
3846.826944,0.87,0.87,200,8671.299819
5739.881454,0.85,0.865,200,8675.910639
5659.259032,0.84,0.84,200,8680.509231
5708.231027,0.815,0.82,200,8685.140285
5682.964584,0.84,0.84,200,8689.813981
5502.445014,0.835,0.845,200,8694.374696
5113.587097,0.84,0.84,200,8698.919826
4567.176748,0.855,0.855,200,8703.601684
5761.079282,0.85,0.855,200,8708.195841
5753.483405,0.84,0.86,200,8712.778488
5001.615817,0.835,0.86,200,8719.755465
5600.322078,0.795,0.8,200,8724.52172
5740.183601,0.855,0.855,200,8729.240616
5650.611655,0.87,0.88,200,8733.839955
5730.490488,0.865,0.87,200,8738.564196
5693.187253,0.86,0.86,200,8743.136308
5232.494119,0.84,0.845,200,8747.743959
5761.84696,0.85,0.855,200,8752.342804
4388.409581,0.865,0.865,200,8757.033411
5774.833987,0.865,0.865,200,8761.667395
5698.510053,0.82,0.82,200,8768.496665
5776.12922,0.86,0.87,200,8773.222401
5562.510843,0.77,0.79,200,8777.932944
4826.433888,0.84,0.855,200,8782.615932
5575.927895,0.795,0.795,200,8787.339451
5595.506304,0.845,0.855,200,8792.015538
5751.966076,0.845,0.86,200,8796.884287
5005.291797,0.605,0.61,200,8801.588173
5109.689352,0.845,0.85,200,8806.247004
5754.067121,0.84,0.85,200,8811.058598
5741.05911,0.845,0.86,200,8817.849852
5668.939742,0.85,0.85,200,8822.549067
4796.17745,0.845,0.845,200,8827.215036
4858.625154,0.85,0.855,200,8832.02363
5666.87821,0.84,0.845,200,8836.744425
5742.920707,0.86,0.87,200,8841.387959
5765.638599,0.84,0.86,200,8846.06009
3969.103734,0.44,0.455,200,8850.635047
5748.995812,0.855,0.86,200,8855.14892
5601.383391,0.855,0.88,200,8859.754781
5748.712313,0.875,0.88,200,8866.699317
5692.666189,0.815,0.815,200,8871.504319
5610.227633,0.805,0.805,200,8876.220676
5735.606487,0.845,0.845,200,8880.684353
5772.673029,0.865,0.88,200,8885.236173
3754.181617,0.875,0.875,200,8889.846846
5732.526883,0.835,0.835,200,8894.422419
5765.384688,0.86,0.865,200,8899.105039
5703.43427,0.82,0.82,200,8903.634587
5638.065913,0.81,0.815,200,8908.147156
5672.969759,0.82,0.835,200,8914.940622
5578.019485,0.83,0.87,200,8919.603066
5702.821425,0.815,0.815,200,8924.197644
5607.735648,0.82,0.82,200,8928.921804
5679.729116,0.81,0.81,200,8933.63136
4857.624477,0.84,0.855,200,8938.290195
5644.868006,0.835,0.845,200,8942.927284
5704.013678,0.855,0.88,200,8947.412584
4844.221811,0.86,0.86,200,8952.101238
5065.712579,0.86,0.885,200,8956.519979
5069.106669,0.84,0.845,200,8963.48135
5743.876117,0.855,0.855,200,8968.161323
5650.886568,0.865,0.885,200,8972.813877
4682.320664,0.855,0.86,200,8977.310342
4128.750428,0.425,0.435,200,8981.679209
5725.28512,0.86,0.865,200,8986.162124
5708.652856,0.825,0.83,200,8990.572471
5773.830814,0.865,0.865,200,8995.007517
5754.774573,0.855,0.865,200,8999.414999
5772.0971,0.85,0.855,200,9003.905079
5717.515625,0.845,0.85,200,9010.460521
5681.288045,0.845,0.865,200,9015.161147
5768.966328,0.855,0.86,200,9019.497936
5684.734714,0.825,0.825,200,9023.962221
5767.140679,0.875,0.875,200,9028.291569
5679.158428,0.835,0.835,200,9032.736619
5738.300071,0.86,0.875,200,9037.422752
5731.000124,0.83,0.845,200,9042.12353
5775.613994,0.87,0.87,200,9046.625172
5652.115525,0.86,0.87,200,9051.177448
5681.92159,0.82,0.825,200,9057.861154
5739.274129,0.865,0.865,200,9062.586369
5696.947689,0.82,0.82,200,9067.181232
5778.845407,0.865,0.865,200,9071.737077
5748.34336,0.86,0.87,200,9076.40859
5708.425464,0.84,0.84,200,9081.038079
5713.124942,0.83,0.83,200,9085.751439
5733.949667,0.855,0.88,200,9090.454669
5678.588406,0.835,0.835,200,9095.064153
4209.242174,0.87,0.875,200,9099.668641
3342.474295,0.885,0.89,200,9106.512233
5720.727875,0.845,0.845,200,9111.251997
5071.281878,0.855,0.86,200,9115.978368
4583.093156,0.865,0.87,200,9120.593777
5569.471718,0.785,0.8,200,9125.222493
5674.198742,0.83,0.83,200,9129.877418
5710.766047,0.82,0.825,200,9134.507614
5744.089346,0.865,0.87,200,9139.059062
5688.622407,0.805,0.805,200,9143.698807
5659.043314,0.84,0.84,200,9148.299432
5670.719032,0.82,0.82,200,9155.085211
5649.553934,0.84,0.85,200,9159.530913
5734.567265,0.835,0.845,200,9163.941802
5700.184052,0.81,0.81,200,9168.501973
5716.764423,0.855,0.865,200,9173.088074
5632.273934,0.84,0.84,200,9177.634833
5682.197137,0.815,0.815,200,9182.318214
5587.819393,0.845,0.865,200,9186.898466
5763.123884,0.86,0.885,200,9191.649264
5682.959757,0.8,0.8,200,9196.316691
5715.803901,0.87,0.885,200,9203.067232
5683.931228,0.815,0.82,200,9207.683649
5652.412526,0.86,0.865,200,9212.330955
5211.203246,0.825,0.85,200,9217.092283
4660.756522,0.84,0.855,200,9221.701086
4854.086458,0.835,0.85,200,9226.277059
5762.283255,0.875,0.875,200,9230.881539
5679.374847,0.835,0.835,200,9235.354561
5224.231333,0.87,0.87,200,9239.959818
4480.041168,0.855,0.865,200,9244.54323
5109.412319,0.57,0.57,200,9251.263004
5764.568039,0.85,0.86,200,9255.915527
5695.378302,0.82,0.82,200,9260.501201
5761.052198,0.855,0.855,200,9265.078789
5708.355185,0.855,0.86,200,9269.531322
5772.972156,0.87,0.87,200,9274.090466
5539.066369,0.83,0.855,200,9278.68419
5632.401721,0.84,0.845,200,9283.417202
5681.562653,0.815,0.815,200,9287.952615
4540.393738,0.865,0.865,200,9292.455534
5603.923517,0.82,0.82,200,9299.253586
5447.214088,0.83,0.83,200,9303.896779
5764.784799,0.855,0.855,200,9308.49303
5692.628542,0.835,0.84,200,9313.21903
5666.522455,0.825,0.825,200,9317.721968
4952.241579,0.85,0.865,200,9322.146274
4661.540286,0.86,0.86,200,9326.668222
5759.502505,0.85,0.855,200,9331.290117
5681.06646,0.815,0.815,200,9335.906675
5696.602221,0.84,0.855,200,9340.511011
5769.748949,0.88,0.88,200,9347.504699
5712.607486,0.84,0.84,200,9352.211413
5754.176832,0.84,0.845,200,9356.894848
5580.465494,0.805,0.81,200,9361.340263
4617.704631,0.84,0.86,200,9365.828532
5680.340284,0.795,0.795,200,9370.485733
5751.063701,0.845,0.845,200,9375.185385
5694.21276,0.82,0.835,200,9379.908013
5728.562042,0.845,0.855,200,9384.573374
5607.795396,0.86,0.87,200,9389.274938
5571.39197,0.81,0.81,200,9396.206593
4828.917457,0.845,0.855,200,9400.916024
5752.348691,0.845,0.845,200,9405.545528
4580.911639,0.85,0.855,200,9410.261017
4468.046051,0.76,0.765,200,9414.922366
5643.84191,0.835,0.84,200,9419.420564
5710.206376,0.82,0.83,200,9424.08429
5762.000454,0.85,0.855,200,9428.540753
5760.035567,0.835,0.855,200,9433.083968
5398.192739,0.87,0.87,200,9437.798798
5747.74544,0.85,0.86,200,9444.328562
5763.730205,0.845,0.865,200,9449.002456
5762.874075,0.865,0.875,200,9453.755402
5723.375229,0.84,0.84,200,9458.425234
5667.241559,0.82,0.82,200,9463.189732
5741.436311,0.845,0.85,200,9467.865457
4534.546822,0.85,0.865,200,9472.479314
5618.471175,0.81,0.81,200,9477.235513
5665.409098,0.82,0.82,200,9482.006796
5686.571571,0.815,0.815,200,9486.829232
5678.118954,0.865,0.875,200,9493.749049
5623.939178,0.83,0.83,200,9498.530679
4828.083114,0.85,0.85,200,9503.379044
5761.156832,0.845,0.85,200,9508.186013
5626.289379,0.81,0.815,200,9512.877642
5673.041702,0.83,0.83,200,9517.535884
5074.579387,0.845,0.845,200,9522.099761
5767.109222,0.86,0.86,200,9526.725019
5778.301036,0.865,0.87,200,9531.450677
5696.62304,0.83,0.835,200,9536.273049
5700.620074,0.83,0.84,200,9543.348396
5671.28627,0.85,0.86,200,9547.92821
5660.505025,0.83,0.835,200,9552.648743
5668.804215,0.835,0.84,200,9557.40651
4898.990849,0.845,0.855,200,9561.998635
4801.672294,0.68,0.71,200,9566.579998
5713.068736,0.855,0.865,200,9571.234376
5560.47853,0.8,0.805,200,9575.737834
5739.653186,0.855,0.855,200,9580.292589
4835.449536,0.85,0.855,200,9585.004478
5008.404464,0.845,0.845,200,9591.911554
5586.63854,0.805,0.805,200,9596.59131
5668.496316,0.83,0.83,200,9601.26948
5566.624944,0.795,0.795,200,9605.920553
5681.90177,0.815,0.815,200,9610.632995
5651.028332,0.845,0.845,200,9615.209665
5730.709714,0.84,0.845,200,9619.780997
5742.903524,0.85,0.86,200,9624.346078
5668.902371,0.835,0.84,200,9628.905707
5757.94804,0.865,0.875,200,9633.505649
5619.300393,0.805,0.82,200,9640.177812
5689.427131,0.805,0.805,200,9644.632662
5755.068639,0.865,0.895,200,9649.0747
4873.673041,0.855,0.855,200,9653.738223
5729.348872,0.86,0.87,200,9658.440505
5754.87879,0.855,0.855,200,9663.03642
5734.838788,0.865,0.88,200,9667.628384
5706.637941,0.825,0.835,200,9672.255104
5710.246722,0.82,0.82,200,9676.938217
5700.01785,0.82,0.82,200,9681.720258
5351.377278,0.86,0.86,200,9688.752431
5762.891678,0.855,0.855,200,9693.23454
4609.5768,0.845,0.86,200,9697.711972
5755.712105,0.85,0.85,200,9702.176738
5617.651261,0.815,0.815,200,9706.879601
5792.214599,0.865,0.88,200,9711.531984
5647.675498,0.84,0.85,200,9716.33176
4882.220104,0.835,0.86,200,9721.054352
5755.099053,0.86,0.87,200,9725.72921
5730.053505,0.865,0.87,200,9730.424504
5594.245404,0.8,0.8,200,9737.200523
5407.37742,0.85,0.86,200,9741.796777
5778.451799,0.85,0.87,200,9746.303116
5677.656945,0.825,0.825,200,9750.813808
4829.180312,0.83,0.855,200,9755.262862
5732.442189,0.865,0.87,200,9759.78388
5678.116555,0.83,0.83,200,9764.324213
5762.86363,0.85,0.855,200,9769.028169
5724.975406,0.855,0.865,200,9773.448161
5700.993218,0.81,0.81,200,9777.968735
3683.749227,0.865,0.865,200,9784.706664
4988.631576,0.85,0.855,200,9789.310458
5708.244073,0.835,0.84,200,9793.664493
5699.715074,0.84,0.84,200,9797.943391
5696.292251,0.87,0.88,200,9802.262373
5629.16243,0.81,0.815,200,9806.713849
1831.354997,0.08,0.08,200,9811.071699
5679.769923,0.83,0.83,200,9815.572406
5683.956636,0.865,0.88,200,9820.175828
5761.136707,0.855,0.855,200,9824.717374
5679.571894,0.845,0.845,200,9831.510114
5758.834515,0.845,0.855,200,9835.823106
5618.483988,0.81,0.81,200,9840.35998
5577.469329,0.795,0.795,200,9844.631166
5702.033385,0.835,0.835,200,9848.988384
5713.627593,0.865,0.865,200,9853.481368
5724.282955,0.86,0.875,200,9858.023502
5771.861164,0.86,0.87,200,9862.707345
5771.407289,0.85,0.86,200,9867.164701
5762.395752,0.85,0.855,200,9871.779288
5629.590468,0.83,0.83,200,9878.643959
5187.958364,0.51,0.51,200,9883.175053
5480.931424,0.835,0.835,200,9887.896283
5714.541243,0.815,0.83,200,9892.343531
5690.538023,0.82,0.82,200,9896.786019
5761.544594,0.86,0.86,200,9901.349769
5750.311067,0.84,0.84,200,9905.775049
5735.651465,0.855,0.88,200,9910.444255
4212.093683,0.855,0.86,200,9914.960004
5688.156482,0.86,0.875,200,9919.447078
4778.253931,0.845,0.85,200,9926.068949
5446.315295,0.835,0.865,200,9930.504731
5738.476103,0.825,0.84,200,9934.906467
5746.217358,0.845,0.845,200,9939.363169
5665.29223,0.82,0.82,200,9943.780251
5651.205215,0.815,0.815,200,9948.235378
5748.345488,0.835,0.84,200,9952.86338
5758.989852,0.86,0.865,200,9957.251085
5369.990446,0.845,0.845,200,9961.868543
5560.136736,0.79,0.8,200,9966.326091
5650.413259,0.84,0.845,200,9973.076713
5659.027282,0.83,0.83,200,9977.557104
4176.110114,0.87,0.87,200,9981.945508
5720.993731,0.86,0.87,200,9986.232064
5661.400456,0.83,0.835,200,9990.576416
5765.507875,0.85,0.855,200,9994.963918
4599.489408,0.84,0.855,200,9999.473584
5127.993636,0.84,0.85,200,10003.940021
4644.216941,0.84,0.84,200,10008.31269
5651.838664,0.82,0.82,200,10012.769261
5758.012573,0.845,0.85,200,10019.436758
5057.924449,0.835,0.84,200,10023.970753
5624.919805,0.845,0.865,200,10028.501578
5694.872981,0.865,0.87,200,10033.033014
5574.684123,0.795,0.8,200,10037.561911
5474.36184,0.845,0.845,200,10042.166711
4850.290429,0.86,0.86,200,10046.771198
5142.828262,0.835,0.835,200,10051.482025
5474.123471,0.835,0.845,200,10056.033214
5780.496814,0.87,0.87,200,10060.616237
5763.204712,0.86,0.865,200,10067.579081
4330.143156,0.87,0.875,200,10072.131773
5581.182926,0.81,0.81,200,10076.883889
5612.248921,0.84,0.84,200,10081.605307
4252.082681,0.84,0.875,200,10086.096567
5696.004961,0.82,0.82,200,10090.643837
5493.565051,0.82,0.82,200,10095.207757
5702.399901,0.825,0.83,200,10099.753838
5177.123889,0.84,0.84,200,10104.329809
5647.980794,0.83,0.83,200,10109.019984
5673.573041,0.82,0.825,200,10115.795469
5520.170783,0.83,0.85,200,10120.390164
5763.706961,0.88,0.885,200,10124.881286
5677.887251,0.82,0.82,200,10129.557714
4954.663505,0.845,0.845,200,10134.15233
5758.586747,0.855,0.855,200,10138.775631
4422.662997,0.845,0.86,200,10143.204308
4931.086843,0.845,0.845,200,10147.864917
3454.087859,0.375,0.39,200,10152.566461
5678.662087,0.83,0.835,200,10157.220685
5769.844407,0.865,0.875,200,10164.045105
5580.81176,0.8,0.81,200,10168.6933
5080.741671,0.86,0.86,200,10173.456805
5757.801886,0.85,0.85,200,10178.128187
5611.485604,0.845,0.845,200,10182.711428
5561.348738,0.785,0.8,200,10187.365493
5777.119479,0.86,0.86,200,10192.069528
5760.21867,0.865,0.87,200,10196.559414
5590.768568,0.81,0.81,200,10201.183176
5755.88671,0.865,0.87,200,10205.788546
5695.480462,0.86,0.87,200,10212.603597
4941.744046,0.825,0.85,200,10217.241679
4875.368288,0.835,0.855,200,10221.863583
5732.642324,0.825,0.84,200,10226.444649
5672.852625,0.82,0.82,200,10231.045254
5661.339586,0.825,0.825,200,10235.70066
5747.178109,0.84,0.84,200,10240.216913
5761.079973,0.855,0.855,200,10245.040848
4604.664293,0.84,0.86,200,10249.589202
5743.086615,0.865,0.885,200,10254.103159
5770.31569,0.86,0.86,200,10260.740504
5669.620921,0.835,0.835,200,10265.300761
5005.387347,0.835,0.855,200,10269.921365
5751.124679,0.84,0.845,200,10274.566471
5773.571992,0.86,0.86,200,10279.124296
5473.473217,0.84,0.84,200,10283.70427
5770.127451,0.86,0.86,200,10288.310982
5723.421629,0.86,0.865,200,10293.029539
5756.780826,0.845,0.85,200,10297.643358
5655.521254,0.83,0.83,200,10302.165477
5673.179343,0.79,0.79,200,10308.756124
5764.100673,0.855,0.855,200,10313.208674
5760.414439,0.845,0.855,200,10317.852835
5743.341236,0.86,0.865,200,10322.557328
5755.908301,0.84,0.845,200,10327.228302
4767.923895,0.835,0.855,200,10331.997672
5756.459593,0.85,0.855,200,10336.552127
5763.836814,0.85,0.86,200,10341.162794
5744.082094,0.865,0.875,200,10345.941643
5683.03327,0.825,0.83,200,10350.632015
5549.599119,0.835,0.86,200,10357.388321
5609.781062,0.8,0.8,200,10361.975542
5684.54724,0.82,0.825,200,10366.645939
3803.706846,0.39,0.415,200,10371.211295
5760.56667,0.86,0.87,200,10375.645699
5615.115179,0.85,0.85,200,10380.353437
4707.307447,0.855,0.865,200,10385.045043
5707.16757,0.83,0.83,200,10389.652782
5687.487403,0.8,0.8,200,10394.240374
5606.548211,0.835,0.845,200,10398.851249
5110.32063,0.875,0.875,200,10405.659711
5750.047392,0.855,0.865,200,10410.231213
5755.086436,0.84,0.84,200,10414.869532
5702.737553,0.815,0.825,200,10419.474243
5692.990304,0.81,0.81,200,10424.186396
5734.578285,0.845,0.845,200,10428.898198
4770.29838,0.855,0.855,200,10433.511723
5755.660679,0.845,0.85,200,10438.144688
5629.674245,0.83,0.835,200,10442.8917
5689.352586,0.835,0.835,200,10447.558609
5765.019519,0.85,0.86,200,10454.37276
5746.204482,0.845,0.855,200,10458.915803
5753.258536,0.85,0.85,200,10463.599283
4528.086614,0.86,0.86,200,10467.997065
5292.93828,0.85,0.85,200,10472.574508
5556.183582,0.85,0.85,200,10476.999882
5776.535267,0.84,0.87,200,10481.488513
5694.763364,0.86,0.865,200,10485.883595
4947.334847,0.825,0.855,200,10490.399847
4305.029094,0.87,0.875,200,10495.096507
4978.298117,0.83,0.84,200,10501.912087
5765.22484,0.86,0.88,200,10506.594514
5702.692312,0.815,0.815,200,10511.056509
5766.14656,0.865,0.88,200,10515.572528
5432.623215,0.725,0.74,200,10520.250566
5696.490662,0.815,0.815,200,10524.766757
5639.529456,0.825,0.825,200,10529.551452
5699.702841,0.815,0.815,200,10534.201346
3372.13589,0.865,0.865,200,10538.955069
5694.056547,0.815,0.815,200,10543.495628
5698.481338,0.825,0.825,200,10550.466682
5328.142824,0.845,0.845,200,10554.99039
5762.542432,0.85,0.86,200,10559.596278
5697.043243,0.835,0.835,200,10564.216923
5612.94803,0.8,0.8,200,10568.975664
5763.061603,0.855,0.86,200,10573.702691
5341.548101,0.84,0.845,200,10578.300076
5767.893959,0.855,0.87,200,10583.019233
5722.411441,0.855,0.855,200,10587.669071
5755.036046,0.845,0.85,200,10592.377531
4709.772999,0.645,0.68,200,10599.281954
5706.403078,0.83,0.83,200,10603.895948
5583.406422,0.805,0.805,200,10608.550646
5734.781477,0.845,0.86,200,10613.202847
5737.943529,0.825,0.83,200,10617.903764
5688.4422,0.83,0.84,200,10622.599813
5606.641795,0.71,0.74,200,10627.181134
5694.100787,0.805,0.81,200,10631.923724
4232.627054,0.76,0.77,200,10636.611797
5732.052186,0.84,0.84,200,10641.325787
5786.788959,0.865,0.875,200,10648.296204
5674.870903,0.81,0.81,200,10653.047181
5696.167835,0.82,0.83,200,10657.68152
5711.225953,0.865,0.875,200,10662.378977
5690.013352,0.865,0.865,200,10666.938508
5635.539497,0.84,0.84,200,10671.602223
4885.51307,0.855,0.855,200,10676.416256
5712.5581,0.865,0.885,200,10680.933686
5641.649249,0.805,0.815,200,10685.513469
5674.572823,0.83,0.835,200,10690.236689
5716.670355,0.86,0.87,200,10697.230522
5686.321247,0.795,0.805,200,10702.014488
5685.591857,0.825,0.825,200,10706.723841
5757.775878,0.855,0.87,200,10711.429827
5722.632014,0.86,0.87,200,10716.111675
5683.125813,0.825,0.825,200,10720.772011
5756.752892,0.845,0.845,200,10725.403108
5768.101416,0.865,0.885,200,10730.103232
5079.516413,0.835,0.835,200,10734.839876
5297.392272,0.85,0.855,200,10739.521164
4696.129032,0.845,0.865,200,10746.627654
5733.30493,0.855,0.855,200,10751.390065
5696.702001,0.815,0.815,200,10756.066975
5711.850324,0.83,0.83,200,10760.784116
5580.156043,0.865,0.89,200,10765.520648
5778.072136,0.86,0.865,200,10770.232557
5638.601844,0.87,0.88,200,10774.867348
5693.893307,0.81,0.81,200,10779.495199
4891.108906,0.86,0.87,200,10784.294068
5752.777939,0.85,0.875,200,10788.932247
5753.928961,0.855,0.86,200,10795.676054
5711.90636,0.835,0.835,200,10800.379413
5767.175189,0.865,0.865,200,10805.12785
5775.223769,0.865,0.865,200,10809.840989
5667.466513,0.855,0.87,200,10814.48811
5710.242635,0.87,0.875,200,10819.155762
5684.560381,0.8,0.8,200,10823.92679
5753.713829,0.835,0.845,200,10828.61406
5098.271657,0.815,0.835,200,10833.277486
5758.491549,0.845,0.85,200,10837.97303
5675.537952,0.855,0.855,200,10845.021876
5741.230628,0.855,0.865,200,10849.682182
5741.917744,0.84,0.84,200,10854.31217
5737.367069,0.88,0.885,200,10858.894585
5680.58547,0.84,0.845,200,10863.54093
5693.734005,0.8,0.81,200,10868.384125
5673.561383,0.86,0.87,200,10873.052244
5677.903666,0.805,0.805,200,10877.672119
5659.681361,0.87,0.88,200,10882.358322
5659.04253,0.845,0.87,200,10887.121671
5697.208473,0.82,0.83,200,10894.189685
5694.724411,0.825,0.825,200,10898.932924
5224.119858,0.83,0.845,200,10903.749655
5697.423027,0.815,0.815,200,10908.444677
5687.843131,0.845,0.86,200,10913.062175
3918.497677,0.87,0.88,200,10917.842242
5785.022611,0.85,0.865,200,10922.681769
5772.913274,0.865,0.865,200,10927.330151
5732.597999,0.86,0.865,200,10932.008756
4070.355594,0.865,0.87,200,10936.637718
5716.989755,0.825,0.83,200,10943.40617
5750.153244,0.84,0.84,200,10948.060727
5650.17049,0.835,0.835,200,10952.688012
5688.306865,0.805,0.805,200,10957.322571
5658.600099,0.805,0.825,200,10961.77196
5718.216449,0.845,0.845,200,10966.386325
5375.840831,0.835,0.85,200,10970.917028
5758.625948,0.845,0.855,200,10975.543686
5695.948529,0.835,0.835,200,10980.126619
5756.821256,0.85,0.865,200,10984.812454
5764.48945,0.87,0.87,200,10991.598526
5758.897475,0.845,0.85,200,10996.210694
5725.782382,0.81,0.83,200,11000.823512
5726.376654,0.825,0.835,200,11005.552351
5774.631141,0.85,0.865,200,11010.220536
5222.253319,0.865,0.865,200,11014.795933
5721.757166,0.825,0.84,200,11019.318391
5775.247778,0.855,0.86,200,11023.90715
5264.507219,0.85,0.85,200,11028.63168
5702.862947,0.815,0.815,200,11033.115426
5760.246506,0.85,0.855,200,11039.988205
5100.356386,0.86,0.86,200,11044.563438
5692.846693,0.855,0.865,200,11049.3101
5663.006084,0.88,0.88,200,11054.055598
5213.191464,0.845,0.86,200,11058.932332
5777.020181,0.855,0.865,200,11063.675616
3397.519139,0.36,0.37,200,11068.358221
5718.928058,0.845,0.845,200,11073.029545
4773.182457,0.845,0.86,200,11077.799761
5731.745775,0.86,0.87,200,11082.429299
5693.056551,0.81,0.825,200,11089.118896
5751.096812,0.84,0.84,200,11093.717528
5690.995433,0.83,0.835,200,11098.275462
5743.166703,0.865,0.875,200,11102.993781
5754.725838,0.87,0.88,200,11107.755698
5519.858303,0.86,0.875,200,11112.391968
5643.699788,0.86,0.87,200,11117.154712
5682.544566,0.8,0.805,200,11121.846109
5709.231522,0.825,0.83,200,11126.534676
5690.768929,0.805,0.805,200,11131.318273
5740.165723,0.83,0.85,200,11138.327754
2446.824161,0.1,0.105,200,11142.997714
5764.468404,0.85,0.855,200,11147.605955
5599.134119,0.84,0.85,200,11152.330081
3423.315243,0.325,0.34,200,11157.075701
5714.314912,0.865,0.875,200,11161.867579
5673.215511,0.83,0.845,200,11166.496052
4168.79289,0.605,0.62,200,11171.099751
5783.843846,0.87,0.87,200,11175.727841
5770.447286,0.85,0.86,200,11180.295421
4665.301265,0.84,0.85,200,11187.046844
5724.664671,0.84,0.84,200,11191.750234
5783.93833,0.85,0.87,200,11196.2561
5709.447329,0.865,0.865,200,11201.023521
5681.510294,0.795,0.795,200,11205.645937
5731.248596,0.865,0.87,200,11210.191133
5655.130947,0.86,0.865,200,11214.637017
5210.512525,0.845,0.85,200,11219.305028
4863.606183,0.865,0.865,200,11223.910415
5751.140695,0.84,0.84,200,11228.535465
5713.406536,0.855,0.86,200,11235.279485
5689.565882,0.865,0.865,200,11239.827785
5679.333776,0.805,0.805,200,11244.41389
5005.47738,0.845,0.86,200,11248.928181
4651.504361,0.86,0.86,200,11253.331171
5675.740845,0.835,0.835,200,11257.83399
4159.421156,0.88,0.88,200,11262.361413
5594.980432,0.83,0.835,200,11266.916369
5718.144686,0.85,0.855,200,11271.412896
5129.157721,0.87,0.87,200,11276.11069
5610.700855,0.87,0.885,200,11282.738241
5653.244239,0.835,0.835,200,11287.138854
5691.290224,0.825,0.825,200,11291.67072
5703.320007,0.835,0.835,200,11296.238427
5779.603631,0.855,0.855,200,11300.904632
4973.659254,0.835,0.855,200,11305.44067
5709.375321,0.845,0.845,200,11309.882918
5676.453263,0.83,0.85,200,11314.487092
5692.637539,0.87,0.88,200,11319.08475
5685.023335,0.82,0.83,200,11323.758764
5745.25136,0.85,0.85,200,11330.628929
5762.792505,0.855,0.855,200,11335.399064
5769.948749,0.87,0.87,200,11340.098358
5581.303854,0.82,0.82,200,11344.662552
5650.190416,0.84,0.84,200,11349.355105
5692.142799,0.81,0.815,200,11353.93386
5575.728877,0.87,0.88,200,11358.571655
5700.928336,0.82,0.825,200,11363.283527
5689.687817,0.825,0.825,200,11367.872965
5738.363728,0.865,0.87,200,11372.510527
4815.677939,0.83,0.86,200,11379.648214
5687.033339,0.855,0.855,200,11384.329447
4977.083872,0.615,0.615,200,11388.791192
5755.408243,0.84,0.845,200,11393.387362
5597.557183,0.835,0.855,200,11398.095792
5734.129795,0.845,0.85,200,11402.869284
5701.251679,0.835,0.84,200,11407.481624
5774.21691,0.845,0.86,200,11412.271895
5720.392351,0.83,0.835,200,11417.031972
5688.754132,0.835,0.84,200,11421.723892
5679.492089,0.83,0.83,200,11428.481408
5664.187664,0.83,0.83,200,11433.130996
5305.293939,0.835,0.85,200,11437.843643
5699.614421,0.855,0.87,200,11442.511988
5666.570885,0.835,0.84,200,11447.168656
5687.985497,0.825,0.83,200,11451.722419
5751.09016,0.86,0.87,200,11456.094887
5580.556319,0.795,0.795,200,11460.576562
5605.98407,0.795,0.81,200,11465.087482
5613.800955,0.81,0.82,200,11469.528366
5695.071843,0.815,0.82,200,11476.290142
5718.563924,0.86,0.88,200,11480.876486
2157.773068,0.155,0.16,200,11485.515276
5773.042765,0.86,0.87,200,11490.179147
4813.757035,0.835,0.88,200,11494.947826
5727.247738,0.86,0.86,200,11499.654264
5683.870639,0.82,0.82,200,11504.231319
5760.917807,0.845,0.855,200,11508.801567
4889.749378,0.86,0.86,200,11513.540251
5459.089324,0.82,0.855,200,11518.278607
5698.05098,0.805,0.81,200,11525.267088
5013.090709,0.71,0.74,200,11529.864266
5704.915705,0.82,0.82,200,11534.517062
5744.257701,0.85,0.86,200,11539.142595
5623.181087,0.825,0.85,200,11543.668852
5682.732711,0.81,0.81,200,11548.423237
5705.834222,0.83,0.83,200,11553.056622
5742.301121,0.85,0.85,200,11557.659483
5733.883904,0.835,0.845,200,11562.351537
5600.276927,0.805,0.805,200,11567.149335
5343.906014,0.845,0.85,200,11574.185562
5700.950183,0.845,0.845,200,11578.819357
5685.234648,0.805,0.805,200,11583.501552
5626.591225,0.845,0.845,200,11588.155574
5733.987877,0.845,0.845,200,11592.856188
5681.160944,0.835,0.835,200,11597.554088
5753.124459,0.86,0.86,200,11602.393023
5663.617766,0.81,0.825,200,11607.044034
5714.739299,0.825,0.825,200,11611.755673
5691.081955,0.86,0.87,200,11616.396487
5685.360331,0.815,0.835,200,11623.146597
5728.849237,0.88,0.885,200,11627.900271
5604.736372,0.805,0.805,200,11632.530242
5732.219753,0.855,0.86,200,11637.10001
5726.489033,0.845,0.85,200,11641.69991
5645.884671,0.835,0.835,200,11646.255104
5438.514666,0.845,0.845,200,11650.914678
4768.163859,0.84,0.86,200,11655.586399
5748.501954,0.84,0.84,200,11660.27879
4755.903736,0.84,0.865,200,11665.012157
5677.301492,0.84,0.84,200,11671.782928
5677.181511,0.83,0.845,200,11676.464538
5752.475976,0.86,0.87,200,11681.09245
4033.563271,0.47,0.495,200,11685.689267
5693.4857,0.835,0.835,200,11690.310459
5696.374232,0.85,0.86,200,11694.940731
5377.902715,0.83,0.845,200,11699.683006
5622.319518,0.835,0.835,200,11704.416491
5453.724213,0.84,0.84,200,11709.049278
5770.484048,0.85,0.86,200,11713.759012
5357.173423,0.85,0.85,200,11720.747773
5690.56385,0.845,0.875,200,11725.29239
5700.932145,0.85,0.87,200,11729.83778
5775.178464,0.84,0.86,200,11734.457358
5733.185774,0.845,0.865,200,11739.185495
4915.789137,0.695,0.72,200,11743.765543
5766.122146,0.825,0.865,200,11748.485686
5511.851086,0.86,0.86,200,11753.335628
3366.388013,0.26,0.29,200,11757.994095
5769.692025,0.865,0.875,200,11762.838907
5708.496077,0.815,0.82,200,11769.769044
5603.796824,0.805,0.815,200,11774.655993
4800.156521,0.84,0.855,200,11779.382927
5741.204315,0.85,0.85,200,11784.100247
5652.651545,0.84,0.845,200,11788.883567
5730.920146,0.84,0.855,200,11793.698646
5635.281147,0.845,0.855,200,11798.422053
4769.765679,0.85,0.87,200,11803.135718
5760.748639,0.865,0.865,200,11807.888295
4592.517778,0.845,0.845,200,11812.745071
4771.35268,0.86,0.86,200,11819.737022
5547.341965,0.795,0.8,200,11824.415578
5657.216149,0.825,0.825,200,11829.197761
5750.808032,0.855,0.88,200,11833.931124
4748.49513,0.855,0.855,200,11838.764362
5475.198988,0.855,0.855,200,11843.604861
5703.241395,0.825,0.825,200,11848.289357
5745.625466,0.83,0.845,200,11853.054822
5757.950582,0.855,0.865,200,11857.745512
5700.631272,0.825,0.825,200,11862.582258
5707.140755,0.82,0.825,200,11869.662825
5634.99564,0.825,0.855,200,11874.380811
5748.338929,0.835,0.855,200,11878.973823
5571.168885,0.835,0.855,200,11883.710983
5706.304761,0.86,0.865,200,11888.470324
5751.958226,0.855,0.87,200,11893.235688
5649.741186,0.845,0.845,200,11898.126077
5130.930859,0.85,0.855,200,11902.804275
5658.045708,0.835,0.835,200,11907.666257
4554.321732,0.845,0.85,200,11912.480933
5688.748809,0.82,0.825,200,11919.467875
5695.35596,0.83,0.835,200,11924.138456
5698.074122,0.82,0.82,200,11928.966087
5558.919173,0.81,0.845,200,11933.859974
4090.164297,0.885,0.885,200,11938.643887
5363.133597,0.845,0.845,200,11943.443499
4793.921993,0.855,0.865,200,11948.162045
5727.354037,0.845,0.845,200,11952.875942
5605.512053,0.81,0.81,200,11957.745811
5702.58204,0.82,0.82,200,11962.428409
5534.4198,0.84,0.87,200,11969.346743
5771.055473,0.865,0.865,200,11974.073819
5665.736128,0.84,0.845,200,11978.764194
5627.872905,0.815,0.815,200,11983.622241
5650.551106,0.815,0.845,200,11988.392756
5657.267176,0.855,0.87,200,11993.02661
5774.850925,0.855,0.86,200,11997.736097
5702.305996,0.82,0.82,200,12002.513241
5653.083724,0.85,0.85,200,12007.157648
5685.216911,0.835,0.835,200,12011.715745
5661.599447,0.825,0.825,200,12018.625226
5738.619568,0.835,0.835,200,12023.085764
4854.991289,0.855,0.855,200,12027.754321
5754.065123,0.835,0.85,200,12032.408596
5687.009135,0.86,0.87,200,12036.991271
5699.550882,0.855,0.86,200,12041.653688
5725.891635,0.86,0.87,200,12046.351115
5243.918825,0.835,0.84,200,12051.05392
5684.717697,0.825,0.825,200,12055.68706
5755.177359,0.84,0.845,200,12060.290008
5592.738189,0.845,0.865,200,12067.228661
4907.785709,0.84,0.855,200,12071.813918
5763.909015,0.865,0.87,200,12076.504457
5627.930071,0.8,0.805,200,12081.028236
5670.43842,0.86,0.875,200,12085.569841
5692.860063,0.805,0.805,200,12090.023344
5770.721885,0.86,0.86,200,12094.575929
5733.488434,0.84,0.84,200,12098.879151
5765.302223,0.85,0.855,200,12103.379782
5701.820205,0.825,0.83,200,12107.940828
5705.894918,0.835,0.835,200,12114.618078
5134.898678,0.765,0.765,200,12119.070381
5752.738845,0.845,0.845,200,12123.636269
5558.106714,0.84,0.845,200,12128.214715
5774.042092,0.86,0.875,200,12132.765829
4854.627738,0.86,0.86,200,12137.354412
5722.968352,0.85,0.865,200,12141.818709
5666.072776,0.825,0.83,200,12146.374082
5760.751639,0.86,0.87,200,12151.059869
5383.572888,0.695,0.71,200,12155.5207
5654.57022,0.84,0.84,200,12162.224561
5788.845777,0.865,0.875,200,12166.845699
5749.997268,0.845,0.85,200,12171.639245
5768.031491,0.855,0.855,200,12176.141119
5672.375862,0.87,0.87,200,12180.650598
5296.223347,0.85,0.865,200,12185.246159
5305.883727,0.87,0.87,200,12189.918535
5722.381192,0.81,0.83,200,12194.431511
5680.728876,0.84,0.84,200,12199.033927
5512.292988,0.84,0.84,200,12203.808543
5770.72012,0.855,0.855,200,12210.883199
5664.228494,0.86,0.87,200,12215.508349
5748.475708,0.85,0.855,200,12220.012818
5772.708943,0.85,0.86,200,12224.523715
5731.288678,0.835,0.835,200,12229.065632
5759.436905,0.845,0.85,200,12233.454594
5770.255122,0.855,0.875,200,12238.023396
5104.407179,0.855,0.855,200,12242.574856
5705.69562,0.825,0.825,200,12247.212022
4686.989106,0.855,0.865,200,12251.87287
4178.740878,0.87,0.87,200,12258.713681
5731.394523,0.84,0.845,200,12263.345098
5698.327326,0.815,0.815,200,12268.027685
5675.387827,0.83,0.835,200,12272.568416
5691.555484,0.82,0.82,200,12277.130492
5693.16912,0.805,0.805,200,12281.550876
5321.785013,0.835,0.845,200,12286.273328
5708.016547,0.825,0.825,200,12290.992144
5768.049438,0.85,0.855,200,12295.679726
5714.463539,0.83,0.84,200,12300.24032
4794.895222,0.85,0.865,200,12306.930431
5720.070795,0.83,0.835,200,12311.560613
5688.177412,0.815,0.815,200,12316.139552
5682.450122,0.83,0.83,200,12320.79809
5744.896395,0.85,0.855,200,12325.55642
5675.347267,0.795,0.795,200,12330.11514
5722.453865,0.865,0.865,200,12334.789191
5790.60921,0.87,0.88,200,12339.502664
5605.081261,0.805,0.805,200,12344.268874
5761.673492,0.845,0.85,200,12348.893693
5692.055837,0.82,0.82,200,12355.77529
5789.833814,0.87,0.88,200,12360.562862
5771.019413,0.855,0.86,200,12365.320452
5706.416053,0.82,0.835,200,12369.883386
5574.824057,0.85,0.85,200,12374.434423
5781.601711,0.865,0.87,200,12378.830243
5175.585894,0.835,0.86,200,12383.353488
5767.856991,0.855,0.855,200,12388.027254
5699.184499,0.84,0.84,200,12392.712156
5730.783385,0.85,0.85,200,12397.308279
5670.758381,0.835,0.835,200,12404.089735
5722.953186,0.86,0.865,200,12408.620482
4989.998619,0.845,0.855,200,12413.340929
5543.721932,0.785,0.795,200,12417.878094
5691.795832,0.83,0.83,200,12422.476551
5737.031032,0.85,0.86,200,12426.957716
5456.88947,0.835,0.845,200,12431.613935
5660.443718,0.835,0.835,200,12436.298533
3791.663658,0.405,0.44,200,12440.892016
5669.42303,0.84,0.845,200,12445.534217
4847.422392,0.86,0.86,200,12452.419017
5743.854904,0.85,0.85,200,12456.930877
5652.865039,0.805,0.82,200,12461.504194
5782.657223,0.865,0.88,200,12466.014934
5604.321541,0.86,0.865,200,12470.66629
5561.413239,0.79,0.8,200,12475.294506
4878.383064,0.86,0.86,200,12479.892129
5034.979542,0.87,0.87,200,12484.504086
5747.434064,0.86,0.87,200,12489.099294
5745.864397,0.845,0.845,200,12493.850312
5652.178657,0.815,0.815,200,12500.513664
5763.958124,0.845,0.855,200,12505.091957
5597.238447,0.8,0.805,200,12509.765073
5675.827807,0.84,0.84,200,12514.425224
5483.317613,0.86,0.88,200,12519.150399
5578.936783,0.77,0.795,200,12523.828041
5623.907672,0.815,0.815,200,12528.441864
5765.501728,0.845,0.855,200,12533.060687
5680.6479,0.82,0.83,200,12537.588758
5679.095998,0.835,0.835,200,12542.256114
5656.21606,0.845,0.865,200,12549.020348
4933.714444,0.805,0.805,200,12553.609802
5682.208457,0.805,0.805,200,12558.154389
5676.563255,0.83,0.83,200,12562.789834
5683.749708,0.815,0.815,200,12567.316505
5774.170712,0.86,0.86,200,12571.897372
5757.709344,0.85,0.855,200,12576.562735
5775.928243,0.85,0.855,200,12581.261603
5689.398263,0.8,0.805,200,12585.963354
4013.065333,0.545,0.565,200,12590.542334
4589.95412,0.84,0.86,200,12597.373116
5713.614104,0.84,0.84,200,12601.904691
4811.063024,0.86,0.86,200,12606.476077
5668.762136,0.845,0.85,200,12610.981581
5611.920823,0.81,0.815,200,12615.48923
5656.719361,0.85,0.85,200,12619.874012
5669.542692,0.815,0.83,200,12624.405765
5527.024316,0.835,0.86,200,12628.731914
5689.886516,0.825,0.84,200,12633.189805
5656.77353,0.84,0.845,200,12637.731711
5683.902221,0.825,0.825,200,12644.425599
5686.064753,0.835,0.855,200,12648.683766
5743.979578,0.87,0.87,200,12653.164998
4520.983254,0.87,0.87,200,12657.848409
5722.043363,0.835,0.84,200,12662.390877
3346.098668,0.68,0.7,200,12666.968914
5705.563987,0.83,0.835,200,12671.614834
5771.678692,0.85,0.86,200,12676.214123
5731.654939,0.845,0.855,200,12681.003617
5572.664895,0.81,0.81,200,12685.670748
5369.01111,0.66,0.665,200,12692.522558
5708.284017,0.83,0.84,200,12697.167666
5213.831686,0.84,0.855,200,12701.766424
2398.314197,0.31,0.33,200,12706.300428
5523.760742,0.86,0.86,200,12710.663015
5613.928838,0.845,0.845,200,12715.287311
5664.967812,0.835,0.835,200,12719.703821
5766.867367,0.85,0.855,200,12724.352452
5773.258645,0.855,0.86,200,12729.078088
5546.063242,0.855,0.86,200,12733.6928
5700.066152,0.83,0.83,200,12740.604435
4324.368717,0.855,0.875,200,12745.266462
5676.627159,0.86,0.86,200,12749.697966
5691.444951,0.81,0.81,200,12754.20857
5603.603487,0.79,0.81,200,12758.855435
5055.057278,0.845,0.855,200,12763.411654
4491.45037,0.86,0.86,200,12768.08951
5746.024803,0.835,0.84,200,12772.651115
5694.55474,0.825,0.825,200,12777.138166
5707.745497,0.815,0.825,200,12781.61883
5697.464697,0.835,0.84,200,12788.256322
5677.342859,0.81,0.81,200,12792.88994
5013.473879,0.85,0.85,200,12797.543103
4820.337684,0.55,0.555,200,12802.143097
5357.05641,0.855,0.855,200,12806.647662
5775.059853,0.865,0.88,200,12811.195326
5706.81811,0.825,0.835,200,12815.81654
5669.835582,0.84,0.84,200,12820.474052
4659.489196,0.875,0.875,200,12824.98791
4856.862553,0.875,0.875,200,12829.501467
5651.778546,0.835,0.835,200,12836.227015
5760.512011,0.84,0.85,200,12840.796747
5680.70095,0.815,0.83,200,12845.297298
4666.510749,0.87,0.87,200,12849.810201
4373.984616,0.855,0.855,200,12854.207541
5371.782123,0.83,0.83,200,12858.695962
5682.567254,0.87,0.875,200,12863.355811
5600.136393,0.815,0.85,200,12867.804188
5652.453707,0.86,0.875,200,12872.486277
5283.827678,0.845,0.845,200,12876.980058
5252.28766,0.855,0.865,200,12883.708364
5292.933351,0.85,0.855,200,12888.29992
5776.414087,0.85,0.865,200,12892.811926
5630.060085,0.805,0.82,200,12897.313421
5680.515598,0.795,0.795,200,12901.831025
5684.315237,0.805,0.805,200,12906.475035
5689.283457,0.8,0.805,200,12911.015746
4842.564042,0.845,0.855,200,12915.571346
5620.159892,0.815,0.815,200,12920.013307
5779.413457,0.87,0.87,200,12924.580001
5656.162963,0.84,0.84,200,12931.34761
5610.436941,0.79,0.805,200,12935.941738
5729.345577,0.83,0.83,200,12940.49961
5681.27148,0.81,0.81,200,12945.144226
5663.903521,0.835,0.835,200,12949.63289
5287.002324,0.84,0.855,200,12954.156317
5767.437595,0.845,0.86,200,12958.686362
5605.577999,0.79,0.805,200,12963.410848
5692.416722,0.825,0.83,200,12968.097971
5739.44663,0.835,0.835,200,12972.902519
5728.505676,0.855,0.86,200,12979.779835
5688.601295,0.8,0.805,200,12984.548622
5627.358424,0.855,0.87,200,12989.300192
5759.773207,0.86,0.86,200,12993.911874
5647.793076,0.84,0.85,200,12998.445799
5686.384451,0.83,0.83,200,13003.073765
5677.852611,0.85,0.855,200,13007.762057
5632.144425,0.81,0.81,200,13012.517036
5658.575049,0.84,0.84,200,13017.142603
5746.906494,0.855,0.86,200,13021.863153
5710.460248,0.86,0.865,200,13028.735018
4923.851981,0.865,0.865,200,13033.421024
5706.719042,0.815,0.82,200,13038.050124
5539.769162,0.85,0.86,200,13042.701853
5732.85089,0.85,0.86,200,13047.38966
5755.499119,0.845,0.845,200,13052.028776
5630.322938,0.85,0.865,200,13056.689531
5682.045003,0.83,0.83,200,13061.460748
5731.010342,0.855,0.855,200,13066.23992
5772.358598,0.86,0.86,200,13070.993644
5456.347293,0.84,0.84,200,13077.845158
5665.605745,0.84,0.865,200,13082.462927
5787.273671,0.87,0.88,200,13087.233274
5671.978287,0.83,0.83,200,13091.937509
5755.355393,0.845,0.85,200,13096.614168
5439.826672,0.845,0.85,200,13101.305315
5748.532752,0.845,0.845,200,13105.936401
5776.821565,0.87,0.875,200,13110.55768
5703.100448,0.81,0.815,200,13115.350473
5585.128523,0.865,0.865,200,13119.956081
5777.708712,0.865,0.865,200,13126.935074
5684.174444,0.825,0.825,200,13131.544199
5779.469281,0.875,0.875,200,13136.250964
5678.869952,0.845,0.855,200,13140.989225
5641.086463,0.82,0.83,200,13145.654259
5703.411735,0.835,0.835,200,13150.386408
3515.552203,0.845,0.87,200,13155.189859
4778.842922,0.875,0.88,200,13159.937156
5668.696223,0.83,0.84,200,13164.659528
5774.764418,0.865,0.865,200,13169.502212
5656.751842,0.825,0.825,200,13176.235586
5550.49075,0.825,0.855,200,13180.961019
5710.130007,0.825,0.84,200,13185.793518
5689.476706,0.825,0.825,200,13190.434696
4999.659938,0.865,0.865,200,13195.116173
5630.918449,0.835,0.84,200,13199.872816
5785.581718,0.865,0.87,200,13204.539623
5679.770989,0.865,0.87,200,13209.083104
4768.755034,0.855,0.855,200,13213.684253
5649.378816,0.81,0.81,200,13218.428623
5701.796962,0.825,0.835,200,13225.269337
5702.537886,0.825,0.825,200,13230.032749
5747.959239,0.875,0.875,200,13234.718686
5475.267851,0.85,0.855,200,13239.423952
5710.894327,0.835,0.84,200,13244.074757
5772.70111,0.875,0.88,200,13248.784681
5695.558179,0.83,0.84,200,13253.557572
5728.549848,0.85,0.865,200,13258.255508
5305.939957,0.86,0.86,200,13263.074182
4819.622252,0.85,0.86,200,13267.806333
5704.476034,0.825,0.825,200,13274.754645
5616.56947,0.81,0.82,200,13279.316083
5742.678364,0.85,0.855,200,13283.787696
5711.699707,0.84,0.84,200,13288.494884
5755.690034,0.845,0.855,200,13293.065634
5603.631157,0.88,0.885,200,13297.648027
5113.727263,0.675,0.71,200,13302.184847
3979.773,0.87,0.875,200,13306.844056
5648.314672,0.84,0.845,200,13311.568778
5697.810275,0.865,0.885,200,13316.224259
5697.742194,0.81,0.81,200,13323.211977
5739.593468,0.83,0.835,200,13327.859756
5754.022205,0.86,0.86,200,13332.593029
3419.048074,0.355,0.36,200,13337.233279
3261.611205,0.87,0.87,200,13342.091098
5705.286595,0.865,0.865,200,13346.698214
5676.014188,0.85,0.85,200,13351.236393
5740.037539,0.85,0.855,200,13355.836266
5679.954385,0.835,0.835,200,13360.53246
5250.375971,0.845,0.845,200,13365.139762
5713.590583,0.865,0.87,200,13371.934618
4650.270266,0.675,0.69,200,13376.674989
5700.667395,0.81,0.81,200,13381.380234
5765.723577,0.865,0.87,200,13385.991389
5610.365937,0.855,0.87,200,13390.618372
5229.333937,0.85,0.85,200,13395.383149
4385.75224,0.86,0.87,200,13400.102981
5744.317141,0.855,0.855,200,13404.849324
5700.483483,0.85,0.855,200,13409.729654
5693.970872,0.83,0.83,200,13414.402916
5681.264996,0.865,0.88,200,13421.226646
5587.622549,0.805,0.805,200,13425.907714
5622.023436,0.81,0.81,200,13430.452828
5683.422315,0.84,0.845,200,13435.105098
4947.394624,0.865,0.865,200,13439.640192
5681.970925,0.79,0.8,200,13444.228141
5776.16306,0.86,0.865,200,13448.90099
4922.581541,0.88,0.885,200,13453.636269
5720.432852,0.85,0.865,200,13458.195654
5740.366022,0.865,0.87,200,13462.920421
5768.864324,0.85,0.855,200,13469.917656
5699.767977,0.81,0.815,200,13474.625911
5580.719176,0.85,0.855,200,13479.289855
5699.329748,0.81,0.815,200,13483.95436
5737.254725,0.845,0.845,200,13488.538166
5791.718919,0.88,0.88,200,13493.085759
5739.21956,0.855,0.855,200,13497.776094
5554.222285,0.805,0.805,200,13502.43798
5691.946892,0.81,0.81,200,13507.067867
5750.98253,0.865,0.865,200,13511.530632
5651.93219,0.855,0.855,200,13518.385065
5789.123702,0.87,0.87,200,13523.059709
5249.914888,0.865,0.865,200,13527.684852
4737.207229,0.88,0.88,200,13532.388681
4732.24597,0.875,0.875,200,13537.136039
5686.13745,0.83,0.83,200,13541.806977
5062.394119,0.865,0.865,200,13546.416512
5728.362967,0.86,0.865,200,13551.062888
5685.339183,0.81,0.83,200,13555.717855
5753.519225,0.845,0.845,200,13560.160844
5780.861522,0.855,0.86,200,13567.145674
5765.792489,0.855,0.855,200,13571.837446
5736.338682,0.835,0.845,200,13576.426954
5749.142598,0.855,0.855,200,13581.095496
5399.838747,0.775,0.78,200,13585.752552
4838.86521,0.87,0.87,200,13590.540082
5036.891857,0.86,0.87,200,13595.292251
5713.696125,0.84,0.84,200,13600.111292
5599.797363,0.84,0.86,200,13604.663627
5714.795349,0.855,0.86,200,13609.349706
5689.965807,0.835,0.835,200,13616.18223
5633.570113,0.805,0.805,200,13620.863497
5713.793003,0.865,0.87,200,13625.60714
5771.259045,0.86,0.86,200,13630.331712
5241.571085,0.88,0.88,200,13634.965378
5327.153489,0.835,0.85,200,13639.672664
4642.452944,0.875,0.875,200,13644.30961
5605.970789,0.8,0.815,200,13648.762632
5782.052542,0.87,0.87,200,13653.400858
5720.303243,0.815,0.835,200,13657.93283
4336.786318,0.86,0.86,200,13664.721167
5664.725237,0.835,0.835,200,13669.371185
5679.807422,0.815,0.825,200,13673.930244
5737.381325,0.835,0.85,200,13678.397482
4925.839414,0.85,0.85,200,13682.916782
5692.937443,0.835,0.835,200,13687.443919
5688.386248,0.845,0.845,200,13692.0571
5677.681194,0.83,0.83,200,13696.670762
5768.177724,0.875,0.875,200,13701.175233
4362.316378,0.875,0.875,200,13705.666784
5679.252684,0.815,0.825,200,13712.473658
5166.409585,0.86,0.86,200,13716.982344
5752.254801,0.86,0.865,200,13721.54874
5420.255394,0.81,0.83,200,13726.019137
5214.196737,0.855,0.855,200,13730.583902
5625.172945,0.805,0.805,200,13735.121009
5688.482304,0.83,0.83,200,13739.614103
5059.888271,0.86,0.86,200,13744.092283
5733.27707,0.845,0.85,200,13748.768053
5706.03285,0.855,0.855,200,13753.323656
5737.17134,0.86,0.87,200,13760.011898
5709.014933,0.835,0.835,200,13764.608899
5683.517195,0.84,0.84,200,13769.213994
5103.567931,0.84,0.845,200,13773.867709
5716.520629,0.82,0.82,200,13778.615617
5590.708924,0.855,0.87,200,13783.229264
5568.908666,0.84,0.84,200,13787.710301
5776.060957,0.86,0.865,200,13792.381108
5699.962072,0.815,0.815,200,13797.066485
5598.39775,0.85,0.85,200,13801.772449
5644.450482,0.865,0.875,200,13808.604921
5771.443993,0.86,0.86,200,13813.26743
5632.325503,0.805,0.815,200,13817.909931
4220.176421,0.855,0.855,200,13822.557344
5761.347866,0.855,0.865,200,13827.226279
5741.636178,0.86,0.87,200,13831.890826
5703.973267,0.83,0.835,200,13836.397652
5705.865727,0.83,0.835,200,13841.095299
5795.991661,0.88,0.88,200,13845.706845
5037.938995,0.85,0.86,200,13850.386712
5690.673486,0.845,0.845,200,13857.330154
5409.639158,0.86,0.86,200,13862.011052
5396.605405,0.835,0.865,200,13866.656846
5333.603909,0.865,0.875,200,13871.228492
5688.269585,0.845,0.845,200,13875.799382
5669.25358,0.82,0.83,200,13880.547993
5536.91314,0.85,0.86,200,13885.101402
5785.564302,0.865,0.865,200,13889.791473
5692.362874,0.84,0.845,200,13894.435319
5711.041597,0.855,0.865,200,13898.999092
5773.891143,0.865,0.865,200,13905.661632
5697.454417,0.86,0.865,200,13910.312307
5702.915178,0.825,0.825,200,13914.895285
5605.659319,0.85,0.88,200,13919.507437
5200.985758,0.84,0.87,200,13924.268826
5661.790806,0.865,0.875,200,13928.815913
5763.650939,0.86,0.865,200,13933.357538
5677.809283,0.805,0.825,200,13938.008883
5712.870417,0.825,0.825,200,13942.748546
5708.317817,0.82,0.84,200,13947.335104
5739.923036,0.87,0.875,200,13954.126531
5739.288465,0.86,0.875,200,13958.507241
4651.842597,0.865,0.87,200,13963.089432
5710.878069,0.84,0.84,200,13967.694971
5671.746399,0.835,0.84,200,13972.41044
5682.730197,0.84,0.85,200,13976.857858
5659.399085,0.835,0.85,200,13981.461143
5684.446908,0.835,0.835,200,13986.148237
5761.994305,0.85,0.85,200,13990.681955
5750.223275,0.855,0.855,200,13995.366859
5697.030404,0.81,0.81,200,14002.179199
5739.86332,0.85,0.85,200,14006.99268
5695.400081,0.84,0.84,200,14011.670156
5713.990354,0.825,0.835,200,14016.29652
3840.234645,0.4,0.46,200,14020.910944
5741.404182,0.855,0.865,200,14025.674949
5739.357273,0.85,0.855,200,14030.39028
5646.756134,0.825,0.825,200,14035.114453
5567.458192,0.83,0.875,200,14039.680108
5692.826771,0.805,0.805,200,14044.367486
5771.899686,0.85,0.86,200,14051.293589
5645.647147,0.85,0.855,200,14055.770451
5705.634127,0.83,0.835,200,14060.402257
5642.703277,0.865,0.875,200,14065.047201
5764.367088,0.86,0.865,200,14069.558158
5740.352212,0.87,0.87,200,14074.275188
5719.671201,0.84,0.84,200,14078.923382
5738.832398,0.86,0.865,200,14083.527755
5695.371111,0.815,0.815,200,14088.231144
5776.269502,0.86,0.865,200,14092.750585
5759.468515,0.85,0.855,200,14099.464369
5073.143018,0.855,0.855,200,14104.11229
5714.140717,0.855,0.855,200,14108.714874
5742.586779,0.855,0.855,200,14113.382306
5704.615353,0.815,0.815,200,14118.051627
4640.58116,0.865,0.865,200,14122.604136
5720.787767,0.865,0.875,200,14127.1969
5653.525488,0.86,0.875,200,14131.949765
5755.886332,0.855,0.855,200,14136.524355
5710.357095,0.835,0.835,200,14141.08149
5775.257227,0.87,0.87,200,14147.807183
5779.975174,0.865,0.87,200,14152.470226
4734.287214,0.845,0.86,200,14157.070586
5732.425183,0.84,0.845,200,14161.707365
5735.131435,0.845,0.845,200,14166.427466
5763.773452,0.855,0.865,200,14171.108833
5705.827153,0.84,0.84,200,14175.712036
5675.1811,0.845,0.85,200,14180.544128
5568.328598,0.86,0.87,200,14185.104592
5651.195143,0.82,0.82,200,14189.627618
4987.982155,0.855,0.855,200,14196.475749
5693.406964,0.82,0.82,200,14201.127857
5438.386953,0.855,0.875,200,14205.80761
5693.798164,0.83,0.83,200,14210.55152
5702.707961,0.865,0.875,200,14215.174289
5698.814282,0.835,0.835,200,14219.867704
5756.910559,0.865,0.87,200,14224.582588
5697.99827,0.82,0.82,200,14229.222314
5042.760106,0.87,0.87,200,14233.882809
4657.374625,0.84,0.885,200,14238.650863
5764.404341,0.835,0.855,200,14245.507629
5297.178209,0.865,0.865,200,14250.198564
5702.654186,0.825,0.835,200,14254.875561
4500.486056,0.865,0.865,200,14259.576657
5779.482972,0.87,0.87,200,14264.341664
3406.58604,0.88,0.885,200,14269.01183
5492.072002,0.85,0.85,200,14273.606001
5701.717266,0.87,0.885,200,14278.261586
5693.45665,0.845,0.85,200,14282.950586
4826.977866,0.855,0.865,200,14287.623983
5702.38341,0.81,0.82,200,14294.36164
5535.00124,0.84,0.85,200,14299.101102
5698.033544,0.865,0.88,200,14303.750304
5700.043782,0.835,0.835,200,14308.488163
5745.678227,0.85,0.85,200,14313.122646
5711.724722,0.84,0.845,200,14317.770374
4755.592469,0.87,0.87,200,14322.374455
5710.623542,0.84,0.84,200,14326.978393
5790.459054,0.85,0.87,200,14331.643454
5778.783366,0.855,0.865,200,14336.257093
5718.238304,0.83,0.83,200,14343.167258
5702.189612,0.83,0.84,200,14347.848178
5694.147232,0.8,0.805,200,14352.493066
5262.837589,0.805,0.805,200,14357.229256
5700.061424,0.83,0.835,200,14361.852995
5710.70099,0.815,0.83,200,14366.530195
5759.651384,0.86,0.865,200,14371.20815
5754.350903,0.855,0.855,200,14375.77791
5696.35905,0.835,0.845,200,14380.503237
5674.129275,0.815,0.82,200,14385.220091
5602.75953,0.79,0.805,200,14392.097775
5767.334665,0.85,0.865,200,14396.860495
5691.409111,0.83,0.845,200,14401.595765
5642.031425,0.805,0.825,200,14406.300105
4467.155658,0.815,0.82,200,14411.102789
5700.49652,0.815,0.815,200,14415.7295
5183.065357,0.845,0.86,200,14420.353227
5550.392548,0.85,0.86,200,14425.096489
5708.43604,0.815,0.815,200,14429.747185
4625.909157,0.875,0.875,200,14434.436192
5681.332696,0.855,0.855,200,14441.351152
5702.37868,0.83,0.835,200,14446.017646
5768.858862,0.855,0.86,200,14450.630565
5671.517411,0.795,0.795,200,14455.270795
5313.436183,0.87,0.87,200,14459.978187
5706.49525,0.82,0.82,200,14464.638728
5735.386198,0.865,0.88,200,14469.310211
5688.954889,0.865,0.875,200,14473.935534
5106.068573,0.69,0.715,200,14478.550431
5728.536529,0.855,0.87,200,14483.243051
5565.716668,0.855,0.875,200,14489.8886
5762.901614,0.86,0.86,200,14494.422178
5319.356022,0.835,0.86,200,14499.017471
5657.390175,0.865,0.865,200,14503.562488
5780.411351,0.865,0.88,200,14508.116305
5696.80986,0.805,0.805,200,14512.701162
5697.837349,0.805,0.815,200,14517.150425
5114.380916,0.875,0.875,200,14521.830201
5764.623231,0.855,0.855,200,14526.519895
5704.257431,0.81,0.81,200,14531.085381
5696.457192,0.84,0.845,200,14538.024745
5774.593311,0.86,0.86,200,14542.675104
5710.200689,0.835,0.835,200,14547.256873
5702.495952,0.82,0.825,200,14551.783469
5669.182859,0.855,0.855,200,14556.405056
5667.285768,0.84,0.845,200,14560.866194
5675.6395,0.795,0.795,200,14565.447468
5750.124906,0.83,0.835,200,14569.989149
3507.047772,0.345,0.35,200,14574.648311
5747.715183,0.84,0.85,200,14579.220998
5648.930809,0.86,0.87,200,14586.099405
5753.833733,0.87,0.87,200,14590.750385
5693.800288,0.83,0.85,200,14595.292653
5783.792279,0.865,0.87,200,14599.813268
5667.002406,0.825,0.83,200,14604.414934
5702.291973,0.82,0.835,200,14609.155981
5726.919485,0.85,0.85,200,14613.772403
5690.404436,0.84,0.845,200,14618.510595
4150.361812,0.1,0.105,200,14623.099553
5763.824769,0.85,0.85,200,14627.566098
5757.065335,0.855,0.86,200,14634.565789
5702.413138,0.84,0.84,200,14639.297829
5779.298091,0.86,0.865,200,14643.990244
5634.252985,0.855,0.86,200,14648.722784
5250.648388,0.855,0.865,200,14653.3412
5746.759001,0.855,0.865,200,14658.108361
5689.582599,0.84,0.84,200,14662.837791
5770.059644,0.86,0.86,200,14667.363036
5702.436153,0.82,0.825,200,14672.031262
5719.836082,0.84,0.84,200,14676.595628
5684.303188,0.84,0.85,200,14683.311324
5717.326177,0.83,0.84,200,14688.035264
5686.530191,0.84,0.845,200,14692.733285
5682.63656,0.795,0.8,200,14697.31949
5399.724871,0.86,0.86,200,14701.983911
5642.897623,0.845,0.85,200,14706.57346
5689.396017,0.82,0.83,200,14711.116434
5691.890348,0.825,0.825,200,14715.851701
5769.370784,0.855,0.86,200,14720.480236
5768.559678,0.87,0.875,200,14725.244335
5684.221319,0.805,0.805,200,14732.133129
5694.531885,0.83,0.84,200,14736.778462
5556.821283,0.84,0.86,200,14741.487625
5601.877493,0.815,0.815,200,14746.044972
5536.840966,0.845,0.855,200,14750.676136
5742.805824,0.86,0.88,200,14755.3712
5697.89812,0.83,0.84,200,14759.996176
5694.860773,0.835,0.845,200,14764.557454
5722.728966,0.83,0.84,200,14769.064827
5745.881411,0.86,0.865,200,14773.795519
5542.198622,0.83,0.845,200,14780.533525
5764.357394,0.855,0.855,200,14785.116152
5656.857731,0.845,0.86,200,14789.776444
5726.795472,0.845,0.855,200,14794.30195
4814.778159,0.86,0.865,200,14798.933235
5517.163373,0.855,0.855,200,14803.639196
5769.127448,0.855,0.865,200,14808.376435
5730.461631,0.865,0.865,200,14813.01234
5714.103933,0.835,0.84,200,14817.688772
5687.202611,0.835,0.835,200,14822.389314
5594.286007,0.79,0.805,200,14829.312498
4600.799441,0.875,0.88,200,14833.913153
5711.921614,0.87,0.87,200,14838.458017
5705.054299,0.82,0.82,200,14842.986727
3836.338547,0.875,0.88,200,14847.552091
5718.156031,0.84,0.84,200,14852.326538
5684.034059,0.825,0.825,200,14856.768925
5769.431835,0.86,0.87,200,14861.260651
5637.381911,0.775,0.785,200,14865.858838
5728.963101,0.855,0.86,200,14870.535388
4243.541562,0.61,0.615,200,14877.17365
5488.786073,0.855,0.855,200,14881.703289
5685.549423,0.825,0.825,200,14886.238305
5756.946886,0.855,0.855,200,14890.675233
5712.938761,0.865,0.88,200,14895.212576
5705.653615,0.82,0.83,200,14899.672517
5744.776231,0.85,0.85,200,14904.068066
5741.888335,0.855,0.855,200,14908.576041
5657.128652,0.85,0.86,200,14912.948516
5725.409195,0.85,0.85,200,14917.377204
5675.193372,0.79,0.79,200,14924.101
5756.516087,0.865,0.875,200,14928.522071
5680.25691,0.84,0.845,200,14932.996719
5718.371839,0.835,0.84,200,14937.504422
5711.712419,0.82,0.83,200,14942.126281
5715.797701,0.835,0.835,200,14946.838028
5622.713959,0.855,0.87,200,14951.334932
5698.236054,0.81,0.81,200,14955.934304
5782.008226,0.875,0.875,200,14960.365835
5606.461693,0.81,0.81,200,14964.737761
5310.927375,0.865,0.865,200,14971.247204
5670.861675,0.85,0.855,200,14975.781277
5623.862046,0.81,0.82,200,14980.411924
5709.977038,0.835,0.835,200,14984.894682
5516.189316,0.865,0.885,200,14989.470833
5638.157492,0.83,0.83,200,14993.988965
5771.768326,0.865,0.875,200,14998.332856
5759.695121,0.86,0.875,200,15002.895857
5704.664669,0.83,0.83,200,15007.441046
5693.922456,0.81,0.81,200,15011.883669
5708.847146,0.825,0.825,200,15018.728395
5777.312415,0.87,0.87,200,15023.029755
5692.13932,0.81,0.81,200,15027.452406
4064.560706,0.42,0.445,200,15032.169818
5731.281414,0.84,0.84,200,15036.694707
4821.676974,0.855,0.855,200,15041.273198
5636.257007,0.85,0.85,200,15045.945662
5702.130111,0.81,0.82,200,15050.538743
5635.108666,0.815,0.82,200,15055.008368
5760.851595,0.86,0.865,200,15059.526743
5767.755469,0.865,0.875,200,15066.548256
5660.936222,0.855,0.855,200,15071.066226
5018.428121,0.85,0.855,200,15075.680742
5751.586334,0.85,0.855,200,15080.22892
3202.414833,0.88,0.88,200,15084.9186
5091.644678,0.85,0.86,200,15089.743069
5642.952155,0.815,0.82,200,15094.459172
5771.731586,0.85,0.86,200,15099.06125
5699.153061,0.81,0.81,200,15103.561968
5109.200575,0.87,0.87,200,15108.161237
4356.92442,0.735,0.745,200,15114.644573
5675.831473,0.875,0.88,200,15119.089883
5675.999049,0.83,0.83,200,15123.490174
5767.516072,0.86,0.87,200,15127.786653
5763.006399,0.86,0.86,200,15132.081501
5678.991583,0.835,0.835,200,15136.601226
5769.33656,0.865,0.865,200,15140.903962
5077.042701,0.86,0.86,200,15145.385039
5724.002882,0.835,0.845,200,15149.897482
5741.788435,0.86,0.87,200,15154.511084
5706.610351,0.83,0.83,200,15161.079827
5696.775522,0.845,0.845,200,15165.422459
5338.531711,0.85,0.85,200,15170.053468
5692.333662,0.82,0.82,200,15174.53796
5648.205059,0.85,0.85,200,15179.228951
5701.589444,0.81,0.815,200,15183.898486
5639.262875,0.845,0.85,200,15188.422223
5016.020013,0.685,0.72,200,15193.006398
5735.586957,0.89,0.89,200,15197.552078
5711.944377,0.85,0.87,200,15202.072359
5789.172488,0.87,0.87,200,15208.934783
5711.916501,0.825,0.83,200,15213.398504
5781.085275,0.865,0.865,200,15217.960124
5699.443469,0.805,0.82,200,15222.385671
5668.024279,0.865,0.88,200,15226.850443
5711.078798,0.815,0.815,200,15231.346734
5683.463913,0.85,0.85,200,15235.795048
5706.751185,0.84,0.84,200,15240.229586
5751.221241,0.835,0.85,200,15244.689644
5711.215745,0.865,0.875,200,15249.117082
3317.19383,0.35,0.36,200,15255.47028
5691.893187,0.83,0.83,200,15259.698479
5613.978393,0.815,0.82,200,15264.23185
5601.288355,0.805,0.81,200,15268.751587
5716.932,0.87,0.88,200,15273.316559
5770.535301,0.86,0.86,200,15277.638938
5620.857578,0.805,0.805,200,15282.070061
5668.879004,0.845,0.855,200,15286.59519
5712.292378,0.83,0.845,200,15291.235664
5768.649846,0.865,0.865,200,15295.937241
5780.631315,0.86,0.87,200,15302.582328
5665.731398,0.825,0.825,200,15307.223047
5748.958988,0.845,0.855,200,15311.899599
5094.841254,0.87,0.87,200,15316.410574
4004.965565,0.87,0.87,200,15320.938048
5429.561934,0.85,0.85,200,15325.556075
5717.776604,0.845,0.845,200,15330.255125
5707.267024,0.825,0.83,200,15334.955739
5695.14375,0.825,0.83,200,15339.64971
5776.562815,0.85,0.865,200,15344.374996
5708.32953,0.88,0.885,200,15351.378087
4815.017215,0.64,0.67,200,15356.088418
5733.089861,0.875,0.89,200,15360.865521
5709.832818,0.815,0.82,200,15365.629242
5652.083026,0.815,0.83,200,15370.278441
5669.861117,0.82,0.825,200,15375.007976
5778.615126,0.855,0.87,200,15379.747159
5606.856714,0.84,0.845,200,15384.506396
5702.008878,0.835,0.845,200,15388.989589
5332.471883,0.645,0.655,200,15393.753795
5764.468596,0.86,0.875,200,15400.204486
5737.957543,0.85,0.85,200,15404.840737
5583.006598,0.85,0.865,200,15409.522201
5638.701764,0.81,0.82,200,15414.212026
5634.840097,0.845,0.86,200,15418.720247
5651.431065,0.845,0.85,200,15423.325127
4609.829244,0.65,0.675,200,15427.706332
5634.283445,0.805,0.82,200,15432.358107
5766.169423,0.86,0.86,200,15437.055042
5185.22137,0.87,0.87,200,15441.678153
5528.883799,0.86,0.865,200,15448.611413
5672.615759,0.85,0.87,200,15453.343575
5749.096132,0.85,0.85,200,15457.953369
5759.632236,0.865,0.87,200,15462.591579
5776.823035,0.87,0.87,200,15467.303919
5694.873422,0.835,0.835,200,15471.957492
4180.555799,0.875,0.88,200,15476.720526
5686.13268,0.84,0.85,200,15481.409845
5718.423153,0.845,0.845,200,15486.166454
5722.667753,0.835,0.835,200,15490.948226
5545.644652,0.835,0.88,200,15497.870876
5215.436859,0.86,0.86,200,15502.421875
5674.520737,0.86,0.875,200,15507.073801
5711.390132,0.84,0.84,200,15511.758406
5367.538649,0.86,0.86,200,15516.506757
5677.016988,0.815,0.83,200,15521.175841
5690.54786,0.8,0.8,200,15525.964719
5696.264662,0.815,0.815,200,15530.712988
5777.435638,0.87,0.87,200,15535.477068
5762.012254,0.87,0.875,200,15540.169822
5783.382718,0.87,0.87,200,15547.066713
5774.240974,0.86,0.87,200,15551.728976
5725.819444,0.83,0.835,200,15556.480496
5790.428519,0.865,0.88,200,15561.299523
5772.565441,0.875,0.88,200,15566.02162
5681.735004,0.825,0.83,200,15570.852496
5700.674521,0.845,0.86,200,15575.671971
5767.129935,0.855,0.86,200,15580.457619
5582.474713,0.85,0.875,200,15585.172176
5595.206466,0.85,0.85,200,15589.804015
5713.559735,0.825,0.83,200,15596.469056
5649.50432,0.84,0.85,200,15601.178449
5709.328866,0.83,0.84,200,15605.853566
5620.362552,0.805,0.815,200,15610.510262
5714.73336,0.82,0.835,200,15615.35168
5719.369617,0.88,0.885,200,15620.051389
5795.175738,0.88,0.88,200,15624.747693
5743.68082,0.86,0.86,200,15629.48869
5693.953055,0.835,0.835,200,15634.186982
5677.759758,0.825,0.825,200,15638.991609
5705.578503,0.84,0.845,200,15646.008167
5795.08675,0.88,0.88,200,15650.75172
5760.7824,0.855,0.86,200,15655.455802
5663.388525,0.84,0.845,200,15660.245292
5709.403354,0.84,0.855,200,15664.973635
5667.62635,0.84,0.855,200,15669.706601
5631.854333,0.845,0.865,200,15674.384806
5762.64989,0.87,0.875,200,15679.093859
5704.80367,0.84,0.845,200,15683.72753
5750.682818,0.845,0.845,200,15688.396875
5659.369212,0.82,0.82,200,15695.346551
5702.820955,0.825,0.825,200,15700.132315
5439.814754,0.85,0.85,200,15704.802082
5762.337614,0.865,0.875,200,15709.453866
5705.798324,0.815,0.815,200,15714.197743
5696.901419,0.835,0.84,200,15718.841949
5719.322009,0.84,0.84,200,15723.532502
5799.633981,0.89,0.89,200,15728.226723
5749.233223,0.855,0.87,200,15732.963314
5687.229808,0.805,0.805,200,15737.662393
5781.941122,0.865,0.87,200,15744.606353
5775.816121,0.86,0.86,200,15749.327809
5784.847086,0.87,0.87,200,15754.116769
5744.636447,0.855,0.855,200,15758.794486
5714.258131,0.825,0.835,200,15763.454999
5791.364897,0.87,0.875,200,15768.278318
5672.5505,0.825,0.83,200,15772.976839
5710.237465,0.825,0.825,200,15777.675582
5609.738227,0.855,0.86,200,15782.33227
5730.33251,0.84,0.845,200,15786.96862
5670.388518,0.83,0.83,200,15793.918869
3823.385436,0.43,0.485,200,15798.536249
4648.503727,0.645,0.66,200,15803.185483
5707.166311,0.815,0.82,200,15807.960161
5717.141509,0.815,0.83,200,15812.638275
5027.471776,0.875,0.88,200,15817.397113
5712.072228,0.855,0.875,200,15822.196561
5675.40851,0.855,0.87,200,15826.850709
5689.020652,0.795,0.81,200,15831.55016
5582.807252,0.815,0.82,200,15836.320936
5667.50162,0.825,0.825,200,15843.265529
4781.151058,0.875,0.875,200,15848.123711
5766.802077,0.855,0.86,200,15852.772782
5775.972716,0.86,0.865,200,15857.422841
5703.761531,0.87,0.875,200,15862.219982
5717.421975,0.86,0.87,200,15866.765464
5695.536324,0.805,0.815,200,15871.514171
5641.333883,0.855,0.86,200,15876.30353
5733.045763,0.865,0.89,200,15881.106406
5680.03123,0.825,0.83,200,15885.845186
5711.68151,0.84,0.84,200,15892.636193
5697.595347,0.85,0.855,200,15897.398964
5148.575002,0.86,0.86,200,15902.203037
5054.40464,0.85,0.865,200,15906.855799
5730.682708,0.865,0.87,200,15911.596564
5688.05489,0.82,0.825,200,15916.304357
5777.170036,0.855,0.865,200,15921.068088
5751.033448,0.87,0.875,200,15925.798399
4961.885462,0.87,0.87,200,15930.460719
5619.156519,0.855,0.875,200,15935.256535
5634.375066,0.82,0.82,200,15942.127047
5326.713074,0.865,0.87,200,15946.770642
5629.018769,0.81,0.815,200,15951.49858
5652.444393,0.835,0.84,200,15956.41237
5647.779121,0.825,0.825,200,15961.105084
5766.51403,0.88,0.88,200,15965.850611
5682.698754,0.8,0.8,200,15970.488694
5732.632279,0.85,0.85,200,15975.243794
5003.393147,0.885,0.885,200,15980.052307
5110.171119,0.865,0.87,200,15984.73949
5554.12338,0.855,0.88,200,15991.839945
5806.697472,0.875,0.89,200,15996.575464
5708.052682,0.83,0.83,200,16001.381534
5669.376903,0.82,0.83,200,16006.124975
4988.916846,0.875,0.88,200,16010.857158
5653.691103,0.845,0.86,200,16015.513601
5771.87371,0.875,0.875,200,16020.109048
5710.891286,0.83,0.83,200,16024.827051
5677.10481,0.855,0.865,200,16029.592077
5703.872009,0.81,0.815,200,16034.310695
5677.241347,0.825,0.825,200,16041.332717
5778.789954,0.88,0.88,200,16046.087404
4948.444366,0.875,0.875,200,16050.769812
5118.86192,0.875,0.875,200,16055.448191
5738.19232,0.855,0.855,200,16060.215698
5772.715103,0.86,0.86,200,16064.942525
5640.367309,0.85,0.885,200,16069.811918
5749.261441,0.84,0.85,200,16074.552419
5678.207599,0.825,0.825,200,16079.288002
5749.140879,0.85,0.85,200,16083.930404
5710.116639,0.84,0.84,200,16090.658757
5716.391796,0.825,0.83,200,16095.293806
5713.793435,0.8,0.83,200,16100.05611
5772.991899,0.855,0.865,200,16104.721889
5691.378951,0.805,0.805,200,16109.523409
5712.359159,0.845,0.845,200,16114.309811
5697.867127,0.805,0.805,200,16119.043917
5741.771698,0.855,0.855,200,16123.759074
4857.57852,0.875,0.875,200,16128.436926
5714.677604,0.845,0.85,200,16133.138876
5774.07705,0.885,0.885,200,16140.332354
5752.956634,0.85,0.855,200,16145.132882
5708.552705,0.835,0.84,200,16149.910664
5722.456414,0.86,0.87,200,16154.750682
5467.023359,0.845,0.85,200,16159.449635
5600.203488,0.845,0.85,200,16164.33412
5691.725745,0.835,0.835,200,16169.050029
5184.25524,0.875,0.88,200,16173.86533
5688.551737,0.86,0.865,200,16178.697271
5697.016465,0.85,0.855,200,16183.4583
5777.859814,0.85,0.865,200,16190.446049
5489.483962,0.81,0.82,200,16195.203481
5762.194363,0.875,0.89,200,16199.952271
5581.984945,0.855,0.855,200,16204.782898
5187.45496,0.85,0.855,200,16209.524401
5287.622052,0.85,0.855,200,16214.357428
5695.352474,0.845,0.845,200,16219.10798
5798.212794,0.88,0.88,200,16223.960667
5741.397683,0.865,0.875,200,16228.670071
5081.554861,0.875,0.875,200,16233.481858
5779.783416,0.86,0.87,200,16240.513386
5103.571998,0.87,0.87,200,16245.288629
5713.074378,0.835,0.835,200,16250.010859
5194.515253,0.87,0.87,200,16254.741596
5742.379381,0.85,0.86,200,16259.355035
5073.793561,0.865,0.895,200,16264.013736
5093.781696,0.86,0.86,200,16268.633569
5767.831491,0.88,0.885,200,16273.245355
5761.895009,0.87,0.87,200,16277.903198
5705.343953,0.815,0.82,200,16282.602208
5244.490897,0.835,0.835,200,16289.507807
5685.659646,0.86,0.865,200,16294.329625
5769.705459,0.865,0.875,200,16299.168227
5636.421987,0.85,0.855,200,16303.948543
5622.518352,0.87,0.87,200,16308.651972
5737.406936,0.87,0.87,200,16313.311191
5669.745834,0.815,0.83,200,16318.132662
4589.715215,0.665,0.695,200,16322.791136
5703.658004,0.81,0.815,200,16327.381239
5610.893352,0.87,0.89,200,16332.019861
5774.938148,0.865,0.875,200,16338.883677
5673.47871,0.855,0.86,200,16343.571408
5574.712835,0.865,0.865,200,16348.206401
5694.344841,0.865,0.87,200,16352.841282
5373.195234,0.855,0.855,200,16357.466071
5395.362966,0.87,0.87,200,16362.211555
5705.828338,0.85,0.855,200,16366.964391
5758.671796,0.855,0.855,200,16371.686222
5707.108774,0.87,0.875,200,16376.230141
5701.039103,0.805,0.815,200,16380.920622
5618.797236,0.81,0.81,200,16387.872233
5705.227255,0.84,0.84,200,16392.549722
5698.64231,0.85,0.855,200,16397.354973
5590.029099,0.85,0.88,200,16402.037742
5766.619953,0.855,0.855,200,16406.842743
5775.221448,0.87,0.87,200,16411.562002
5026.700101,0.87,0.875,200,16416.343904
5358.627292,0.855,0.86,200,16421.043874
5678.479442,0.82,0.83,200,16425.71528
5658.758689,0.85,0.85,200,16430.543376
5744.7321,0.865,0.875,200,16437.453238
5698.827726,0.835,0.835,200,16442.299324
5661.931747,0.87,0.88,200,16447.043624
5789.304659,0.86,0.87,200,16451.686991
5668.356306,0.83,0.83,200,16456.31811
5551.927441,0.86,0.86,200,16460.977217
5678.636831,0.84,0.84,200,16465.661584
5767.380595,0.855,0.86,200,16470.410815
5704.182563,0.835,0.835,200,16475.074126
5712.040708,0.86,0.875,200,16479.661617
5720.516558,0.875,0.875,200,16486.441349
5279.820825,0.86,0.86,200,16491.157584
5704.925441,0.845,0.845,200,16495.794085
5713.587302,0.835,0.835,200,16500.471757
5762.853634,0.845,0.86,200,16505.168257
5764.888793,0.875,0.875,200,16509.850349
5576.227785,0.86,0.865,200,16514.499597
5387.973298,0.87,0.87,200,16519.240205
5701.001094,0.835,0.84,200,16523.859812
5478.527253,0.83,0.865,200,16528.514855
4282.046865,0.69,0.735,200,16535.462081
5780.555036,0.86,0.86,200,16540.233076
5702.810213,0.845,0.855,200,16544.920684
5770.396504,0.86,0.86,200,16549.64074
5706.15007,0.815,0.83,200,16554.346588
5688.152738,0.845,0.845,200,16558.950519
5257.043856,0.86,0.865,200,16563.612627
5717.080484,0.84,0.84,200,16568.223171
5776.462571,0.855,0.855,200,16573.020341
5799.265058,0.88,0.88,200,16577.811721
5725.845759,0.855,0.855,200,16584.96483
5706.68265,0.845,0.845,200,16589.799026
5689.271629,0.855,0.87,200,16594.664853
5687.927267,0.83,0.83,200,16599.351897
5777.012874,0.855,0.865,200,16604.190773
5710.307036,0.82,0.82,200,16608.956182
5666.656777,0.855,0.865,200,16613.623042
5705.359651,0.815,0.815,200,16618.338318
5725.295702,0.845,0.845,200,16623.006875
5701.93657,0.81,0.815,200,16627.732555
5244.585594,0.865,0.87,200,16634.619723
5795.265084,0.875,0.875,200,16639.395418
5701.036244,0.83,0.845,200,16644.150953
5662.783498,0.87,0.89,200,16648.753278
5708.283463,0.825,0.825,200,16653.495043
5706.828279,0.82,0.83,200,16658.083058
5697.313985,0.835,0.835,200,16662.712769
5704.852401,0.815,0.815,200,16667.383601
5506.618166,0.86,0.875,200,16672.123937
5773.306514,0.87,0.875,200,16676.76494
5712.917593,0.845,0.845,200,16683.523636
5610.216224,0.85,0.855,200,16688.221107
5778.328309,0.86,0.865,200,16692.950808
5693.261718,0.845,0.845,200,16697.57982
5709.203587,0.84,0.84,200,16702.20242
5778.639769,0.87,0.87,200,16706.975622
5672.740807,0.835,0.835,200,16711.67745
5678.917629,0.85,0.855,200,16716.404142
4397.964239,0.88,0.88,200,16721.096518
5704.211373,0.835,0.835,200,16725.663561
5757.98135,0.855,0.865,200,16732.603447
5792.663989,0.885,0.885,200,16737.35268
5701.603027,0.82,0.82,200,16742.054992
5718.031377,0.845,0.845,200,16746.803376
5380.506907,0.86,0.86,200,16751.58799
5746.42693,0.84,0.85,200,16756.25371
5711.233509,0.82,0.83,200,16760.971214
5683.672312,0.81,0.82,200,16765.621364
5295.806502,0.88,0.88,200,16770.270333
5700.33835,0.85,0.855,200,16775.103765
5623.198602,0.805,0.805,200,16781.989241
5782.151996,0.865,0.865,200,16786.880361
5686.112042,0.845,0.86,200,16791.587663
5786.866801,0.865,0.87,200,16796.20041
5703.167221,0.82,0.82,200,16800.795346
5777.196094,0.855,0.86,200,16805.629555
5739.597719,0.845,0.845,200,16810.327023
5697.682102,0.825,0.835,200,16815.103309
5647.497949,0.85,0.85,200,16819.881625
5527.557313,0.825,0.855,200,16824.636405
5431.254017,0.865,0.87,200,16831.520352
4932.793904,0.87,0.87,200,16836.296515
5767.824513,0.87,0.87,200,16840.876608
5750.840454,0.86,0.86,200,16845.623832
5716.430927,0.845,0.85,200,16850.297131
5778.602631,0.865,0.865,200,16854.950357
5775.782293,0.88,0.88,200,16859.733215
5267.997179,0.865,0.865,200,16864.356251
5790.159759,0.865,0.87,200,16868.886237
5706.199017,0.81,0.82,200,16873.578141
5720.189488,0.825,0.835,200,16880.561768
4729.825717,0.63,0.64,200,16885.185852
4006.720318,0.86,0.865,200,16889.804743
5641.848941,0.82,0.82,200,16894.566729
5687.9191,0.815,0.815,200,16899.374115
5802.682986,0.88,0.885,200,16904.128922
5781.081695,0.87,0.87,200,16908.890538
5711.533321,0.84,0.84,200,16913.548774
5785.96627,0.865,0.87,200,16918.291957
5714.026274,0.835,0.835,200,16922.878141
5295.737292,0.87,0.875,200,16929.769402
4783.372566,0.88,0.88,200,16934.454756
5682.220081,0.845,0.85,200,16939.015825
5175.113922,0.87,0.88,200,16943.626305
5473.507493,0.865,0.865,200,16948.360118
5678.584406,0.805,0.805,200,16953.115001
5701.089176,0.84,0.84,200,16957.909968
5190.583534,0.85,0.87,200,16962.602092
5690.010965,0.855,0.855,200,16967.283654
5700.897935,0.84,0.84,200,16972.058529
5673.966378,0.825,0.83,200,16978.666896
5716.314022,0.84,0.84,200,16983.358848
5687.912535,0.805,0.805,200,16987.927772
5776.183219,0.87,0.88,200,16992.517722
5705.360648,0.835,0.845,200,16997.090577
5712.48129,0.835,0.835,200,17001.65132
5333.286361,0.875,0.875,200,17006.387735
5781.070722,0.865,0.865,200,17010.878191
5682.589549,0.845,0.85,200,17015.398422
5690.982214,0.85,0.85,200,17019.939558
3681.484236,0.88,0.895,200,17026.819806
5513.458962,0.84,0.865,200,17031.259755
5637.306937,0.82,0.82,200,17035.771253
5744.648498,0.845,0.865,200,17040.271587
5679.405183,0.8,0.8,200,17044.850418
5707.799239,0.825,0.84,200,17049.369845
5646.903633,0.8,0.82,200,17053.867869
5711.798263,0.84,0.84,200,17058.317659
5181.550011,0.79,0.805,200,17062.744435
5703.964458,0.83,0.835,200,17067.319218
5709.474934,0.84,0.84,200,17074.124024
5752.768846,0.855,0.86,200,17078.606458
5704.016074,0.84,0.84,200,17083.194196
5793.636913,0.865,0.88,200,17087.646294
5238.591303,0.87,0.87,200,17092.118856
5756.919869,0.87,0.875,200,17096.806849
5690.800181,0.87,0.885,200,17101.451393
5456.247312,0.83,0.86,200,17106.097973
5784.649803,0.875,0.875,200,17110.592411
5710.006277,0.845,0.845,200,17115.101424
5803.752553,0.895,0.895,200,17121.956771
5783.05172,0.865,0.87,200,17126.659032
5764.090167,0.86,0.86,200,17131.266961
5670.882549,0.82,0.82,200,17135.839221
5724.035328,0.845,0.845,200,17140.449498
5704.968577,0.86,0.87,200,17145.156372
4239.696411,0.515,0.53,200,17149.611561
5678.730413,0.835,0.835,200,17154.22361
5750.620345,0.855,0.855,200,17158.763655
5705.198509,0.8,0.815,200,17163.325929
5696.535519,0.835,0.835,200,17169.963868
5791.391356,0.86,0.875,200,17174.52112
5707.638394,0.825,0.84,200,17179.150806
5756.884545,0.845,0.855,200,17183.73683
5729.707971,0.86,0.865,200,17188.397271
5647.118585,0.855,0.855,200,17193.057268
5772.124295,0.88,0.88,200,17197.472647
5710.40431,0.85,0.85,200,17202.222856
5775.626167,0.865,0.865,200,17207.036648
5706.104974,0.83,0.84,200,17211.861578
5242.178887,0.875,0.875,200,17218.755408
5174.946756,0.87,0.875,200,17223.452746
5798.618542,0.88,0.885,200,17228.171065
5664.910351,0.845,0.845,200,17232.913396
5779.743424,0.865,0.88,200,17237.59844
5677.940777,0.825,0.825,200,17242.386514
5740.559254,0.865,0.875,200,17247.119553
5665.265433,0.845,0.855,200,17251.934455
5627.089663,0.825,0.825,200,17256.671922
5604.595507,0.815,0.815,200,17261.363825
5755.296667,0.86,0.875,200,17268.469389
5647.069139,0.82,0.82,200,17273.209821
5490.655325,0.87,0.875,200,17277.933563
5669.571928,0.82,0.82,200,17282.553542
5519.065529,0.865,0.875,200,17287.238004
5691.535001,0.85,0.85,200,17291.988491
5703.637128,0.84,0.84,200,17296.803948
5355.357338,0.86,0.865,200,17301.567168
5706.336662,0.845,0.855,200,17306.343104
5791.628119,0.86,0.875,200,17310.992817
5629.542945,0.845,0.875,200,17317.961751
5700.599584,0.835,0.85,200,17322.714503
5711.384197,0.83,0.835,200,17327.275183
5502.946009,0.825,0.865,200,17332.020636
5726.273917,0.865,0.88,200,17336.768221
5790.76981,0.87,0.875,200,17341.477091
5773.612471,0.87,0.88,200,17346.282756
5565.938047,0.865,0.87,200,17351.040868
5456.606307,0.87,0.875,200,17355.744753
5695.587362,0.85,0.855,200,17360.478816
5801.655569,0.86,0.88,200,17367.384649
5622.323859,0.855,0.875,200,17371.97328
5593.813996,0.79,0.805,200,17376.569369
5698.309123,0.825,0.825,200,17381.136714
4481.496079,0.88,0.88,200,17385.829215
5735.274917,0.85,0.855,200,17390.461073
5765.595572,0.84,0.86,200,17395.110638
5686.490305,0.84,0.855,200,17399.775823
5554.826399,0.85,0.85,200,17404.232576
5683.77732,0.805,0.805,200,17408.948914
5715.014536,0.83,0.83,200,17415.551724
5779.889442,0.87,0.88,200,17420.09935
5594.416049,0.85,0.865,200,17424.754078
5763.54557,0.85,0.855,200,17429.298436
5028.895168,0.88,0.885,200,17433.952612
5689.392089,0.835,0.835,200,17438.425752
5526.493274,0.85,0.88,200,17443.014325
5483.559264,0.865,0.865,200,17447.452
5695.43645,0.845,0.845,200,17451.89345
5689.18934,0.85,0.85,200,17456.282494
5709.952413,0.85,0.865,200,17463.066494
5769.078446,0.855,0.855,200,17467.678452
5281.156251,0.88,0.88,200,17472.108807
5681.595651,0.85,0.855,200,17476.692827
5761.045077,0.86,0.86,200,17481.237853
5684.773848,0.84,0.84,200,17485.674753
5738.966756,0.845,0.845,200,17490.268205
5712.76253,0.82,0.825,200,17494.685719
5752.188308,0.865,0.875,200,17499.214524
5743.86487,0.855,0.855,200,17503.582915
5731.740197,0.84,0.84,200,17510.211982
5646.192368,0.815,0.82,200,17514.711991
5794.222878,0.87,0.875,200,17519.3043
5693.852134,0.845,0.85,200,17523.913392
5598.289986,0.825,0.865,200,17528.462216
5614.107711,0.865,0.865,200,17533.078711
5606.541934,0.86,0.87,200,17537.652879
5764.461443,0.865,0.88,200,17542.238292
5713.424627,0.835,0.835,200,17546.824402
5767.821579,0.845,0.855,200,17551.505224
5126.456171,0.7,0.71,200,17558.270898
5774.976454,0.865,0.875,200,17562.893079
5687.516269,0.845,0.85,200,17567.526103
5708.165905,0.84,0.84,200,17572.089746
5750.822276,0.85,0.855,200,17576.779716
5779.033524,0.87,0.875,200,17581.278383
5750.625426,0.87,0.88,200,17585.855596
5629.046301,0.87,0.87,200,17590.538366
5704.13509,0.815,0.815,200,17595.028386
5679.732468,0.815,0.83,200,17599.710757
5724.082001,0.83,0.84,200,17606.607055
5773.988306,0.865,0.865,200,17611.247508
5745.914387,0.845,0.85,200,17615.883466
5702.114293,0.835,0.84,200,17620.472906
5762.635321,0.855,0.855,200,17625.033511
5666.852247,0.825,0.825,200,17629.635878
5695.942402,0.86,0.86,200,17634.240909
5686.776437,0.86,0.865,200,17638.790819
5765.938662,0.86,0.865,200,17643.440236
5772.782024,0.86,0.865,200,17648.157193
5787.072257,0.87,0.87,200,17655.051925
5747.551,0.885,0.885,200,17659.692197
5737.725815,0.865,0.88,200,17664.322649
5638.532425,0.84,0.885,200,17668.84551
5701.510684,0.81,0.815,200,17673.285865
5762.862717,0.855,0.87,200,17677.810954
5737.084471,0.87,0.87,200,17682.45697
5762.751121,0.855,0.88,200,17687.09689
5700.024373,0.815,0.815,200,17691.845163
5605.012223,0.84,0.86,200,17696.509053
5697.678576,0.83,0.835,200,17703.239676
5674.999297,0.855,0.86,200,17707.842576
5517.819182,0.835,0.87,200,17712.290635
5706.472127,0.805,0.825,200,17716.925281
5741.514745,0.855,0.855,200,17721.440593
5803.434205,0.89,0.89,200,17725.983331
5693.263768,0.805,0.805,200,17730.461783
5778.056284,0.855,0.86,200,17735.049676
5706.224917,0.79,0.815,200,17739.566216
5802.383758,0.875,0.88,200,17743.935681
5519.024322,0.855,0.855,200,17750.602773
5701.352648,0.81,0.825,200,17755.195111
5697.154892,0.81,0.81,200,17759.791607
5714.943666,0.815,0.83,200,17764.259887
5784.522001,0.86,0.86,200,17768.790173
5749.575357,0.865,0.885,200,17773.204132
5643.311022,0.81,0.815,200,17777.822437
5772.758515,0.875,0.88,200,17782.472887
5672.702817,0.845,0.85,200,17787.049958
4839.923988,0.69,0.72,200,17791.63954
5677.305573,0.855,0.855,200,17798.435418
5800.743069,0.88,0.885,200,17803.055591
5619.757966,0.85,0.88,200,17807.689666
5761.388912,0.845,0.86,200,17812.221204
5790.782671,0.87,0.88,200,17816.762
5668.487415,0.86,0.865,200,17821.2858
5237.32811,0.875,0.875,200,17825.915901
5705.783462,0.845,0.85,200,17830.478687
5786.257361,0.875,0.875,200,17835.1362
4967.800155,0.87,0.875,200,17839.57633
5575.375147,0.87,0.89,200,17846.319668
5791.60675,0.88,0.885,200,17850.787498
5774.304826,0.87,0.87,200,17855.265702
5743.525467,0.845,0.85,200,17859.737086
5704.625291,0.815,0.82,200,17864.26528
5749.127104,0.855,0.855,200,17868.821561
5708.910355,0.82,0.825,200,17873.35255
5721.572554,0.82,0.825,200,17878.004174
5773.517508,0.865,0.865,200,17882.466015
5750.892172,0.865,0.875,200,17887.004324
5665.166135,0.86,0.87,200,17893.599169
5699.832545,0.865,0.875,200,17898.17859
5754.245617,0.85,0.855,200,17902.762637
5746.200554,0.83,0.85,200,17907.283651
5750.772087,0.85,0.85,200,17911.740832
5674.808847,0.86,0.86,200,17916.276606
5652.25819,0.855,0.865,200,17920.928864
5436.734451,0.87,0.87,200,17925.525902
5716.228381,0.835,0.835,200,17929.982599
5785.318421,0.87,0.875,200,17934.467599
5708.869495,0.855,0.865,200,17941.252347
5426.151952,0.87,0.875,200,17945.725564
5383.111712,0.735,0.735,200,17950.265248
5557.187731,0.855,0.885,200,17954.820428
5678.318528,0.81,0.83,200,17959.41235
5673.392379,0.855,0.86,200,17964.047371
5444.697753,0.85,0.85,200,17968.735465
5705.422874,0.815,0.82,200,17973.342806
5687.610992,0.84,0.84,200,17977.784608
5703.225837,0.855,0.86,200,17982.312893
4432.565135,0.525,0.58,200,17989.109628
5796.645991,0.86,0.875,200,17993.618008
5630.786468,0.865,0.865,200,17998.339033
5706.997844,0.84,0.84,200,18002.936368
5777.686215,0.86,0.865,200,18007.634876
5743.966289,0.85,0.85,200,18012.315141
5770.885735,0.845,0.855,200,18016.913099
5722.750689,0.855,0.86,200,18021.330646
5760.151179,0.875,0.885,200,18025.850664
5697.126028,0.815,0.83,200,18030.270319
5687.038603,0.84,0.855,200,18037.071732
5772.494209,0.86,0.87,200,18041.737714
5688.586609,0.85,0.855,200,18046.323356
5719.972375,0.835,0.835,200,18050.861397
5716.109393,0.875,0.875,200,18055.355772
5683.411421,0.835,0.86,200,18059.946615
5721.959549,0.83,0.84,200,18064.497295
5711.225691,0.845,0.845,200,18068.977712
5497.540759,0.84,0.85,200,18073.422432
5412.32848,0.815,0.845,200,18077.962697
5795.076855,0.875,0.88,200,18084.539892
5715.970008,0.835,0.84,200,18088.961234
5519.037071,0.86,0.86,200,18093.35837
5757.255025,0.87,0.88,200,18097.531598
5645.798665,0.86,0.87,200,18101.674816
5656.037789,0.845,0.855,200,18106.004478
5778.832162,0.855,0.87,200,18110.508214
5466.008376,0.86,0.86,200,18115.145085
5697.564292,0.86,0.865,200,18119.819083
4861.878855,0.535,0.545,200,18124.527543
5431.235389,0.88,0.885,200,18131.582455
5698.346238,0.84,0.85,200,18136.15823
5706.272329,0.855,0.86,200,18140.667104
5692.954374,0.845,0.85,200,18145.171663
5705.424711,0.83,0.84,200,18149.749024
5675.011035,0.845,0.85,200,18154.363937
5642.345026,0.86,0.865,200,18158.951216
5711.778223,0.835,0.835,200,18163.462878
5684.229225,0.86,0.86,200,18167.891333
5728.383107,0.82,0.845,200,18172.417
5669.845259,0.825,0.825,200,18179.147132
5709.876723,0.845,0.845,200,18183.68711
4432.467081,0.885,0.885,200,18188.203139
5800.607022,0.88,0.88,200,18192.667755
5701.038364,0.85,0.855,200,18197.116246
5727.382055,0.87,0.875,200,18201.325504
5770.191228,0.855,0.855,200,18205.663451
5504.303179,0.85,0.87,200,18209.915032
5704.825674,0.815,0.815,200,18214.473599
4021.640964,0.87,0.885,200,18219.010844
5767.550997,0.875,0.875,200,18225.897191
5637.869439,0.82,0.82,200,18230.518333
5687.591635,0.86,0.865,200,18235.115899
5688.631041,0.865,0.87,200,18239.7867
5326.830822,0.86,0.86,200,18244.325244
5711.362989,0.845,0.845,200,18248.83449
5578.355107,0.86,0.885,200,18253.511385
5788.045126,0.865,0.87,200,18258.095713
5685.266095,0.83,0.83,200,18262.783544
5715.245267,0.85,0.85,200,18267.41092
5623.868838,0.81,0.81,200,18273.989557
5771.856527,0.87,0.87,200,18278.568834
5664.396527,0.825,0.825,200,18283.193362
5664.889625,0.775,0.79,200,18287.832646
5789.067009,0.88,0.88,200,18292.533147
5716.236614,0.835,0.84,200,18297.219468
5667.414265,0.855,0.86,200,18301.905007
5706.935806,0.82,0.82,200,18306.45203
5698.319583,0.835,0.835,200,18311.083502
5702.317181,0.835,0.835,200,18315.775718
5709.475463,0.825,0.825,200,18322.66819
5725.177639,0.865,0.87,200,18327.333339
5681.623328,0.85,0.85,200,18331.922633
5760.711608,0.855,0.855,200,18336.603406
4862.768304,0.86,0.875,200,18341.258648
5691.073825,0.835,0.855,200,18345.879598
5730.983265,0.84,0.84,200,18350.662688
5710.24144,0.805,0.82,200,18355.453293
5684.703975,0.805,0.805,200,18360.109566
5781.231002,0.86,0.865,200,18364.83171
5743.538995,0.85,0.85,200,18371.813381
5791.102102,0.87,0.875,200,18376.408166
5701.838891,0.865,0.865,200,18381.185721
5712.526343,0.85,0.85,200,18385.990479
5790.771001,0.875,0.875,200,18390.747651
5695.761164,0.86,0.87,200,18395.589652
5374.044574,0.835,0.86,200,18400.179192
5707.846581,0.845,0.845,200,18404.806846
5707.847199,0.845,0.85,200,18409.447104
5717.240491,0.84,0.84,200,18414.146025
5784.053451,0.86,0.865,200,18420.888761
5124.823273,0.865,0.88,200,18425.363998
5632.562355,0.86,0.86,200,18429.912527
5745.119843,0.855,0.87,200,18434.550288
5791.007723,0.87,0.88,200,18439.232717
5805.094814,0.88,0.895,200,18443.888846
5714.227271,0.85,0.855,200,18448.582594
5793.466472,0.875,0.875,200,18453.217098
4619.736576,0.85,0.88,200,18458.027038
5670.536949,0.85,0.855,200,18462.718666
5712.156384,0.835,0.835,200,18469.503317
5715.86398,0.86,0.86,200,18474.151665
5647.353346,0.855,0.885,200,18478.851803
5777.094697,0.88,0.88,200,18483.617827
5250.504914,0.875,0.875,200,18488.313011
5700.579894,0.85,0.865,200,18493.056597
5710.694857,0.82,0.82,200,18497.733308
5787.395214,0.86,0.87,200,18502.448356
5734.047403,0.845,0.845,200,18507.0536
5782.02215,0.865,0.865,200,18511.680453
5724.075708,0.86,0.865,200,18518.568606
5431.569657,0.87,0.87,200,18523.233731
5650.974765,0.855,0.875,200,18528.010404
5483.897113,0.865,0.865,200,18532.756073
5642.395916,0.865,0.865,200,18537.355057
5690.761904,0.845,0.845,200,18541.985499
5523.917157,0.87,0.875,200,18546.569694
5722.091875,0.845,0.845,200,18551.143451
5708.599991,0.835,0.835,200,18555.623765
5715.888485,0.82,0.825,200,18559.929225
4732.992609,0.89,0.89,200,18566.755976
4805.48123,0.89,0.89,200,18571.315006
5797.70468,0.87,0.88,200,18575.979073
5719.913706,0.825,0.84,200,18580.576634
5804.84435,0.875,0.89,200,18585.224438
5739.810226,0.87,0.875,200,18590.001411
5168.278344,0.87,0.87,200,18594.65446
5754.510573,0.845,0.855,200,18599.407017
5591.828538,0.865,0.865,200,18604.046484
5474.810943,0.875,0.875,200,18608.59116
5736.106072,0.83,0.83,200,18615.499854
5737.048614,0.87,0.875,200,18620.226387
5716.294587,0.845,0.85,200,18624.925996
5771.183555,0.865,0.865,200,18629.594917
5356.640481,0.86,0.88,200,18634.381162
5710.401312,0.83,0.85,200,18639.044458
5714.781147,0.835,0.835,200,18643.654971
5686.622172,0.83,0.83,200,18648.176264
5780.52754,0.855,0.865,200,18652.590042
5772.685046,0.855,0.855,200,18657.029058
5770.458271,0.87,0.875,200,18663.611398
5707.375265,0.835,0.835,200,18668.074115
5713.22574,0.845,0.845,200,18672.537926
5609.189208,0.81,0.81,200,18676.893052
5689.963791,0.86,0.86,200,18681.375679
5795.415501,0.875,0.885,200,18685.872064
5791.915221,0.875,0.875,200,18690.357744
5689.248016,0.855,0.855,200,18694.972166
5701.515214,0.835,0.835,200,18699.524333
5754.015176,0.86,0.86,200,18704.045143
5567.934617,0.855,0.855,200,18710.828858
5767.298511,0.86,0.86,200,18715.388214
5707.500542,0.845,0.855,200,18719.872997
5772.770668,0.86,0.86,200,18724.357931
5649.426098,0.865,0.865,200,18728.829325
4952.145538,0.875,0.885,200,18733.507681
5764.301703,0.85,0.865,200,18738.224553
5226.679408,0.875,0.88,200,18742.771014
5704.720497,0.875,0.875,200,18747.457143
5467.364232,0.855,0.855,200,18752.03903
5213.164904,0.875,0.875,200,18758.632598
5787.721599,0.865,0.875,200,18763.335435
5720.090112,0.845,0.845,200,18767.906977
5794.631897,0.895,0.9,200,18772.577146
5702.668152,0.85,0.85,200,18777.092301
5707.020315,0.82,0.82,200,18781.719141
5263.345594,0.57,0.57,200,18786.408601
5720.493878,0.86,0.88,200,18790.868943
5778.767221,0.855,0.865,200,18795.297185
5781.551718,0.885,0.885,200,18799.671051
5773.048142,0.87,0.885,200,18806.208492
5700.377123,0.82,0.82,200,18810.626038
5665.301661,0.79,0.79,200,18815.114765
5718.309951,0.85,0.86,200,18819.694357
5715.896983,0.83,0.83,200,18824.174323
5606.092473,0.815,0.815,200,18828.597317
5635.350117,0.845,0.87,200,18833.073785
5704.035145,0.84,0.85,200,18837.503381
5710.95841,0.82,0.82,200,18841.942439
5606.383792,0.86,0.865,200,18846.430819
5239.51493,0.88,0.885,200,18853.409504
5729.968014,0.85,0.865,200,18858.12192
5757.454796,0.85,0.85,200,18862.613177
5496.063989,0.87,0.87,200,18867.096495
5692.129591,0.83,0.835,200,18871.704041
5694.292638,0.825,0.825,200,18876.108151
5735.529785,0.85,0.85,200,18880.575773
5665.680098,0.82,0.83,200,18884.940449
5425.682154,0.875,0.88,200,18889.472269
5709.368776,0.835,0.84,200,18894.045508
5760.492378,0.865,0.875,200,18900.890114
5744.747778,0.84,0.84,200,18905.605109
5799.176122,0.88,0.89,200,18910.050624
5697.833673,0.83,0.83,200,18914.515976
5679.438641,0.82,0.83,200,18918.986726
5796.163698,0.88,0.88,200,18923.510103
5802.854384,0.88,0.885,200,18928.01856
5724.200484,0.85,0.87,200,18932.53469
5476.287225,0.845,0.865,200,18937.027344
5649.532965,0.87,0.87,200,18941.541695
5707.185249,0.845,0.845,200,18948.140254
5675.199227,0.865,0.865,200,18952.621691
5530.563647,0.83,0.83,200,18957.11441
5782.114009,0.86,0.865,200,18961.814396
5757.167628,0.86,0.86,200,18966.592823
5713.330772,0.815,0.825,200,18971.320225
5195.449506,0.865,0.875,200,18976.023764
5801.376695,0.87,0.88,200,18980.802912
5455.882422,0.87,0.87,200,18985.355801
5642.314655,0.815,0.815,200,18989.860785
5418.644298,0.875,0.88,200,18996.724549
5607.362564,0.84,0.89,200,19001.256545
5700.990258,0.845,0.875,200,19005.824914
5517.910607,0.845,0.865,200,19010.310222
5376.342624,0.88,0.88,200,19014.902911
5661.36941,0.855,0.87,200,19019.491348
4682.147015,0.85,0.85,200,19024.0375
5789.639574,0.865,0.87,200,19028.598351
5708.982442,0.84,0.84,200,19033.264252
5758.186761,0.85,0.85,200,19037.780261
5714.537005,0.83,0.83,200,19044.752033
5717.20617,0.84,0.84,200,19049.282973
5684.797698,0.855,0.855,200,19053.808335
5567.503576,0.85,0.855,200,19058.481356
5746.135268,0.835,0.845,200,19063.236151
5688.899735,0.805,0.805,200,19067.698
5618.74486,0.81,0.81,200,19072.188678
5676.366769,0.84,0.87,200,19076.701099
5709.551274,0.825,0.825,200,19081.216645
5704.487852,0.845,0.85,200,19085.788971
5796.392875,0.885,0.885,200,19092.466295
5693.159521,0.83,0.83,200,19097.004661
5710.444171,0.83,0.85,200,19101.519846
5643.07967,0.805,0.815,200,19105.998415
5783.641308,0.865,0.87,200,19110.479063
5693.776254,0.855,0.855,200,19114.974855
5682.953068,0.83,0.83,200,19119.342567
5713.135302,0.855,0.86,200,19123.783466
5608.849116,0.835,0.885,200,19128.416258
5710.08054,0.86,0.875,200,19132.868961
5684.659294,0.855,0.86,200,19139.48835
4855.72069,0.65,0.695,200,19144.028432
5784.303989,0.885,0.885,200,19148.582602
5702.856679,0.835,0.835,200,19153.076352
5701.580501,0.835,0.835,200,19157.622414
5261.395193,0.87,0.87,200,19162.191342
4843.878923,0.62,0.66,200,19166.705689
5615.696066,0.8,0.82,200,19171.162579
5403.407218,0.87,0.885,200,19175.733571
5559.399023,0.85,0.87,200,19180.342202
5739.370742,0.85,0.85,200,19187.227644
5484.426914,0.88,0.88,200,19191.742965
5669.470571,0.85,0.855,200,19196.220139
5683.09596,0.8,0.8,200,19200.863683
5778.556265,0.86,0.865,200,19205.332916
5704.342812,0.86,0.86,200,19210.059195
5680.151223,0.845,0.845,200,19214.579847
5688.06259,0.88,0.88,200,19219.185255
5480.85763,0.85,0.855,200,19223.733291
5737.414041,0.865,0.87,200,19228.243405
5711.393961,0.81,0.825,200,19235.077738
5639.822173,0.86,0.86,200,19239.582941
5683.29752,0.825,0.83,200,19244.152673
5499.338633,0.835,0.865,200,19248.641521
5771.619782,0.86,0.86,200,19253.182739
5612.504484,0.835,0.84,200,19257.754816
5780.687123,0.87,0.875,200,19262.347755
5719.462891,0.835,0.835,200,19266.964465
5704.16496,0.85,0.855,200,19271.537417
5728.600492,0.87,0.87,200,19276.227079
5536.013025,0.855,0.86,200,19282.993979
5695.70636,0.84,0.84,200,19287.558152
5745.925383,0.85,0.85,200,19292.168183
5738.419564,0.845,0.845,200,19296.802162
5686.098202,0.81,0.81,200,19301.400624
5460.540581,0.835,0.855,200,19305.903797
5596.559112,0.86,0.86,200,19310.281814
5684.466706,0.82,0.825,200,19314.710117
5794.23754,0.885,0.885,200,19319.148087
5717.539068,0.83,0.83,200,19323.654182
5765.960629,0.855,0.86,200,19330.326248
5793.55099,0.865,0.875,200,19334.859629
5747.012159,0.85,0.865,200,19339.419828
5668.901448,0.835,0.835,200,19344.045664
5790.438174,0.865,0.875,200,19348.595705
5708.994446,0.83,0.83,200,19353.184048
5742.950893,0.845,0.845,200,19357.503355
5799.256747,0.875,0.88,200,19362.142268
5714.732875,0.835,0.835,200,19366.68938
5760.48868,0.86,0.86,200,19371.175022
5451.328527,0.865,0.865,200,19377.871205
5784.348368,0.87,0.87,200,19382.323792
5783.917588,0.88,0.88,200,19386.867404
5684.721732,0.85,0.86,200,19391.50109
5790.188126,0.86,0.87,200,19396.149321
5660.391067,0.82,0.82,200,19400.763952
5741.875175,0.87,0.88,200,19405.323166
4294.073254,0.435,0.45,200,19409.742902
5788.096058,0.87,0.87,200,19414.482999
5613.933614,0.84,0.86,200,19419.116606
5726.680594,0.865,0.88,200,19425.90352
5715.336839,0.83,0.835,200,19430.437176
5707.706979,0.85,0.865,200,19435.108619
5695.172333,0.85,0.85,200,19439.758728
5789.213539,0.87,0.875,200,19444.399165
5721.85955,0.85,0.855,200,19449.078914
5749.554835,0.87,0.875,200,19453.768269
5771.468814,0.865,0.865,200,19458.306393
5320.808223,0.895,0.895,200,19462.802317
5567.073481,0.855,0.87,200,19467.471306
5699.817421,0.855,0.86,200,19474.475708
5752.417546,0.865,0.87,200,19479.143368
5726.374282,0.84,0.84,200,19483.792006
5763.761871,0.865,0.865,200,19488.510675
5348.641094,0.86,0.86,200,19493.134827
5711.679462,0.83,0.84,200,19497.753494
5692.618717,0.805,0.81,200,19502.413426
5761.765078,0.84,0.85,200,19507.145823
5407.357407,0.865,0.865,200,19511.75915
5632.199755,0.815,0.815,200,19516.453482
5780.437731,0.865,0.885,200,19523.316397
5760.215494,0.875,0.88,200,19527.994632
5699.621663,0.845,0.845,200,19532.512533
5566.41007,0.865,0.865,200,19537.186234
5720.102059,0.84,0.84,200,19541.832689
5795.276543,0.88,0.88,200,19546.482829
5714.029192,0.86,0.87,200,19551.150283
5714.98076,0.865,0.87,200,19555.688559
5718.991026,0.83,0.835,200,19560.265934
5693.694115,0.865,0.885,200,19564.849109
5697.484435,0.83,0.83,200,19571.430703
5779.372835,0.86,0.865,200,19576.067657
5052.951013,0.61,0.61,200,19580.618538
5734.337708,0.85,0.85,200,19585.205183
5213.65455,0.85,0.87,200,19589.834958
5718.433128,0.81,0.83,200,19594.593025
5797.212678,0.885,0.885,200,19599.253624
5663.641566,0.865,0.87,200,19603.843397
5687.336234,0.865,0.865,200,19608.536909
5625.005977,0.85,0.86,200,19613.322553
5754.030652,0.85,0.85,200,19620.218592
5525.529976,0.85,0.865,200,19624.698128
5756.165907,0.865,0.885,200,19629.387868
4013.853322,0.425,0.43,200,19633.951848
5487.675911,0.87,0.87,200,19638.706121
5710.375948,0.835,0.835,200,19643.309664
5557.101643,0.815,0.875,200,19647.999408
5761.135805,0.855,0.855,200,19652.703682
5715.93657,0.835,0.835,200,19657.432398
5714.735036,0.865,0.87,200,19662.089124
5570.315843,0.855,0.885,200,19668.924608
5782.029664,0.87,0.87,200,19673.652711
5707.405521,0.84,0.84,200,19678.296559
5583.499811,0.83,0.87,200,19682.874386
5689.455209,0.835,0.835,200,19687.372037
5797.866988,0.88,0.88,200,19692.024261
5725.905907,0.84,0.84,200,19696.524065
5716.45777,0.835,0.835,200,19701.12073
5778.738273,0.865,0.875,200,19705.76977
5787.803619,0.87,0.87,200,19710.358082
5748.851798,0.875,0.895,200,19717.145482
5746.934041,0.85,0.85,200,19721.768148
5660.630419,0.82,0.82,200,19726.293476
5429.120573,0.87,0.87,200,19730.985677
5636.704969,0.81,0.82,200,19735.492894
5781.987109,0.875,0.885,200,19740.047727
5720.52826,0.86,0.87,200,19744.601686
5717.717719,0.845,0.85,200,19749.324165
5774.312584,0.865,0.865,200,19753.91729
5706.815261,0.845,0.85,200,19758.609285
5791.441342,0.865,0.875,200,19765.489834
5732.929027,0.865,0.885,200,19770.045575
5696.194342,0.845,0.845,200,19774.789839
5791.837264,0.875,0.885,200,19779.482708
5770.84252,0.875,0.875,200,19784.091025
5787.21662,0.875,0.875,200,19788.634199
4623.112649,0.84,0.885,200,19793.26652
5625.58275,0.835,0.855,200,19797.884132
5699.953822,0.82,0.835,200,19802.622803
5750.675667,0.865,0.875,200,19807.312547
5736.56952,0.845,0.845,200,19814.413122
5438.936883,0.865,0.865,200,19819.202578
5721.021775,0.845,0.845,200,19823.915477
5708.869945,0.825,0.825,200,19828.55323
5708.330978,0.82,0.82,200,19833.275494
5797.462705,0.88,0.89,200,19837.93123
5694.248029,0.835,0.835,200,19842.504776
5750.962607,0.85,0.85,200,19847.209187
5767.38862,0.865,0.875,200,19851.817663
5714.21523,0.835,0.835,200,19856.527652
5707.983436,0.82,0.825,200,19863.119265
5702.291698,0.795,0.815,200,19867.535023
5708.279189,0.85,0.855,200,19872.144073
5714.928103,0.84,0.84,200,19876.611181
5789.83938,0.885,0.89,200,19880.985546
5681.896805,0.845,0.845,200,19885.456861
5766.303205,0.86,0.86,200,19890.008586
5726.529922,0.85,0.85,200,19894.576001
5709.9017,0.855,0.855,200,19899.155226
5754.482201,0.87,0.88,200,19903.79363
5027.608025,0.89,0.89,200,19910.706371
5698.883247,0.845,0.85,200,19915.15514
5778.825981,0.86,0.865,200,19919.718044
5677.561514,0.79,0.795,200,19924.154965
5580.702566,0.855,0.855,200,19928.82064
5770.802111,0.85,0.86,200,19933.490995
5779.533361,0.865,0.865,200,19938.24898
5720.813832,0.835,0.835,200,19942.92996
5701.878373,0.835,0.835,200,19947.587657
5742.543021,0.885,0.885,200,19952.226526
5332.027559,0.87,0.895,200,19959.150141
5757.062575,0.855,0.855,200,19963.893261
5589.44468,0.86,0.865,200,19968.665484
5398.359367,0.865,0.87,200,19973.358224
5722.659244,0.83,0.835,200,19978.055511
5784.056425,0.86,0.87,200,19982.701516
5755.234143,0.87,0.875,200,19987.219264
5685.620035,0.825,0.83,200,19991.917068
5722.738524,0.83,0.835,200,19996.462061
5704.877,0.86,0.87,200,20001.145334
5711.677632,0.835,0.835,200,20008.001851
5736.062282,0.845,0.845,200,20012.503598
5716.614728,0.83,0.835,200,20017.255987
5374.21884,0.875,0.875,200,20021.985274
4249.100415,0.89,0.895,200,20026.566332
5775.684115,0.855,0.865,200,20031.239513
5703.774214,0.83,0.835,200,20035.835022
5789.141574,0.87,0.87,200,20040.481801
5793.450086,0.88,0.885,200,20045.078758
5554.836194,0.84,0.865,200,20049.52619
5664.032501,0.81,0.83,200,20056.164173
5741.582912,0.87,0.87,200,20060.795384
5743.746735,0.86,0.86,200,20065.34444
5617.938731,0.865,0.875,200,20069.938473
5779.583372,0.875,0.88,200,20074.553347
5712.473677,0.82,0.825,200,20079.145538
5789.428995,0.87,0.87,200,20083.864489
5710.256371,0.83,0.84,200,20088.373714
5682.499717,0.86,0.865,200,20092.851575
5778.208183,0.855,0.865,200,20097.413475
5652.559603,0.865,0.87,200,20104.267982
5642.569985,0.86,0.89,200,20108.775043
5762.166891,0.845,0.865,200,20113.41483
5681.281082,0.865,0.865,200,20118.141288
5781.8486,0.85,0.865,200,20122.756177
5671.180578,0.845,0.865,200,20127.433032
5719.237417,0.865,0.875,200,20131.918313
5780.258524,0.865,0.865,200,20136.186101
5724.196425,0.865,0.89,200,20140.771657
5666.05578,0.85,0.895,200,20145.325256
5603.312429,0.85,0.875,200,20152.168306
5717.933425,0.86,0.895,200,20156.615502
5783.425286,0.86,0.87,200,20161.142862
5642.767708,0.815,0.815,200,20165.626565
5772.128194,0.88,0.885,200,20170.22333
5757.631079,0.865,0.88,200,20174.844778
5778.992584,0.885,0.885,200,20179.473273
5771.603006,0.86,0.86,200,20184.121905
5606.757521,0.81,0.81,200,20188.713401
5706.395768,0.865,0.865,200,20193.328756
5689.514026,0.85,0.86,200,20200.310646
5768.101408,0.855,0.86,200,20204.87481
5783.467669,0.865,0.865,200,20209.294487
5709.38797,0.825,0.825,200,20213.770332
5742.784677,0.875,0.89,200,20218.404381
5494.041368,0.85,0.855,200,20222.964611
5721.270166,0.835,0.84,200,20227.639692
5635.107679,0.82,0.82,200,20232.192019
5797.632476,0.88,0.885,200,20236.759955
5804.18772,0.875,0.895,200,20241.277463
