# {"t_start": 1757073747.5042076, "env_id": "graff-v0"} 
r,obj_lift,obj_grab,l,t
5741.784695,0.845,0.85,200,8.600017
5734.223145,0.83,0.845,200,13.217222
2591.543094,0.87,0.87,200,17.912437
5746.910819,0.85,0.865,200,22.581575
4522.691055,0.845,0.865,200,27.251022
5727.687595,0.83,0.835,200,31.930297
5742.102156,0.84,0.84,200,36.68909
5760.674772,0.87,0.89,200,41.432195
5272.832823,0.81,0.835,200,46.27756
5670.232044,0.81,0.83,200,51.096913
5728.0965,0.825,0.83,200,58.294215
5642.698781,0.81,0.82,200,63.12972
5634.240685,0.81,0.81,200,67.898532
5261.62198,0.82,0.825,200,72.597611
4234.155464,0.86,0.86,200,77.197329
3273.848897,0.87,0.875,200,82.012845
5745.217868,0.855,0.86,200,86.795954
5406.411316,0.8,0.805,200,91.566095
4406.72154,0.86,0.86,200,96.392258
3434.263823,0.87,0.88,200,101.112573
2930.114521,0.875,0.875,200,108.131688
4943.762987,0.795,0.82,200,113.034219
5666.973096,0.8,0.805,200,117.768031
5725.920679,0.83,0.83,200,122.559393
4315.866358,0.84,0.85,200,127.332167
5649.904035,0.795,0.82,200,132.17543
5720.51755,0.845,0.855,200,136.957496
3448.5849,0.85,0.86,200,141.559363
5628.783374,0.79,0.805,200,146.267085
5756.392375,0.855,0.865,200,150.809738
5131.934521,0.495,0.505,200,158.060511
3389.493528,0.88,0.88,200,162.745286
3216.83344,0.88,0.88,200,167.478661
5517.188388,0.785,0.79,200,172.176584
5731.474781,0.83,0.835,200,176.79046
2813.974997,0.875,0.88,200,181.511441
5608.78427,0.78,0.795,200,186.174246
4410.364634,0.825,0.845,200,190.812662
5659.907257,0.78,0.8,200,195.654429
5671.337191,0.81,0.82,200,200.502091
2562.659561,0.87,0.87,200,207.280033
4885.254989,0.825,0.84,200,212.050353
5760.350307,0.855,0.86,200,216.628922
5636.90493,0.77,0.78,200,221.320612
5111.103918,0.57,0.575,200,226.163388
5750.685355,0.84,0.85,200,230.913759
4510.868525,0.85,0.85,200,235.727425
5760.973469,0.84,0.86,200,240.440036
5571.944571,0.78,0.795,200,245.237507
3544.138441,0.875,0.875,200,250.028608
4917.457644,0.835,0.845,200,257.066657
3075.83592,0.875,0.875,200,261.83376
5661.449134,0.815,0.82,200,266.607122
5692.571378,0.825,0.825,200,271.367886
3364.039453,0.63,0.655,200,276.107827
5393.309831,0.76,0.77,200,280.744788
3379.672514,0.86,0.86,200,285.305196
5411.696105,0.74,0.75,200,289.996163
4274.315147,0.84,0.86,200,294.827684
5669.13654,0.81,0.82,200,299.736382
5637.700201,0.8,0.815,200,307.115114
2903.809995,0.845,0.865,200,311.904456
2537.576944,0.855,0.865,200,316.711734
5486.592826,0.79,0.815,200,321.564337
5313.596174,0.835,0.845,200,326.398791
5755.007834,0.845,0.855,200,331.242978
3845.281293,0.855,0.855,200,336.043111
5567.966695,0.795,0.8,200,340.920121
5657.799396,0.815,0.82,200,345.819623
5662.506016,0.78,0.81,200,350.614792
5653.890761,0.79,0.795,200,357.854629
5571.680785,0.79,0.79,200,362.654545
5635.215716,0.805,0.805,200,367.473765
2845.852495,0.875,0.875,200,372.284547
5730.461794,0.83,0.835,200,377.007866
5731.26112,0.83,0.83,200,381.819987
2719.701924,0.72,0.72,200,386.673722
5654.75262,0.795,0.8,200,391.33039
5364.467791,0.69,0.69,200,395.898184
4280.773478,0.21,0.22,200,400.633154
5650.417245,0.805,0.805,200,407.777441
5666.135477,0.81,0.82,200,412.656303
5694.278972,0.82,0.825,200,417.478117
5059.506851,0.83,0.835,200,422.317794
5760.319474,0.85,0.865,200,427.171327
5729.631837,0.84,0.84,200,431.991737
5165.147429,0.6,0.605,200,436.899218
4643.814166,0.83,0.84,200,441.723877
2829.075889,0.87,0.88,200,446.645817
4914.05267,0.55,0.55,200,451.416956
5416.378017,0.855,0.865,200,458.385922
5070.593794,0.89,0.89,200,463.280744
2641.894421,0.85,0.87,200,468.113748
4284.664367,0.835,0.855,200,472.938402
5424.301047,0.76,0.765,200,477.701374
3837.407034,0.84,0.855,200,482.568202
5575.977513,0.8,0.8,200,487.435307
4622.262383,0.855,0.86,200,492.276692
5007.278775,0.51,0.515,200,496.93625
4004.487998,0.825,0.84,200,501.689092
2609.065,0.07,0.09,200,508.792239
3548.775818,0.875,0.875,200,513.664378
5276.657412,0.825,0.835,200,518.568786
5733.994194,0.835,0.845,200,523.354862
5293.771944,0.855,0.875,200,528.057516
5743.427944,0.84,0.845,200,532.846037
5671.718134,0.785,0.795,200,537.501881
2649.095074,0.875,0.875,200,542.22797
5749.413622,0.85,0.855,200,547.056935
5591.831513,0.8,0.8,200,551.907456
5511.899884,0.775,0.785,200,558.875025
5705.56117,0.865,0.865,200,563.654514
5012.529202,0.65,0.675,200,568.562007
5742.532151,0.845,0.865,200,573.320657
4450.473009,0.85,0.85,200,578.180296
2847.343937,0.47,0.475,200,582.750318
5684.9856,0.835,0.835,200,587.370417
5743.922114,0.855,0.87,200,592.170403
5696.741417,0.83,0.83,200,596.932057
3127.626985,0.875,0.875,200,601.634791
5688.744077,0.825,0.83,200,608.559281
4280.627031,0.83,0.865,200,613.378185
5733.522255,0.835,0.845,200,618.148888
4853.881481,0.825,0.835,200,622.828267
4974.04725,0.465,0.475,200,627.482074
5772.090939,0.86,0.875,200,632.361201
5608.130139,0.8,0.825,200,637.111667
4796.304505,0.825,0.835,200,641.751134
5607.201472,0.805,0.805,200,646.510496
5469.362708,0.775,0.78,200,651.343488
5671.819902,0.82,0.825,200,658.413384
2690.618971,0.865,0.865,200,663.251631
2689.823263,0.885,0.885,200,667.932611
4050.390201,0.85,0.85,200,672.732931
2994.673354,0.875,0.875,200,677.392855
3786.159612,0.535,0.535,200,682.165309
5662.696018,0.805,0.815,200,686.796067
5741.717589,0.845,0.845,200,691.481679
5751.113803,0.85,0.855,200,696.221614
5435.676238,0.76,0.77,200,700.932283
5593.806939,0.795,0.8,200,707.694902
5540.970219,0.81,0.81,200,712.462054
5748.111336,0.825,0.845,200,717.143367
5297.950631,0.68,0.685,200,721.954158
5735.973445,0.84,0.85,200,726.686916
5753.635074,0.84,0.86,200,731.521313
5762.709371,0.87,0.89,200,736.188859
4567.849746,0.835,0.85,200,740.954866
5661.761106,0.795,0.81,200,745.695179
5713.450323,0.865,0.865,200,750.482575
5690.22869,0.815,0.82,200,757.437523
5109.767079,0.64,0.645,200,762.193581
5253.91556,0.655,0.655,200,767.022972
5283.105592,0.815,0.815,200,771.740707
5626.848217,0.82,0.82,200,776.33539
5742.651534,0.83,0.845,200,780.944392
2811.392864,0.87,0.87,200,785.548089
5670.270591,0.85,0.85,200,790.346846
5676.850204,0.82,0.82,200,795.169946
3557.716032,0.875,0.875,200,800.012769
5387.415096,0.815,0.82,200,807.006047
5696.136622,0.82,0.835,200,811.862231
5444.586332,0.76,0.775,200,816.73771
5458.06071,0.775,0.78,200,821.613913
4998.36209,0.83,0.835,200,826.340793
2783.460268,0.015,0.02,200,831.092989
5752.899371,0.86,0.86,200,835.777706
5545.633227,0.795,0.795,200,840.61761
3314.085087,0.885,0.885,200,845.423497
5634.884856,0.805,0.82,200,850.220411
3147.242989,0.855,0.87,200,857.293887
5738.617706,0.84,0.84,200,862.019289
5730.745143,0.855,0.855,200,866.870009
5458.264466,0.77,0.77,200,871.617434
5733.496665,0.835,0.84,200,876.402985
3287.198118,0.845,0.855,200,881.24378
2595.138462,0.885,0.885,200,886.122519
5742.812276,0.865,0.865,200,890.916854
4452.309306,0.79,0.83,200,895.715442
4075.043187,0.875,0.875,200,900.540305
2730.015126,0.845,0.855,200,907.34328
5739.883678,0.835,0.845,200,911.975111
5491.299981,0.78,0.78,200,916.680413
5659.78299,0.85,0.85,200,921.50409
4266.112022,0.565,0.59,200,926.346415
4787.825415,0.815,0.83,200,931.089866
5628.853729,0.8,0.8,200,935.870825
3555.405942,0.845,0.875,200,940.652498
5671.279051,0.815,0.82,200,945.401315
5626.435734,0.815,0.815,200,950.281351
5721.28928,0.86,0.86,200,957.379386
5324.455873,0.795,0.815,200,962.170351
3729.029417,0.845,0.865,200,966.974956
5733.719385,0.835,0.835,200,971.80054
5469.859204,0.81,0.83,200,976.653156
5733.78732,0.83,0.84,200,981.406987
3484.002077,0.845,0.86,200,986.1309
4744.068467,0.84,0.845,200,990.747883
5405.244027,0.81,0.825,200,995.413327
4323.999278,0.825,0.84,200,1000.130566
4239.432202,0.845,0.86,200,1007.134657
5763.411741,0.84,0.86,200,1011.890613
5599.269854,0.8,0.8,200,1016.767077
5715.154669,0.865,0.87,200,1021.433145
5501.355082,0.785,0.785,200,1026.055995
3881.03761,0.855,0.86,200,1030.730407
5726.008284,0.855,0.87,200,1035.445301
5592.39426,0.81,0.835,200,1040.159857
3459.813351,0.865,0.865,200,1044.862183
5518.552495,0.785,0.8,200,1049.748001
5711.853427,0.825,0.835,200,1056.764872
3948.909026,0.895,0.895,200,1061.484416
5463.129179,0.775,0.78,200,1066.205652
5116.483916,0.81,0.83,200,1070.931508
5672.758359,0.82,0.82,200,1075.683789
2589.93804,0.87,0.87,200,1080.487288
3324.568412,0.85,0.855,200,1085.228298
2845.099716,0.265,0.39,200,1089.95056
3176.082172,0.87,0.875,200,1094.757851
5491.10613,0.79,0.79,200,1099.510688
3856.012032,0.83,0.845,200,1106.443507
5738.065848,0.835,0.845,200,1111.202807
5639.760252,0.815,0.82,200,1116.026292
2633.869961,0.84,0.855,200,1120.9155
5595.367225,0.795,0.8,200,1125.829226
3427.198579,0.435,0.435,200,1130.639274
3317.218581,0.865,0.865,200,1135.251533
4123.395773,0.82,0.855,200,1139.94808
5233.915154,0.82,0.84,200,1144.705186
5721.496631,0.865,0.865,200,1149.54737
2856.198764,0.84,0.86,200,1156.728111
4469.164215,0.82,0.835,200,1161.492875
2523.106497,0.87,0.87,200,1166.108238
5527.076528,0.8,0.8,200,1170.880643
3446.040385,0.86,0.86,200,1175.596733
5522.401979,0.78,0.79,200,1180.405457
4900.573451,0.835,0.85,200,1185.185026
5539.758727,0.79,0.79,200,1190.032091
5749.688836,0.84,0.855,200,1194.709737
5742.128661,0.845,0.85,200,1199.613614
5676.630395,0.825,0.825,200,1206.786467
5604.975999,0.79,0.79,200,1211.536261
5023.811702,0.805,0.82,200,1216.271791
5715.542885,0.83,0.84,200,1220.991785
5626.869651,0.795,0.8,200,1225.799881
5650.145211,0.835,0.85,200,1230.443878
5620.372747,0.77,0.78,200,1235.247872
5490.821634,0.775,0.785,200,1240.027473
5696.747808,0.825,0.835,200,1244.81436
4474.361268,0.04,0.045,200,1249.580987
2674.686189,0.855,0.855,200,1256.611804
5729.592547,0.835,0.84,200,1261.484044
4726.823687,0.87,0.87,200,1266.180926
3790.116746,0.845,0.855,200,1270.797764
3686.298879,0.83,0.85,200,1275.626321
5609.716442,0.8,0.8,200,1280.339101
3318.553248,0.88,0.88,200,1285.030971
4656.859338,0.83,0.845,200,1289.783542
4449.372295,0.88,0.88,200,1294.397048
3404.776247,0.875,0.875,200,1299.015102
5606.755288,0.81,0.81,200,1306.054281
3909.327278,0.82,0.85,200,1310.843317
5663.160059,0.79,0.795,200,1315.551353
5758.142657,0.86,0.87,200,1320.432291
4288.267614,0.84,0.855,200,1325.351559
5568.783873,0.82,0.83,200,1330.148734
5656.251875,0.81,0.83,200,1334.94077
4670.178666,0.86,0.865,200,1339.820611
2982.826151,0.855,0.855,200,1344.671123
3028.303352,0.855,0.865,200,1349.412036
5524.568204,0.775,0.775,200,1356.238408
4050.297382,0.855,0.855,200,1360.907943
5500.472377,0.79,0.79,200,1365.563427
4579.621689,0.83,0.85,200,1370.32804
5739.434742,0.855,0.855,200,1375.088691
5756.716469,0.865,0.87,200,1379.761186
5614.769936,0.79,0.79,200,1384.572491
5475.699063,0.785,0.785,200,1389.449139
4981.977787,0.825,0.825,200,1394.307629
4539.610695,0.83,0.84,200,1399.184213
3443.542716,0.85,0.86,200,1406.167541
5529.943072,0.8,0.8,200,1411.015234
3550.033742,0.865,0.865,200,1415.779804
5746.248362,0.845,0.85,200,1420.536652
5465.673303,0.77,0.77,200,1425.263262
5758.414258,0.85,0.865,200,1430.107163
5487.301716,0.805,0.805,200,1434.895658
5500.101426,0.805,0.825,200,1439.611501
4878.756187,0.61,0.615,200,1444.304466
5619.049318,0.8,0.8,200,1449.149017
5550.152464,0.805,0.805,200,1456.141241
4571.915472,0.84,0.84,200,1460.890956
5665.048482,0.8,0.8,200,1465.751368
5566.032529,0.8,0.8,200,1470.502787
3947.025748,0.845,0.855,200,1475.1851
5615.178535,0.815,0.82,200,1480.041449
5079.291588,0.83,0.835,200,1484.873086
5744.471285,0.855,0.86,200,1489.660902
5624.643705,0.78,0.78,200,1494.496382
5620.275991,0.805,0.805,200,1499.31778
5669.275929,0.825,0.83,200,1506.504658
5752.176913,0.855,0.865,200,1511.257678
3207.205036,0.58,0.59,200,1516.041655
5593.765934,0.805,0.815,200,1520.790749
3615.838991,0.84,0.86,200,1525.556423
5742.356335,0.865,0.88,200,1530.269923
5743.8948,0.85,0.855,200,1534.937494
2582.265809,0.865,0.875,200,1539.706377
5735.454803,0.865,0.89,200,1544.481324
5196.576319,0.81,0.825,200,1549.234949
5707.498003,0.87,0.87,200,1556.202127
5736.037376,0.845,0.85,200,1560.994499
5643.278135,0.81,0.81,200,1565.804734
5620.187168,0.795,0.795,200,1570.458793
2831.953844,0.87,0.87,200,1575.121997
2513.029568,0.88,0.895,200,1579.940984
5726.628485,0.855,0.855,200,1584.810532
4896.403152,0.585,0.59,200,1589.439065
5755.554646,0.875,0.89,200,1594.192788
5598.288981,0.805,0.805,200,1599.109217
5604.440572,0.75,0.75,200,1605.928427
5664.574741,0.805,0.82,200,1610.586659
5763.265576,0.86,0.88,200,1615.385526
5497.964419,0.85,0.875,200,1620.176121
5586.48745,0.79,0.795,200,1624.973215
5643.349827,0.82,0.83,200,1629.910707
5531.733486,0.8,0.8,200,1634.693597
5526.18507,0.785,0.795,200,1639.464194
5739.612599,0.845,0.855,200,1644.225112
5663.327098,0.815,0.815,200,1648.905748
5642.447566,0.805,0.815,200,1655.839203
5475.758281,0.8,0.8,200,1660.540462
5614.625954,0.805,0.805,200,1665.166808
5736.071849,0.83,0.835,200,1669.994054
2723.2966,0.655,0.66,200,1674.683278
5747.666782,0.85,0.865,200,1679.581059
5736.407649,0.835,0.84,200,1684.405359
2469.913798,0.865,0.865,200,1689.122962
5740.110281,0.845,0.845,200,1693.941554
5129.035445,0.86,0.87,200,1698.646845
5751.074139,0.85,0.85,200,1705.738745
5452.771053,0.77,0.78,200,1710.61799
5137.90301,0.81,0.815,200,1715.528552
5722.169297,0.83,0.84,200,1720.538763
5244.262265,0.825,0.825,200,1725.381354
4983.186309,0.84,0.855,200,1730.268871
5747.465941,0.84,0.85,200,1735.095319
5741.102875,0.845,0.845,200,1739.871402
5745.168812,0.855,0.87,200,1744.695442
5649.894117,0.805,0.81,200,1749.42129
5475.178038,0.785,0.79,200,1756.789315
3394.526219,0.865,0.865,200,1761.535199
5653.485019,0.81,0.815,200,1766.427298
2803.288819,0.845,0.85,200,1771.174321
4591.796709,0.83,0.835,200,1775.968224
4125.766425,0.83,0.845,200,1780.755767
5375.317523,0.81,0.825,200,1785.529873
5727.995898,0.84,0.84,200,1790.342875
5465.59015,0.785,0.785,200,1795.064339
5327.688373,0.81,0.825,200,1799.870023
5590.897145,0.815,0.82,200,1806.593817
4360.118454,0.245,0.245,200,1811.325827
4126.841985,0.85,0.855,200,1816.102137
5620.374757,0.81,0.81,200,1820.958321
5737.377042,0.87,0.88,200,1825.772897
4338.167844,0.805,0.85,200,1830.58363
5534.707727,0.79,0.795,200,1835.424241
5652.068103,0.82,0.82,200,1840.118991
5756.844953,0.85,0.86,200,1844.864558
5662.895029,0.805,0.825,200,1849.58574
2820.778577,0.865,0.87,200,1856.602753
5529.682475,0.775,0.78,200,1861.442447
2236.384837,0.06,0.06,200,1866.150905
5623.269272,0.79,0.79,200,1870.942718
5613.554594,0.82,0.82,200,1875.71725
3618.322956,0.845,0.86,200,1880.494289
5554.736568,0.77,0.79,200,1885.23118
5732.98934,0.835,0.84,200,1890.024344
3101.879185,0.86,0.87,200,1894.818293
5552.362565,0.805,0.805,200,1899.621182
3178.043637,0.85,0.85,200,1906.669888
3150.511701,0.345,0.345,200,1911.329744
3888.564861,0.835,0.86,200,1916.003777
5736.159727,0.83,0.845,200,1920.698263
5730.727636,0.835,0.865,200,1925.250789
5616.974381,0.81,0.81,200,1930.020351
5592.950013,0.805,0.805,200,1934.701471
5732.06148,0.84,0.84,200,1939.395782
3175.6694,0.86,0.865,200,1943.977953
5646.777759,0.815,0.815,200,1948.506134
5751.115507,0.855,0.855,200,1955.479114
5743.815607,0.835,0.85,200,1959.952352
4064.57589,0.88,0.885,200,1964.663062
4229.809241,0.82,0.845,200,1969.456877
5614.087733,0.79,0.79,200,1974.145802
5629.289729,0.795,0.8,200,1978.876204
3695.477779,0.645,0.645,200,1983.545561
4581.565045,0.845,0.845,200,1988.184877
5679.995808,0.825,0.825,200,1993.029646
3250.442586,0.49,0.49,200,1997.740147
5674.500747,0.81,0.83,200,2004.793675
2836.213977,0.865,0.865,200,2009.481588
4825.104729,0.835,0.855,200,2014.341924
5497.876174,0.8,0.83,200,2019.166227
5645.282551,0.805,0.81,200,2024.070091
5509.640745,0.785,0.785,200,2028.919693
5009.799634,0.82,0.83,200,2033.809612
5741.334661,0.855,0.855,200,2038.683636
5743.859529,0.835,0.85,200,2043.683659
5719.880802,0.835,0.835,200,2048.556553
5646.309592,0.8,0.8,200,2055.559281
4899.572446,0.82,0.83,200,2060.283792
5708.945553,0.85,0.87,200,2065.072681
3797.3593,0.865,0.865,200,2069.896524
5747.609675,0.85,0.85,200,2074.739689
5691.807954,0.825,0.83,200,2079.636691
5714.7608,0.83,0.845,200,2084.508305
4250.684683,0.86,0.865,200,2089.191823
5497.129381,0.785,0.8,200,2093.842276
5110.362343,0.44,0.44,200,2098.550631
5749.097632,0.85,0.85,200,2105.811492
5467.029793,0.805,0.81,200,2110.636258
2831.361658,0.865,0.87,200,2115.434991
5715.624304,0.825,0.83,200,2120.316601
3380.83666,0.835,0.86,200,2125.060854
5690.288369,0.83,0.83,200,2129.91882
5726.51784,0.84,0.845,200,2134.803215
4504.016872,0.87,0.87,200,2139.585453
4898.495191,0.52,0.52,200,2144.399337
5541.809661,0.81,0.81,200,2149.120747
2947.530435,0.88,0.885,200,2156.119477
5632.262187,0.805,0.81,200,2160.91208
5650.798007,0.815,0.815,200,2165.592607
4722.818784,0.82,0.835,200,2170.318258
4634.417157,0.83,0.845,200,2175.126899
5508.472376,0.785,0.79,200,2179.938986
5606.360001,0.81,0.81,200,2184.742023
5738.438373,0.835,0.84,200,2189.683555
5331.584551,0.815,0.83,200,2194.589449
5711.105337,0.83,0.83,200,2199.436073
5603.447559,0.8,0.82,200,2206.629838
3641.056315,0.58,0.585,200,2211.285937
2774.943575,0.895,0.895,200,2216.127307
5730.24312,0.845,0.85,200,2220.903461
5729.182516,0.84,0.84,200,2225.648804
5584.706106,0.88,0.88,200,2230.406409
5683.749546,0.855,0.86,200,2235.200013
2589.746367,0.565,0.565,200,2239.948254
5662.290985,0.82,0.82,200,2244.791963
5758.726477,0.845,0.86,200,2249.710317
5556.30918,0.8,0.8,200,2256.672463
5546.334857,0.8,0.805,200,2261.390438
5720.164964,0.825,0.84,200,2266.19512
5728.410087,0.84,0.845,200,2270.974591
5728.315034,0.87,0.875,200,2275.670385
5397.827272,0.79,0.8,200,2280.478331
5661.031956,0.81,0.82,200,2285.255239
4380.474028,0.765,0.775,200,2289.926409
2673.597212,0.885,0.885,200,2294.658017
5295.439707,0.81,0.81,200,2299.372073
5733.838779,0.835,0.84,200,2306.400276
5686.573445,0.79,0.805,200,2311.27291
3791.991814,0.855,0.865,200,2316.119031
5188.90046,0.635,0.64,200,2320.913706
5503.724188,0.785,0.785,200,2325.829008
5126.697617,0.825,0.84,200,2330.736818
3025.998068,0.87,0.87,200,2335.480953
5690.994063,0.83,0.83,200,2340.18656
2587.672493,0.875,0.875,200,2344.95056
5613.403548,0.795,0.795,200,2349.681521
3805.893485,0.88,0.885,200,2357.086316
5744.102528,0.855,0.87,200,2362.038028
5724.121547,0.82,0.83,200,2366.803766
5132.526855,0.83,0.84,200,2371.48455
5751.812206,0.86,0.87,200,2376.236104
4777.199508,0.835,0.845,200,2381.021356
5703.567432,0.825,0.83,200,2385.838738
5756.871677,0.845,0.87,200,2390.521568
5689.060111,0.82,0.83,200,2395.306407
3996.10706,0.84,0.86,200,2399.978949
5571.410941,0.805,0.805,200,2407.192939
5538.606915,0.83,0.845,200,2411.987224
5765.394111,0.855,0.86,200,2416.750911
5751.810394,0.85,0.855,200,2421.617361
5661.164263,0.815,0.82,200,2426.390043
5737.395371,0.85,0.85,200,2431.297178
3924.737859,0.875,0.88,200,2436.064186
4901.675264,0.835,0.85,200,2440.860594
4480.976973,0.85,0.87,200,2445.493892
5753.873516,0.855,0.855,200,2450.297984
5744.519236,0.84,0.845,200,2457.059918
5747.028388,0.85,0.85,200,2461.811276
5491.74536,0.785,0.79,200,2466.563708
5652.466104,0.805,0.82,200,2471.255828
4699.798363,0.845,0.85,200,2475.960003
5670.92403,0.82,0.82,200,2480.626992
5507.868638,0.79,0.795,200,2485.373762
5040.160269,0.81,0.83,200,2490.151363
5630.393613,0.85,0.86,200,2494.986016
2831.201428,0.09,0.09,200,2499.801172
5721.530726,0.83,0.835,200,2506.890711
2552.62859,0.03,0.055,200,2511.463083
4730.960766,0.84,0.855,200,2516.065825
5551.809692,0.795,0.8,200,2520.655228
5754.615905,0.86,0.88,200,2525.320116
5755.267992,0.85,0.865,200,2530.113948
5743.094523,0.845,0.845,200,2534.829637
5179.555312,0.39,0.39,200,2539.479243
4891.789731,0.82,0.825,200,2544.357827
5676.579569,0.82,0.83,200,2549.240786
5556.582013,0.8,0.805,200,2556.444284
5666.290054,0.805,0.82,200,2561.288772
5736.136949,0.84,0.84,200,2566.054186
5562.243137,0.795,0.795,200,2570.823999
5651.538076,0.805,0.815,200,2575.578144
5700.50078,0.83,0.835,200,2580.355627
5717.181891,0.84,0.84,200,2585.235448
5627.371278,0.815,0.815,200,2590.138762
5523.783759,0.795,0.795,200,2595.039855
5763.980897,0.86,0.885,200,2599.95576
5763.00146,0.875,0.89,200,2607.116436
4368.8125,0.81,0.835,200,2612.159088
5519.027137,0.775,0.795,200,2617.110374
5648.079509,0.805,0.805,200,2621.917463
5650.03701,0.865,0.88,200,2626.751311
5714.794007,0.835,0.845,200,2631.602525
5739.058134,0.855,0.86,200,2636.356082
3993.102916,0.83,0.85,200,2641.241672
4969.329114,0.315,0.315,200,2645.949404
3421.627524,0.855,0.87,200,2650.822244
5589.339872,0.82,0.83,200,2657.886503
5657.895377,0.8,0.815,200,2662.79973
5709.109704,0.86,0.88,200,2667.58267
5746.753535,0.84,0.85,200,2672.487042
5571.417503,0.805,0.81,200,2677.165784
5753.715741,0.855,0.875,200,2682.022882
5483.758236,0.825,0.83,200,2686.950624
5747.069898,0.85,0.85,200,2691.799935
3905.574122,0.84,0.86,200,2696.638523
3915.316612,0.83,0.855,200,2701.38879
4448.351559,0.845,0.855,200,2708.569988
3828.525299,0.88,0.895,200,2713.329983
5618.422057,0.795,0.8,200,2718.135182
5632.097549,0.8,0.8,200,2722.836095
5758.709523,0.855,0.86,200,2727.610584
5597.053196,0.83,0.835,200,2732.416095
5718.897638,0.84,0.845,200,2737.170443
5720.244878,0.83,0.84,200,2741.929457
5743.789575,0.855,0.855,200,2746.703377
3189.388378,0.625,0.625,200,2751.470583
4155.922633,0.835,0.85,200,2758.376487
5674.265188,0.83,0.83,200,2763.155199
5689.679515,0.795,0.815,200,2768.079793
5761.681591,0.845,0.85,200,2772.948799
5639.961069,0.87,0.875,200,2777.695364
3363.360917,0.86,0.865,200,2782.4702
5735.670284,0.835,0.835,200,2787.241565
5628.219969,0.805,0.805,200,2791.942017
3293.081101,0.87,0.875,200,2796.782775
5514.431559,0.805,0.805,200,2801.514672
5711.72525,0.86,0.87,200,2808.500818
5759.691685,0.85,0.855,200,2813.272355
5453.594306,0.815,0.835,200,2817.992146
3969.166303,0.87,0.87,200,2822.879882
5643.762634,0.805,0.805,200,2827.625187
4114.878631,0.82,0.84,200,2832.374791
5761.627419,0.86,0.865,200,2837.34072
5717.413713,0.86,0.87,200,2842.13811
5649.894847,0.82,0.82,200,2847.135897
3908.76751,0.845,0.855,200,2851.94111
5095.456188,0.805,0.82,200,2858.999485
5707.850366,0.84,0.84,200,2864.00385
4192.631528,0.74,0.75,200,2868.932224
4242.359197,0.835,0.835,200,2873.742744
5736.714312,0.86,0.865,200,2878.591543
4542.062228,0.84,0.845,200,2883.370816
5655.306969,0.78,0.78,200,2888.130314
5732.22521,0.84,0.84,200,2893.013257
5083.685549,0.66,0.67,200,2897.814677
5751.201368,0.84,0.85,200,2902.566446
2974.679612,0.855,0.88,200,2909.85095
5722.726422,0.835,0.835,200,2914.652104
5756.524463,0.855,0.855,200,2919.423983
5746.158709,0.84,0.85,200,2924.163375
4731.571308,0.85,0.85,200,2928.837459
2933.807408,0.885,0.885,200,2933.513062
5676.617125,0.82,0.83,200,2938.350848
5762.410063,0.855,0.86,200,2943.111655
5739.624274,0.845,0.855,200,2947.811208
3274.01421,0.855,0.865,200,2952.483547
5672.808018,0.79,0.8,200,2959.332884
5744.551292,0.84,0.84,200,2964.095634
5311.058367,0.815,0.835,200,2968.846711
5672.65605,0.815,0.82,200,2973.551638
4354.178745,0.865,0.865,200,2978.392973
3812.777782,0.86,0.87,200,2983.098077
5646.423267,0.8,0.8,200,2987.742867
5623.369742,0.81,0.81,200,2992.517332
4766.324134,0.665,0.72,200,2997.203522
5532.41881,0.78,0.795,200,3002.020901
5635.703553,0.83,0.83,200,3009.236799
5749.654597,0.845,0.85,200,3013.988534
2908.898519,0.865,0.87,200,3018.717359
5767.316462,0.855,0.865,200,3023.492424
5758.042324,0.86,0.875,200,3028.176316
5595.289981,0.815,0.815,200,3032.993417
2894.777368,0.88,0.89,200,3037.79881
5605.414515,0.81,0.81,200,3042.686375
5600.145823,0.825,0.825,200,3047.87169
5724.033224,0.87,0.88,200,3052.832852
5638.423614,0.81,0.815,200,3059.784283
5673.055631,0.795,0.795,200,3064.570278
5672.751958,0.82,0.825,200,3069.20643
5662.352442,0.815,0.82,200,3074.075201
5651.517177,0.8,0.81,200,3078.867731
2681.530317,0.855,0.86,200,3083.567983
5606.556441,0.805,0.81,200,3088.346546
4898.459286,0.825,0.83,200,3093.275
5656.52068,0.8,0.81,200,3098.150855
5740.748617,0.84,0.84,200,3103.145042
5663.093471,0.785,0.79,200,3110.02843
5734.3245,0.845,0.845,200,3114.938365
5660.763149,0.785,0.805,200,3119.783737
5662.83772,0.81,0.81,200,3124.640211
5648.649617,0.815,0.815,200,3129.467628
5637.895214,0.805,0.815,200,3134.322255
5755.717579,0.85,0.855,200,3139.131641
5457.524735,0.79,0.79,200,3143.850156
4398.295403,0.84,0.845,200,3148.580997
4755.152874,0.82,0.85,200,3153.458426
5643.656749,0.785,0.785,200,3160.274427
4346.826779,0.51,0.51,200,3165.158732
5626.549043,0.805,0.83,200,3170.137627
3985.25359,0.835,0.855,200,3175.021171
4552.342881,0.85,0.865,200,3179.780196
3761.529849,0.84,0.84,200,3184.707977
5719.841304,0.83,0.835,200,3189.529565
4179.868866,0.83,0.855,200,3194.447324
3711.75167,0.845,0.87,200,3199.317735
5637.856642,0.805,0.815,200,3204.125238
5512.935032,0.79,0.79,200,3211.416739
5747.555184,0.855,0.865,200,3216.309805
5652.4,0.79,0.795,200,3221.329118
5762.219705,0.855,0.875,200,3226.254869
5665.916409,0.795,0.795,200,3231.181139
4784.279368,0.815,0.835,200,3236.065
2509.314193,0.88,0.885,200,3240.836308
5553.688106,0.79,0.805,200,3245.586104
5747.827914,0.835,0.85,200,3250.405676
4169.581379,0.855,0.855,200,3255.129874
5663.28411,0.785,0.795,200,3262.490427
5768.368774,0.875,0.88,200,3267.302106
5758.706076,0.865,0.895,200,3272.087259
5707.325714,0.835,0.835,200,3277.011558
5749.823761,0.845,0.85,200,3281.868591
5541.233296,0.805,0.81,200,3286.770779
5753.14094,0.86,0.87,200,3291.537392
5721.977396,0.83,0.835,200,3296.443956
5728.736664,0.835,0.835,200,3301.352072
5745.830148,0.86,0.86,200,3306.265464
5559.661584,0.805,0.805,200,3313.305425
5707.93771,0.83,0.835,200,3318.179787
5415.139823,0.83,0.835,200,3323.032508
5121.067238,0.81,0.815,200,3328.022245
4698.783354,0.835,0.845,200,3332.885463
5772.066222,0.87,0.88,200,3337.712796
4982.432302,0.825,0.85,200,3342.411339
5713.716609,0.86,0.86,200,3347.154738
5719.661314,0.835,0.835,200,3351.944263
5595.849071,0.825,0.83,200,3356.531721
4616.795618,0.85,0.86,200,3363.761496
4227.402244,0.83,0.855,200,3368.537372
5475.714301,0.775,0.78,200,3373.357614
5655.151696,0.82,0.825,200,3378.235253
5742.393247,0.87,0.88,200,3383.171216
5629.471391,0.82,0.825,200,3387.930484
3877.023289,0.84,0.865,200,3392.802761
5550.245775,0.805,0.81,200,3397.664562
5763.543344,0.86,0.865,200,3402.515904
5729.724795,0.84,0.845,200,3407.238763
5673.897528,0.83,0.83,200,3414.138678
5540.575399,0.815,0.84,200,3418.988035
4526.79546,0.845,0.845,200,3423.876231
5337.463389,0.83,0.85,200,3428.628794
5728.929516,0.845,0.845,200,3433.406853
5140.343593,0.835,0.835,200,3438.270655
5646.076818,0.81,0.82,200,3443.226947
5459.412821,0.65,0.65,200,3448.108298
5326.476827,0.82,0.83,200,3452.896197
5584.640391,0.805,0.805,200,3457.603961
5707.309001,0.83,0.83,200,3464.836027
5674.853987,0.805,0.805,200,3469.635495
5748.681626,0.845,0.855,200,3474.417775
2556.019342,0.875,0.88,200,3479.197088
5689.644505,0.81,0.81,200,3483.912272
5695.20723,0.825,0.835,200,3488.729717
4504.763414,0.835,0.845,200,3493.431416
5663.105573,0.855,0.86,200,3498.161114
3953.806869,0.845,0.85,200,3502.987081
5738.358363,0.855,0.87,200,3507.843515
4991.775809,0.82,0.835,200,3514.943095
5756.707901,0.86,0.87,200,3519.73467
5738.066149,0.845,0.855,200,3524.494897
4425.383242,0.815,0.845,200,3529.169158
5664.743721,0.78,0.78,200,3533.861585
5641.648836,0.825,0.835,200,3538.440028
3122.052574,0.875,0.875,200,3543.287555
4167.348474,0.815,0.85,200,3548.127266
5651.093938,0.78,0.785,200,3552.832133
2789.592706,0.865,0.87,200,3557.494621
5756.551481,0.85,0.855,200,3564.54834
5671.070704,0.82,0.83,200,3569.338836
3757.045315,0.715,0.72,200,3574.136217
5678.225076,0.82,0.83,200,3579.034261
5770.690471,0.865,0.88,200,3583.998002
5625.029911,0.81,0.81,200,3588.727171
2876.423306,0.865,0.87,200,3593.492928
5748.873642,0.87,0.88,200,3598.349737
4370.489993,0.83,0.835,200,3603.108517
4526.348791,0.83,0.85,200,3607.866535
5722.094691,0.84,0.84,200,3614.676692
5750.96003,0.85,0.855,200,3619.39439
5704.719035,0.865,0.87,200,3624.025704
5673.628544,0.805,0.805,200,3628.649659
4591.547604,0.865,0.865,200,3633.319362
3863.594568,0.885,0.89,200,3637.962729
5634.901571,0.82,0.82,200,3642.661745
3953.481394,0.865,0.875,200,3647.305424
5712.432081,0.81,0.835,200,3651.967121
2602.217107,0.3,0.3,200,3656.630943
4189.808815,0.845,0.855,200,3663.67167
5766.113416,0.855,0.865,200,3668.352007
5634.907262,0.79,0.795,200,3673.090408
5503.151567,0.82,0.83,200,3677.741112
5653.688222,0.83,0.83,200,3682.489111
5482.10883,0.785,0.8,200,3687.212983
4152.821814,0.43,0.45,200,3691.86503
5092.474925,0.825,0.84,200,3696.570127
5653.836355,0.805,0.805,200,3701.298999
5763.687516,0.855,0.86,200,3705.920262
5594.439248,0.81,0.81,200,3713.097266
4659.261304,0.525,0.55,200,3717.871325
5646.121239,0.82,0.82,200,3722.550515
5747.289186,0.845,0.855,200,3727.366032
5738.984114,0.835,0.85,200,3732.134589
5754.425171,0.845,0.855,200,3736.923397
4195.67642,0.845,0.87,200,3741.694063
5737.728296,0.845,0.855,200,3746.373187
5493.06554,0.79,0.8,200,3750.980621
5285.760047,0.815,0.84,200,3755.589528
5739.94229,0.86,0.86,200,3762.565166
4306.243595,0.845,0.865,200,3767.178286
5651.22153,0.82,0.82,200,3771.933506
4821.895603,0.84,0.855,200,3776.666883
5723.836916,0.835,0.835,200,3781.428633
3815.598842,0.825,0.855,200,3786.151361
5006.125431,0.84,0.84,200,3790.874388
3896.295295,0.88,0.88,200,3795.5798
5751.542306,0.845,0.85,200,3800.388515
5740.87009,0.845,0.845,200,3805.122246
3449.383579,0.665,0.665,200,3812.16067
5691.09298,0.815,0.815,200,3816.886693
3193.209156,0.865,0.865,200,3821.520425
3538.379651,0.87,0.875,200,3826.169977
5588.812598,0.845,0.86,200,3830.8721
5759.14474,0.855,0.86,200,3835.654051
5755.251209,0.855,0.855,200,3840.428854
5664.672806,0.8,0.8,200,3845.183796
5761.02913,0.865,0.88,200,3849.912926
3141.648241,0.345,0.35,200,3854.751948
5492.251982,0.795,0.795,200,3861.973816
5759.810911,0.87,0.87,200,3866.889645
4460.466127,0.825,0.845,200,3871.75094
5767.790826,0.87,0.875,200,3876.506334
5628.41289,0.805,0.81,200,3881.320501
3970.958942,0.86,0.865,200,3885.965522
5422.836975,0.825,0.835,200,3890.642066
5133.885018,0.555,0.565,200,3895.451917
5494.111794,0.805,0.805,200,3900.203502
5414.553049,0.835,0.835,200,3904.928418
5728.906692,0.84,0.845,200,3911.755319
5663.642854,0.81,0.82,200,3916.459143
5658.270812,0.815,0.82,200,3921.299345
3666.360784,0.865,0.865,200,3926.033226
5742.321469,0.855,0.875,200,3930.713645
5738.671976,0.885,0.89,200,3935.369079
5344.381644,0.815,0.825,200,3940.266983
5714.08029,0.825,0.835,200,3945.053834
5748.069139,0.835,0.845,200,3949.839982
5669.21993,0.825,0.83,200,3954.750681
5753.749208,0.855,0.855,200,3961.857268
3999.920024,0.885,0.89,200,3966.607049
5697.193448,0.815,0.83,200,3971.54481
3312.687879,0.87,0.885,200,3976.383513
5517.585449,0.785,0.79,200,3981.167926
5755.890382,0.855,0.855,200,3986.008023
5672.115745,0.83,0.83,200,3990.796352
5708.000904,0.84,0.84,200,3995.582529
5766.363908,0.85,0.86,200,4000.280504
4491.723614,0.67,0.675,200,4005.070608
5003.252868,0.7,0.7,200,4012.213419
5337.812064,0.83,0.83,200,4016.944089
5725.250368,0.835,0.835,200,4021.937732
4650.59736,0.665,0.68,200,4026.795184
5669.820699,0.805,0.81,200,4031.688514
5731.941713,0.855,0.875,200,4036.555617
5643.743887,0.815,0.815,200,4041.309079
5591.008517,0.805,0.815,200,4046.271228
5654.161976,0.83,0.83,200,4051.226897
5738.996009,0.87,0.89,200,4055.983368
5597.691216,0.81,0.81,200,4063.148596
5773.747409,0.86,0.88,200,4068.012053
5750.664756,0.86,0.875,200,4072.756661
5736.279883,0.835,0.845,200,4077.564561
5495.137877,0.835,0.84,200,4082.408255
5671.896347,0.8,0.815,200,4087.323297
4161.335236,0.865,0.885,200,4092.157014
5659.290798,0.79,0.79,200,4097.016181
5755.157193,0.86,0.865,200,4101.871487
5759.081183,0.87,0.87,200,4106.598041
5695.438359,0.835,0.835,200,4113.521611
5702.911464,0.86,0.88,200,4118.127365
5728.91541,0.845,0.845,200,4122.799885
5691.818753,0.82,0.825,200,4127.552223
5741.322554,0.855,0.865,200,4132.280662
5707.847548,0.87,0.875,200,4136.91478
5750.124295,0.86,0.87,200,4141.655369
4753.737744,0.82,0.825,200,4146.447859
5667.154945,0.815,0.82,200,4151.375587
5593.764634,0.79,0.79,200,4156.371548
5646.299339,0.815,0.82,200,4163.616275
5753.556101,0.85,0.85,200,4168.268848
5704.234545,0.835,0.835,200,4172.964059
5674.011783,0.835,0.835,200,4177.748158
5015.3299,0.835,0.845,200,4182.597687
5639.134802,0.815,0.815,200,4187.138959
5751.043154,0.845,0.85,200,4191.830115
4487.783156,0.83,0.835,200,4196.54673
5214.322384,0.82,0.83,200,4201.378302
5673.748304,0.8,0.805,200,4206.193206
5748.076684,0.85,0.85,200,4213.191394
5769.907575,0.87,0.88,200,4218.030789
5676.31601,0.8,0.8,200,4222.774028
3530.33607,0.865,0.87,200,4227.488147
5713.384665,0.835,0.835,200,4232.219469
5690.90974,0.82,0.825,200,4236.952939
5758.741888,0.855,0.86,200,4241.811927
5687.274897,0.81,0.815,200,4246.623983
5618.189372,0.78,0.78,200,4251.460572
5688.534506,0.825,0.825,200,4256.21685
5753.970669,0.845,0.855,200,4263.32374
5732.944845,0.835,0.845,200,4268.111094
5746.976922,0.855,0.87,200,4272.968451
5523.903494,0.82,0.825,200,4277.598664
4670.672625,0.51,0.51,200,4282.33228
5576.06306,0.795,0.8,200,4287.00334
5641.591988,0.81,0.81,200,4291.808748
5697.652642,0.83,0.83,200,4296.575621
4126.794392,0.865,0.88,200,4301.285361
5749.623114,0.84,0.85,200,4306.087724
5724.885203,0.845,0.865,200,4313.011698
5725.334074,0.855,0.865,200,4317.837322
2612.092012,0.875,0.875,200,4322.704749
4283.171757,0.86,0.86,200,4327.410636
4237.625107,0.585,0.585,200,4332.098318
5559.484922,0.81,0.81,200,4336.910067
2884.423816,0.525,0.525,200,4341.806271
5687.540318,0.8,0.81,200,4346.486007
5653.970204,0.82,0.82,200,4351.306638
5620.037961,0.835,0.84,200,4356.045069
3084.523795,0.88,0.88,200,4363.247018
4279.229379,0.845,0.85,200,4367.921631
5737.741924,0.845,0.845,200,4372.705717
5735.253424,0.84,0.84,200,4377.531846
3081.114198,0.445,0.445,200,4382.205322
5684.663907,0.805,0.825,200,4386.918648
4264.832732,0.86,0.86,200,4391.648311
5015.666575,0.815,0.84,200,4396.427107
5589.275723,0.805,0.805,200,4401.226995
5659.253466,0.865,0.88,200,4405.99092
5733.720971,0.84,0.84,200,4412.925759
4756.413263,0.845,0.85,200,4417.744685
5744.468265,0.845,0.85,200,4422.518039
5386.935868,0.825,0.825,200,4427.353642
5680.12453,0.825,0.825,200,4432.22591
5573.666235,0.8,0.8,200,4436.973411
5657.93831,0.815,0.815,200,4441.833222
5752.914401,0.845,0.85,200,4446.605641
5572.74132,0.8,0.8,200,4451.494285
5716.45888,0.835,0.84,200,4456.360754
5668.973906,0.82,0.82,200,4463.420079
5748.19237,0.845,0.85,200,4468.146889
5755.073135,0.865,0.87,200,4472.789549
5726.16854,0.845,0.845,200,4477.440919
5680.021863,0.805,0.805,200,4482.235355
2744.511368,0.035,0.055,200,4486.951753
5734.582836,0.84,0.84,200,4491.681307
5752.933977,0.85,0.855,200,4496.433658
5689.278248,0.8,0.8,200,4501.187117
4134.105532,0.795,0.795,200,4505.973619
5694.794889,0.81,0.81,200,4512.76571
4607.93055,0.86,0.86,200,4517.646662
5718.219776,0.845,0.845,200,4522.460833
5219.504276,0.835,0.835,200,4527.272586
5668.595436,0.805,0.805,200,4532.134574
5721.142606,0.83,0.835,200,4536.882923
5707.160941,0.855,0.875,200,4541.770267
5736.352049,0.84,0.845,200,4546.634768
4639.631398,0.605,0.62,200,4551.423094
5747.910072,0.85,0.85,200,4556.186526
3993.645791,0.885,0.885,200,4563.487182
5683.407646,0.795,0.795,200,4568.32129
4365.608895,0.855,0.86,200,4572.991463
5750.038967,0.85,0.86,200,4577.858192
5754.803614,0.845,0.87,200,4582.813035
5677.562251,0.81,0.81,200,4587.572902
5762.759009,0.86,0.865,200,4592.38322
5742.604664,0.855,0.855,200,4597.176152
4109.707686,0.855,0.855,200,4601.954997
5751.468707,0.85,0.855,200,4606.690631
5683.528745,0.805,0.815,200,4613.770929
5768.585965,0.875,0.885,200,4618.457715
5620.860638,0.82,0.82,200,4623.109034
5742.234437,0.845,0.845,200,4627.992319
5661.90265,0.83,0.835,200,4632.814082
5480.944196,0.78,0.78,200,4637.626427
5738.659066,0.85,0.85,200,4642.407218
5741.527575,0.845,0.855,200,4647.128385
5684.345823,0.835,0.84,200,4651.860826
2508.536751,0.09,0.095,200,4656.481593
5736.458028,0.835,0.835,200,4663.616919
5652.341703,0.815,0.815,200,4668.44315
5659.553459,0.825,0.825,200,4673.295644
5693.260385,0.815,0.825,200,4678.005924
5717.55317,0.83,0.835,200,4682.793576
5746.33421,0.85,0.85,200,4687.487838
5761.545549,0.86,0.87,200,4692.301439
4512.273003,0.845,0.85,200,4697.127717
5754.026409,0.85,0.855,200,4701.92107
5759.026731,0.855,0.86,200,4706.741073
5690.658891,0.8,0.805,200,4713.844725
5673.426946,0.825,0.825,200,4718.542882
3276.918075,0.855,0.86,200,4723.394013
5656.676869,0.83,0.83,200,4728.257601
5670.645212,0.805,0.815,200,4733.048278
5190.905926,0.835,0.835,200,4737.766177
5675.618753,0.815,0.815,200,4742.521687
5683.227419,0.825,0.825,200,4747.259576
5744.125448,0.85,0.85,200,4751.925029
5745.348348,0.855,0.865,200,4756.721779
5483.151067,0.84,0.84,200,4763.758967
5745.890117,0.84,0.845,200,4768.384513
4063.280598,0.865,0.865,200,4773.153876
4759.626974,0.85,0.85,200,4777.840938
5503.880282,0.79,0.79,200,4782.512778
5143.532013,0.69,0.72,200,4787.164089
4500.535643,0.85,0.85,200,4791.982366
5216.947351,0.78,0.8,200,4796.904171
5746.312337,0.865,0.875,200,4801.570566
5749.716226,0.85,0.875,200,4806.422429
5681.116945,0.825,0.825,200,4813.196424
5653.801795,0.86,0.87,200,4817.983805
5758.188919,0.845,0.86,200,4822.796724
5744.519321,0.845,0.85,200,4827.534369
3425.897274,0.86,0.86,200,4832.193073
5000.084081,0.845,0.845,200,4836.864867
5698.530317,0.82,0.82,200,4841.572865
5752.120276,0.845,0.855,200,4846.198457
5549.7121,0.795,0.795,200,4850.995085
5751.280574,0.85,0.85,200,4855.656581
5676.47,0.82,0.82,200,4862.595967
2320.850656,0.085,0.1,200,4867.254246
5760.479493,0.855,0.855,200,4872.016198
5734.824901,0.87,0.89,200,4876.852755
5735.909975,0.84,0.84,200,4881.694677
5641.155216,0.83,0.83,200,4886.429469
5576.754405,0.8,0.8,200,4891.109016
5736.943092,0.84,0.845,200,4895.631668
5410.947565,0.83,0.835,200,4900.232065
5553.828082,0.785,0.8,200,4904.857299
5685.15215,0.81,0.81,200,4911.978548
5714.165361,0.86,0.865,200,4916.667824
5771.050714,0.865,0.87,200,4921.463698
5691.614384,0.81,0.81,200,4926.129005
5769.382038,0.86,0.89,200,4930.938365
4377.528191,0.865,0.87,200,4935.555162
5683.367462,0.82,0.83,200,4940.249879
3275.797993,0.88,0.88,200,4945.13963
5649.816102,0.83,0.83,200,4949.719687
4155.071413,0.705,0.73,200,4954.421198
5455.473705,0.825,0.83,200,4961.255352
3680.917377,0.86,0.865,200,4966.015278
5758.690937,0.85,0.855,200,4970.746392
4808.56993,0.85,0.85,200,4975.346167
4887.988989,0.84,0.84,200,4980.23087
5759.485362,0.855,0.865,200,4984.909453
5741.587737,0.845,0.85,200,4989.594151
5622.137288,0.85,0.865,200,4994.161571
5737.846653,0.865,0.87,200,4998.903884
4331.10197,0.865,0.87,200,5003.689105
4137.643504,0.83,0.855,200,5010.46191
5707.811732,0.86,0.86,200,5015.125584
3608.350713,0.865,0.865,200,5019.916091
5069.413257,0.84,0.84,200,5024.616702
5730.037336,0.84,0.87,200,5029.29388
5646.617813,0.815,0.82,200,5034.001913
5725.523935,0.855,0.855,200,5038.676492
5753.045808,0.86,0.86,200,5043.471414
5750.246193,0.845,0.845,200,5048.121212
5601.440575,0.805,0.81,200,5052.856179
4548.20821,0.845,0.845,200,5059.645169
4586.437596,0.46,0.46,200,5064.322524
5715.967241,0.83,0.83,200,5069.035903
4037.418436,0.87,0.88,200,5073.804262
5755.496477,0.855,0.855,200,5078.505917
5564.469889,0.81,0.81,200,5083.149654
5712.802414,0.83,0.83,200,5087.712045
5739.376566,0.845,0.845,200,5092.400984
4012.307252,0.875,0.88,200,5097.17604
3165.875382,0.21,0.215,200,5101.982755
5653.272822,0.835,0.84,200,5108.907865
5648.598966,0.815,0.82,200,5113.72263
5733.72141,0.83,0.84,200,5118.554424
4973.323449,0.835,0.845,200,5123.296214
5657.25989,0.81,0.81,200,5128.08363
5740.270937,0.84,0.845,200,5132.881353
5734.709931,0.86,0.86,200,5137.622548
5703.283261,0.835,0.835,200,5142.484221
5772.362703,0.865,0.865,200,5147.288708
5566.121528,0.79,0.8,200,5152.230113
5693.092397,0.81,0.81,200,5159.537635
5682.195115,0.805,0.805,200,5164.441514
5074.306291,0.5,0.5,200,5169.417833
5766.919508,0.865,0.87,200,5174.214157
5689.015418,0.81,0.81,200,5178.972752
5730.336644,0.855,0.86,200,5183.748519
2862.964472,0.88,0.885,200,5188.626303
5573.649731,0.815,0.815,200,5193.402133
5678.983086,0.8,0.8,200,5198.123131
5618.086627,0.81,0.81,200,5202.969628
5687.396112,0.865,0.865,200,5209.807992
5527.833133,0.785,0.79,200,5214.7028
5723.870519,0.83,0.83,200,5219.522089
5699.258637,0.83,0.83,200,5224.413349
5738.871674,0.85,0.855,200,5229.206732
5006.342284,0.835,0.835,200,5233.970804
5612.965986,0.82,0.82,200,5238.851608
5718.387487,0.855,0.865,200,5243.629972
4261.75998,0.86,0.865,200,5248.350644
5663.618529,0.805,0.805,200,5253.172272
5636.886819,0.82,0.82,200,5260.378865
5712.067358,0.825,0.825,200,5265.067982
5742.263847,0.845,0.845,200,5269.810923
5665.498527,0.785,0.785,200,5274.711051
4971.548471,0.84,0.85,200,5279.596553
5767.830526,0.86,0.865,200,5284.429113
3549.519229,0.88,0.88,200,5289.275082
5730.591435,0.83,0.84,200,5294.100097
4315.549455,0.345,0.375,200,5298.891115
5613.017899,0.84,0.84,200,5303.716247
5663.411838,0.81,0.81,200,5310.778296
4263.404442,0.875,0.875,200,5315.647751
5694.901622,0.815,0.815,200,5320.396611
4994.067606,0.795,0.795,200,5325.239363
5691.473815,0.825,0.825,200,5329.983698
5684.483657,0.825,0.825,200,5334.748347
5594.873073,0.79,0.8,200,5339.48397
5581.947004,0.82,0.82,200,5344.34796
5752.586335,0.845,0.855,200,5349.147197
5764.381697,0.85,0.855,200,5353.901599
5728.876572,0.88,0.88,200,5360.968975
4169.31027,0.84,0.855,200,5365.903325
4687.661209,0.85,0.85,200,5370.778072
5441.591131,0.835,0.835,200,5375.59778
5749.856704,0.86,0.87,200,5380.395295
5670.547624,0.83,0.83,200,5385.124967
5751.697286,0.85,0.865,200,5389.988116
5689.399489,0.81,0.81,200,5394.64738
5750.728831,0.855,0.865,200,5399.363321
5680.208542,0.81,0.815,200,5404.197591
5721.891241,0.84,0.84,200,5411.241576
5754.25208,0.855,0.855,200,5416.164666
4069.660243,0.85,0.855,200,5420.942688
5639.302931,0.815,0.815,200,5425.630227
5657.126305,0.82,0.82,200,5430.283854
5751.744234,0.855,0.855,200,5435.027626
5528.031217,0.795,0.795,200,5439.780406
5675.23027,0.815,0.815,200,5444.663204
4312.51041,0.84,0.855,200,5449.442117
5772.072297,0.855,0.87,200,5454.165493
5708.285664,0.83,0.83,200,5461.004719
4840.25913,0.845,0.85,200,5465.720721
5626.04512,0.865,0.87,200,5470.483137
5514.023452,0.86,0.88,200,5475.272248
4931.524772,0.84,0.84,200,5480.100028
5306.630574,0.825,0.825,200,5484.990062
4220.025326,0.88,0.88,200,5489.841581
5698.354959,0.815,0.815,200,5494.565493
5748.190193,0.845,0.855,200,5499.308534
5694.581799,0.86,0.86,200,5504.052795
5744.221036,0.845,0.845,200,5511.205827
5676.701497,0.83,0.83,200,5515.92474
5737.927195,0.845,0.85,200,5520.638279
4695.959711,0.845,0.845,200,5525.400216
5069.914961,0.545,0.565,200,5530.295485
4644.339051,0.835,0.84,200,5535.018838
5714.851467,0.855,0.855,200,5539.774997
5695.653513,0.825,0.825,200,5544.550493
5713.358657,0.835,0.84,200,5549.399345
5752.894364,0.85,0.855,200,5554.156649
5689.263395,0.83,0.84,200,5561.247378
5673.027506,0.815,0.82,200,5566.082496
5772.174199,0.85,0.86,200,5570.775931
5653.366932,0.825,0.83,200,5575.543944
5664.765694,0.855,0.865,200,5580.359423
5685.545337,0.815,0.815,200,5585.209624
5732.121502,0.85,0.865,200,5589.88713
5598.953763,0.845,0.845,200,5594.739171
5557.435634,0.8,0.8,200,5599.553792
5725.326264,0.865,0.87,200,5604.286278
5759.726434,0.86,0.86,200,5611.473761
4169.973439,0.85,0.86,200,5616.268544
5720.142777,0.85,0.875,200,5621.138799
5674.010486,0.815,0.825,200,5625.906737
3560.638063,0.86,0.87,200,5630.650765
5653.057602,0.86,0.87,200,5635.463054
5661.373457,0.82,0.82,200,5640.183239
5673.847058,0.82,0.825,200,5644.983071
5679.585865,0.87,0.875,200,5649.853713
5759.958319,0.86,0.865,200,5654.69505
4759.39782,0.83,0.84,200,5661.530909
5673.097207,0.825,0.825,200,5666.263553
3974.988513,0.86,0.865,200,5670.975675
5685.93377,0.81,0.81,200,5675.632408
5688.790247,0.835,0.835,200,5680.403065
5761.882982,0.86,0.87,200,5685.159622
2580.911457,0.215,0.23,200,5689.882993
5636.145415,0.86,0.875,200,5694.595272
5601.389044,0.84,0.845,200,5699.304837
5680.745834,0.805,0.805,200,5704.136539
5014.036836,0.835,0.845,200,5711.18457
5662.389948,0.83,0.83,200,5715.925195
5068.607747,0.66,0.675,200,5720.685569
5636.489323,0.825,0.825,200,5725.463771
5668.929785,0.805,0.805,200,5730.160151
5638.304133,0.81,0.825,200,5734.815795
5658.049223,0.825,0.825,200,5739.670126
5763.075748,0.87,0.87,200,5744.389391
5738.393701,0.845,0.845,200,5749.284892
5677.993465,0.82,0.82,200,5754.051986
5726.290761,0.835,0.835,200,5761.431329
5721.769751,0.845,0.845,200,5766.151189
5731.180024,0.84,0.84,200,5770.93188
5666.704086,0.795,0.8,200,5775.675406
5077.552361,0.745,0.765,200,5780.475233
5698.440307,0.805,0.835,200,5785.212795
3781.091598,0.87,0.875,200,5790.008493
5765.950022,0.885,0.895,200,5794.761192
5679.586571,0.845,0.845,200,5799.585493
5687.061953,0.82,0.82,200,5804.372243
5621.181939,0.86,0.87,200,5811.365975
5682.019824,0.82,0.83,200,5816.157932
5665.022522,0.83,0.83,200,5821.020967
5759.549341,0.85,0.86,200,5825.921436
5656.745844,0.835,0.835,200,5830.841216
4491.737994,0.85,0.865,200,5835.684053
5726.364002,0.84,0.845,200,5840.569543
5675.493072,0.86,0.87,200,5845.371778
4932.100952,0.84,0.84,200,5850.259053
5694.575982,0.805,0.815,200,5855.167887
5664.556364,0.825,0.825,200,5862.199492
5730.64167,0.84,0.845,200,5866.809216
5702.898057,0.855,0.855,200,5871.429243
4427.382426,0.84,0.865,200,5876.137455
5752.751485,0.845,0.85,200,5880.926661
5608.614849,0.82,0.82,200,5885.741277
4472.077181,0.87,0.87,200,5890.482441
5718.915494,0.84,0.845,200,5895.236823
5588.967495,0.805,0.81,200,5899.950722
4123.66433,0.855,0.865,200,5904.733413
3876.490137,0.215,0.215,200,5911.773812
5694.491307,0.84,0.845,200,5916.41167
5609.345193,0.82,0.825,200,5920.951786
5753.144528,0.845,0.855,200,5925.63249
5679.138853,0.82,0.83,200,5930.499846
5562.292989,0.79,0.805,200,5935.248208
5453.03907,0.835,0.835,200,5940.02316
5680.287868,0.79,0.79,200,5944.641687
4316.309839,0.855,0.855,200,5949.482653
5765.219994,0.855,0.86,200,5954.086074
5715.17745,0.84,0.84,200,5960.959346
4981.195399,0.84,0.855,200,5965.774768
4011.53128,0.835,0.85,200,5970.552375
5676.723998,0.855,0.87,200,5975.300823
5740.071089,0.835,0.835,200,5979.903906
3388.580586,0.87,0.87,200,5984.746707
5575.225873,0.795,0.795,200,5989.553302
5338.747826,0.595,0.61,200,5994.181776
5517.221277,0.84,0.84,200,5998.840451
5650.08953,0.815,0.815,200,6003.541081
5681.344696,0.825,0.825,200,6010.53646
5556.384238,0.8,0.805,200,6015.145787
4066.17611,0.855,0.865,200,6019.747493
5707.925853,0.855,0.86,200,6024.374294
5671.381317,0.805,0.805,200,6028.962752
5634.849687,0.83,0.83,200,6033.685173
3182.202504,0.475,0.48,200,6038.408172
5719.233102,0.845,0.86,200,6043.168164
5566.204832,0.795,0.8,200,6047.960993
5767.680633,0.85,0.86,200,6052.708896
4327.639788,0.875,0.875,200,6059.533813
5669.665562,0.825,0.825,200,6064.089906
5638.758356,0.865,0.885,200,6068.666877
5524.397957,0.79,0.79,200,6073.344532
5663.24819,0.805,0.83,200,6077.909539
5651.302315,0.825,0.825,200,6082.552569
5736.248108,0.845,0.86,200,6087.426556
5433.706827,0.82,0.83,200,6092.180582
5107.991136,0.83,0.835,200,6096.916978
5629.253624,0.855,0.88,200,6101.451352
5668.818794,0.835,0.835,200,6108.27418
5640.765239,0.825,0.825,200,6112.978833
4493.667218,0.855,0.855,200,6117.730011
4490.152831,0.84,0.85,200,6122.373658
5729.904374,0.85,0.86,200,6126.951773
5688.226582,0.81,0.81,200,6131.573195
5745.435674,0.845,0.855,200,6136.106944
5670.0939,0.815,0.815,200,6140.785701
4702.266278,0.73,0.745,200,6145.256036
5114.681126,0.845,0.85,200,6149.880467
3910.502945,0.66,0.675,200,6156.550721
5764.94367,0.845,0.86,200,6161.176295
5713.423014,0.845,0.86,200,6165.743855
5733.119415,0.845,0.845,200,6170.514511
5662.058872,0.815,0.815,200,6175.243044
5667.376548,0.825,0.83,200,6179.97524
5641.450185,0.81,0.81,200,6184.562813
5675.896235,0.815,0.815,200,6189.203691
5702.174629,0.825,0.825,200,6193.811284
5690.04578,0.885,0.885,200,6198.308058
5645.474513,0.825,0.825,200,6205.079363
4624.528427,0.86,0.86,200,6209.634182
5495.816004,0.815,0.815,200,6214.285052
4266.828371,0.86,0.86,200,6218.971787
5717.542483,0.835,0.84,200,6223.562878
5644.17345,0.855,0.87,200,6228.189978
5555.501023,0.8,0.815,200,6232.78297
5615.371784,0.81,0.81,200,6237.287626
5742.523334,0.85,0.855,200,6241.775665
4332.815986,0.845,0.85,200,6246.197525
4570.283625,0.84,0.86,200,6252.908617
5740.644256,0.85,0.86,200,6257.488438
5749.905501,0.855,0.86,200,6262.045855
5740.036383,0.835,0.84,200,6266.765436
4759.289063,0.84,0.855,200,6271.302427
5628.693697,0.82,0.82,200,6275.855129
5760.967611,0.865,0.87,200,6280.403927
4566.466729,0.845,0.85,200,6285.027913
5747.93917,0.85,0.855,200,6289.674641
5648.6421,0.82,0.83,200,6294.287606
5711.972221,0.855,0.875,200,6301.036877
5750.800501,0.85,0.85,200,6305.634486
3803.076459,0.87,0.87,200,6310.104492
5615.838627,0.815,0.815,200,6314.58882
5626.17396,0.825,0.825,200,6319.199074
5465.980337,0.835,0.84,200,6323.787122
4451.929498,0.86,0.86,200,6328.498151
5165.631004,0.845,0.845,200,6333.002522
5681.955257,0.87,0.875,200,6337.587285
3661.859362,0.87,0.88,200,6342.27778
5663.572312,0.825,0.83,200,6348.886973
5273.533331,0.84,0.84,200,6353.563809
5694.562384,0.81,0.82,200,6358.028955
5673.030986,0.825,0.83,200,6362.600114
5703.020143,0.85,0.86,200,6367.275592
5605.103323,0.855,0.855,200,6371.768018
5764.274799,0.85,0.85,200,6376.37353
5690.202634,0.825,0.825,200,6380.978012
5741.543013,0.835,0.855,200,6385.523891
3762.842124,0.87,0.88,200,6390.195832
5591.580654,0.805,0.81,200,6396.999033
5733.557913,0.845,0.845,200,6401.503944
5635.669501,0.855,0.88,200,6405.97861
5687.41154,0.825,0.83,200,6410.383956
5635.838551,0.85,0.855,200,6414.980385
4986.076809,0.835,0.84,200,6419.514088
5683.924087,0.805,0.805,200,6424.136305
4533.514898,0.855,0.855,200,6428.757271
5633.145238,0.825,0.825,200,6433.216334
5672.731877,0.815,0.82,200,6437.775514
5745.100246,0.84,0.84,200,6444.771026
5623.953722,0.81,0.81,200,6449.566787
5687.440719,0.81,0.81,200,6454.281181
4320.079219,0.875,0.88,200,6458.857726
5748.600925,0.845,0.85,200,6463.395427
5742.703122,0.865,0.87,200,6468.095105
5563.841516,0.795,0.795,200,6472.806941
5651.123056,0.815,0.815,200,6477.519932
5642.076973,0.82,0.82,200,6482.124475
5695.371975,0.82,0.82,200,6486.796784
5719.778031,0.83,0.84,200,6493.683955
5578.550648,0.85,0.875,200,6498.217018
5750.737168,0.845,0.845,200,6502.828453
5688.768542,0.81,0.81,200,6507.48511
5743.278517,0.845,0.85,200,6511.935559
5641.290705,0.815,0.815,200,6516.446961
3891.256702,0.86,0.865,200,6521.123879
5688.956871,0.81,0.81,200,6525.761143
4352.527044,0.87,0.87,200,6530.48084
4516.860959,0.52,0.545,200,6535.028377
5658.67567,0.815,0.825,200,6541.636713
5737.721753,0.835,0.835,200,6546.349406
4984.315597,0.695,0.72,200,6551.140506
4409.674906,0.87,0.875,200,6555.660261
5649.896501,0.825,0.835,200,6560.444937
5709.872642,0.83,0.83,200,6565.041611
5688.746338,0.825,0.825,200,6569.826102
5738.866106,0.845,0.845,200,6574.513347
5506.138935,0.845,0.845,200,6579.143601
5734.6812,0.86,0.86,200,6583.671928
5524.365737,0.85,0.855,200,6590.326506
5772.703572,0.86,0.865,200,6594.933387
5746.872323,0.85,0.85,200,6599.543047
5725.698432,0.855,0.855,200,6604.058613
5790.110272,0.88,0.89,200,6608.701338
5375.135398,0.855,0.855,200,6613.360793
5629.501492,0.835,0.835,200,6618.193652
5739.299022,0.86,0.865,200,6622.789263
5650.799724,0.835,0.84,200,6627.25765
5684.951078,0.805,0.805,200,6631.755069
5536.003781,0.845,0.86,200,6638.577734
5764.988648,0.86,0.865,200,6643.155875
5747.634859,0.84,0.85,200,6647.79582
5701.479639,0.835,0.835,200,6652.434494
5465.684575,0.745,0.755,200,6657.075403
4560.042813,0.855,0.855,200,6661.697539
5635.992243,0.81,0.815,200,6666.358264
5752.919784,0.875,0.875,200,6670.959208
5331.464725,0.845,0.845,200,6675.555472
5755.662506,0.845,0.855,200,6680.060859
3381.468733,0.225,0.23,200,6686.874043
4865.858529,0.84,0.84,200,6691.487883
3513.877358,0.865,0.865,200,6696.045656
5629.934041,0.82,0.835,200,6700.630805
5749.107431,0.835,0.845,200,6705.07717
5738.156057,0.87,0.875,200,6709.604507
5677.800896,0.825,0.825,200,6714.331777
5710.598373,0.83,0.84,200,6718.851572
3477.444302,0.875,0.875,200,6723.527746
5762.789861,0.865,0.875,200,6728.017769
5653.315986,0.805,0.815,200,6734.842491
5552.777281,0.79,0.8,200,6739.326344
5728.945705,0.865,0.885,200,6743.877337
5773.164118,0.86,0.865,200,6748.569313
4404.370905,0.845,0.845,200,6753.247674
5774.317708,0.86,0.865,200,6757.915926
5664.926732,0.79,0.79,200,6762.701465
5563.900086,0.795,0.795,200,6767.325147
5619.978329,0.815,0.815,200,6771.894014
5749.672159,0.84,0.845,200,6776.553087
4771.885725,0.85,0.865,200,6783.403072
5757.955399,0.85,0.855,200,6787.981853
5733.879253,0.83,0.835,200,6792.863562
5734.130539,0.85,0.86,200,6797.546197
5661.709974,0.815,0.82,200,6802.184219
2942.940019,0.875,0.875,200,6806.848583
5682.287483,0.825,0.825,200,6811.52986
5366.391934,0.84,0.85,200,6816.176633
5773.351675,0.875,0.875,200,6820.894818
5691.662463,0.805,0.805,200,6825.227198
5738.433817,0.84,0.84,200,6831.819009
5597.904363,0.79,0.805,200,6836.346782
2423.843463,0.035,0.045,200,6840.973275
5754.888708,0.855,0.855,200,6845.504705
5693.411084,0.815,0.815,200,6850.141611
4583.795438,0.85,0.86,200,6854.68734
5774.420608,0.86,0.875,200,6859.189765
5684.351619,0.83,0.83,200,6863.856744
5661.65379,0.83,0.83,200,6868.531127
5684.402282,0.835,0.835,200,6873.072493
5724.911637,0.86,0.86,200,6880.056093
5624.566755,0.815,0.82,200,6884.741059
5758.494184,0.845,0.855,200,6889.194097
5702.531205,0.845,0.845,200,6893.897411
5723.595656,0.84,0.85,200,6898.289634
4484.634617,0.855,0.855,200,6902.894982
5045.961584,0.735,0.75,200,6907.394366
5369.145312,0.845,0.85,200,6911.879209
5670.021252,0.825,0.83,200,6916.296168
5659.854205,0.825,0.825,200,6920.872951
5751.902641,0.845,0.845,200,6927.321531
5538.898735,0.785,0.79,200,6931.479609
5580.326934,0.805,0.805,200,6935.937324
5727.092359,0.85,0.87,200,6940.310573
5652.284999,0.83,0.835,200,6944.841263
5685.190658,0.8,0.8,200,6949.368367
5624.309486,0.81,0.82,200,6953.887719
5719.660869,0.855,0.86,200,6958.288445
5748.49437,0.84,0.855,200,6962.74781
5579.519831,0.795,0.805,200,6967.44541
5714.391641,0.84,0.84,200,6974.113461
5730.573199,0.86,0.86,200,6978.829992
5656.823789,0.835,0.835,200,6983.441382
5683.934043,0.82,0.82,200,6988.062039
5714.616441,0.855,0.865,200,6992.536017
5651.969587,0.835,0.84,200,6997.177218
4601.325291,0.835,0.855,200,7001.776913
5679.406127,0.83,0.83,200,7006.211161
5587.876655,0.795,0.805,200,7010.726054
4826.346122,0.835,0.85,200,7015.182807
5741.481732,0.84,0.845,200,7021.898176
5777.560495,0.86,0.87,200,7026.676514
5689.238794,0.81,0.815,200,7031.281407
5752.7337,0.855,0.86,200,7035.842746
5573.512811,0.805,0.805,200,7040.333355
5757.151067,0.85,0.85,200,7044.790502
5759.940437,0.86,0.87,200,7049.442078
5692.745726,0.855,0.87,200,7054.066678
5761.305989,0.85,0.86,200,7058.537907
5759.517061,0.85,0.86,200,7063.156233
4184.821234,0.87,0.87,200,7070.032121
4378.161335,0.845,0.855,200,7074.698062
5694.757001,0.83,0.84,200,7079.323722
5751.223578,0.85,0.85,200,7083.944167
5689.591679,0.8,0.81,200,7088.624798
5757.089978,0.845,0.855,200,7093.275148
5544.616154,0.865,0.87,200,7097.848512
3851.521591,0.875,0.88,200,7102.475972
5697.379625,0.85,0.865,200,7107.176226
4473.3745,0.875,0.875,200,7111.973547
5699.915041,0.82,0.82,200,7118.709925
5689.497181,0.81,0.81,200,7123.295015
5757.440194,0.835,0.855,200,7127.977054
5605.572972,0.805,0.81,200,7132.705353
5608.163907,0.81,0.815,200,7137.32129
4288.844328,0.825,0.83,200,7141.885134
4119.171511,0.86,0.87,200,7146.72771
5769.652425,0.85,0.86,200,7151.425038
5666.421672,0.845,0.845,200,7156.089725
5707.481716,0.82,0.825,200,7160.812878
5722.259562,0.845,0.85,200,7167.765188
5232.066296,0.835,0.85,200,7172.434767
4999.830944,0.845,0.855,200,7177.025266
5680.603773,0.825,0.825,200,7181.675614
3491.725877,0.875,0.875,200,7186.385075
5731.448093,0.85,0.875,200,7191.113443
2533.696646,0.04,0.07,200,7195.84188
5722.695758,0.84,0.84,200,7200.526606
5654.456541,0.82,0.82,200,7205.212326
4563.398627,0.87,0.87,200,7209.84237
5700.126538,0.82,0.82,200,7216.414153
4633.465968,0.865,0.865,200,7220.897493
4686.196182,0.845,0.845,200,7225.417801
5671.936911,0.825,0.825,200,7230.028103
5702.713281,0.86,0.87,200,7234.501701
5764.070945,0.86,0.875,200,7238.980006
5765.466556,0.86,0.865,200,7243.539886
5695.099039,0.81,0.81,200,7248.070005
5732.291113,0.83,0.83,200,7252.549996
3521.877923,0.87,0.87,200,7257.155299
5707.643707,0.825,0.825,200,7263.951429
5719.197813,0.835,0.835,200,7268.758947
5759.383125,0.845,0.86,200,7273.403076
5755.651105,0.87,0.89,200,7277.96473
5682.948394,0.835,0.835,200,7282.668186
3834.575502,0.87,0.87,200,7287.119133
5760.340098,0.845,0.855,200,7291.630383
5719.994878,0.85,0.865,200,7296.174285
5765.182593,0.865,0.865,200,7300.693401
5741.148061,0.835,0.85,200,7305.343497
5518.755816,0.84,0.84,200,7312.283488
5714.071824,0.855,0.86,200,7317.031928
4445.023895,0.86,0.86,200,7321.819333
4299.914324,0.875,0.875,200,7326.499261
4471.735259,0.85,0.865,200,7331.058727
5574.008753,0.795,0.8,200,7335.773617
5613.342751,0.81,0.81,200,7340.252965
5673.397431,0.825,0.83,200,7345.088456
5749.81899,0.855,0.855,200,7349.903033
5662.288299,0.815,0.825,200,7354.632584
4010.075805,0.88,0.88,200,7361.655144
5727.605139,0.83,0.835,200,7366.468281
5752.928731,0.855,0.865,200,7371.233261
5215.101973,0.855,0.855,200,7376.021827
4792.929745,0.855,0.855,200,7380.734164
4657.489631,0.845,0.86,200,7385.49767
5611.146569,0.805,0.81,200,7389.950992
5705.284434,0.815,0.82,200,7394.61004
3330.687784,0.875,0.88,200,7399.248127
5647.552283,0.805,0.815,200,7403.89806
4562.63394,0.86,0.86,200,7410.652499
5770.108684,0.865,0.865,200,7415.211777
5739.331006,0.875,0.88,200,7419.806781
5697.969599,0.81,0.815,200,7424.337837
4369.149518,0.72,0.72,200,7428.842087
3438.195052,0.45,0.46,200,7433.50333
5438.319398,0.815,0.84,200,7438.065511
5634.198883,0.835,0.835,200,7442.64015
5694.902719,0.83,0.83,200,7447.295908
5170.168648,0.84,0.855,200,7451.984454
5739.799095,0.86,0.86,200,7458.52656
5581.452584,0.82,0.83,200,7463.103686
5659.537049,0.835,0.835,200,7467.70212
5764.774751,0.845,0.855,200,7472.23187
4633.797787,0.85,0.86,200,7476.732563
5710.728855,0.86,0.865,200,7481.283565
4849.026954,0.875,0.875,200,7485.868707
3314.193241,0.88,0.885,200,7490.463687
5693.827489,0.815,0.815,200,7495.036741
4216.471923,0.38,0.39,200,7499.705879
4865.411927,0.85,0.85,200,7506.481054
5640.270881,0.805,0.815,200,7511.094014
5758.835569,0.86,0.865,200,7515.666044
4792.263754,0.87,0.87,200,7520.392362
5751.190138,0.85,0.855,200,7524.960229
5701.161094,0.81,0.81,200,7529.635355
5637.410998,0.865,0.885,200,7534.259758
5773.569029,0.86,0.86,200,7538.785009
4901.985664,0.83,0.85,200,7543.368663
5739.888313,0.865,0.87,200,7548.042423
5743.051103,0.845,0.845,200,7555.099165
5727.111282,0.845,0.845,200,7559.662663
5705.453433,0.82,0.825,200,7564.084253
5749.61541,0.845,0.845,200,7568.662782
5329.223695,0.835,0.835,200,7573.211828
5744.749571,0.83,0.84,200,7577.62907
5668.713509,0.785,0.785,200,7582.316832
5206.885895,0.84,0.85,200,7586.837449
5053.071675,0.835,0.855,200,7591.619372
4834.239927,0.67,0.675,200,7596.212037
5722.804196,0.855,0.855,200,7603.008836
5757.831814,0.845,0.85,200,7607.500623
5732.59458,0.83,0.835,200,7612.033984
4644.992428,0.845,0.845,200,7616.541939
3489.718894,0.885,0.885,200,7621.123756
5733.304897,0.855,0.865,200,7625.487398
4652.583089,0.865,0.87,200,7629.957946
3741.54145,0.88,0.88,200,7634.428137
5768.492374,0.86,0.86,200,7639.062003
5684.358282,0.82,0.82,200,7643.714309
5764.59008,0.855,0.855,200,7650.51459
5051.948716,0.835,0.85,200,7655.165208
5626.966441,0.81,0.81,200,7659.769602
5753.245518,0.84,0.84,200,7664.307931
5665.041685,0.825,0.825,200,7668.84214
5732.944899,0.835,0.845,200,7673.468125
5708.006847,0.865,0.875,200,7677.989636
5633.668231,0.825,0.825,200,7682.578475
5622.198912,0.8,0.81,200,7687.26608
5700.025873,0.815,0.82,200,7691.995749
5749.553553,0.84,0.84,200,7699.028425
4733.437219,0.855,0.86,200,7703.807773
5774.741271,0.845,0.855,200,7708.528135
5632.556651,0.835,0.835,200,7712.945673
5681.560416,0.855,0.87,200,7717.547695
5736.001841,0.83,0.845,200,7722.181783
5745.090657,0.875,0.875,200,7726.667442
5096.043972,0.84,0.85,200,7731.260693
5682.882348,0.82,0.82,200,7735.843997
5649.942059,0.805,0.815,200,7740.443547
4161.446787,0.86,0.86,200,7747.445072
2688.324187,0.875,0.885,200,7751.973454
5692.073989,0.815,0.84,200,7756.580393
5666.574522,0.82,0.82,200,7761.136514
5652.499402,0.81,0.82,200,7765.697088
5657.921472,0.82,0.82,200,7770.227695
5759.308758,0.85,0.855,200,7774.823369
5747.537403,0.85,0.865,200,7779.454076
4186.129919,0.855,0.87,200,7784.029606
5620.735607,0.805,0.815,200,7788.610006
5741.794754,0.855,0.865,200,7795.312855
5691.511797,0.81,0.81,200,7800.047091
5703.347233,0.82,0.825,200,7804.639805
3620.385314,0.315,0.32,200,7809.233648
5758.91126,0.85,0.855,200,7813.807849
5224.313271,0.83,0.84,200,7818.405595
5732.545439,0.83,0.845,200,7823.049784
4705.088344,0.845,0.85,200,7827.634454
5297.885236,0.835,0.84,200,7832.335274
5762.577375,0.87,0.875,200,7836.944133
5746.814161,0.855,0.86,200,7843.858794
5429.317286,0.81,0.825,200,7848.504769
5691.636299,0.86,0.87,200,7853.144542
5741.433734,0.835,0.84,200,7857.825995
5721.336562,0.85,0.855,200,7862.367729
4793.583752,0.835,0.855,200,7867.007132
3263.440998,0.895,0.91,200,7871.732957
5691.615173,0.82,0.825,200,7876.418604
5721.569004,0.825,0.825,200,7881.099236
5670.230158,0.83,0.83,200,7885.714003
5769.456658,0.855,0.865,200,7892.5165
5688.92743,0.86,0.875,200,7897.045673
5658.522827,0.825,0.83,200,7901.751041
5720.878484,0.85,0.86,200,7906.377836
5773.734824,0.855,0.86,200,7911.173672
3815.096067,0.87,0.87,200,7915.887193
5743.747963,0.85,0.855,200,7920.503145
5751.244182,0.86,0.88,200,7925.173636
5748.272661,0.845,0.845,200,7929.82161
3193.413489,0.215,0.24,200,7934.422646
5705.774716,0.82,0.835,200,7941.067166
5753.376217,0.85,0.85,200,7945.751151
5481.588189,0.845,0.855,200,7950.475423
5750.781751,0.85,0.855,200,7955.009843
4411.922505,0.84,0.855,200,7959.485428
5578.737364,0.825,0.85,200,7964.096405
5760.565679,0.845,0.855,200,7968.79712
5693.237084,0.83,0.83,200,7973.430668
5710.495333,0.855,0.87,200,7977.930827
5645.138592,0.81,0.82,200,7982.559659
5711.411218,0.855,0.875,200,7989.273718
5667.773475,0.83,0.835,200,7993.79001
4137.222268,0.745,0.745,200,7998.415779
5663.780186,0.84,0.84,200,8003.011253
5691.649286,0.83,0.83,200,8007.846563
5782.608666,0.87,0.87,200,8012.528576
5748.843833,0.835,0.845,200,8017.038881
4919.505362,0.83,0.855,200,8021.556752
4475.137493,0.835,0.855,200,8026.203516
5607.417537,0.825,0.86,200,8030.806036
5686.039073,0.8,0.805,200,8037.733455
5701.21682,0.82,0.825,200,8042.392778
4450.209909,0.87,0.87,200,8047.089071
4985.69521,0.84,0.865,200,8051.825747
5676.9195,0.79,0.79,200,8056.531648
5644.840425,0.835,0.84,200,8061.240959
5754.816314,0.855,0.865,200,8065.874249
5684.777954,0.805,0.805,200,8070.379033
4316.494508,0.19,0.2,200,8074.936929
5220.461524,0.84,0.85,200,8079.492604
5641.197858,0.845,0.845,200,8086.303853
4291.71429,0.85,0.86,200,8090.974548
5308.520842,0.84,0.85,200,8095.570022
5609.287024,0.81,0.815,200,8100.184375
5640.24198,0.865,0.88,200,8104.931574
5717.74191,0.84,0.84,200,8109.582373
5732.480762,0.855,0.865,200,8114.154521
5737.460491,0.84,0.84,200,8118.718371
5739.847235,0.84,0.845,200,8123.368057
5740.686364,0.835,0.835,200,8128.006786
5727.383682,0.85,0.855,200,8134.763314
4973.153386,0.845,0.845,200,8139.475811
5643.739401,0.81,0.825,200,8144.187729
4898.460469,0.85,0.855,200,8148.72105
5764.58221,0.86,0.87,200,8153.43031
4953.923779,0.865,0.865,200,8157.962367
5674.899692,0.84,0.84,200,8162.716127
5715.359747,0.83,0.84,200,8167.342203
5665.353645,0.81,0.815,200,8171.885824
5177.952179,0.825,0.86,200,8176.574164
5260.936966,0.865,0.885,200,8183.411613
5749.550813,0.835,0.85,200,8188.184929
5744.989416,0.85,0.85,200,8192.786935
5753.145036,0.86,0.875,200,8197.464602
5763.175563,0.855,0.855,200,8202.227258
5746.990889,0.86,0.88,200,8207.017908
5592.448664,0.835,0.835,200,8211.60219
5735.006984,0.85,0.86,200,8216.392054
5648.178072,0.82,0.825,200,8221.18845
5683.258276,0.825,0.825,200,8225.81179
5686.679481,0.815,0.825,200,8232.743476
5731.274168,0.86,0.875,200,8237.551336
5696.342437,0.83,0.83,200,8242.246521
4774.610461,0.55,0.57,200,8246.904279
5693.683862,0.83,0.83,200,8251.631435
5578.500007,0.79,0.805,200,8256.34312
5743.470494,0.84,0.85,200,8260.968786
5648.07365,0.845,0.875,200,8265.632194
4232.8382,0.49,0.525,200,8270.397092
5686.217304,0.805,0.805,200,8275.087007
5714.763672,0.83,0.83,200,8282.029282
3832.606786,0.88,0.88,200,8286.724349
5696.287758,0.81,0.815,200,8291.615152
5689.55289,0.81,0.815,200,8296.452932
5654.66858,0.88,0.88,200,8301.069308
5694.081629,0.85,0.87,200,8305.82858
5747.490019,0.84,0.84,200,8310.48442
5666.391345,0.795,0.795,200,8315.254104
5654.715774,0.82,0.82,200,8319.972677
5668.691065,0.79,0.79,200,8324.587553
4677.335384,0.84,0.85,200,8331.261096
5696.731172,0.81,0.83,200,8335.741833
5659.651962,0.825,0.825,200,8340.262016
5677.41299,0.8,0.8,200,8344.874582
5698.688387,0.83,0.83,200,8349.484242
5778.418122,0.855,0.865,200,8354.182397
5699.109418,0.83,0.83,200,8358.740061
5663.234224,0.83,0.84,200,8363.344608
4217.591895,0.855,0.86,200,8368.08239
5757.898786,0.86,0.865,200,8372.752656
5493.756211,0.835,0.845,200,8379.607789
5743.364119,0.86,0.87,200,8384.309341
5657.700052,0.83,0.845,200,8388.994867
5401.184309,0.84,0.85,200,8393.574513
5137.613028,0.835,0.85,200,8398.090826
5763.739414,0.85,0.86,200,8402.702572
5772.987393,0.86,0.86,200,8407.406351
4856.633508,0.565,0.565,200,8412.032374
5722.700524,0.835,0.845,200,8416.693678
5761.093016,0.865,0.875,200,8421.479759
5580.557493,0.79,0.805,200,8428.401691
5694.822184,0.83,0.83,200,8432.977829
4102.325264,0.88,0.885,200,8437.668342
5753.631929,0.835,0.855,200,8442.30444
4416.37945,0.375,0.395,200,8446.947421
5689.66686,0.82,0.83,200,8451.596916
5726.124836,0.845,0.855,200,8456.145095
2425.666215,0.75,0.75,200,8460.820135
5535.075626,0.785,0.785,200,8465.484431
4746.645043,0.84,0.87,200,8470.109168
4207.156852,0.835,0.85,200,8477.186515
5635.486687,0.81,0.81,200,8481.936539
5631.283327,0.83,0.83,200,8486.669736
4242.460976,0.875,0.88,200,8491.257242
4651.46652,0.835,0.855,200,8495.903917
4975.787007,0.68,0.7,200,8500.595923
4280.247839,0.855,0.86,200,8505.249114
5759.116862,0.845,0.855,200,8509.89162
5715.229028,0.865,0.88,200,8514.648764
4182.434809,0.66,0.675,200,8519.407166
5651.209883,0.81,0.81,200,8526.13358
5690.103032,0.815,0.815,200,8530.837849
5645.958547,0.835,0.835,200,8535.510602
4786.751851,0.54,0.595,200,8540.060811
4005.78787,0.865,0.865,200,8544.712411
5504.044915,0.845,0.85,200,8549.400892
4991.731423,0.85,0.86,200,8554.017014
4946.897858,0.875,0.875,200,8558.68296
5754.212672,0.845,0.855,200,8563.400579
5657.715792,0.82,0.82,200,8567.972487
3785.518178,0.855,0.855,200,8574.893139
5739.114868,0.835,0.835,200,8579.527184
5730.080402,0.835,0.845,200,8584.006106
5774.717448,0.87,0.875,200,8588.597518
5152.420407,0.84,0.845,200,8593.237458
5695.965735,0.825,0.825,200,8597.842675
5687.95921,0.815,0.815,200,8602.514813
5594.590981,0.845,0.85,200,8607.142417
5698.204695,0.82,0.825,200,8611.874028
5690.967858,0.825,0.83,200,8616.589993
5706.170421,0.825,0.84,200,8623.446007
5574.325237,0.82,0.82,200,8628.02599
4330.030137,0.61,0.61,200,8632.699851
5690.365849,0.82,0.82,200,8637.386109
5652.987678,0.85,0.85,200,8642.020137
5686.994597,0.83,0.83,200,8646.745539
5685.612978,0.845,0.845,200,8651.36966
5619.395076,0.815,0.815,200,8655.939028
4925.227369,0.845,0.85,200,8660.744887
4920.939848,0.33,0.335,200,8665.386508
5750.596082,0.865,0.88,200,8672.3764
5673.002878,0.825,0.825,200,8676.990358
5722.251328,0.85,0.85,200,8681.587867
5638.281612,0.855,0.865,200,8686.221433
5605.405345,0.795,0.815,200,8690.900183
5704.632773,0.855,0.875,200,8695.455261
5695.068817,0.82,0.82,200,8700.000199
4158.15111,0.87,0.87,200,8704.685575
5626.051254,0.81,0.82,200,8709.280581
5742.646698,0.84,0.845,200,8713.85989
5158.177495,0.84,0.85,200,8720.836589
5695.586085,0.81,0.81,200,8725.596784
5622.83284,0.805,0.82,200,8730.322582
4921.049354,0.85,0.85,200,8734.919672
2463.930829,0.1,0.105,200,8739.64564
5755.366097,0.845,0.85,200,8744.217835
5769.010414,0.85,0.865,200,8748.81934
4907.992568,0.845,0.845,200,8753.424573
5689.393111,0.835,0.835,200,8758.112085
4745.10528,0.85,0.855,200,8762.737849
3244.874488,0.225,0.255,200,8769.576912
5720.432404,0.855,0.875,200,8774.308099
5214.597907,0.83,0.85,200,8779.019037
5684.178723,0.835,0.84,200,8783.701917
5770.551823,0.865,0.87,200,8788.4196
5724.528105,0.865,0.87,200,8793.097635
5705.272231,0.82,0.82,200,8797.962147
2791.549168,0.88,0.88,200,8802.672389
5722.398031,0.81,0.84,200,8807.341628
5704.097873,0.82,0.82,200,8812.143032
5762.065967,0.845,0.86,200,8818.929641
5647.961568,0.835,0.835,200,8823.634362
5009.90803,0.65,0.65,200,8828.293242
5370.909314,0.84,0.85,200,8833.104474
5746.224715,0.86,0.865,200,8837.827852
4835.70052,0.84,0.845,200,8842.473516
5039.525282,0.865,0.865,200,8847.140932
5310.43173,0.835,0.84,200,8851.718239
5705.445302,0.82,0.825,200,8856.235523
5763.457999,0.865,0.875,200,8860.833983
4926.365326,0.85,0.85,200,8867.781748
5618.479971,0.85,0.85,200,8872.591736
5755.499156,0.855,0.87,200,8877.303612
5563.670469,0.79,0.795,200,8881.765073
5767.810888,0.85,0.865,200,8886.318606
5729.442624,0.84,0.86,200,8890.929162
5748.650168,0.86,0.88,200,8895.502895
5765.822236,0.865,0.865,200,8900.181386
5693.732965,0.815,0.825,200,8904.711709
5688.712381,0.825,0.825,200,8909.229093
5729.030171,0.85,0.86,200,8916.023034
5714.108734,0.83,0.84,200,8920.680389
5560.993847,0.795,0.8,200,8925.280494
5705.51489,0.835,0.84,200,8930.001398
5713.920281,0.835,0.835,200,8934.708798
5556.07244,0.83,0.83,200,8939.369231
5754.173227,0.845,0.85,200,8944.009706
5651.49064,0.87,0.875,200,8948.495179
4401.904375,0.855,0.86,200,8953.178927
5622.015329,0.845,0.86,200,8957.604905
5715.470558,0.85,0.855,200,8964.56915
5688.608505,0.825,0.825,200,8969.24266
5696.514934,0.85,0.87,200,8973.891869
5519.763555,0.84,0.84,200,8978.38297
5761.65788,0.865,0.875,200,8982.770262
4681.518678,0.845,0.845,200,8987.243512
5769.236212,0.87,0.87,200,8991.651901
5701.793621,0.855,0.86,200,8996.084984
5280.109268,0.83,0.845,200,9000.499096
5666.585351,0.825,0.825,200,9004.978415
5769.241595,0.87,0.885,200,9011.543472
5720.934743,0.83,0.835,200,9016.242689
5699.790122,0.82,0.82,200,9020.57515
5701.895312,0.82,0.83,200,9025.040259
5725.828577,0.835,0.835,200,9029.367326
5753.236579,0.86,0.86,200,9033.811725
5692.329564,0.81,0.81,200,9038.507497
5727.033729,0.85,0.85,200,9043.201516
5766.269027,0.86,0.865,200,9047.70893
5750.714469,0.86,0.865,200,9052.253262
4378.909134,0.855,0.86,200,9058.939875
5641.243245,0.81,0.82,200,9063.666248
4342.645361,0.735,0.74,200,9068.259154
4595.266838,0.86,0.86,200,9072.810169
5756.29727,0.85,0.855,200,9077.488218
5707.095048,0.87,0.875,200,9082.127083
5752.954581,0.84,0.845,200,9086.829908
5688.358289,0.825,0.825,200,9091.537244
5750.529976,0.86,0.87,200,9096.148344
5707.89604,0.825,0.825,200,9100.75255
5759.887809,0.845,0.855,200,9107.598834
5778.375215,0.87,0.87,200,9112.333634
5423.395801,0.85,0.855,200,9117.066316
5665.306655,0.835,0.835,200,9121.677782
5745.375807,0.865,0.875,200,9126.302521
5705.757798,0.87,0.87,200,9130.962936
5686.726258,0.83,0.83,200,9135.590103
5663.655437,0.845,0.85,200,9140.144967
5692.157828,0.815,0.815,200,9144.774753
5724.595935,0.86,0.865,200,9149.382035
5673.856562,0.825,0.825,200,9156.171148
5690.515987,0.825,0.83,200,9160.609158
5773.537806,0.875,0.875,200,9165.025117
5734.075666,0.84,0.85,200,9169.581935
5614.89917,0.81,0.81,200,9174.171124
5307.258181,0.85,0.855,200,9178.716563
5761.399329,0.86,0.86,200,9183.401049
5762.223479,0.855,0.86,200,9187.97748
5743.605077,0.83,0.84,200,9192.733702
5677.806616,0.825,0.83,200,9197.400515
5775.863302,0.86,0.885,200,9204.157328
5653.26009,0.87,0.88,200,9208.761575
5682.522608,0.81,0.81,200,9213.418117
5734.637193,0.86,0.87,200,9218.173549
5733.055665,0.835,0.855,200,9222.775679
5475.418347,0.84,0.84,200,9227.355163
5767.569681,0.85,0.86,200,9231.965579
5494.504494,0.86,0.875,200,9236.433392
5739.785317,0.845,0.845,200,9241.045629
5776.227667,0.87,0.87,200,9245.628746
5699.986902,0.815,0.815,200,9252.344338
5757.125316,0.84,0.84,200,9257.001485
5702.951479,0.82,0.82,200,9261.584112
4800.702431,0.84,0.845,200,9266.161317
5668.064981,0.825,0.825,200,9270.614995
5278.648025,0.85,0.875,200,9275.167617
5767.559598,0.855,0.86,200,9279.767689
5687.577577,0.815,0.815,200,9284.499595
5077.978324,0.825,0.845,200,9289.04491
5743.217371,0.82,0.85,200,9293.548254
5750.416789,0.85,0.85,200,9300.337173
4386.651323,0.875,0.88,200,9304.973937
5145.159394,0.845,0.845,200,9309.57407
5123.692493,0.5,0.5,200,9314.296951
5764.275435,0.84,0.85,200,9318.803471
5776.077349,0.86,0.865,200,9323.22741
5730.642936,0.815,0.835,200,9327.751062
5740.982587,0.84,0.845,200,9332.372433
5761.61447,0.855,0.855,200,9336.98779
5693.953217,0.805,0.805,200,9341.592334
5756.083878,0.85,0.855,200,9348.575888
5014.168376,0.845,0.845,200,9353.286712
5503.418309,0.835,0.855,200,9357.983533
5469.759425,0.845,0.845,200,9362.421235
5772.124641,0.87,0.875,200,9366.904233
4742.430395,0.835,0.845,200,9371.567501
5686.852433,0.81,0.81,200,9376.262495
4475.249337,0.85,0.855,200,9380.986956
5769.32569,0.86,0.865,200,9385.661673
5658.95378,0.84,0.84,200,9390.351774
5642.07001,0.84,0.84,200,9397.283795
5732.339426,0.85,0.85,200,9402.000836
5746.165221,0.86,0.865,200,9406.623681
5657.210537,0.81,0.825,200,9411.342969
5762.13431,0.845,0.85,200,9416.006391
5756.958576,0.87,0.88,200,9420.493202
5745.110656,0.845,0.845,200,9425.164945
5724.62292,0.835,0.845,200,9429.627802
5722.009005,0.84,0.84,200,9434.175031
5640.757341,0.83,0.835,200,9438.879523
5735.876477,0.865,0.865,200,9445.413451
5749.031105,0.855,0.865,200,9450.086582
5706.835724,0.84,0.84,200,9454.838926
5338.458371,0.83,0.855,200,9459.508358
5773.124054,0.855,0.855,200,9464.269596
5687.031725,0.805,0.805,200,9468.949159
4625.156071,0.855,0.855,200,9473.561192
4804.128295,0.825,0.85,200,9478.319671
5766.616515,0.87,0.87,200,9483.084409
5742.44401,0.86,0.87,200,9487.907522
5642.532553,0.84,0.87,200,9494.830978
5759.418198,0.845,0.85,200,9499.608344
5727.822437,0.855,0.86,200,9504.459976
3374.270687,0.195,0.22,200,9509.264198
5773.082738,0.845,0.865,200,9513.959325
5756.609,0.865,0.88,200,9518.620781
5723.363786,0.84,0.84,200,9523.172932
5630.198363,0.835,0.845,200,9527.801009
5009.626985,0.84,0.86,200,9532.537388
5654.294937,0.84,0.84,200,9537.350965
5651.166257,0.82,0.82,200,9544.428229
5726.634706,0.835,0.855,200,9549.007373
5684.832443,0.81,0.81,200,9553.731954
5638.423757,0.82,0.82,200,9558.487041
5655.46638,0.84,0.845,200,9563.075208
5234.732984,0.84,0.84,200,9567.661278
5760.371867,0.87,0.87,200,9572.319153
5723.827168,0.855,0.855,200,9576.817409
5660.189631,0.815,0.815,200,9581.364186
5632.951759,0.845,0.845,200,9586.081932
5701.728886,0.835,0.835,200,9592.994894
5685.701055,0.84,0.84,200,9597.676907
5710.794093,0.855,0.86,200,9602.351946
5009.625208,0.83,0.845,200,9607.005395
5777.424194,0.87,0.87,200,9611.712267
5563.55603,0.805,0.805,200,9616.288799
5779.259011,0.87,0.87,200,9620.861714
5676.781639,0.81,0.815,200,9625.420728
5760.074698,0.84,0.86,200,9629.987564
5672.750992,0.825,0.825,200,9634.582972
5541.988344,0.8,0.8,200,9641.264957
5690.884762,0.86,0.865,200,9645.707943
5635.207377,0.805,0.805,200,9650.146604
5684.955726,0.83,0.83,200,9654.816911
5672.847132,0.875,0.88,200,9659.519263
3436.676558,0.36,0.395,200,9664.117465
5684.665283,0.825,0.83,200,9668.713378
5631.21329,0.83,0.84,200,9673.341986
5714.24164,0.845,0.845,200,9678.018543
5717.371443,0.845,0.845,200,9682.797778
5734.399353,0.865,0.87,200,9689.828913
5336.556569,0.775,0.78,200,9694.314301
5151.648315,0.56,0.575,200,9698.79419
3643.409703,0.46,0.46,200,9703.254602
5760.213824,0.85,0.855,200,9707.960826
4793.468336,0.675,0.7,200,9712.61366
5754.342303,0.85,0.85,200,9717.410277
5247.731745,0.865,0.89,200,9722.130933
5763.915719,0.87,0.88,200,9726.812245
4563.741442,0.87,0.87,200,9731.503136
5667.502962,0.84,0.84,200,9738.28
5741.946031,0.855,0.855,200,9742.875814
5778.256066,0.865,0.87,200,9747.389525
5602.701981,0.8,0.815,200,9751.899869
5666.411344,0.865,0.87,200,9756.341461
5725.502981,0.835,0.835,200,9760.867193
5768.43479,0.855,0.855,200,9765.406323
5736.591564,0.845,0.845,200,9770.119832
5719.398883,0.83,0.835,200,9774.531148
5652.159672,0.86,0.86,200,9779.051787
4034.030536,0.44,0.46,200,9785.783752
4701.287671,0.86,0.86,200,9790.393152
5758.13419,0.845,0.85,200,9794.740129
5586.478369,0.81,0.81,200,9799.025011
5551.17827,0.785,0.79,200,9803.344187
5593.810263,0.825,0.835,200,9807.79583
5216.703237,0.85,0.855,200,9812.157114
5775.700953,0.86,0.865,200,9816.656327
5675.170386,0.835,0.835,200,9821.256512
5722.654469,0.855,0.865,200,9825.798886
5664.448154,0.835,0.835,200,9832.595552
5735.694524,0.865,0.87,200,9836.900889
4104.575168,0.575,0.575,200,9841.440692
4986.719303,0.84,0.84,200,9845.718242
5717.369988,0.835,0.835,200,9850.068716
5632.194452,0.81,0.81,200,9854.566302
5668.202012,0.835,0.835,200,9859.104405
5615.235254,0.855,0.875,200,9863.794799
4777.447251,0.845,0.855,200,9868.241877
5773.07029,0.855,0.86,200,9872.860248
5732.480843,0.86,0.865,200,9879.723904
5241.509685,0.84,0.84,200,9884.256012
5727.075503,0.83,0.83,200,9888.973827
5768.84896,0.85,0.86,200,9893.424332
5728.638019,0.865,0.87,200,9897.86346
5767.053402,0.86,0.86,200,9902.432489
5768.303613,0.855,0.865,200,9906.852932
5676.415572,0.8,0.8,200,9911.52297
5601.173718,0.795,0.8,200,9916.03785
5773.537185,0.865,0.865,200,9920.533525
5633.548443,0.815,0.815,200,9927.145555
5669.918259,0.84,0.84,200,9931.586421
5577.036626,0.8,0.8,200,9935.988962
5737.783283,0.85,0.85,200,9940.448313
5720.533451,0.83,0.83,200,9944.864246
5680.43156,0.81,0.81,200,9949.321282
5703.651976,0.815,0.815,200,9953.940173
5322.720502,0.85,0.85,200,9958.324673
4430.197046,0.845,0.85,200,9962.954991
5705.434897,0.865,0.87,200,9967.400737
5703.62356,0.825,0.825,200,9974.156766
5156.638087,0.85,0.85,200,9978.632404
5684.553042,0.81,0.81,200,9983.032539
5750.051041,0.84,0.84,200,9987.313638
5777.821858,0.865,0.865,200,9991.658087
5684.712595,0.83,0.83,200,9996.043858
4825.722961,0.865,0.865,200,10000.550945
5765.829381,0.845,0.855,200,10005.022707
5777.6014,0.86,0.87,200,10009.392464
5687.649167,0.805,0.805,200,10013.850671
5635.145777,0.83,0.83,200,10020.523636
5699.614803,0.825,0.835,200,10025.05159
5695.680228,0.81,0.81,200,10029.57992
5725.661424,0.86,0.865,200,10034.111982
4355.399101,0.86,0.86,200,10038.647868
5755.703454,0.855,0.855,200,10043.246462
5606.347303,0.805,0.805,200,10047.852481
4285.564907,0.885,0.885,200,10052.554909
5239.014312,0.85,0.85,200,10057.113768
5783.520877,0.865,0.885,200,10061.695027
4815.490073,0.86,0.86,200,10068.657997
5680.216655,0.81,0.81,200,10073.215101
5735.310119,0.85,0.85,200,10077.958078
5787.915029,0.855,0.87,200,10082.691971
5659.695888,0.84,0.84,200,10087.181639
5666.371621,0.84,0.84,200,10091.723769
5687.843347,0.84,0.86,200,10096.286412
5764.129228,0.855,0.86,200,10100.838429
5711.28018,0.855,0.855,200,10105.410682
3041.281122,0.185,0.185,200,10110.102649
5768.330282,0.855,0.855,200,10116.876279
5711.677477,0.855,0.86,200,10121.47669
5542.743638,0.845,0.855,200,10125.964311
5638.791644,0.845,0.845,200,10130.644535
5671.318915,0.79,0.79,200,10135.230821
5747.908624,0.87,0.87,200,10139.856216
5695.013992,0.81,0.81,200,10144.286992
5680.872335,0.88,0.885,200,10148.943838
5722.314757,0.855,0.88,200,10153.652689
5741.15291,0.865,0.865,200,10158.30212
5717.076491,0.82,0.84,200,10165.125018
5758.068264,0.83,0.845,200,10169.785253
5732.542066,0.82,0.85,200,10174.543887
5725.824048,0.835,0.835,200,10179.207022
5681.108186,0.83,0.83,200,10183.79057
5687.740318,0.81,0.81,200,10188.452182
5662.529871,0.81,0.825,200,10193.150341
4187.466388,0.87,0.88,200,10197.645593
5739.035449,0.855,0.865,200,10202.264283
5647.623243,0.83,0.83,200,10206.872928
5623.001829,0.86,0.885,200,10213.683539
4489.066754,0.85,0.855,200,10218.326318
5678.771137,0.815,0.815,200,10222.945641
5753.255599,0.84,0.845,200,10227.52264
5763.639339,0.855,0.855,200,10232.131709
5617.14556,0.8,0.8,200,10236.771333
5769.587082,0.85,0.87,200,10241.297359
5746.718382,0.84,0.85,200,10246.119687
5239.291051,0.855,0.855,200,10250.673193
5707.45873,0.825,0.83,200,10255.183526
5641.088192,0.865,0.87,200,10261.822761
5678.247557,0.87,0.875,200,10266.382357
5652.998891,0.87,0.875,200,10270.999682
5735.415078,0.85,0.85,200,10275.64637
4887.032466,0.845,0.845,200,10280.205811
5770.425042,0.87,0.87,200,10284.784186
4645.462304,0.86,0.865,200,10289.395422
5615.195907,0.84,0.84,200,10294.110922
5731.085142,0.85,0.855,200,10298.720546
5630.913282,0.805,0.815,200,10303.245928
4225.930765,0.55,0.55,200,10309.836243
5638.547444,0.81,0.815,200,10314.291495
5582.324013,0.81,0.81,200,10318.931768
5566.527037,0.785,0.79,200,10323.637074
5198.51299,0.82,0.85,200,10328.310609
5780.600974,0.87,0.87,200,10333.079355
2889.662675,0.475,0.48,200,10337.631534
5664.097389,0.84,0.87,200,10342.243539
5020.832559,0.845,0.85,200,10347.023432
5761.770365,0.845,0.85,200,10351.709629
5694.689922,0.805,0.805,200,10358.466689
5722.96381,0.82,0.845,200,10363.056531
5629.266017,0.835,0.835,200,10367.725478
5503.310939,0.84,0.855,200,10372.292895
5678.851711,0.825,0.83,200,10376.732043
4081.309232,0.705,0.715,200,10381.433424
5325.909871,0.86,0.88,200,10386.13139
5730.591573,0.86,0.86,200,10390.740267
5647.496826,0.845,0.855,200,10395.322537
5632.652828,0.8,0.805,200,10399.927876
5756.164024,0.845,0.855,200,10406.740825
5444.285011,0.85,0.85,200,10411.31653
5769.195923,0.855,0.865,200,10415.949857
5768.472032,0.85,0.865,200,10420.544633
5747.47515,0.845,0.845,200,10425.261313
5689.761972,0.81,0.81,200,10429.980238
5739.441161,0.84,0.84,200,10434.589978
5765.272549,0.85,0.86,200,10439.226507
5767.79798,0.85,0.855,200,10443.971458
5768.603916,0.84,0.865,200,10448.633993
5615.673157,0.85,0.865,200,10455.454704
5661.920907,0.82,0.825,200,10459.99725
4360.402046,0.85,0.86,200,10464.682336
5772.444717,0.865,0.865,200,10469.078455
5674.396856,0.82,0.82,200,10473.65469
5680.929365,0.825,0.825,200,10478.081727
5662.106517,0.81,0.815,200,10482.57172
5753.698786,0.835,0.855,200,10486.965138
5656.632221,0.82,0.825,200,10491.481315
4733.959327,0.855,0.855,200,10496.1735
4851.21879,0.865,0.865,200,10502.993775
5726.892761,0.87,0.885,200,10507.674084
5620.45766,0.83,0.84,200,10512.137239
5731.11055,0.875,0.89,200,10516.659305
5310.869915,0.84,0.85,200,10521.333767
2675.128189,0.1,0.1,200,10525.851676
5758.01508,0.835,0.85,200,10530.628453
5622.570753,0.835,0.835,200,10535.273221
5682.387397,0.805,0.805,200,10540.03472
5621.536644,0.805,0.81,200,10544.586422
5685.469468,0.8,0.805,200,10551.5458
5512.161919,0.855,0.855,200,10556.07082
5673.4945,0.845,0.86,200,10560.678447
5691.296064,0.815,0.815,200,10565.292986
5724.526031,0.825,0.84,200,10570.054262
5606.84879,0.8,0.8,200,10574.778521
5747.565859,0.855,0.855,200,10579.381315
5693.045865,0.81,0.81,200,10584.104936
4138.70924,0.87,0.87,200,10588.75083
5707.298129,0.83,0.835,200,10593.459509
4660.861038,0.85,0.86,200,10600.366994
5775.491325,0.86,0.865,200,10604.971369
5716.033952,0.835,0.84,200,10609.633095
4818.080862,0.845,0.855,200,10614.283913
5694.341724,0.81,0.81,200,10618.981544
5774.758226,0.87,0.885,200,10623.68545
5274.16261,0.855,0.855,200,10628.266492
5761.268255,0.85,0.85,200,10633.002331
5742.543271,0.83,0.84,200,10637.696285
5764.783365,0.865,0.875,200,10642.41592
5751.604359,0.865,0.875,200,10649.372647
5734.883321,0.86,0.86,200,10654.131801
5784.816031,0.87,0.875,200,10658.757992
4374.793307,0.845,0.86,200,10663.461283
5740.379468,0.83,0.84,200,10668.014809
5611.833977,0.81,0.81,200,10672.682832
5695.978766,0.83,0.83,200,10677.499079
4973.478247,0.855,0.855,200,10682.015597
5683.318964,0.8,0.8,200,10686.597741
5725.43259,0.83,0.83,200,10691.317191
5377.393068,0.84,0.855,200,10698.314824
5658.239439,0.815,0.815,200,10703.095421
5621.968942,0.87,0.875,200,10707.807586
5776.857202,0.86,0.875,200,10712.50633
5322.207238,0.845,0.845,200,10717.197861
4057.263813,0.88,0.88,200,10721.848693
5628.477594,0.845,0.845,200,10726.485074
5767.785133,0.86,0.87,200,10731.183094
5647.311073,0.86,0.865,200,10735.917697
5715.460338,0.815,0.84,200,10740.603334
5764.992398,0.845,0.85,200,10747.71025
5705.41694,0.83,0.835,200,10752.468757
5748.616804,0.855,0.875,200,10757.144301
5749.267964,0.84,0.84,200,10761.871634
5749.951097,0.85,0.85,200,10766.60599
5626.749635,0.85,0.85,200,10771.317409
5629.399795,0.815,0.815,200,10775.944239
5507.833175,0.825,0.855,200,10780.578669
5740.841738,0.875,0.875,200,10785.378503
5648.785902,0.81,0.815,200,10790.015522
5747.203587,0.855,0.86,200,10796.755234
5725.077316,0.84,0.84,200,10801.465268
5706.19589,0.865,0.88,200,10806.201651
5671.490929,0.845,0.845,200,10810.919214
5674.994953,0.84,0.84,200,10815.574096
4158.72627,0.87,0.87,200,10820.235752
5254.915377,0.87,0.88,200,10825.003695
5653.613667,0.81,0.835,200,10829.692196
5721.966826,0.88,0.88,200,10834.357628
4824.013752,0.83,0.855,200,10839.056038
5765.360187,0.845,0.865,200,10846.105271
5170.910736,0.555,0.585,200,10850.766021
5635.135516,0.845,0.845,200,10855.398324
5704.062641,0.87,0.875,200,10859.978878
5656.905365,0.815,0.815,200,10864.624693
5711.439797,0.835,0.84,200,10869.469113
4680.239537,0.87,0.87,200,10874.125623
5752.852302,0.865,0.875,200,10878.751308
5662.120813,0.83,0.835,200,10883.439466
5741.470968,0.835,0.845,200,10888.205362
5768.081405,0.86,0.865,200,10895.268736
3781.178255,0.875,0.885,200,10900.016318
5760.96518,0.845,0.86,200,10904.822417
5408.977847,0.85,0.855,200,10909.52807
5682.269184,0.815,0.815,200,10914.144774
5694.861807,0.82,0.82,200,10918.932968
5761.731798,0.87,0.875,200,10923.760571
5758.970299,0.85,0.855,200,10928.414325
5677.728263,0.815,0.815,200,10933.09044
4713.362906,0.855,0.86,200,10937.721881
5642.771446,0.825,0.825,200,10944.482564
5655.481178,0.815,0.82,200,10949.141761
4409.191667,0.84,0.855,200,10953.767962
5742.706967,0.84,0.845,200,10958.390626
5666.917977,0.82,0.82,200,10962.853121
5061.432755,0.855,0.865,200,10967.472356
5748.800503,0.86,0.86,200,10971.999318
5696.804919,0.83,0.83,200,10976.632168
5749.750573,0.84,0.845,200,10981.208346
5787.046263,0.87,0.88,200,10985.895525
5682.596091,0.835,0.835,200,10992.673418
5737.606926,0.835,0.84,200,10997.292005
5665.667825,0.79,0.79,200,11001.904263
5766.46069,0.85,0.855,200,11006.6311
5311.791253,0.84,0.84,200,11011.306243
5718.85458,0.845,0.845,200,11015.875134
5151.247558,0.835,0.86,200,11020.404161
5609.201308,0.795,0.805,200,11024.9954
4738.147215,0.86,0.86,200,11029.710166
5696.635734,0.85,0.865,200,11034.196151
5697.660399,0.81,0.81,200,11041.070443
5704.011659,0.835,0.84,200,11045.649684
5626.70552,0.815,0.825,200,11050.387328
5737.588371,0.825,0.835,200,11055.13827
5693.766419,0.83,0.83,200,11060.011008
5651.870741,0.835,0.845,200,11064.758708
5759.804414,0.86,0.875,200,11069.439001
5765.329521,0.855,0.855,200,11074.114188
5642.680214,0.84,0.84,200,11078.884565
5217.469578,0.625,0.635,200,11083.500861
5111.366845,0.855,0.86,200,11090.193979
5090.559831,0.865,0.87,200,11094.798899
5677.099794,0.83,0.845,200,11099.356739
5649.247549,0.855,0.86,200,11104.074163
5751.137246,0.845,0.845,200,11108.83433
5685.347557,0.825,0.825,200,11113.467206
5718.447782,0.87,0.875,200,11118.230173
4330.059493,0.865,0.865,200,11122.925758
5136.248102,0.695,0.765,200,11127.617937
5690.640759,0.825,0.825,200,11132.392836
5700.191211,0.81,0.81,200,11139.420743
5744.216162,0.835,0.84,200,11144.091057
5341.623534,0.845,0.85,200,11148.680222
5736.266259,0.865,0.865,200,11153.416369
5045.535316,0.885,0.885,200,11158.159209
5732.496918,0.875,0.885,200,11162.953415
5703.299327,0.85,0.85,200,11167.576739
5645.135706,0.835,0.835,200,11172.185585
5686.246403,0.8,0.8,200,11176.809253
5726.180997,0.835,0.835,200,11181.379037
5688.676743,0.805,0.805,200,11188.121419
5435.817791,0.855,0.865,200,11192.830565
5775.543726,0.865,0.865,200,11197.341104
5772.933104,0.86,0.86,200,11202.108954
5623.484175,0.84,0.86,200,11206.737686
5724.917076,0.825,0.835,200,11211.272733
5078.947812,0.785,0.785,200,11215.718063
5703.258548,0.87,0.87,200,11220.391572
5690.766516,0.82,0.825,200,11224.991416
5762.970435,0.855,0.87,200,11229.616072
5768.519996,0.855,0.86,200,11236.371148
5587.250317,0.795,0.8,200,11240.906954
5767.508221,0.84,0.86,200,11245.496906
5697.876359,0.81,0.81,200,11250.006323
4715.550686,0.845,0.845,200,11254.418251
4865.173844,0.87,0.87,200,11258.914629
5729.436092,0.845,0.845,200,11263.443362
5692.060522,0.835,0.835,200,11267.989696
5138.746694,0.495,0.495,200,11272.495461
5403.842303,0.825,0.855,200,11277.197922
5641.449272,0.86,0.875,200,11283.826525
5754.654711,0.855,0.865,200,11288.22266
5591.402973,0.795,0.81,200,11292.752527
5733.029006,0.87,0.87,200,11297.311377
5669.391017,0.845,0.845,200,11301.995191
5251.496128,0.875,0.875,200,11306.524011
5765.049766,0.845,0.855,200,11310.95922
3941.185235,0.74,0.745,200,11315.558798
5768.278251,0.86,0.86,200,11320.168394
5681.495507,0.82,0.84,200,11324.841273
5759.097687,0.855,0.87,200,11331.716365
5501.741927,0.81,0.81,200,11336.479887
5763.34344,0.845,0.85,200,11341.179621
5699.442261,0.84,0.84,200,11345.743133
5746.121036,0.85,0.855,200,11350.433673
5760.082195,0.845,0.845,200,11355.015323
5774.882889,0.845,0.875,200,11359.658499
5141.194212,0.84,0.85,200,11364.361333
5774.609801,0.86,0.86,200,11368.955847
5694.27882,0.81,0.81,200,11373.589618
5738.636687,0.835,0.84,200,11380.727498
5462.626182,0.84,0.85,200,11385.410044
3234.955901,0.3,0.31,200,11389.87581
5707.477353,0.82,0.82,200,11394.47511
5608.711716,0.825,0.845,200,11399.173795
5699.074556,0.815,0.825,200,11403.950524
5701.054984,0.83,0.835,200,11408.564739
5583.030085,0.785,0.805,200,11413.359768
5644.387284,0.81,0.81,200,11418.11186
5663.519352,0.83,0.83,200,11422.809552
5671.457006,0.83,0.83,200,11429.562362
4270.463226,0.875,0.885,200,11434.211598
5759.493855,0.845,0.85,200,11438.922551
5534.980705,0.79,0.79,200,11443.598237
5759.300305,0.86,0.86,200,11448.240226
5653.741923,0.78,0.78,200,11452.804344
4781.152943,0.855,0.865,200,11457.178105
5693.299371,0.83,0.83,200,11461.659204
5764.2753,0.86,0.865,200,11466.17222
5696.238196,0.83,0.83,200,11470.608234
5768.989286,0.865,0.865,200,11477.374234
5776.88049,0.85,0.87,200,11481.963398
5646.966558,0.83,0.83,200,11486.591988
5497.739703,0.83,0.865,200,11491.262501
5611.361688,0.8,0.81,200,11496.031528
5770.108232,0.86,0.865,200,11500.733106
5692.788062,0.815,0.815,200,11505.310497
4274.764642,0.855,0.88,200,11509.881476
5763.211959,0.86,0.87,200,11514.62977
4591.346573,0.85,0.86,200,11519.356855
5130.178603,0.85,0.85,200,11526.346133
5499.867543,0.85,0.855,200,11530.944496
5629.55428,0.835,0.835,200,11535.598442
5589.19614,0.85,0.855,200,11540.223912
5771.404161,0.86,0.86,200,11544.750979
5607.283011,0.8,0.805,200,11549.504778
5667.972287,0.835,0.85,200,11554.14076
5679.144671,0.83,0.835,200,11558.751699
5662.815282,0.84,0.845,200,11563.429338
4514.515795,0.65,0.68,200,11568.228377
5113.639765,0.85,0.85,200,11575.260881
5746.069061,0.84,0.855,200,11579.898135
5764.93922,0.845,0.855,200,11584.580347
5697.362456,0.82,0.835,200,11589.234268
5722.747814,0.825,0.83,200,11593.926531
5400.472169,0.855,0.855,200,11598.645754
5660.651097,0.835,0.835,200,11603.473876
4871.557788,0.845,0.845,200,11608.128482
5760.530423,0.845,0.86,200,11612.827514
5554.995977,0.845,0.85,200,11617.479576
5752.612188,0.865,0.875,200,11624.234438
5625.33328,0.8,0.805,200,11628.980759
5740.713998,0.865,0.865,200,11633.607225
5753.578493,0.845,0.855,200,11638.182881
5647.476597,0.835,0.84,200,11642.783464
5582.484119,0.845,0.845,200,11647.329827
5654.828148,0.795,0.805,200,11651.998107
5764.504744,0.845,0.85,200,11656.667026
5699.729105,0.815,0.82,200,11661.3588
5739.273659,0.845,0.845,200,11666.098604
5616.179651,0.86,0.865,200,11672.862556
5694.603272,0.835,0.84,200,11677.543161
4382.39303,0.51,0.515,200,11682.175515
5588.948836,0.79,0.805,200,11686.771293
4851.43786,0.845,0.85,200,11691.386204
4798.488515,0.86,0.865,200,11696.021215
5325.33042,0.835,0.835,200,11700.762874
5681.203679,0.81,0.81,200,11705.49853
5782.769867,0.865,0.87,200,11710.126545
4909.192327,0.855,0.86,200,11714.844471
5637.279713,0.86,0.88,200,11721.832948
5692.800929,0.83,0.835,200,11726.369259
5711.399391,0.815,0.82,200,11730.923106
5685.347573,0.825,0.825,200,11735.536008
5737.161338,0.81,0.83,200,11740.26253
4638.126766,0.86,0.865,200,11744.850499
5772.021304,0.86,0.86,200,11749.562636
5641.222318,0.8,0.81,200,11754.420594
5598.4056,0.855,0.855,200,11759.070902
5772.847866,0.865,0.88,200,11763.925297
5347.819032,0.85,0.85,200,11770.844805
5763.322253,0.85,0.86,200,11775.73276
5365.676188,0.845,0.845,200,11780.471083
4667.843487,0.84,0.86,200,11785.179325
5736.399947,0.845,0.85,200,11789.960952
5766.534147,0.845,0.85,200,11794.78156
5591.955196,0.835,0.85,200,11799.507496
5756.188833,0.84,0.845,200,11804.220973
5701.12635,0.855,0.86,200,11808.964063
5725.868482,0.86,0.865,200,11813.828042
5660.831037,0.815,0.825,200,11820.818591
5684.883521,0.825,0.83,200,11825.494344
5691.912978,0.825,0.825,200,11830.274665
5688.993462,0.815,0.825,200,11835.013449
5700.62025,0.835,0.835,200,11839.841237
4736.551881,0.83,0.855,200,11844.689784
5726.800462,0.85,0.86,200,11849.36661
2301.64317,0.03,0.03,200,11854.141579
5779.08367,0.87,0.88,200,11858.823189
5775.855553,0.86,0.87,200,11863.663102
4889.303491,0.845,0.855,200,11870.753059
5609.309536,0.805,0.82,200,11875.461628
5775.779058,0.87,0.875,200,11880.058246
5664.227639,0.835,0.84,200,11884.779931
5720.896774,0.86,0.87,200,11889.552691
5776.897146,0.855,0.865,200,11894.309559
5638.282629,0.815,0.82,200,11899.209221
4770.719357,0.57,0.615,200,11903.880827
5742.629723,0.84,0.85,200,11908.748714
5720.527158,0.84,0.84,200,11913.561058
5695.105257,0.825,0.825,200,11920.54873
5759.901854,0.855,0.88,200,11925.218983
5771.597406,0.855,0.865,200,11930.046653
5692.892861,0.81,0.81,200,11934.939855
5507.010556,0.84,0.845,200,11939.730909
5758.816306,0.85,0.85,200,11944.521262
5653.303262,0.845,0.845,200,11949.240561
4727.144997,0.865,0.865,200,11953.953118
5758.656668,0.86,0.865,200,11958.829237
5580.798689,0.845,0.85,200,11963.510901
5771.840532,0.855,0.865,200,11970.437752
4861.630796,0.835,0.86,200,11975.163965
5672.903587,0.815,0.815,200,11979.852535
5770.375967,0.86,0.86,200,11984.703259
5653.152741,0.855,0.855,200,11989.472539
5690.421846,0.8,0.815,200,11994.110833
5727.206739,0.84,0.84,200,11998.822122
5630.454923,0.84,0.84,200,12003.591487
5748.388909,0.835,0.84,200,12008.24157
4986.398771,0.845,0.85,200,12012.79664
5684.640146,0.83,0.83,200,12019.706884
3415.052758,0.455,0.455,200,12024.177511
5784.086167,0.865,0.885,200,12028.834944
5685.21726,0.815,0.83,200,12033.484799
5772.048674,0.865,0.87,200,12038.067273
5753.315373,0.855,0.855,200,12042.740074
5642.440286,0.835,0.845,200,12047.433191
5655.326954,0.835,0.835,200,12052.13303
5654.995346,0.83,0.83,200,12056.767069
4418.246805,0.755,0.78,200,12061.380739
5705.584792,0.825,0.825,200,12068.315115
5656.587494,0.82,0.825,200,12072.895289
5763.723938,0.845,0.855,200,12077.588283
5264.854041,0.835,0.85,200,12082.10993
5596.017975,0.8,0.815,200,12086.650181
4322.41398,0.87,0.885,200,12091.105155
5731.518362,0.835,0.84,200,12095.660092
5763.608743,0.86,0.87,200,12099.962763
5657.629171,0.83,0.835,200,12104.460736
3845.517186,0.86,0.865,200,12109.026621
5477.939443,0.86,0.87,200,12115.700144
5752.689264,0.845,0.845,200,12120.156045
4221.748749,0.855,0.855,200,12124.718906
4749.024361,0.855,0.855,200,12129.293536
5794.008548,0.865,0.88,200,12133.844492
3678.1588,0.885,0.885,200,12138.432441
5771.133047,0.845,0.86,200,12142.899182
4997.07594,0.86,0.875,200,12147.449523
5701.059637,0.82,0.835,200,12152.140805
5798.042762,0.885,0.885,200,12156.609133
5698.296564,0.83,0.83,200,12163.3
4899.961329,0.875,0.875,200,12167.927644
5632.611294,0.835,0.84,200,12172.723122
5476.304042,0.835,0.85,200,12177.216894
5728.927785,0.875,0.875,200,12181.728321
5683.900731,0.825,0.83,200,12186.325136
5703.939536,0.83,0.83,200,12190.998342
5714.732771,0.855,0.865,200,12195.516231
5683.587509,0.835,0.845,200,12200.115965
5760.987149,0.86,0.865,200,12204.883891
5677.853149,0.82,0.825,200,12211.968137
5756.071024,0.86,0.86,200,12216.58998
5753.168968,0.86,0.865,200,12221.089537
5779.243006,0.87,0.875,200,12225.603281
5672.339753,0.845,0.845,200,12230.145285
5590.734064,0.79,0.805,200,12234.538243
5699.663157,0.815,0.815,200,12239.099851
5756.831071,0.84,0.85,200,12243.654564
4739.416718,0.855,0.855,200,12248.292063
2934.635531,0.87,0.88,200,12252.949613
5647.044713,0.82,0.825,200,12259.797888
5695.199216,0.82,0.82,200,12264.430681
5668.363592,0.83,0.835,200,12269.107421
4030.810581,0.865,0.87,200,12273.65431
5687.870068,0.84,0.84,200,12278.211347
5579.067419,0.865,0.88,200,12282.631197
5585.994488,0.835,0.845,200,12287.354968
5607.738164,0.81,0.82,200,12292.07906
5691.311736,0.825,0.825,200,12296.764748
5647.917443,0.845,0.87,200,12301.316329
5720.584454,0.835,0.84,200,12308.013917
5695.073853,0.83,0.83,200,12312.633178
5684.976206,0.815,0.815,200,12317.217054
5666.351728,0.87,0.88,200,12321.878265
5735.686385,0.83,0.84,200,12326.638298
5686.797119,0.83,0.835,200,12331.196834
5752.546062,0.835,0.84,200,12335.868784
5412.401164,0.83,0.845,200,12340.585514
5698.80238,0.835,0.835,200,12345.345572
5745.512944,0.84,0.84,200,12349.978776
4844.907667,0.865,0.865,200,12356.853212
5021.715166,0.84,0.845,200,12361.645905
5674.023264,0.84,0.84,200,12366.405075
5751.596152,0.85,0.855,200,12370.970363
5310.868246,0.845,0.845,200,12375.516403
3200.410422,0.215,0.23,200,12379.914842
5622.923941,0.85,0.85,200,12384.4341
5673.889158,0.835,0.835,200,12389.104493
5672.506995,0.845,0.845,200,12393.788969
5657.283378,0.845,0.845,200,12398.379762
4891.803728,0.875,0.875,200,12405.168089
5656.035729,0.835,0.835,200,12409.70035
5760.244352,0.845,0.86,200,12414.419629
5735.958183,0.845,0.845,200,12418.95472
5740.988218,0.835,0.845,200,12423.556408
4956.157333,0.86,0.87,200,12428.045348
5327.574915,0.84,0.85,200,12432.691529
5769.947125,0.89,0.89,200,12437.383172
5002.471037,0.835,0.855,200,12441.973697
5652.745694,0.84,0.845,200,12446.618011
5698.980743,0.81,0.81,200,12453.498021
5667.575704,0.86,0.875,200,12458.010235
5769.873257,0.86,0.865,200,12462.581309
5760.795694,0.865,0.875,200,12467.097668
5741.802713,0.835,0.84,200,12471.747528
5609.540937,0.8,0.8,200,12476.378308
4480.579382,0.87,0.87,200,12480.966526
5701.282611,0.815,0.815,200,12485.588901
5625.430965,0.805,0.805,200,12490.181948
5653.088654,0.845,0.85,200,12494.935275
5501.212538,0.83,0.84,200,12501.600772
5769.743287,0.87,0.87,200,12506.176017
5712.825445,0.835,0.84,200,12510.843278
5787.973159,0.85,0.87,200,12515.502929
5774.083773,0.865,0.865,200,12520.226255
5746.53295,0.84,0.85,200,12524.902387
5506.162723,0.845,0.845,200,12529.527626
5664.093852,0.84,0.84,200,12534.147128
5692.605523,0.805,0.805,200,12538.670552
5681.921018,0.83,0.835,200,12543.339096
4937.593443,0.78,0.78,200,12550.101743
5739.838013,0.84,0.845,200,12554.698568
5764.889947,0.86,0.865,200,12559.234324
5681.13607,0.82,0.84,200,12563.87327
5745.590922,0.845,0.845,200,12568.395876
5779.881833,0.865,0.865,200,12572.987732
5589.607223,0.805,0.805,200,12577.647307
5678.968781,0.81,0.81,200,12582.342132
5673.77558,0.8,0.8,200,12587.046441
5662.401892,0.815,0.82,200,12591.623173
5671.137076,0.845,0.86,200,12598.455571
5663.061778,0.805,0.825,200,12602.984144
5662.092445,0.85,0.85,200,12607.558868
5774.671112,0.86,0.865,200,12612.06266
5695.940495,0.815,0.815,200,12616.572077
3698.867531,0.87,0.87,200,12620.955105
5695.860679,0.865,0.865,200,12625.487493
5082.999228,0.85,0.865,200,12629.806279
5725.708831,0.835,0.835,200,12634.266729
5187.776148,0.855,0.855,200,12638.816412
5591.77284,0.8,0.8,200,12645.508684
5732.721553,0.87,0.875,200,12649.764131
5776.369126,0.86,0.865,200,12654.248393
5775.205983,0.865,0.865,200,12658.919185
5638.783325,0.835,0.835,200,12663.475271
5706.783542,0.815,0.815,200,12668.0528
5745.123883,0.86,0.86,200,12672.693063
5722.225469,0.86,0.86,200,12677.285847
5748.808764,0.835,0.84,200,12682.088111
5654.363161,0.84,0.84,200,12686.75527
5580.568129,0.85,0.86,200,12693.607535
5744.50786,0.835,0.84,200,12698.250654
5652.478445,0.805,0.82,200,12702.848108
5764.248202,0.86,0.865,200,12707.381263
5762.879801,0.86,0.865,200,12711.746892
5767.204867,0.855,0.855,200,12716.369265
5730.639454,0.86,0.86,200,12720.786035
5778.127266,0.86,0.875,200,12725.428544
5348.607163,0.855,0.86,200,12730.155895
5736.086236,0.85,0.85,200,12734.77432
4631.090424,0.865,0.87,200,12741.68559
5659.727103,0.84,0.84,200,12746.34742
5620.646955,0.845,0.88,200,12750.77782
4674.10516,0.645,0.66,200,12755.287452
5600.577413,0.87,0.875,200,12759.929973
5689.79604,0.83,0.83,200,12764.502756
5536.428677,0.855,0.865,200,12769.166865
5774.80476,0.845,0.86,200,12773.73417
3901.24939,0.63,0.65,200,12778.215641
5753.966002,0.845,0.845,200,12782.710703
5623.794733,0.81,0.82,200,12789.332627
5600.963926,0.805,0.815,200,12793.971053
5715.49375,0.84,0.84,200,12798.624887
4242.569401,0.585,0.59,200,12803.235014
5550.077966,0.86,0.87,200,12807.730489
5694.475244,0.84,0.865,200,12812.276693
5769.794177,0.855,0.86,200,12816.894018
5743.105417,0.85,0.855,200,12821.55625
5605.250332,0.79,0.805,200,12826.069393
5749.833867,0.87,0.875,200,12830.580508
5688.653124,0.805,0.81,200,12837.309516
5690.859594,0.84,0.84,200,12841.878508
5614.722829,0.8,0.815,200,12846.382131
5693.65199,0.825,0.825,200,12850.892514
3940.657331,0.575,0.58,200,12855.292372
5782.562993,0.87,0.87,200,12859.787239
5602.829867,0.84,0.845,200,12864.433726
5772.378066,0.855,0.865,200,12868.881165
5707.550479,0.825,0.825,200,12873.56291
5532.216842,0.845,0.85,200,12878.065794
5772.777159,0.845,0.865,200,12884.787954
5700.737394,0.815,0.82,200,12889.383912
5667.294675,0.81,0.82,200,12893.894859
5209.506165,0.845,0.845,200,12898.395079
5129.424085,0.865,0.865,200,12902.915637
4979.107979,0.86,0.865,200,12907.5552
5757.57264,0.865,0.87,200,12912.093813
5688.668726,0.815,0.815,200,12916.64983
5782.675803,0.875,0.875,200,12921.092709
5726.48293,0.855,0.88,200,12925.663416
5614.31103,0.805,0.81,200,12932.435061
5764.047229,0.85,0.855,200,12937.018798
5680.922435,0.835,0.835,200,12941.580203
5775.827061,0.85,0.86,200,12946.228879
5603.739265,0.845,0.855,200,12950.714609
5739.00359,0.84,0.85,200,12955.239253
5689.653944,0.835,0.84,200,12959.769017
5681.558312,0.84,0.84,200,12964.493869
4888.85626,0.875,0.89,200,12969.176943
5779.542371,0.87,0.87,200,12973.978248
5659.199029,0.84,0.85,200,12980.856737
5702.825827,0.835,0.835,200,12985.626647
5655.136532,0.815,0.825,200,12990.379753
5714.554459,0.835,0.835,200,12994.990357
5734.547318,0.84,0.845,200,12999.528595
5689.301688,0.82,0.82,200,13004.157229
4208.998022,0.61,0.63,200,13008.841234
4806.702861,0.845,0.855,200,13013.595196
5608.231496,0.795,0.81,200,13018.224938
5776.120621,0.855,0.865,200,13022.948935
5750.541861,0.86,0.86,200,13029.81829
5524.889805,0.84,0.84,200,13034.504419
5766.928846,0.85,0.86,200,13039.130633
5215.010622,0.725,0.745,200,13043.779114
5643.056149,0.84,0.845,200,13048.471627
5732.846775,0.85,0.86,200,13053.115581
5719.829213,0.88,0.88,200,13057.775547
3845.782871,0.87,0.875,200,13062.540647
5653.814336,0.825,0.825,200,13067.322393
5786.407346,0.86,0.87,200,13072.070486
5766.286927,0.855,0.86,200,13078.931037
5768.018929,0.86,0.87,200,13083.54885
5169.07119,0.845,0.86,200,13088.318823
5652.373281,0.86,0.87,200,13093.010341
5694.720331,0.815,0.815,200,13097.699585
5741.735998,0.855,0.87,200,13102.387087
5452.644252,0.865,0.865,200,13107.019572
5150.589873,0.865,0.865,200,13111.638038
5773.578215,0.875,0.875,200,13116.435929
5736.452358,0.835,0.835,200,13121.037314
5565.381737,0.86,0.885,200,13128.011365
5664.1922,0.825,0.825,200,13132.630694
5758.932897,0.855,0.855,200,13137.335896
5745.145961,0.835,0.835,200,13142.067787
5679.524407,0.805,0.81,200,13146.73552
5289.40632,0.84,0.855,200,13151.46655
5704.831955,0.83,0.83,200,13156.268435
4500.501516,0.585,0.6,200,13161.013999
5731.901382,0.86,0.865,200,13165.740035
5510.375007,0.825,0.85,200,13170.580961
5013.234177,0.86,0.86,200,13177.320083
5765.222959,0.855,0.855,200,13182.043824
5693.554354,0.795,0.805,200,13186.878818
5745.896231,0.84,0.845,200,13191.522537
5654.56296,0.83,0.83,200,13196.19838
5636.425212,0.83,0.84,200,13200.951451
5774.548632,0.865,0.875,200,13205.62676
5775.872241,0.855,0.865,200,13210.168176
5646.491537,0.81,0.815,200,13214.775095
5714.614265,0.865,0.87,200,13219.508873
5580.572462,0.83,0.84,200,13226.355618
5678.194193,0.87,0.87,200,13231.115889
5741.445662,0.845,0.85,200,13235.806669
5744.872682,0.85,0.85,200,13240.508218
5741.951095,0.84,0.84,200,13245.150846
5778.757388,0.86,0.86,200,13249.865452
4959.298509,0.845,0.865,200,13254.635182
5727.856857,0.845,0.845,200,13259.3306
5683.06246,0.815,0.83,200,13264.158828
5730.575259,0.835,0.845,200,13268.891562
5753.764798,0.835,0.845,200,13275.83478
5698.529723,0.83,0.83,200,13280.395174
5757.957386,0.845,0.85,200,13284.875827
5763.19035,0.865,0.87,200,13289.574778
5637.189946,0.815,0.82,200,13294.14789
5727.212412,0.835,0.835,200,13298.730035
5643.755024,0.82,0.82,200,13303.269092
5150.8764,0.75,0.785,200,13307.925494
4993.442607,0.84,0.84,200,13312.650213
4435.498282,0.87,0.87,200,13317.308089
4668.253902,0.875,0.875,200,13324.294436
5732.882114,0.85,0.85,200,13328.939091
5664.683169,0.805,0.825,200,13333.679105
5546.681725,0.815,0.82,200,13338.314382
5665.691258,0.84,0.84,200,13343.171795
5595.914349,0.835,0.85,200,13347.781192
5657.265727,0.87,0.875,200,13352.313877
5751.643177,0.86,0.865,200,13356.921612
5660.532456,0.785,0.785,200,13361.620671
5778.290025,0.86,0.87,200,13366.218387
5677.793662,0.805,0.805,200,13373.019414
5773.75347,0.865,0.87,200,13377.751593
5691.794857,0.825,0.83,200,13382.462448
5675.591608,0.835,0.835,200,13387.077768
5714.670045,0.855,0.855,200,13391.699657
5701.356674,0.865,0.87,200,13396.461243
5676.53805,0.81,0.83,200,13401.191075
5682.173525,0.825,0.825,200,13405.931001
5764.181884,0.86,0.875,200,13410.807016
5784.367831,0.87,0.875,200,13415.486546
5721.356556,0.855,0.865,200,13422.304284
5748.126125,0.84,0.845,200,13426.982873
5726.868624,0.855,0.88,200,13431.528191
5670.186387,0.795,0.795,200,13436.184228
5782.436556,0.875,0.875,200,13440.717719
5755.525537,0.865,0.875,200,13445.30523
5781.30819,0.86,0.865,200,13449.987568
3892.811431,0.855,0.865,200,13454.715664
5744.932218,0.845,0.85,200,13459.272343
5626.421544,0.81,0.815,200,13464.004127
5780.574306,0.865,0.865,200,13470.997418
4783.951048,0.865,0.865,200,13475.704027
5688.370988,0.86,0.865,200,13480.372649
5785.278914,0.86,0.87,200,13485.028492
5740.532401,0.845,0.845,200,13489.616544
5696.122844,0.825,0.825,200,13494.160417
5611.044037,0.875,0.885,200,13498.857137
5701.315666,0.82,0.835,200,13503.521154
5661.051646,0.85,0.85,200,13508.143155
5716.238899,0.825,0.825,200,13512.614865
5784.318942,0.87,0.87,200,13519.469098
5776.115109,0.86,0.86,200,13524.12973
5737.606991,0.845,0.845,200,13528.769135
5690.09448,0.805,0.805,200,13533.463695
5111.877262,0.855,0.855,200,13538.218647
5714.972074,0.86,0.87,200,13542.889089
4699.534227,0.87,0.88,200,13547.503204
5623.82322,0.8,0.815,200,13552.151152
5769.702528,0.855,0.855,200,13556.800249
5634.290867,0.855,0.865,200,13561.241462
5685.017947,0.8,0.8,200,13568.229928
3897.827603,0.865,0.865,200,13572.91428
3753.054412,0.415,0.44,200,13577.505949
5651.451531,0.86,0.89,200,13582.176703
5664.416512,0.845,0.86,200,13586.836853
5748.033215,0.84,0.84,200,13591.621816
5181.048079,0.85,0.855,200,13596.372764
5774.23997,0.86,0.87,200,13601.192812
4699.492411,0.875,0.875,200,13605.754794
5709.41037,0.805,0.825,200,13610.433632
5611.518439,0.865,0.865,200,13617.260303
4782.065124,0.87,0.87,200,13621.946992
5751.160747,0.86,0.86,200,13626.679751
5688.6575,0.84,0.84,200,13631.410468
5713.443533,0.86,0.865,200,13636.047155
5654.75166,0.855,0.865,200,13640.752379
5780.806263,0.865,0.875,200,13645.386797
5028.437532,0.86,0.86,200,13649.84627
5694.142183,0.83,0.83,200,13654.47958
5775.208989,0.86,0.87,200,13659.009159
5600.4508,0.795,0.81,200,13665.805036
5673.864966,0.825,0.825,200,13670.452351
5728.891483,0.87,0.875,200,13675.00974
4942.406594,0.835,0.86,200,13679.484321
4576.78469,0.865,0.865,200,13684.000224
5610.073288,0.81,0.81,200,13688.523838
5755.720973,0.85,0.855,200,13693.135509
5160.235484,0.875,0.88,200,13697.749866
5708.766403,0.865,0.865,200,13702.259521
5664.102062,0.835,0.85,200,13706.749385
5709.993288,0.825,0.83,200,13713.552123
5138.525096,0.725,0.74,200,13718.059445
5669.154353,0.865,0.87,200,13722.629011
5736.38865,0.855,0.87,200,13727.104659
5774.771645,0.86,0.865,200,13731.66677
5072.112993,0.855,0.86,200,13736.208911
5681.423457,0.805,0.805,200,13740.698111
5783.575777,0.875,0.875,200,13745.168173
5691.277841,0.805,0.805,200,13749.851398
5780.386293,0.86,0.87,200,13754.409309
5695.36251,0.815,0.83,200,13761.089794
5700.085143,0.82,0.825,200,13765.692523
5260.531216,0.845,0.86,200,13770.296444
5766.236711,0.855,0.855,200,13774.948918
5687.979183,0.825,0.83,200,13779.692518
4842.171819,0.845,0.855,200,13784.313741
5764.55952,0.855,0.86,200,13788.791852
5705.55066,0.815,0.82,200,13793.468256
5766.914179,0.875,0.88,200,13798.152463
5724.188095,0.88,0.88,200,13802.85361
5769.530484,0.865,0.865,200,13809.69222
5666.342163,0.85,0.85,200,13814.354003
5768.016011,0.85,0.855,200,13818.991869
5747.174889,0.855,0.87,200,13823.643275
5651.397083,0.855,0.855,200,13828.309073
5640.822817,0.82,0.82,200,13832.970799
5612.593838,0.85,0.88,200,13837.478224
5719.488082,0.83,0.84,200,13842.178533
5754.361184,0.855,0.855,200,13846.783202
5711.576052,0.865,0.865,200,13851.466552
5640.321426,0.85,0.85,200,13858.407304
5704.67412,0.87,0.87,200,13863.088037
5773.364043,0.86,0.865,200,13867.740723
5784.770605,0.86,0.87,200,13872.312468
5684.281193,0.805,0.805,200,13876.881324
5674.637859,0.795,0.795,200,13881.634032
5700.655807,0.815,0.82,200,13886.181414
2807.677784,0.87,0.875,200,13890.868049
5772.857239,0.86,0.86,200,13895.514031
5727.87264,0.845,0.845,200,13900.081237
5704.322392,0.83,0.84,200,13906.74659
5728.338506,0.855,0.86,200,13911.385519
5676.328932,0.825,0.84,200,13915.971911
5745.103758,0.845,0.85,200,13920.586388
5762.513394,0.865,0.865,200,13925.344802
5498.273905,0.84,0.855,200,13929.898613
5308.963605,0.86,0.865,200,13934.440207
5359.895969,0.64,0.64,200,13939.088525
5638.813027,0.81,0.815,200,13943.8359
5702.605677,0.82,0.825,200,13948.41919
5727.46733,0.835,0.845,200,13955.209425
5693.065646,0.83,0.83,200,13959.586654
5503.604746,0.835,0.845,200,13964.17292
4994.212897,0.855,0.855,200,13968.773035
5771.393302,0.865,0.865,200,13973.491813
5692.067383,0.825,0.825,200,13977.940102
5671.94599,0.84,0.845,200,13982.539815
5699.961183,0.825,0.825,200,13987.234117
5631.612921,0.815,0.815,200,13991.768972
5693.950073,0.81,0.81,200,13996.448082
5760.263465,0.855,0.865,200,14003.265963
5232.528101,0.86,0.86,200,14008.070529
5725.678204,0.845,0.845,200,14012.757915
5762.956723,0.855,0.855,200,14017.379705
5767.037368,0.855,0.86,200,14021.981019
5651.627301,0.815,0.815,200,14026.759063
4376.914641,0.725,0.745,200,14031.473452
5706.05854,0.835,0.835,200,14036.19637
5675.008498,0.805,0.805,200,14040.764824
5614.677269,0.85,0.85,200,14045.449251
4648.802872,0.71,0.73,200,14052.373657
5715.720027,0.82,0.83,200,14056.857489
5730.350973,0.845,0.845,200,14061.479773
5410.258499,0.87,0.88,200,14066.129126
5761.434307,0.855,0.855,200,14070.644457
5687.885092,0.835,0.845,200,14075.362132
5631.303963,0.83,0.855,200,14080.004387
5673.103851,0.84,0.84,200,14084.613168
5662.902005,0.85,0.85,200,14089.315088
5780.842553,0.87,0.87,200,14093.824938
5785.555918,0.865,0.87,200,14100.5437
5663.754013,0.85,0.88,200,14105.192549
5310.599854,0.865,0.865,200,14109.796258
5783.336313,0.865,0.87,200,14114.463326
5708.566775,0.82,0.82,200,14119.127277
5552.609552,0.87,0.87,200,14123.693274
5688.460504,0.83,0.83,200,14128.282528
5733.009455,0.865,0.87,200,14133.034533
5699.868456,0.805,0.815,200,14137.613314
5692.705227,0.85,0.855,200,14142.165366
5776.889779,0.88,0.89,200,14148.886905
5714.502351,0.835,0.84,200,14153.554432
5052.508495,0.865,0.87,200,14158.146049
5587.133993,0.85,0.87,200,14162.784172
5749.934906,0.85,0.85,200,14167.510643
5742.546968,0.865,0.88,200,14172.192281
5760.904657,0.855,0.86,200,14176.788695
5066.813446,0.85,0.85,200,14181.620106
4564.50363,0.86,0.865,200,14186.17986
5756.234146,0.85,0.85,200,14190.705115
5765.966221,0.86,0.865,200,14197.550673
5056.040512,0.845,0.845,200,14202.208391
5688.437475,0.845,0.845,200,14206.885056
5744.607878,0.84,0.84,200,14211.633189
5755.777016,0.85,0.85,200,14216.254393
5693.491432,0.835,0.845,200,14220.947227
5669.087898,0.84,0.87,200,14225.669948
5764.549886,0.86,0.865,200,14230.302291
5671.541153,0.81,0.825,200,14234.966756
5757.202285,0.855,0.865,200,14239.727544
5601.389557,0.795,0.8,200,14246.598775
5730.361101,0.845,0.845,200,14251.278581
5741.906665,0.83,0.84,200,14255.953086
5391.541719,0.85,0.855,200,14260.661172
5692.259345,0.855,0.855,200,14265.427485
5777.927732,0.84,0.865,200,14270.092943
5782.114915,0.87,0.88,200,14274.682648
5676.399163,0.855,0.875,200,14279.3485
5712.842257,0.84,0.84,200,14284.032125
5790.236341,0.875,0.875,200,14288.706839
5699.017707,0.855,0.855,200,14295.443198
5735.063549,0.86,0.86,200,14300.179945
5719.543172,0.87,0.87,200,14304.83143
5695.069093,0.85,0.85,200,14309.573193
5704.897798,0.865,0.875,200,14314.200654
5663.327847,0.83,0.83,200,14318.851604
5750.65003,0.865,0.865,200,14323.458437
5407.738038,0.855,0.855,200,14328.053169
5698.455346,0.81,0.815,200,14332.72813
5700.109586,0.85,0.86,200,14337.338014
5687.543529,0.84,0.845,200,14344.25299
5720.378951,0.835,0.84,200,14348.933108
5402.432147,0.875,0.875,200,14353.575112
5369.444623,0.855,0.855,200,14358.308288
5711.972117,0.825,0.825,200,14362.936987
5779.07868,0.86,0.86,200,14367.613684
5664.375902,0.82,0.82,200,14372.29087
5696.049449,0.845,0.85,200,14376.863896
5685.020516,0.81,0.81,200,14381.587396
5757.465074,0.835,0.845,200,14386.297642
5743.935318,0.86,0.87,200,14393.193716
5714.369269,0.835,0.835,200,14397.945099
5714.54534,0.83,0.84,200,14402.68179
5677.017673,0.835,0.835,200,14407.392255
5211.274062,0.855,0.86,200,14412.185741
5669.729131,0.84,0.85,200,14416.812899
5750.495577,0.855,0.875,200,14421.436628
5647.652803,0.83,0.87,200,14426.180385
5754.900379,0.855,0.865,200,14430.823449
5751.978951,0.85,0.85,200,14435.523203
5771.910454,0.865,0.87,200,14442.43745
5724.577612,0.885,0.89,200,14447.100864
5715.955787,0.865,0.865,200,14451.706844
5730.304807,0.855,0.86,200,14456.349111
5737.728577,0.84,0.84,200,14461.063583
5732.136805,0.875,0.88,200,14465.723589
5689.638711,0.825,0.825,200,14470.397205
5683.970576,0.855,0.86,200,14475.021515
5746.683693,0.85,0.85,200,14479.633435
5662.380692,0.855,0.87,200,14484.323618
5691.809565,0.84,0.85,200,14490.975494
5608.757244,0.845,0.85,200,14495.50777
5691.232925,0.825,0.825,200,14500.104676
5767.596781,0.875,0.88,200,14504.653417
5738.381714,0.85,0.85,200,14509.199089
5702.781662,0.855,0.855,200,14513.783716
4965.117867,0.875,0.875,200,14518.223618
5739.932678,0.865,0.87,200,14522.909006
5362.233418,0.675,0.695,200,14527.601078
5703.797447,0.87,0.875,200,14532.167713
5749.369318,0.835,0.85,200,14539.108708
5771.276521,0.86,0.86,200,14543.760855
5210.777384,0.84,0.84,200,14548.341566
5696.647691,0.825,0.83,200,14552.866547
4667.435011,0.675,0.685,200,14557.487047
5697.973346,0.855,0.86,200,14561.942446
5711.09849,0.81,0.82,200,14566.530494
5316.904956,0.855,0.865,200,14571.069321
5766.589942,0.855,0.855,200,14575.730762
5485.062396,0.85,0.855,200,14580.300298
5693.924913,0.835,0.835,200,14587.178404
5771.117445,0.865,0.88,200,14591.836316
5759.262924,0.86,0.875,200,14596.370959
5355.193507,0.855,0.855,200,14600.891706
5518.839454,0.825,0.865,200,14605.501509
5598.649048,0.82,0.865,200,14610.235924
5444.843008,0.84,0.845,200,14614.853688
5636.87821,0.81,0.82,200,14619.587847
5706.072088,0.81,0.82,200,14624.178174
5772.592647,0.865,0.87,200,14628.645005
5616.521695,0.815,0.815,200,14635.646195
5629.482222,0.85,0.85,200,14640.382357
5248.151701,0.87,0.87,200,14645.071963
5706.013222,0.85,0.855,200,14649.805603
5742.789161,0.865,0.865,200,14654.422641
5724.665749,0.835,0.84,200,14659.185564
5759.503073,0.855,0.855,200,14663.918389
5741.943198,0.85,0.85,200,14668.451998
5774.448661,0.865,0.865,200,14673.109058
5688.793951,0.835,0.875,200,14677.677868
5748.363312,0.835,0.845,200,14684.394945
5752.251673,0.855,0.86,200,14689.117922
5325.484981,0.87,0.87,200,14693.810477
5400.214399,0.845,0.85,200,14698.399428
5608.01331,0.82,0.82,200,14703.070971
5778.895397,0.87,0.87,200,14707.647969
5245.729477,0.845,0.845,200,14712.197225
5729.719685,0.865,0.875,200,14716.930305
5610.42802,0.815,0.815,200,14721.561791
5700.341632,0.83,0.83,200,14726.32067
5749.936396,0.85,0.855,200,14733.215285
5514.976215,0.855,0.855,200,14737.860089
5686.122393,0.865,0.87,200,14742.570229
5704.559274,0.81,0.83,200,14747.127025
5645.722229,0.845,0.885,200,14751.759439
5691.80032,0.86,0.86,200,14756.4514
5744.2976,0.86,0.875,200,14761.076314
5709.596249,0.84,0.84,200,14765.648439
5689.436891,0.835,0.855,200,14770.15245
5668.813961,0.85,0.855,200,14774.878044
5771.8073,0.86,0.885,200,14781.613609
5679.654158,0.85,0.855,200,14786.200344
5758.3321,0.845,0.86,200,14790.85854
5763.610481,0.87,0.885,200,14795.382559
5712.230361,0.825,0.83,200,14800.015341
5684.978045,0.835,0.855,200,14804.717918
5693.67277,0.81,0.81,200,14809.453203
5784.084155,0.87,0.875,200,14814.092206
5757.432555,0.85,0.855,200,14818.770133
5626.10546,0.865,0.88,200,14823.470336
5758.599523,0.85,0.85,200,14830.396625
5765.514634,0.875,0.875,200,14834.990333
5761.807948,0.845,0.845,200,14839.538281
5712.214479,0.815,0.825,200,14844.064728
5154.237739,0.845,0.86,200,14848.630896
5754.160099,0.875,0.875,200,14853.412803
5696.154355,0.8,0.81,200,14857.855165
5666.432009,0.825,0.825,200,14862.347268
5778.786605,0.87,0.88,200,14866.940335
5678.781109,0.835,0.835,200,14871.621156
4502.174736,0.415,0.44,200,14878.257077
2196.347809,0.065,0.065,200,14882.787154
5729.844978,0.845,0.845,200,14887.31975
5752.008295,0.84,0.845,200,14891.76005
5610.98948,0.79,0.795,200,14896.300048
5730.246776,0.855,0.865,200,14900.751074
5671.939259,0.84,0.84,200,14905.146903
5703.392954,0.81,0.81,200,14909.654626
5702.395973,0.86,0.875,200,14914.033608
5212.173905,0.86,0.86,200,14918.461553
5654.080552,0.815,0.825,200,14925.185533
5702.069047,0.82,0.82,200,14929.60604
5682.130295,0.855,0.86,200,14934.077346
5754.353332,0.87,0.875,200,14938.591066
5717.167273,0.84,0.84,200,14943.203311
5778.436179,0.865,0.865,200,14947.917583
4760.532148,0.86,0.86,200,14952.417099
5766.158982,0.855,0.855,200,14957.010784
5697.587297,0.82,0.83,200,14961.444002
4205.886211,0.395,0.4,200,14965.819234
5644.873428,0.805,0.82,200,14972.320707
5694.56652,0.845,0.845,200,14976.862291
5681.729639,0.85,0.855,200,14981.499688
5729.290496,0.84,0.84,200,14985.977817
5722.509291,0.83,0.835,200,14990.55906
5720.89795,0.855,0.86,200,14995.067479
5733.899372,0.835,0.845,200,14999.410808
5674.62247,0.84,0.85,200,15003.973113
5751.883072,0.845,0.85,200,15008.521063
5680.190183,0.85,0.855,200,15012.964999
5713.735838,0.82,0.82,200,15019.812513
5748.60479,0.855,0.86,200,15024.110991
5609.660031,0.87,0.89,200,15028.535008
5702.080645,0.84,0.84,200,15033.254403
5735.494037,0.87,0.87,200,15037.772836
5461.81678,0.83,0.88,200,15042.358897
5635.000408,0.84,0.845,200,15047.028833
5639.701894,0.815,0.825,200,15051.620366
4556.027395,0.735,0.74,200,15056.087258
5718.200545,0.82,0.835,200,15060.612888
5085.988901,0.855,0.88,200,15067.629507
5704.932658,0.815,0.82,200,15072.149009
5714.204605,0.83,0.845,200,15076.764019
5714.02161,0.825,0.85,200,15081.313058
5594.449784,0.84,0.865,200,15085.99712
5757.000066,0.84,0.845,200,15090.822771
5715.642576,0.81,0.82,200,15095.542215
5452.016358,0.85,0.855,200,15100.147117
3605.872069,0.865,0.88,200,15104.647991
5722.101162,0.825,0.835,200,15109.238577
4984.042784,0.46,0.485,200,15115.721628
5763.544658,0.85,0.86,200,15120.174392
5670.433874,0.825,0.825,200,15124.568766
5559.643551,0.845,0.865,200,15128.865031
5668.52448,0.83,0.84,200,15133.162892
5783.660149,0.85,0.87,200,15137.681861
5533.888016,0.84,0.875,200,15141.982758
5669.559515,0.84,0.845,200,15146.473629
5762.039261,0.865,0.875,200,15150.983351
5666.971819,0.855,0.88,200,15155.594842
5698.007786,0.81,0.815,200,15162.157069
5783.828022,0.875,0.875,200,15166.497545
5649.915776,0.845,0.845,200,15171.136252
5744.867117,0.85,0.85,200,15175.615474
5702.238997,0.85,0.85,200,15180.31093
5607.820768,0.81,0.81,200,15184.977906
5707.340349,0.84,0.855,200,15189.502269
5754.757639,0.87,0.87,200,15194.093579
5678.953185,0.815,0.815,200,15198.633599
5698.631414,0.83,0.83,200,15203.148252
5781.661789,0.86,0.87,200,15210.014581
5231.839732,0.87,0.87,200,15214.479868
5128.046148,0.875,0.875,200,15219.040158
5693.943808,0.86,0.875,200,15223.465303
5698.750307,0.84,0.84,200,15227.938137
5793.549835,0.875,0.875,200,15232.430933
5760.956647,0.86,0.87,200,15236.874422
5558.750904,0.85,0.86,200,15241.311522
4999.717882,0.865,0.865,200,15245.769337
5681.983698,0.825,0.825,200,15250.198625
5547.923771,0.845,0.85,200,15256.554633
5752.159505,0.855,0.855,200,15260.777728
5720.118779,0.88,0.88,200,15265.312824
5722.612913,0.88,0.89,200,15269.83253
5769.907175,0.85,0.865,200,15274.400127
5695.1296,0.81,0.83,200,15278.720659
5516.666903,0.83,0.86,200,15283.148807
5295.381491,0.875,0.875,200,15287.666996
5780.363147,0.88,0.885,200,15292.316673
5741.86431,0.85,0.85,200,15297.014881
5692.30182,0.84,0.84,200,15303.663101
5715.579623,0.825,0.84,200,15308.302501
5470.00875,0.855,0.86,200,15312.981535
5760.174232,0.835,0.85,200,15317.489884
5645.144485,0.82,0.82,200,15322.020346
5693.84873,0.82,0.82,200,15326.637969
5637.212438,0.82,0.82,200,15331.328115
5649.63391,0.85,0.865,200,15336.037595
5666.608665,0.845,0.845,200,15340.726346
5682.032341,0.825,0.825,200,15345.455781
5116.242879,0.85,0.86,200,15352.461606
5762.287976,0.86,0.875,200,15357.175246
5679.287355,0.825,0.825,200,15361.951802
5705.244413,0.815,0.82,200,15366.710998
4468.173795,0.69,0.73,200,15371.356596
5727.710895,0.845,0.86,200,15376.095037
5702.914622,0.83,0.83,200,15380.830241
5697.864909,0.835,0.835,200,15385.586398
5703.86203,0.815,0.82,200,15390.070749
5645.12426,0.81,0.81,200,15394.838358
5621.548031,0.815,0.815,200,15401.281896
4831.190785,0.835,0.835,200,15405.928775
5700.940418,0.82,0.835,200,15410.607426
5711.293006,0.815,0.82,200,15415.295917
5756.144954,0.84,0.855,200,15419.803452
5702.603523,0.82,0.825,200,15424.404547
5771.451357,0.86,0.86,200,15428.788812
4891.243947,0.875,0.875,200,15433.434415
5768.500715,0.865,0.865,200,15438.137582
5628.3146,0.84,0.88,200,15442.755878
5764.656976,0.85,0.85,200,15449.689883
5733.472211,0.865,0.865,200,15454.424836
5780.838274,0.865,0.865,200,15459.028639
5761.46126,0.865,0.87,200,15463.668234
5717.053506,0.845,0.85,200,15468.382179
5779.074615,0.865,0.865,200,15473.038463
5702.704464,0.83,0.855,200,15477.803063
5773.283468,0.87,0.88,200,15482.493029
5564.207434,0.85,0.85,200,15487.245623
5718.16808,0.865,0.865,200,15492.022854
5712.712589,0.87,0.875,200,15498.950686
5763.754747,0.85,0.86,200,15503.497929
5762.692697,0.85,0.85,200,15508.155078
5709.180983,0.845,0.845,200,15512.839108
5300.7246,0.86,0.865,200,15517.581817
5757.960417,0.855,0.855,200,15522.255369
5708.725148,0.84,0.845,200,15527.041095
5732.793696,0.86,0.865,200,15531.794176
5547.252948,0.845,0.845,200,15536.551823
5740.90978,0.855,0.855,200,15541.245976
5712.666805,0.84,0.84,200,15548.145325
5786.936127,0.885,0.885,200,15552.814149
5265.289715,0.86,0.86,200,15557.560416
5721.816967,0.83,0.875,200,15562.377255
5261.866874,0.84,0.86,200,15567.0972
5340.328294,0.86,0.86,200,15571.936893
5665.587115,0.86,0.86,200,15576.750655
5589.326924,0.78,0.8,200,15581.539831
5761.051191,0.845,0.85,200,15586.257918
5705.328428,0.815,0.82,200,15590.875675
5658.074962,0.85,0.87,200,15597.554441
5682.482822,0.81,0.825,200,15602.257635
5666.375211,0.825,0.825,200,15606.933558
5711.23366,0.815,0.82,200,15611.61192
5735.842992,0.865,0.87,200,15616.43081
5793.505031,0.86,0.88,200,15621.131278
5677.59629,0.835,0.84,200,15625.833997
5736.052528,0.84,0.845,200,15630.571886
5739.366272,0.87,0.885,200,15635.264915
5726.35391,0.845,0.845,200,15640.068697
5227.364428,0.875,0.875,200,15647.087934
5691.154284,0.84,0.84,200,15651.827066
5662.726019,0.835,0.835,200,15656.537897
5689.016547,0.85,0.85,200,15661.325817
5730.898637,0.86,0.865,200,15666.050602
5756.406878,0.865,0.88,200,15670.783405
5716.783593,0.85,0.85,200,15675.467031
5751.291841,0.84,0.85,200,15680.175929
5712.989963,0.83,0.84,200,15684.803691
5695.938085,0.84,0.84,200,15689.482355
5788.72608,0.86,0.875,200,15696.429924
5709.69908,0.84,0.85,200,15701.210738
5723.910676,0.87,0.87,200,15705.884167
5702.368986,0.85,0.85,200,15710.539355
5604.333344,0.81,0.81,200,15715.277168
5749.918724,0.855,0.855,200,15719.933301
5709.509599,0.825,0.84,200,15724.610782
5785.554466,0.865,0.87,200,15729.310094
5662.102078,0.82,0.82,200,15734.04668
5780.427791,0.86,0.865,200,15738.747591
5705.803141,0.83,0.84,200,15745.686509
5708.817325,0.865,0.88,200,15750.407899
5406.065048,0.85,0.85,200,15755.196788
5716.295319,0.825,0.84,200,15759.877447
5702.03262,0.81,0.815,200,15764.540174
5802.778492,0.89,0.895,200,15769.35969
5732.450083,0.87,0.87,200,15774.066537
5469.019979,0.855,0.86,200,15778.752213
5611.81383,0.86,0.865,200,15783.41298
5767.417401,0.875,0.89,200,15788.047425
5778.499913,0.88,0.885,200,15794.999765
5709.790962,0.835,0.84,200,15799.614259
5459.535387,0.855,0.865,200,15804.265656
5712.463861,0.815,0.835,200,15809.04293
5750.172367,0.855,0.855,200,15813.723123
4686.919912,0.52,0.55,200,15818.47737
5757.708993,0.85,0.85,200,15823.282864
5791.66592,0.87,0.88,200,15827.929401
5789.877409,0.865,0.875,200,15832.630427
4625.940312,0.875,0.875,200,15837.401314
5696.2589,0.815,0.825,200,15844.347039
5754.906336,0.84,0.845,200,15849.200395
5739.720905,0.865,0.865,200,15853.853705
5536.347036,0.855,0.855,200,15858.501227
5789.235159,0.86,0.87,200,15863.302844
5737.384215,0.87,0.875,200,15867.846312
5106.235183,0.62,0.675,200,15872.593515
5780.338584,0.875,0.885,200,15877.386451
5728.87206,0.83,0.84,200,15882.183598
5712.748282,0.86,0.865,200,15886.933132
5764.403342,0.845,0.85,200,15893.721325
5762.350075,0.855,0.855,200,15898.479661
5688.855836,0.82,0.825,200,15903.285613
5791.170577,0.875,0.875,200,15907.939326
5536.323316,0.845,0.89,200,15912.6782
4906.619964,0.85,0.85,200,15917.387449
5550.698032,0.86,0.865,200,15922.150022
5725.604359,0.87,0.875,200,15926.876619
5307.491084,0.675,0.69,200,15931.53964
5661.882913,0.87,0.875,200,15936.340154
5789.740384,0.87,0.875,200,15943.206037
5774.096475,0.875,0.875,200,15947.846937
5744.641285,0.88,0.88,200,15952.588216
5754.480889,0.845,0.855,200,15957.497616
5606.033929,0.81,0.81,200,15962.187035
4903.419096,0.875,0.875,200,15966.932513
5698.314646,0.84,0.845,200,15971.57168
5779.816737,0.865,0.865,200,15976.323841
5775.17428,0.865,0.865,200,15981.131322
5096.884177,0.865,0.865,200,15985.821764
5776.701373,0.865,0.865,200,15992.918962
5796.292856,0.885,0.885,200,15997.661335
5690.481658,0.805,0.81,200,16002.460448
5709.788799,0.815,0.825,200,16007.205842
5703.989384,0.835,0.84,200,16011.93823
5658.506488,0.75,0.78,200,16016.600451
5732.905547,0.85,0.85,200,16021.190987
5738.556437,0.83,0.83,200,16025.906705
5615.761807,0.845,0.865,200,16030.680063
5790.617486,0.86,0.875,200,16035.38904
5773.889565,0.855,0.86,200,16042.420619
5667.842213,0.85,0.855,200,16047.165359
5780.897443,0.865,0.875,200,16051.851199
5666.92638,0.85,0.85,200,16056.527545
5514.8956,0.86,0.86,200,16061.301548
5680.828576,0.84,0.84,200,16066.021484
5736.427702,0.85,0.85,200,16070.889697
5742.501075,0.865,0.875,200,16075.633538
5718.474663,0.825,0.825,200,16080.370356
5687.486268,0.84,0.85,200,16085.006754
5491.744777,0.845,0.88,200,16091.7399
5686.84947,0.84,0.84,200,16096.376432
5711.132116,0.845,0.85,200,16101.141731
5441.887294,0.86,0.875,200,16105.799102
5738.024933,0.86,0.86,200,16110.598011
5707.894656,0.84,0.85,200,16115.394836
5707.887455,0.825,0.835,200,16120.1247
5636.837452,0.815,0.82,200,16124.847768
5615.4884,0.81,0.81,200,16129.516659
5711.002935,0.83,0.84,200,16134.218612
5709.059471,0.81,0.82,200,16141.413342
5708.633496,0.85,0.855,200,16146.218519
5570.250518,0.87,0.89,200,16150.990934
5195.274698,0.86,0.86,200,16155.833004
5691.253889,0.84,0.845,200,16160.531492
5730.296282,0.875,0.875,200,16165.414062
5717.262834,0.825,0.825,200,16170.123477
5714.950012,0.815,0.83,200,16174.952092
5785.101817,0.865,0.87,200,16179.778847
5625.621223,0.815,0.815,200,16184.540115
5711.755558,0.825,0.825,200,16191.532015
5729.77006,0.84,0.84,200,16196.285208
5742.880712,0.87,0.87,200,16201.029085
5672.062085,0.86,0.87,200,16205.864612
5726.566543,0.84,0.845,200,16210.609624
4318.18485,0.845,0.85,200,16215.434588
5702.221665,0.85,0.85,200,16220.188112
5750.247619,0.85,0.85,200,16225.043491
5700.469977,0.83,0.835,200,16229.759896
5690.413636,0.805,0.805,200,16234.561866
5711.355997,0.83,0.84,200,16241.595757
5701.395823,0.835,0.84,200,16246.371465
5721.67165,0.855,0.865,200,16251.08705
5764.760128,0.85,0.86,200,16255.827831
5793.722698,0.87,0.88,200,16260.440289
3615.105565,0.47,0.48,200,16265.094724
5700.662077,0.845,0.85,200,16269.715879
4970.152084,0.66,0.685,200,16274.325139
5792.169653,0.88,0.88,200,16278.984545
5773.677941,0.855,0.865,200,16283.684057
5745.124738,0.875,0.885,200,16290.590158
5787.412489,0.875,0.875,200,16295.407668
5131.141295,0.865,0.865,200,16300.247796
4583.990017,0.875,0.875,200,16305.02236
5803.654026,0.885,0.89,200,16309.734445
5702.077589,0.815,0.82,200,16314.402806
5771.328295,0.88,0.89,200,16319.210254
5743.691383,0.86,0.865,200,16323.869584
5684.130983,0.84,0.84,200,16328.45708
5777.885246,0.85,0.865,200,16333.101054
5623.466644,0.8,0.82,200,16339.965545
5722.469139,0.86,0.88,200,16344.649247
5797.137704,0.87,0.875,200,16349.289901
5508.737367,0.84,0.87,200,16353.917117
5679.767133,0.825,0.825,200,16358.550917
5760.759667,0.87,0.88,200,16363.301678
5768.12129,0.875,0.875,200,16368.048585
5771.328607,0.855,0.855,200,16372.766835
5720.571058,0.835,0.835,200,16377.309161
5695.206155,0.82,0.82,200,16381.997496
5735.063074,0.85,0.875,200,16388.951821
5628.706704,0.85,0.875,200,16393.635145
5707.306483,0.855,0.87,200,16398.442038
5787.615142,0.86,0.87,200,16403.123121
5679.468639,0.85,0.86,200,16407.921654
5700.513642,0.82,0.82,200,16412.647563
5015.46796,0.875,0.875,200,16417.421647
5426.579925,0.86,0.865,200,16422.124684
5589.859676,0.865,0.875,200,16426.792662
5707.990551,0.835,0.835,200,16431.623385
3560.844918,0.255,0.33,200,16438.537212
5758.376119,0.845,0.845,200,16443.382345
5788.898236,0.885,0.89,200,16448.125439
4045.668212,0.56,0.56,200,16452.764081
5676.727612,0.82,0.83,200,16457.392311
5708.572618,0.82,0.825,200,16462.060043
3129.361367,0.12,0.13,200,16466.743043
5652.88662,0.825,0.825,200,16471.488412
5401.259285,0.86,0.865,200,16476.156271
5683.047016,0.865,0.875,200,16480.740898
5747.705265,0.87,0.885,200,16487.518735
5704.038668,0.82,0.82,200,16492.241465
5689.834248,0.845,0.85,200,16496.883675
5666.029774,0.845,0.87,200,16501.55202
5704.224471,0.83,0.83,200,16506.248937
5759.947664,0.885,0.885,200,16510.928489
5694.497429,0.84,0.85,200,16515.580061
5740.988567,0.865,0.865,200,16520.318051
5002.518622,0.875,0.88,200,16524.94853
5440.765416,0.875,0.875,200,16529.590422
5693.269628,0.845,0.855,200,16536.547199
5643.857481,0.85,0.85,200,16541.31355
5639.658742,0.81,0.82,200,16545.99819
5396.029442,0.855,0.855,200,16550.722435
5657.955178,0.845,0.85,200,16555.428262
5635.189496,0.855,0.865,200,16560.029216
5702.326848,0.845,0.845,200,16564.698387
5678.853929,0.83,0.83,200,16569.308047
5636.164095,0.82,0.82,200,16574.106128
5699.890596,0.825,0.83,200,16578.89491
5653.197468,0.825,0.825,200,16586.042841
5744.30432,0.85,0.85,200,16590.878367
5690.005671,0.835,0.835,200,16595.745329
5549.826915,0.865,0.875,200,16600.437984
5745.333717,0.855,0.855,200,16605.269361
5711.772688,0.825,0.83,200,16610.027498
5767.5132,0.87,0.87,200,16614.705648
5680.592294,0.855,0.86,200,16619.421277
5695.228036,0.82,0.82,200,16624.088842
5776.712494,0.865,0.865,200,16628.81338
5791.247856,0.87,0.875,200,16635.699763
5768.149502,0.865,0.865,200,16640.477046
5752.003589,0.845,0.85,200,16645.228309
5772.212574,0.845,0.86,200,16649.833193
5682.181618,0.835,0.835,200,16654.572791
5761.954414,0.86,0.86,200,16659.159496
5546.678602,0.84,0.865,200,16663.791899
5742.080992,0.865,0.865,200,16668.465004
5704.101145,0.83,0.84,200,16673.204138
5622.73922,0.84,0.885,200,16677.852788
5701.759166,0.835,0.835,200,16684.605479
5720.096503,0.86,0.875,200,16689.301457
5700.270389,0.835,0.835,200,16694.029531
5713.222047,0.85,0.855,200,16698.663769
5695.470883,0.85,0.875,200,16703.288554
4888.264304,0.875,0.875,200,16708.057919
5725.803562,0.845,0.845,200,16712.761463
5636.625637,0.835,0.85,200,16717.481046
5700.319952,0.84,0.84,200,16722.174354
5808.211452,0.89,0.89,200,16726.740702
5686.927398,0.86,0.865,200,16733.686309
5357.592947,0.87,0.87,200,16738.432904
5702.88636,0.815,0.84,200,16743.135367
5715.206527,0.88,0.88,200,16747.883214
5169.538361,0.87,0.875,200,16752.672687
5709.207977,0.825,0.825,200,16757.335463
5450.001069,0.85,0.88,200,16762.045708
5721.46872,0.83,0.845,200,16766.698897
5802.18506,0.88,0.885,200,16771.353387
5703.456446,0.83,0.83,200,16776.184517
5700.479851,0.82,0.82,200,16783.073491
5672.539419,0.875,0.88,200,16787.960922
5593.065362,0.855,0.855,200,16792.665075
5682.160772,0.87,0.89,200,16797.281973
4572.979413,0.62,0.635,200,16801.87482
5733.598763,0.835,0.845,200,16806.71543
4976.210471,0.875,0.875,200,16811.415006
5734.795885,0.84,0.845,200,16816.186409
5755.361793,0.85,0.85,200,16820.962911
5740.276942,0.85,0.85,200,16825.719342
5604.548911,0.805,0.805,200,16832.596588
5742.49644,0.845,0.85,200,16837.37558
5780.624428,0.885,0.885,200,16841.956151
5680.899336,0.855,0.855,200,16846.701333
5710.364541,0.805,0.82,200,16851.38319
5756.158896,0.865,0.87,200,16856.032162
5362.500378,0.86,0.875,200,16860.814935
5084.542073,0.865,0.865,200,16865.438173
5704.861586,0.83,0.83,200,16869.963983
5792.046794,0.88,0.88,200,16874.662647
5682.864275,0.815,0.815,200,16881.641984
5098.505519,0.87,0.875,200,16886.267836
5676.917594,0.835,0.875,200,16890.887938
5707.427558,0.82,0.82,200,16895.650924
5715.836149,0.83,0.83,200,16900.448383
5708.22951,0.84,0.84,200,16905.212165
5708.977826,0.85,0.85,200,16909.97768
5634.429284,0.86,0.89,200,16914.627382
5505.998944,0.86,0.865,200,16919.375266
5676.060989,0.83,0.835,200,16923.953768
5750.911357,0.85,0.85,200,16930.847779
5133.443294,0.875,0.875,200,16935.546476
5760.533565,0.86,0.87,200,16940.090863
5796.44101,0.875,0.885,200,16944.712684
5784.02212,0.855,0.87,200,16949.434959
5777.755613,0.865,0.865,200,16954.193471
5768.990771,0.865,0.865,200,16958.990582
5690.059345,0.825,0.825,200,16963.684717
5793.665248,0.875,0.88,200,16968.359456
5749.626574,0.855,0.855,200,16973.134543
5751.909755,0.865,0.865,200,16979.7473
5276.247841,0.885,0.885,200,16984.437013
5776.954715,0.865,0.865,200,16989.01165
5372.253655,0.83,0.87,200,16993.602345
5721.35933,0.875,0.88,200,16998.175231
5580.111765,0.85,0.86,200,17002.732093
5659.02417,0.82,0.825,200,17007.466826
5679.39926,0.795,0.805,200,17011.959919
5733.444986,0.845,0.845,200,17016.48343
5784.597333,0.89,0.89,200,17021.031422
5529.765116,0.855,0.895,200,17027.898677
5706.635277,0.84,0.845,200,17032.339119
5766.162676,0.855,0.86,200,17036.851759
5715.651326,0.85,0.865,200,17041.351849
5757.562278,0.87,0.875,200,17045.930008
5151.090535,0.875,0.88,200,17050.446225
5766.96567,0.85,0.855,200,17054.94715
5671.595841,0.85,0.875,200,17059.397907
5732.396757,0.845,0.845,200,17063.830226
5810.120117,0.895,0.9,200,17068.403672
4870.968624,0.875,0.88,200,17075.205335
5760.708572,0.845,0.855,200,17079.691907
5780.814834,0.875,0.875,200,17084.279314
5647.684207,0.845,0.845,200,17088.728509
5633.934027,0.85,0.865,200,17093.209726
4907.153043,0.865,0.87,200,17097.889493
5715.701233,0.83,0.835,200,17102.535999
5682.827068,0.85,0.85,200,17107.182659
5293.900772,0.865,0.865,200,17111.674095
5698.872141,0.85,0.855,200,17116.182054
5786.423891,0.87,0.88,200,17123.037293
5638.357563,0.82,0.82,200,17127.745708
5721.228413,0.82,0.835,200,17132.353339
5456.188644,0.87,0.875,200,17136.922191
5684.476395,0.845,0.85,200,17141.527146
5702.976145,0.855,0.865,200,17146.232652
5759.511305,0.865,0.87,200,17150.699047
5523.92536,0.865,0.87,200,17155.308485
5777.223118,0.87,0.87,200,17159.850013
5734.264733,0.865,0.87,200,17164.402698
5703.861978,0.825,0.825,200,17171.046898
5709.988627,0.84,0.84,200,17175.598709
5791.581308,0.86,0.875,200,17180.239225
5656.064097,0.82,0.82,200,17184.821227
5707.141363,0.82,0.82,200,17189.480545
5770.65404,0.855,0.855,200,17194.139725
5674.898269,0.855,0.855,200,17198.559341
5612.059211,0.85,0.875,200,17203.304251
5752.478936,0.85,0.85,200,17208.115607
5267.762353,0.875,0.875,200,17212.936749
5691.302054,0.83,0.83,200,17219.834269
5716.255708,0.865,0.88,200,17224.541172
5694.49044,0.845,0.865,200,17229.251462
3766.907924,0.88,0.88,200,17234.00015
5702.702062,0.86,0.88,200,17238.687492
5772.8878,0.855,0.855,200,17243.471003
5735.520711,0.865,0.87,200,17248.200953
5657.728008,0.825,0.825,200,17253.015136
4821.445368,0.855,0.88,200,17257.747554
5637.365137,0.815,0.82,200,17262.442513
5707.5639,0.84,0.84,200,17269.549614
5690.433686,0.83,0.83,200,17274.287684
5761.840108,0.85,0.855,200,17279.02373
5710.888465,0.8,0.82,200,17283.636099
5704.291358,0.82,0.82,200,17288.320525
5778.209038,0.86,0.87,200,17293.066831
5735.749532,0.85,0.85,200,17297.889828
5681.940177,0.835,0.835,200,17302.644353
5776.156147,0.86,0.865,200,17307.42907
5704.180406,0.86,0.875,200,17312.071951
5415.731663,0.87,0.87,200,17319.043059
5718.151694,0.845,0.845,200,17323.788881
5667.757027,0.86,0.86,200,17328.351922
5691.894742,0.8,0.81,200,17333.104707
5721.423623,0.86,0.86,200,17337.855506
5774.779033,0.855,0.865,200,17342.553568
5564.772398,0.855,0.875,200,17347.369429
5769.822452,0.845,0.865,200,17352.118374
5702.630328,0.84,0.85,200,17356.827148
5668.843483,0.82,0.825,200,17361.563473
5776.184825,0.85,0.865,200,17368.464756
5782.288233,0.855,0.865,200,17373.057762
5697.64548,0.815,0.815,200,17377.659414
5775.34164,0.855,0.865,200,17382.214776
5711.40471,0.83,0.835,200,17386.907124
5699.699607,0.84,0.84,200,17391.539709
5724.852947,0.84,0.84,200,17396.193691
5292.520872,0.845,0.845,200,17400.856329
5738.053739,0.84,0.85,200,17405.314144
5699.199174,0.87,0.87,200,17410.03285
5705.263906,0.83,0.83,200,17416.626345
5705.382858,0.84,0.84,200,17421.180066
5716.608601,0.825,0.835,200,17425.831775
5732.848364,0.86,0.875,200,17430.377123
5738.27529,0.84,0.85,200,17435.033826
5469.665708,0.86,0.87,200,17439.505783
5718.782404,0.83,0.84,200,17444.097352
5764.526305,0.86,0.875,200,17448.534935
5664.376077,0.855,0.86,200,17452.972351
4846.505034,0.47,0.48,200,17457.35875
5668.84382,0.85,0.85,200,17464.146259
5693.592936,0.835,0.835,200,17468.756346
5696.081559,0.835,0.835,200,17473.191
5712.882391,0.845,0.85,200,17477.774593
5756.130885,0.865,0.875,200,17482.320251
5698.601348,0.835,0.835,200,17486.756593
5750.944121,0.84,0.855,200,17491.352265
5174.591709,0.88,0.88,200,17495.772035
5774.893238,0.86,0.865,200,17500.30009
5704.606917,0.835,0.835,200,17504.663004
5739.719139,0.845,0.87,200,17511.297282
5215.06551,0.855,0.855,200,17515.792321
5108.780695,0.885,0.885,200,17520.38402
5215.297021,0.805,0.805,200,17524.995327
5649.317703,0.815,0.815,200,17529.53668
5749.694582,0.84,0.85,200,17534.152103
5689.170014,0.805,0.81,200,17538.733674
5683.631531,0.825,0.825,200,17543.322161
5730.667372,0.86,0.86,200,17547.904537
5792.277213,0.87,0.875,200,17552.598837
5755.586341,0.86,0.88,200,17559.352477
5777.31145,0.865,0.875,200,17563.96898
5665.605981,0.825,0.825,200,17568.600791
5704.349621,0.86,0.87,200,17573.175215
5710.651307,0.84,0.84,200,17577.866448
5496.884587,0.865,0.87,200,17582.360682
5684.594735,0.855,0.855,200,17586.935612
4828.462178,0.88,0.89,200,17591.619435
5719.672416,0.835,0.835,200,17596.109856
5688.034821,0.805,0.805,200,17600.794999
5768.18787,0.855,0.855,200,17607.677338
5685.435986,0.85,0.85,200,17612.324962
5673.552566,0.83,0.83,200,17616.963374
5779.736169,0.865,0.87,200,17621.560074
5772.921317,0.845,0.86,200,17626.115087
5666.000597,0.855,0.86,200,17630.716867
4864.750339,0.88,0.885,200,17635.323917
5694.261326,0.82,0.83,200,17639.877172
5713.566691,0.85,0.855,200,17644.52509
5699.974181,0.845,0.875,200,17649.24112
5679.760155,0.82,0.835,200,17656.131095
5463.646772,0.875,0.875,200,17660.777357
5776.182069,0.875,0.885,200,17665.403743
5518.708967,0.86,0.865,200,17669.928513
5696.768998,0.85,0.86,200,17674.37193
5770.790648,0.86,0.86,200,17678.896299
5450.921472,0.855,0.86,200,17683.550013
5764.607318,0.87,0.87,200,17688.184828
5738.766745,0.845,0.85,200,17692.921649
5748.302975,0.87,0.87,200,17697.587272
5702.718337,0.82,0.82,200,17704.330218
5611.504576,0.845,0.85,200,17708.922065
5710.505002,0.845,0.85,200,17713.37151
5719.635106,0.865,0.865,200,17718.001364
5582.951577,0.84,0.865,200,17722.524973
5711.003,0.83,0.83,200,17727.064013
5769.088582,0.85,0.855,200,17731.552985
5696.748031,0.82,0.835,200,17736.13108
5720.799655,0.835,0.845,200,17740.655057
5757.636519,0.88,0.89,200,17745.019116
5780.287275,0.875,0.89,200,17751.680148
5699.419911,0.81,0.815,200,17756.273881
5775.678169,0.855,0.86,200,17760.869962
5756.846188,0.865,0.875,200,17765.340903
5730.60811,0.865,0.87,200,17769.878144
5765.931719,0.85,0.855,200,17774.290949
5764.765362,0.86,0.86,200,17778.904415
5695.855414,0.815,0.82,200,17783.556101
5660.218317,0.825,0.825,200,17788.136118
5771.71033,0.85,0.865,200,17792.722562
5652.660078,0.85,0.865,200,17799.519131
5742.864531,0.835,0.85,200,17804.137977
5635.714636,0.855,0.875,200,17808.773433
5271.576851,0.87,0.87,200,17813.305709
5685.62947,0.87,0.87,200,17817.843609
5776.351407,0.87,0.87,200,17822.362388
5779.988636,0.87,0.87,200,17827.001612
4841.003038,0.88,0.88,200,17831.555102
5709.744686,0.855,0.855,200,17836.215335
5703.354112,0.81,0.815,200,17840.658016
5667.922953,0.86,0.865,200,17847.4017
5788.846546,0.865,0.88,200,17851.86416
5694.32548,0.835,0.835,200,17856.346773
5714.492518,0.83,0.83,200,17860.813735
5678.77725,0.84,0.85,200,17865.344265
5783.042427,0.85,0.865,200,17869.901438
5760.703611,0.85,0.85,200,17874.427191
5724.449568,0.865,0.87,200,17879.080755
5781.327371,0.87,0.87,200,17883.5422
5713.112879,0.855,0.87,200,17888.084677
5630.484833,0.88,0.88,200,17894.68058
5729.812749,0.845,0.845,200,17899.258887
5652.731829,0.845,0.855,200,17903.841298
5750.229419,0.855,0.87,200,17908.36633
5746.299664,0.855,0.875,200,17912.826035
5681.485967,0.865,0.885,200,17917.353311
5764.38989,0.855,0.86,200,17922.014318
5632.221126,0.85,0.875,200,17926.604649
5697.593393,0.85,0.85,200,17931.059861
5788.554774,0.86,0.875,200,17935.549111
5707.42715,0.835,0.835,200,17942.33831
4596.419495,0.875,0.875,200,17946.810943
5667.300186,0.855,0.855,200,17951.358278
5278.803631,0.875,0.88,200,17955.900574
5592.926117,0.825,0.87,200,17960.500177
5717.74155,0.835,0.84,200,17965.132723
5702.204221,0.825,0.825,200,17969.814401
5458.453611,0.845,0.865,200,17974.427048
5782.463103,0.865,0.87,200,17978.864719
5799.212335,0.865,0.88,200,17983.393355
5787.44306,0.865,0.875,200,17990.19243
5687.529993,0.805,0.805,200,17994.696148
5748.23827,0.86,0.86,200,17999.411249
5719.651193,0.825,0.835,200,18004.018363
5720.07621,0.84,0.84,200,18008.719252
5754.266663,0.85,0.855,200,18013.392957
5749.236762,0.865,0.88,200,18017.990681
5719.377578,0.85,0.85,200,18022.410985
5715.077809,0.835,0.835,200,18026.934764
5751.479687,0.85,0.855,200,18031.346705
5694.135174,0.865,0.865,200,18038.149361
5701.443885,0.825,0.825,200,18042.815996
5663.008881,0.825,0.825,200,18047.400203
5215.933877,0.87,0.87,200,18051.94209
4440.872475,0.605,0.615,200,18056.439625
5707.136597,0.835,0.84,200,18061.024564
5677.207368,0.815,0.825,200,18065.579961
5701.309872,0.83,0.83,200,18070.059242
5787.322646,0.87,0.87,200,18074.501156
5352.360622,0.875,0.88,200,18079.038753
5723.784005,0.845,0.845,200,18085.618111
5709.719893,0.835,0.84,200,18090.051352
5709.970575,0.82,0.82,200,18094.439194
5692.64632,0.83,0.83,200,18098.60665
5746.112007,0.88,0.88,200,18102.756394
5699.309409,0.86,0.87,200,18107.078825
5638.571351,0.81,0.815,200,18111.59356
5758.57173,0.865,0.865,200,18116.220953
5682.082346,0.83,0.83,200,18120.897884
5792.044243,0.865,0.875,200,18125.607322
5622.384506,0.855,0.865,200,18132.66728
5669.719584,0.85,0.86,200,18137.239638
5272.045002,0.875,0.88,200,18141.744522
5645.464719,0.815,0.815,200,18146.243398
5796.415281,0.88,0.88,200,18150.829077
5783.442474,0.865,0.865,200,18155.442843
5693.301307,0.865,0.865,200,18160.035817
5680.642561,0.865,0.865,200,18164.541175
5465.321078,0.84,0.87,200,18168.974139
5687.604216,0.865,0.865,200,18173.497582
5670.971551,0.815,0.825,200,18180.227465
5802.133817,0.88,0.88,200,18184.772959
5615.083563,0.8,0.81,200,18189.288685
5707.423333,0.81,0.825,200,18193.753939
5419.281101,0.875,0.875,200,18198.198254
5701.215044,0.835,0.835,200,18202.411229
5709.980984,0.835,0.84,200,18206.749812
5561.693887,0.88,0.88,200,18210.996143
5650.714419,0.815,0.815,200,18215.55231
5703.783804,0.85,0.85,200,18220.096551
5709.505622,0.835,0.835,200,18226.980081
5663.263289,0.855,0.855,200,18231.601156
5748.409757,0.87,0.885,200,18236.192262
5774.990471,0.87,0.875,200,18240.859283
5702.434185,0.845,0.845,200,18245.403002
5709.497733,0.865,0.87,200,18249.914215
5705.817805,0.81,0.81,200,18254.595833
5646.782219,0.805,0.82,200,18259.177174
5649.202992,0.85,0.86,200,18263.866683
5717.749275,0.83,0.835,200,18268.486921
5782.126391,0.87,0.87,200,18275.072197
5719.215255,0.835,0.84,200,18279.653861
5632.484647,0.825,0.825,200,18284.275884
5715.12633,0.845,0.845,200,18288.915203
5715.654646,0.855,0.855,200,18293.614284
5795.454406,0.88,0.885,200,18298.30041
5764.634569,0.865,0.87,200,18302.981986
5786.463449,0.875,0.875,200,18307.535235
5663.957268,0.815,0.83,200,18312.161382
2952.156608,0.88,0.89,200,18316.860366
5780.297867,0.865,0.87,200,18323.749404
5654.838864,0.86,0.885,200,18328.417334
5698.45451,0.84,0.845,200,18332.997685
5704.844239,0.84,0.84,200,18337.688601
5705.248129,0.84,0.84,200,18342.335449
5684.140084,0.85,0.855,200,18346.959796
5713.544339,0.82,0.825,200,18351.739426
5685.324213,0.86,0.86,200,18356.539019
5224.590195,0.885,0.885,200,18361.194077
5629.251077,0.81,0.81,200,18365.914505
5683.355808,0.87,0.885,200,18372.894146
5587.811983,0.835,0.84,200,18377.487923
5707.732716,0.82,0.82,200,18382.267481
5763.775603,0.87,0.88,200,18387.069698
5772.386605,0.86,0.88,200,18391.831159
5468.123438,0.865,0.875,200,18396.668298
5786.977004,0.86,0.87,200,18401.257485
5687.731201,0.84,0.84,200,18405.890111
5694.098097,0.83,0.85,200,18410.530187
5621.98322,0.855,0.86,200,18415.227965
5754.028227,0.855,0.855,200,18421.971902
5716.290023,0.855,0.86,200,18426.440749
5431.616736,0.86,0.865,200,18430.996758
5654.30974,0.815,0.825,200,18435.633727
5711.729199,0.825,0.825,200,18440.308937
5789.430829,0.88,0.88,200,18444.967266
5709.224306,0.855,0.855,200,18449.660798
5788.228558,0.875,0.875,200,18454.305409
5741.492763,0.87,0.885,200,18459.109325
5333.491332,0.865,0.865,200,18463.800767
5714.508689,0.84,0.84,200,18470.584095
5700.647203,0.815,0.815,200,18475.221432
5787.206329,0.87,0.875,200,18479.93618
5685.000794,0.855,0.865,200,18484.700801
4931.438381,0.67,0.7,200,18489.394984
5712.640763,0.845,0.845,200,18494.141578
5717.371835,0.87,0.875,200,18498.811496
5779.509607,0.87,0.875,200,18503.528216
5761.019992,0.875,0.885,200,18508.137283
5745.924087,0.845,0.845,200,18512.756438
5743.654858,0.87,0.88,200,18519.656111
5696.97752,0.83,0.845,200,18524.318647
5460.912142,0.83,0.86,200,18529.088724
5782.065732,0.865,0.87,200,18533.836518
5711.415386,0.86,0.86,200,18538.437
5732.69801,0.845,0.845,200,18543.05477
5696.692429,0.815,0.815,200,18547.649164
5765.441073,0.86,0.86,200,18552.222067
4752.081054,0.88,0.88,200,18556.709687
5719.664491,0.82,0.84,200,18561.012357
5717.36131,0.86,0.865,200,18567.833337
5755.400792,0.86,0.88,200,18572.397279
4809.195805,0.595,0.655,200,18577.059258
5645.451115,0.82,0.82,200,18581.66178
5683.629484,0.825,0.835,200,18586.306733
5645.39282,0.81,0.82,200,18591.082239
5677.127933,0.84,0.855,200,18595.732059
5708.583094,0.825,0.825,200,18600.488413
5517.20214,0.845,0.85,200,18605.138238
5707.386967,0.85,0.875,200,18609.682199
5713.839582,0.845,0.85,200,18616.579651
5698.923619,0.86,0.865,200,18621.312632
5791.638127,0.875,0.875,200,18626.010422
5781.859368,0.855,0.865,200,18630.67502
5700.178683,0.835,0.845,200,18635.460099
5763.594295,0.845,0.85,200,18640.126928
5695.548195,0.84,0.845,200,18644.732756
5711.196985,0.87,0.87,200,18649.255164
5671.621844,0.855,0.875,200,18653.671941
5695.00283,0.81,0.815,200,18658.110701
5750.40486,0.855,0.855,200,18664.689074
5707.857471,0.85,0.85,200,18669.150604
5708.856504,0.825,0.835,200,18673.620971
5529.675806,0.835,0.88,200,18677.973983
5693.595748,0.805,0.815,200,18682.459312
5774.676013,0.87,0.87,200,18686.953004
4851.129815,0.66,0.7,200,18691.445522
5800.000151,0.885,0.885,200,18696.057937
5767.083225,0.855,0.86,200,18700.608815
4000.487787,0.29,0.33,200,18705.126491
5707.00646,0.86,0.865,200,18711.911059
5706.392479,0.83,0.855,200,18716.467376
4879.005843,0.885,0.885,200,18720.953931
5748.87717,0.85,0.85,200,18725.447517
5684.996675,0.85,0.85,200,18729.91591
5700.30691,0.85,0.865,200,18734.585465
5800.589093,0.885,0.89,200,18739.311346
5718.110239,0.845,0.85,200,18743.857833
5689.690502,0.825,0.825,200,18748.5341
5626.433381,0.82,0.82,200,18753.125378
5740.861341,0.85,0.85,200,18759.715405
5395.467224,0.875,0.875,200,18764.417138
5760.715155,0.85,0.855,200,18768.990687
5801.016233,0.885,0.89,200,18773.656382
5709.648245,0.845,0.855,200,18778.170917
5705.076714,0.84,0.84,200,18782.80345
5696.174333,0.845,0.85,200,18787.497576
5730.968322,0.87,0.875,200,18791.951099
5705.694442,0.83,0.83,200,18796.382611
5712.626719,0.84,0.84,200,18800.752767
3360.062579,0.12,0.145,200,18807.28764
5522.211673,0.865,0.865,200,18811.707445
5685.754697,0.855,0.875,200,18816.189424
5699.737307,0.84,0.845,200,18820.765151
5779.619583,0.87,0.87,200,18825.253801
5567.761748,0.865,0.865,200,18829.680797
5686.37613,0.86,0.86,200,18834.150766
5756.739676,0.85,0.85,200,18838.587389
5277.449234,0.87,0.875,200,18843.024143
5710.198879,0.84,0.84,200,18847.515467
5715.289969,0.825,0.84,200,18854.494827
5787.940625,0.88,0.88,200,18859.205006
5753.505829,0.845,0.855,200,18863.695547
5271.18682,0.87,0.87,200,18868.181865
5697.307046,0.855,0.855,200,18872.784781
5704.246571,0.855,0.865,200,18877.196517
5246.734916,0.875,0.875,200,18881.657151
5379.134759,0.865,0.865,200,18886.0186
5783.090195,0.865,0.865,200,18890.555351
5724.34372,0.84,0.84,200,18895.13234
5715.787921,0.86,0.87,200,18901.97632
5242.031661,0.86,0.88,200,18906.685737
5787.519202,0.88,0.885,200,18911.129001
5708.052432,0.86,0.86,200,18915.59457
5745.537589,0.855,0.855,200,18920.069156
5789.300958,0.875,0.875,200,18924.592117
5782.965027,0.87,0.88,200,18929.104235
5733.892705,0.86,0.87,200,18933.620872
5682.216527,0.8,0.8,200,18938.105873
5752.521346,0.865,0.88,200,18942.620151
5767.947682,0.87,0.87,200,18949.225722
5704.25725,0.81,0.815,200,18953.703369
5668.929806,0.865,0.865,200,18958.196111
5783.248827,0.86,0.87,200,18962.895911
5791.459194,0.87,0.875,200,18967.67455
5626.054147,0.81,0.81,200,18972.40436
5638.168783,0.805,0.82,200,18977.103486
5794.708258,0.87,0.875,200,18981.881387
5725.231895,0.86,0.865,200,18986.434197
5587.600535,0.855,0.86,200,18990.937181
5750.188363,0.88,0.885,200,18997.803416
5734.526347,0.86,0.86,200,19002.34182
5659.092327,0.87,0.87,200,19006.904426
5777.718266,0.86,0.86,200,19011.396514
5783.617757,0.855,0.87,200,19015.978424
5707.444172,0.84,0.84,200,19020.571237
5744.508838,0.855,0.855,200,19025.114445
5787.005512,0.88,0.88,200,19029.688216
5681.339543,0.825,0.825,200,19034.347454
5257.866808,0.87,0.87,200,19038.851242
5700.656518,0.84,0.84,200,19045.835079
5559.515573,0.85,0.855,200,19050.360232
5676.106055,0.83,0.83,200,19054.893268
5674.833049,0.855,0.865,200,19059.564579
5701.344161,0.84,0.855,200,19064.314631
5795.004218,0.885,0.885,200,19068.776197
5704.753975,0.845,0.86,200,19073.263152
5780.601065,0.87,0.88,200,19077.779911
5645.560842,0.81,0.82,200,19082.29646
5688.412618,0.845,0.855,200,19086.864616
5656.748567,0.85,0.86,200,19093.55205
5705.940088,0.845,0.845,200,19098.076124
5563.667654,0.835,0.87,200,19102.608264
5295.381398,0.855,0.87,200,19107.070661
4828.555259,0.465,0.495,200,19111.553763
5722.1824,0.835,0.835,200,19116.053249
4805.216518,0.64,0.68,200,19120.426439
5700.452544,0.85,0.86,200,19124.868595
5633.407577,0.87,0.87,200,19129.502384
5625.598638,0.885,0.885,200,19133.950413
5671.810239,0.845,0.845,200,19140.566862
5065.033459,0.77,0.78,200,19145.113876
5781.429488,0.87,0.87,200,19149.666835
5724.743283,0.865,0.87,200,19154.150443
5006.93917,0.865,0.875,200,19158.706599
5711.10393,0.845,0.845,200,19163.267084
5751.849461,0.865,0.88,200,19167.784565
5525.319762,0.815,0.875,200,19172.24779
5169.544486,0.855,0.86,200,19176.808051
5759.891623,0.84,0.855,200,19181.418926
5445.359554,0.865,0.865,200,19188.314267
5805.317092,0.885,0.885,200,19192.821822
5676.325201,0.83,0.83,200,19197.295753
5781.429942,0.875,0.875,200,19201.943578
5794.05221,0.88,0.88,200,19206.415453
5710.607416,0.875,0.875,200,19211.138336
5770.593111,0.86,0.86,200,19215.664172
5801.384767,0.885,0.885,200,19220.276839
5788.970164,0.875,0.875,200,19224.811288
5774.96496,0.87,0.87,200,19229.32524
5791.045888,0.875,0.875,200,19236.159266
4334.486519,0.71,0.725,200,19240.669145
5792.039627,0.87,0.875,200,19245.229722
5742.841285,0.855,0.86,200,19249.720879
5787.470122,0.87,0.87,200,19254.263368
5746.107065,0.85,0.85,200,19258.834869
5765.307989,0.88,0.88,200,19263.428462
5712.621876,0.815,0.825,200,19268.046994
5758.973402,0.855,0.86,200,19272.624052
5683.8231,0.85,0.86,200,19277.302828
3496.80193,0.89,0.89,200,19284.073287
5737.714254,0.87,0.875,200,19288.632845
5207.442726,0.875,0.89,200,19293.251494
5765.101469,0.875,0.89,200,19297.88185
5759.344849,0.865,0.87,200,19302.487006
5703.047029,0.805,0.815,200,19306.980838
5753.529996,0.87,0.885,200,19311.363251
5694.395033,0.86,0.86,200,19315.802902
5749.083179,0.855,0.855,200,19320.233199
5789.637494,0.875,0.875,200,19324.738275
4534.145256,0.875,0.885,200,19331.403748
5714.757975,0.825,0.825,200,19335.943231
5689.717474,0.86,0.86,200,19340.49184
5791.167711,0.87,0.87,200,19345.127198
5196.60224,0.865,0.87,200,19349.676935
5413.096411,0.88,0.88,200,19354.269267
5049.507383,0.87,0.88,200,19358.591601
5786.992818,0.87,0.875,200,19363.223116
5710.85225,0.835,0.835,200,19367.771696
5720.897287,0.825,0.83,200,19372.25455
5750.41088,0.86,0.86,200,19378.956604
5796.318326,0.875,0.875,200,19383.411162
5733.959599,0.86,0.865,200,19387.943368
5771.07898,0.85,0.86,200,19392.581742
5645.947251,0.81,0.82,200,19397.234349
5794.482758,0.88,0.885,200,19401.847722
5650.42583,0.84,0.85,200,19406.402907
5713.470236,0.85,0.85,200,19410.831484
5743.596996,0.855,0.855,200,19415.569936
5022.264199,0.88,0.88,200,19420.198302
5765.249614,0.865,0.87,200,19426.985905
5623.417859,0.805,0.81,200,19431.518639
5687.253931,0.865,0.865,200,19436.194394
5711.680462,0.815,0.82,200,19440.837881
5683.286114,0.805,0.805,200,19445.47973
5704.003097,0.855,0.87,200,19450.153846
5711.562794,0.845,0.845,200,19454.854814
5783.515285,0.865,0.865,200,19459.38749
5693.58368,0.86,0.885,200,19463.878813
5661.825928,0.85,0.85,200,19468.549939
5743.47175,0.865,0.87,200,19475.55248
5713.987572,0.84,0.84,200,19480.230123
5594.065162,0.83,0.875,200,19484.877784
5690.196289,0.845,0.845,200,19489.593913
5723.622876,0.87,0.88,200,19494.220253
5673.127088,0.855,0.885,200,19498.833048
5694.249146,0.805,0.81,200,19503.493814
5678.097229,0.81,0.83,200,19508.224608
5680.148867,0.85,0.85,200,19512.838239
5694.836374,0.835,0.84,200,19517.534952
5746.712933,0.855,0.865,200,19524.393237
5706.698772,0.825,0.825,200,19529.081766
5754.424898,0.86,0.87,200,19533.593243
5706.521544,0.835,0.835,200,19538.270714
5610.799119,0.865,0.865,200,19542.912483
5721.044337,0.86,0.865,200,19547.561044
5715.206849,0.83,0.83,200,19552.2352
5702.076667,0.845,0.845,200,19556.773561
5683.783873,0.845,0.855,200,19561.344181
5634.781311,0.84,0.865,200,19565.93018
5667.812698,0.82,0.82,200,19572.511269
5679.678228,0.85,0.855,200,19577.143771
5755.44149,0.855,0.855,200,19581.695815
5667.187101,0.85,0.875,200,19586.280441
5688.257008,0.86,0.86,200,19590.916505
5789.95313,0.88,0.88,200,19595.675699
5714.282462,0.845,0.855,200,19600.332742
5724.64557,0.845,0.845,200,19604.934663
5768.896383,0.87,0.875,200,19609.610537
5721.440607,0.86,0.86,200,19614.4073
5790.581333,0.87,0.87,200,19621.302635
5762.672661,0.865,0.88,200,19625.779139
5798.128417,0.87,0.885,200,19630.464627
5750.246925,0.87,0.88,200,19635.038416
5682.962478,0.84,0.855,200,19639.794318
5691.222627,0.805,0.805,200,19644.399292
5790.397702,0.875,0.875,200,19649.0832
5680.497657,0.855,0.865,200,19653.781327
5709.656643,0.81,0.82,200,19658.513444
5710.74183,0.85,0.865,200,19663.163097
5230.161578,0.88,0.88,200,19670.008532
5676.480655,0.83,0.83,200,19674.734367
5779.472804,0.87,0.89,200,19679.376153
5655.670871,0.81,0.825,200,19683.953152
5694.469072,0.865,0.88,200,19688.455559
5789.583587,0.88,0.88,200,19693.099531
5693.384541,0.805,0.81,200,19697.600772
5694.639693,0.805,0.805,200,19702.202089
5762.109788,0.88,0.885,200,19706.844128
5711.535457,0.82,0.82,200,19711.440636
5702.602427,0.865,0.865,200,19718.230648
5455.755369,0.87,0.875,200,19722.855317
5234.068165,0.635,0.65,200,19727.371433
5097.671922,0.865,0.87,200,19732.078425
5731.820382,0.85,0.87,200,19736.572184
5705.789359,0.825,0.84,200,19741.131866
5672.242893,0.865,0.865,200,19745.687748
5574.699208,0.845,0.875,200,19750.400952
5723.417884,0.825,0.84,200,19754.998251
5755.714199,0.845,0.85,200,19759.691605
5681.709436,0.865,0.865,200,19766.56645
5470.642801,0.855,0.865,200,19771.128861
5789.738089,0.87,0.875,200,19775.870756
5799.981411,0.88,0.88,200,19780.575785
5598.044649,0.855,0.865,200,19785.172644
5610.652555,0.87,0.87,200,19789.715544
5231.396986,0.86,0.86,200,19794.347973
5705.529521,0.865,0.88,200,19798.96655
5760.312348,0.86,0.86,200,19803.709701
5700.318125,0.815,0.815,200,19808.392061
5717.772314,0.84,0.84,200,19815.485904
5767.772823,0.87,0.88,200,19820.27953
5625.413499,0.83,0.875,200,19824.990876
5536.83936,0.87,0.87,200,19829.629414
5759.965542,0.86,0.86,200,19834.356075
5709.859411,0.825,0.825,200,19839.014948
5702.726777,0.81,0.815,200,19843.595577
5645.652169,0.85,0.88,200,19848.291681
5739.747169,0.86,0.875,200,19852.895308
5640.824857,0.845,0.855,200,19857.607121
5697.481237,0.81,0.815,200,19864.208381
5751.687467,0.865,0.875,200,19868.616187
5743.877029,0.855,0.855,200,19873.229814
5784.066051,0.86,0.87,200,19877.692207
5730.929263,0.87,0.87,200,19882.072251
5725.977706,0.84,0.845,200,19886.538026
5689.824156,0.8,0.81,200,19891.089926
5712.706414,0.865,0.88,200,19895.656935
5707.434133,0.85,0.86,200,19900.239837
5738.856341,0.85,0.865,200,19904.876846
5706.929206,0.855,0.855,200,19911.791422
5789.265556,0.88,0.88,200,19916.238364
5798.840943,0.875,0.875,200,19920.80119
5680.124703,0.845,0.875,200,19925.238395
5574.869698,0.84,0.87,200,19929.90362
5701.614169,0.81,0.815,200,19934.575582
5709.331552,0.81,0.815,200,19939.33049
5777.303091,0.865,0.865,200,19944.007396
5715.302642,0.85,0.85,200,19948.669635
5786.82053,0.87,0.87,200,19953.306904
5475.278655,0.83,0.87,200,19960.234447
5665.187006,0.81,0.825,200,19964.971105
5338.820698,0.87,0.885,200,19969.744551
5564.634551,0.86,0.865,200,19974.435789
5646.71796,0.815,0.82,200,19979.144866
5611.909341,0.87,0.87,200,19983.788361
5700.720065,0.855,0.855,200,19988.301841
3708.497738,0.355,0.38,200,19993.00262
5694.072468,0.835,0.87,200,19997.541289
5698.300731,0.855,0.86,200,20002.225675
5454.516614,0.865,0.87,200,20009.078013
5709.875267,0.81,0.82,200,20013.585152
5684.188324,0.815,0.83,200,20018.33724
5712.590047,0.835,0.84,200,20023.063715
5753.703361,0.865,0.885,200,20027.651322
5708.054206,0.84,0.85,200,20032.308805
5742.354055,0.86,0.865,200,20036.905926
5725.599912,0.85,0.85,200,20041.558151
5774.450983,0.86,0.86,200,20046.158894
5228.14462,0.865,0.88,200,20050.607764
5654.785248,0.855,0.86,200,20057.244935
5198.350017,0.84,0.845,200,20061.872237
5723.239078,0.845,0.86,200,20066.421269
5792.53109,0.87,0.875,200,20071.027296
5723.501419,0.84,0.84,200,20075.633108
5716.81056,0.84,0.85,200,20080.22595
5425.100738,0.875,0.88,200,20084.938869
4860.89989,0.865,0.875,200,20089.452309
5712.962426,0.845,0.85,200,20093.933248
5627.323899,0.81,0.81,200,20098.494012
5618.235594,0.855,0.885,200,20105.349004
5699.720866,0.83,0.83,200,20109.853441
5710.831978,0.84,0.84,200,20114.492168
5717.064517,0.85,0.85,200,20119.219223
5790.66438,0.875,0.885,200,20123.838897
5711.680217,0.825,0.83,200,20128.508555
5679.581461,0.825,0.825,200,20132.992887
5707.266778,0.825,0.825,200,20137.27142
5715.560196,0.84,0.845,200,20141.853418
5729.005998,0.84,0.84,200,20146.399202
5609.402691,0.87,0.87,200,20153.245082
5485.026859,0.875,0.875,200,20157.694185
5730.63449,0.875,0.875,200,20162.227456
5779.800327,0.88,0.89,200,20166.707499
5755.626107,0.87,0.88,200,20171.310634
3467.6952,0.3,0.325,200,20175.919307
5762.227116,0.885,0.885,200,20180.555337
5679.560096,0.84,0.89,200,20185.192929
5702.376043,0.84,0.84,200,20189.788806
5673.368911,0.85,0.86,200,20194.404753
5183.811555,0.885,0.885,200,20201.384442
5733.0361,0.85,0.85,200,20205.952612
5795.481335,0.88,0.88,200,20210.378899
5696.827367,0.81,0.81,200,20214.851868
5683.071279,0.845,0.88,200,20219.484678
5787.061035,0.875,0.875,200,20224.054727
5728.44162,0.87,0.875,200,20228.730923
5789.557412,0.875,0.885,200,20233.278948
5436.210762,0.82,0.87,200,20237.835314
5669.622503,0.84,0.84,200,20242.356631
