# {"t_start": 1757073748.9356425, "env_id": "graff-v0"} 
r,obj_lift,obj_grab,l,t
5646.971601,0.805,0.81,200,7.168401
4562.035161,0.84,0.86,200,11.784965
5746.833912,0.845,0.86,200,16.472405
5714.376274,0.83,0.835,200,21.1561
4597.958792,0.825,0.85,200,25.818632
5746.98873,0.845,0.845,200,30.50169
5684.15918,0.815,0.82,200,35.258623
5313.217601,0.865,0.865,200,40.007145
5266.186398,0.74,0.745,200,44.845587
5741.095566,0.845,0.845,200,49.666867
4827.885725,0.89,0.89,200,56.862391
5623.651618,0.775,0.78,200,61.700493
5611.151792,0.79,0.795,200,66.46489
2640.099243,0.875,0.875,200,71.165729
5671.780901,0.82,0.825,200,75.767157
5751.164069,0.84,0.85,200,80.581243
4595.051214,0.825,0.855,200,85.363709
5660.275355,0.855,0.865,200,90.133003
2789.289384,0.405,0.42,200,94.965554
4254.219322,0.13,0.13,200,99.677308
2566.231674,0.875,0.875,200,106.697667
5545.116476,0.78,0.79,200,111.609224
5754.057577,0.855,0.87,200,116.334878
2715.692514,0.875,0.88,200,121.128335
5742.534667,0.835,0.855,200,125.898655
5658.234675,0.79,0.79,200,130.735884
2986.974435,0.85,0.86,200,135.520075
5739.558655,0.84,0.84,200,140.124775
5463.762503,0.78,0.78,200,144.832781
3447.388049,0.84,0.855,200,149.376871
5677.754004,0.78,0.805,200,156.62801
2889.752762,0.875,0.875,200,161.313426
5667.208779,0.805,0.82,200,166.04699
5706.209798,0.83,0.83,200,170.736415
5646.133544,0.815,0.82,200,175.359517
5402.956022,0.72,0.72,200,180.081486
5582.992961,0.785,0.795,200,184.742543
4100.770099,0.085,0.09,200,189.380383
5070.724196,0.795,0.835,200,194.225224
3594.310157,0.885,0.885,200,199.070129
4168.753958,0.855,0.865,200,205.862261
5574.018866,0.8,0.815,200,210.619019
5658.495248,0.82,0.82,200,215.196779
5643.468053,0.775,0.785,200,219.890832
3036.966108,0.87,0.87,200,224.730733
5668.068307,0.81,0.81,200,229.486199
5612.479054,0.79,0.8,200,234.295576
4439.801122,0.85,0.86,200,239.013466
5258.185644,0.83,0.835,200,243.810009
2941.762973,0.87,0.875,200,248.59765
5665.640126,0.815,0.825,200,255.636525
3517.426431,0.67,0.67,200,260.405859
5049.803418,0.81,0.83,200,265.176905
3367.464004,0.86,0.87,200,269.93472
2888.268348,0.875,0.875,200,274.678575
2908.885713,0.895,0.895,200,279.312201
4719.891261,0.885,0.885,200,283.875201
2749.868377,0.885,0.885,200,288.558798
3530.709348,0.54,0.54,200,293.397949
5669.800092,0.785,0.81,200,298.309184
5645.655959,0.81,0.82,200,305.682253
5192.473866,0.83,0.83,200,310.472532
5604.892564,0.81,0.815,200,315.280389
5637.500345,0.79,0.8,200,320.132141
5683.743279,0.82,0.82,200,324.965722
2910.515102,0.03,0.035,200,329.810981
5102.351933,0.82,0.84,200,334.615678
2813.306848,0.88,0.88,200,339.488475
3472.328808,0.89,0.89,200,344.388875
2889.928135,0.855,0.87,200,349.181992
2890.61877,0.865,0.865,200,356.420845
5303.026886,0.83,0.83,200,361.222071
4953.333303,0.81,0.83,200,366.04107
3080.214799,0.515,0.515,200,370.857173
5741.603022,0.84,0.845,200,375.573545
2780.692609,0.87,0.87,200,380.385871
5679.074256,0.805,0.82,200,385.236525
2947.07753,0.875,0.875,200,389.898577
4940.764291,0.72,0.73,200,394.468523
5451.289386,0.77,0.77,200,399.210623
5741.616821,0.82,0.845,200,406.349923
4004.163728,0.845,0.845,200,411.229265
3632.396934,0.83,0.85,200,416.041193
5724.920055,0.83,0.835,200,420.890673
3558.628251,0.84,0.87,200,425.74334
5743.860215,0.855,0.875,200,430.565225
4049.428161,0.885,0.885,200,435.470428
5751.399986,0.845,0.855,200,440.296199
5654.998594,0.825,0.825,200,445.213478
5756.814153,0.835,0.855,200,449.986049
5469.439788,0.775,0.78,200,456.958809
3102.894991,0.865,0.87,200,461.848044
3621.149777,0.85,0.855,200,466.682813
2642.410331,0.88,0.88,200,471.506897
5481.744422,0.77,0.78,200,476.279497
5641.591312,0.815,0.82,200,481.139908
2778.981506,0.875,0.875,200,486.008074
2700.757143,0.105,0.115,200,490.8417
5345.156988,0.81,0.825,200,495.510368
5511.845015,0.77,0.775,200,500.260899
5586.394271,0.795,0.81,200,507.364308
4763.261822,0.56,0.575,200,512.228586
5669.851134,0.815,0.815,200,517.135895
5652.747145,0.805,0.82,200,521.925505
3178.843264,0.82,0.845,200,526.62734
4057.819971,0.065,0.065,200,531.411741
4627.49239,0.51,0.51,200,536.068193
5737.622077,0.84,0.85,200,540.799589
4751.92568,0.825,0.835,200,545.622416
5643.18589,0.805,0.805,200,550.479347
5546.990568,0.79,0.79,200,557.448932
5719.905476,0.835,0.84,200,562.225621
2996.051708,0.88,0.885,200,567.124915
5738.002691,0.86,0.86,200,571.884989
3373.163319,0.835,0.855,200,576.745779
5750.869537,0.845,0.85,200,581.325106
4761.514732,0.4,0.41,200,585.938738
5624.888834,0.775,0.79,200,590.745614
4917.170835,0.83,0.835,200,595.498599
5728.293646,0.855,0.87,200,600.203251
5684.135977,0.815,0.82,200,607.127468
5435.173199,0.765,0.78,200,611.949109
4808.362848,0.52,0.54,200,616.724232
3922.976335,0.845,0.87,200,621.386302
4805.478523,0.83,0.835,200,626.060141
5739.603958,0.825,0.84,200,630.930391
4134.900274,0.895,0.895,200,635.676819
5730.008649,0.83,0.845,200,640.324427
5713.215498,0.84,0.84,200,645.082748
5612.670569,0.78,0.78,200,649.914245
5741.748737,0.855,0.89,200,656.987349
5709.545746,0.835,0.835,200,661.817897
3597.26142,0.52,0.565,200,666.502553
3351.576822,0.855,0.875,200,671.300639
5346.803161,0.84,0.88,200,675.9603
4459.948543,0.81,0.84,200,680.736432
5561.282291,0.795,0.795,200,685.362331
5741.865813,0.84,0.86,200,690.052116
4230.027894,0.84,0.855,200,694.790953
3804.298093,0.875,0.875,200,699.493205
3756.661838,0.85,0.855,200,706.264423
3605.676858,0.885,0.885,200,711.025011
5699.924802,0.835,0.835,200,715.710722
5540.580231,0.785,0.785,200,720.526853
3384.283395,0.88,0.88,200,725.247463
5749.069116,0.855,0.88,200,730.088568
4761.981667,0.82,0.83,200,734.75256
5755.853857,0.86,0.865,200,739.52051
4316.931287,0.82,0.865,200,744.26352
5646.710031,0.8,0.8,200,749.048087
5034.565492,0.84,0.855,200,756.002542
4490.46048,0.29,0.29,200,760.756203
5660.710149,0.86,0.86,200,765.591962
5621.898057,0.82,0.82,200,770.309118
4500.419446,0.815,0.83,200,774.901352
5532.185433,0.785,0.79,200,779.515574
5732.258503,0.865,0.885,200,784.120174
5637.610964,0.795,0.8,200,788.917809
5742.427911,0.845,0.845,200,793.741264
5625.535961,0.795,0.805,200,798.58259
5368.323998,0.82,0.83,200,805.574244
4787.724052,0.83,0.84,200,810.425164
3498.209298,0.845,0.855,200,815.28954
5621.305796,0.79,0.795,200,820.178596
5742.563305,0.86,0.865,200,824.926962
5746.653138,0.835,0.85,200,829.661141
3242.976052,0.85,0.86,200,834.347364
5019.955286,0.815,0.825,200,839.187039
5736.403291,0.825,0.84,200,843.989011
4356.061637,0.895,0.9,200,848.792101
5735.736968,0.825,0.84,200,855.860748
4517.132103,0.485,0.485,200,860.583744
3234.399015,0.875,0.875,200,865.436862
5752.33921,0.845,0.86,200,870.188306
4347.415041,0.815,0.83,200,874.979765
2894.359234,0.835,0.855,200,879.809841
5759.257909,0.865,0.875,200,884.688719
5589.905593,0.805,0.805,200,889.488401
2692.864941,0.27,0.295,200,894.286411
5749.047128,0.865,0.88,200,899.106319
5755.321077,0.86,0.865,200,905.912889
5130.182836,0.81,0.81,200,910.544294
5569.980436,0.795,0.795,200,915.249289
5637.735824,0.775,0.785,200,920.073909
5772.209875,0.86,0.87,200,924.916055
5605.854585,0.81,0.815,200,929.650989
5001.541328,0.435,0.445,200,934.44106
5626.343403,0.805,0.805,200,939.220412
5645.995091,0.805,0.81,200,943.969002
5524.035359,0.8,0.815,200,948.856241
5160.982855,0.54,0.555,200,955.947493
5663.496695,0.805,0.81,200,960.732846
4308.665127,0.845,0.865,200,965.543032
4364.429509,0.84,0.85,200,970.373907
5586.560307,0.76,0.76,200,975.224437
5611.369676,0.79,0.79,200,979.974492
4299.622108,0.845,0.855,200,984.698878
3206.503369,0.87,0.87,200,989.325332
5721.439655,0.825,0.825,200,993.975585
5149.691345,0.815,0.815,200,998.693199
3114.403667,0.84,0.845,200,1005.705311
5763.228508,0.865,0.87,200,1010.450722
5149.441988,0.555,0.575,200,1015.3304
5567.988311,0.8,0.8,200,1020.002818
5659.100084,0.855,0.87,200,1024.626365
5737.722783,0.86,0.87,200,1029.3043
2674.734942,0.87,0.87,200,1034.012705
5752.24788,0.845,0.87,200,1038.729365
5648.439311,0.79,0.795,200,1043.431387
5649.259401,0.79,0.815,200,1048.307021
5752.974036,0.85,0.855,200,1055.331577
5176.745007,0.83,0.84,200,1060.054861
5653.326593,0.81,0.83,200,1064.776836
2886.521112,0.87,0.88,200,1069.499259
5736.625019,0.85,0.85,200,1074.258617
2815.260226,0.855,0.865,200,1079.0622
5725.054086,0.825,0.84,200,1083.787286
5743.380994,0.835,0.85,200,1088.518333
4669.351344,0.82,0.84,200,1093.3248
3079.658983,0.85,0.85,200,1098.077607
5741.367133,0.85,0.865,200,1105.012316
4726.612297,0.815,0.835,200,1109.770342
5586.157853,0.795,0.81,200,1114.594332
5569.025098,0.8,0.8,200,1119.487985
5731.39781,0.85,0.855,200,1124.407185
2946.732529,0.86,0.87,200,1129.208186
5700.481975,0.825,0.825,200,1133.821414
4211.912391,0.865,0.875,200,1138.523701
5288.594699,0.66,0.665,200,1143.269995
5651.892867,0.805,0.825,200,1148.109305
2509.483638,0.865,0.865,200,1155.294954
5752.745225,0.84,0.845,200,1160.063498
5661.453392,0.805,0.805,200,1164.679662
4245.859029,0.87,0.87,200,1169.454996
5219.097601,0.83,0.84,200,1174.167493
4708.750638,0.825,0.845,200,1178.973336
5657.388558,0.805,0.81,200,1183.753091
5525.297903,0.805,0.805,200,1188.598926
4426.616876,0.865,0.865,200,1193.271831
2939.12064,0.85,0.865,200,1198.183805
5462.615976,0.785,0.785,200,1205.35561
5542.062456,0.795,0.795,200,1210.101548
4432.412098,0.85,0.855,200,1214.837662
2206.338847,0.035,0.07,200,1219.566409
5633.835516,0.795,0.795,200,1224.369845
2861.16363,0.86,0.86,200,1229.013286
5725.235375,0.855,0.87,200,1233.813981
4281.926862,0.86,0.875,200,1238.6014
4829.882608,0.83,0.85,200,1243.381449
2705.169433,0.865,0.87,200,1248.150967
5756.404686,0.86,0.86,200,1255.177325
5778.781585,0.875,0.895,200,1260.047069
4323.393574,0.84,0.85,200,1264.750508
2751.222006,0.84,0.845,200,1269.367578
5606.261979,0.805,0.815,200,1274.196505
2748.062581,0.715,0.715,200,1278.904789
4247.957314,0.82,0.845,200,1283.600439
5761.096784,0.84,0.86,200,1288.354423
4139.308247,0.82,0.85,200,1292.968353
5177.491676,0.705,0.71,200,1297.585187
5471.282892,0.81,0.815,200,1304.620742
5620.124963,0.805,0.81,200,1309.413948
2541.487144,0.88,0.88,200,1314.117946
4774.537873,0.805,0.835,200,1318.998615
2821.380312,0.845,0.86,200,1323.920162
5695.59313,0.865,0.87,200,1328.714991
4777.729841,0.82,0.83,200,1333.506081
5744.012797,0.845,0.85,200,1338.386362
5598.895264,0.815,0.82,200,1343.241815
3892.987475,0.785,0.79,200,1347.981638
5670.692069,0.8,0.815,200,1354.807332
5671.741828,0.82,0.825,200,1359.476177
5688.49454,0.805,0.83,200,1364.131392
5605.42023,0.825,0.83,200,1368.894668
5510.075253,0.81,0.815,200,1373.659482
5481.618902,0.77,0.785,200,1378.329035
2888.594112,0.86,0.865,200,1383.139213
5735.381481,0.84,0.84,200,1388.017248
5725.011818,0.865,0.865,200,1392.878907
5707.90062,0.86,0.875,200,1397.752027
3930.849734,0.265,0.31,200,1404.737698
3198.023904,0.86,0.865,200,1409.587352
3967.076738,0.84,0.85,200,1414.344257
2550.34777,0.875,0.875,200,1419.104853
5499.075708,0.785,0.795,200,1423.837926
5712.461615,0.875,0.875,200,1428.675399
5390.947876,0.855,0.885,200,1433.460035
5652.39844,0.81,0.82,200,1438.177983
5475.771944,0.78,0.78,200,1442.875128
5429.981543,0.82,0.825,200,1447.721207
5743.14947,0.835,0.855,200,1454.709209
5538.693622,0.79,0.79,200,1459.462437
5630.86501,0.795,0.795,200,1464.321753
5636.418334,0.815,0.815,200,1469.069033
5751.342115,0.84,0.855,200,1473.749471
5751.551707,0.855,0.865,200,1478.608455
5620.190249,0.78,0.78,200,1483.443592
5419.691842,0.78,0.78,200,1488.227851
5738.131139,0.84,0.845,200,1493.065816
2765.868113,0.86,0.86,200,1497.885986
5411.820186,0.795,0.805,200,1505.068002
5627.987578,0.81,0.81,200,1509.828767
5773.951169,0.855,0.87,200,1514.608698
3879.938943,0.845,0.865,200,1519.363353
5657.967192,0.8,0.815,200,1524.116079
5744.935335,0.855,0.855,200,1528.834149
5751.287717,0.875,0.88,200,1533.496065
5737.879525,0.84,0.84,200,1538.276258
3353.900191,0.87,0.87,200,1543.05496
5540.893886,0.765,0.765,200,1547.808063
5735.485519,0.855,0.885,200,1554.767725
3149.544237,0.87,0.87,200,1559.56575
3442.506912,0.865,0.865,200,1564.372818
5581.779666,0.805,0.815,200,1569.02896
5438.410117,0.775,0.775,200,1573.69024
5610.080857,0.81,0.81,200,1578.505452
2886.24158,0.88,0.88,200,1583.378361
5767.153263,0.85,0.865,200,1588.003259
5725.557537,0.83,0.84,200,1592.760605
5510.854194,0.79,0.79,200,1597.681827
4737.013181,0.825,0.86,200,1604.496633
5731.531508,0.86,0.865,200,1609.156924
5671.619426,0.88,0.885,200,1613.949989
3756.835511,0.85,0.85,200,1618.750198
4739.774721,0.535,0.56,200,1623.543043
5741.412335,0.835,0.84,200,1628.482782
5236.492661,0.83,0.835,200,1633.257119
5745.242429,0.86,0.86,200,1638.035134
3896.869981,0.855,0.855,200,1642.785576
5627.865169,0.77,0.77,200,1647.46943
4087.640037,0.825,0.85,200,1654.409171
5741.088184,0.845,0.86,200,1659.112816
5762.534122,0.865,0.865,200,1663.737358
5656.418498,0.81,0.815,200,1668.563661
5663.431228,0.82,0.825,200,1673.256182
4541.024874,0.825,0.85,200,1678.150286
2804.981232,0.875,0.875,200,1682.976235
5751.896135,0.855,0.86,200,1687.689752
5759.658917,0.85,0.87,200,1692.510265
5650.390505,0.815,0.82,200,1697.219161
5717.412774,0.835,0.84,200,1704.309979
5632.261067,0.805,0.815,200,1709.183958
5453.345675,0.77,0.775,200,1714.097896
5175.147063,0.78,0.78,200,1719.117239
5740.278915,0.855,0.865,200,1723.947809
5589.125453,0.815,0.82,200,1728.835297
5007.916767,0.825,0.825,200,1733.664152
5740.579404,0.835,0.85,200,1738.441465
5646.250565,0.81,0.815,200,1743.268235
5662.654651,0.805,0.805,200,1747.98639
5619.601844,0.81,0.82,200,1755.357773
5501.87353,0.815,0.825,200,1760.096749
5735.277825,0.86,0.875,200,1764.992886
5460.177346,0.8,0.8,200,1769.747505
5605.614499,0.79,0.79,200,1774.54054
5694.533634,0.835,0.84,200,1779.330292
5753.647313,0.86,0.865,200,1784.095458
5712.431226,0.835,0.835,200,1788.912089
5731.834862,0.855,0.86,200,1793.631249
5757.537153,0.855,0.855,200,1798.436792
4712.723514,0.115,0.115,200,1805.163638
5713.773287,0.815,0.835,200,1809.898632
3162.554734,0.845,0.845,200,1814.670387
5343.881108,0.79,0.795,200,1819.524087
5766.937539,0.865,0.875,200,1824.336798
3957.158725,0.89,0.89,200,1829.15368
2820.726364,0.855,0.87,200,1833.989531
5750.657914,0.845,0.855,200,1838.687809
5652.958288,0.815,0.815,200,1843.436649
5751.336628,0.85,0.86,200,1848.158668
5634.265223,0.805,0.82,200,1855.171064
5734.702018,0.84,0.845,200,1860.014698
4381.666813,0.835,0.845,200,1864.717988
5769.716266,0.86,0.87,200,1869.511007
3962.540443,0.84,0.86,200,1874.278616
5660.999094,0.79,0.79,200,1879.061531
5749.218406,0.865,0.88,200,1883.803678
5736.587815,0.84,0.845,200,1888.595357
5548.815386,0.785,0.795,200,1893.385336
3298.32951,0.855,0.865,200,1898.185921
4457.902696,0.82,0.84,200,1905.243099
5107.58548,0.815,0.83,200,1909.901999
5474.337266,0.78,0.785,200,1914.572513
5742.20294,0.85,0.85,200,1919.26365
5698.141136,0.825,0.83,200,1923.822669
5316.878726,0.835,0.85,200,1928.593189
5742.05256,0.84,0.85,200,1933.273922
5748.110536,0.85,0.85,200,1937.967953
5459.697458,0.785,0.79,200,1942.546943
5721.83585,0.85,0.885,200,1947.076931
4860.322874,0.81,0.81,200,1954.038925
2819.041519,0.48,0.48,200,1958.518427
5471.217546,0.785,0.785,200,1963.22695
5611.18878,0.785,0.79,200,1968.020955
5731.758446,0.855,0.855,200,1972.713461
4015.326271,0.845,0.87,200,1977.444221
5626.652465,0.805,0.815,200,1982.118166
5731.342393,0.86,0.875,200,1986.751964
4060.38505,0.84,0.85,200,1991.603994
5352.662501,0.825,0.83,200,1996.305054
5628.513569,0.805,0.815,200,2003.364504
3252.812789,0.88,0.88,200,2008.046994
4516.00634,0.865,0.87,200,2012.916098
2885.249948,0.87,0.87,200,2017.742622
3235.661,0.865,0.865,200,2022.638901
5627.676515,0.8,0.815,200,2027.490129
5656.626111,0.805,0.815,200,2032.381524
5644.343809,0.815,0.815,200,2037.256832
5750.152623,0.855,0.855,200,2042.255824
3090.812501,0.885,0.885,200,2047.122606
5655.038301,0.795,0.8,200,2054.127001
5744.31405,0.845,0.85,200,2058.856184
5675.620941,0.81,0.83,200,2063.639175
5751.092936,0.87,0.88,200,2068.459066
5719.501132,0.83,0.845,200,2073.306857
5656.475634,0.795,0.795,200,2078.205872
5632.039149,0.81,0.815,200,2083.076185
3357.775143,0.61,0.635,200,2087.754802
5727.008393,0.855,0.87,200,2092.411351
3425.068612,0.83,0.86,200,2097.110704
5600.767143,0.805,0.81,200,2104.374964
4534.766657,0.835,0.85,200,2109.209424
5501.48612,0.81,0.82,200,2114.003716
5662.415666,0.79,0.81,200,2118.882312
5653.811119,0.79,0.79,200,2123.631236
5746.652279,0.865,0.865,200,2128.491856
2559.818019,0.87,0.87,200,2133.375309
4197.698992,0.84,0.85,200,2138.161146
3150.002577,0.835,0.855,200,2142.970325
5763.339364,0.855,0.86,200,2147.691204
5492.516441,0.835,0.84,200,2154.687579
2670.532142,0.875,0.875,200,2159.478851
5585.552378,0.82,0.82,200,2164.157622
5594.162693,0.815,0.815,200,2168.887672
5648.460973,0.81,0.815,200,2173.696317
2691.47532,0.89,0.89,200,2178.504697
5574.80467,0.855,0.875,200,2183.306916
5770.583253,0.85,0.87,200,2188.254247
5730.312417,0.86,0.865,200,2193.16011
3686.552235,0.88,0.88,200,2198.008278
5679.981226,0.81,0.81,200,2205.19996
3321.013198,0.84,0.855,200,2209.851964
5540.426928,0.81,0.82,200,2214.685757
5670.839702,0.805,0.805,200,2219.475768
5753.006216,0.835,0.86,200,2224.220395
3024.994831,0.855,0.855,200,2228.970376
5745.634854,0.86,0.865,200,2233.772613
3871.092822,0.885,0.885,200,2238.520301
3720.875055,0.465,0.47,200,2243.361123
2499.235896,0.88,0.885,200,2248.277824
5665.066227,0.805,0.805,200,2255.240673
3893.872533,0.835,0.86,200,2259.954381
5634.219697,0.81,0.81,200,2264.764591
5178.77278,0.71,0.71,200,2269.543801
5596.420835,0.81,0.81,200,2274.233788
5754.785524,0.855,0.86,200,2279.04853
4856.702655,0.82,0.84,200,2283.820269
2504.422597,0.14,0.19,200,2288.500656
3962.56452,0.56,0.595,200,2293.229361
5752.947713,0.865,0.865,200,2297.939765
2498.960291,0.875,0.875,200,2304.971297
5713.694075,0.855,0.855,200,2309.849019
5582.5725,0.8,0.81,200,2314.685722
3341.872169,0.855,0.865,200,2319.486481
5651.319279,0.825,0.825,200,2324.399682
5639.949412,0.825,0.835,200,2329.29975
5513.796282,0.795,0.8,200,2334.041384
5665.845061,0.805,0.82,200,2338.75782
5732.984307,0.87,0.88,200,2343.519527
2723.345829,0.88,0.88,200,2348.241215
4184.297443,0.88,0.88,200,2355.653765
5703.269543,0.83,0.835,200,2360.606307
5638.433859,0.81,0.825,200,2365.367899
5661.623054,0.815,0.815,200,2370.050376
5642.765916,0.815,0.82,200,2374.810366
4700.578622,0.83,0.83,200,2379.588628
5651.581735,0.835,0.845,200,2384.413052
5643.483462,0.785,0.795,200,2389.090472
5613.062987,0.83,0.83,200,2393.869525
4677.390067,0.845,0.855,200,2398.544417
5673.510918,0.815,0.82,200,2405.758049
5544.041546,0.795,0.8,200,2410.558196
4545.990907,0.835,0.85,200,2415.324221
4807.840871,0.8,0.83,200,2420.186513
3482.211093,0.85,0.855,200,2424.955005
5659.642226,0.8,0.805,200,2429.863651
5616.716773,0.81,0.815,200,2434.639925
5682.023648,0.83,0.83,200,2439.426047
4452.286782,0.83,0.845,200,2444.06193
5671.823971,0.795,0.83,200,2448.863571
4563.844041,0.82,0.845,200,2455.629093
5578.260488,0.805,0.81,200,2460.375957
4580.628425,0.83,0.845,200,2465.130816
3544.832874,0.84,0.85,200,2469.825215
5187.338909,0.825,0.835,200,2474.531843
2974.333545,0.86,0.87,200,2479.192594
4156.756428,0.835,0.845,200,2483.941878
4676.105061,0.87,0.87,200,2488.716764
4066.537418,0.725,0.73,200,2493.558404
5709.511956,0.825,0.84,200,2498.375133
5749.116649,0.85,0.86,200,2505.45909
5716.859788,0.84,0.875,200,2510.030436
2570.702027,0.86,0.875,200,2514.625907
5728.336643,0.835,0.835,200,2519.224282
4703.105305,0.825,0.845,200,2523.886054
5768.977031,0.855,0.865,200,2528.685292
5582.814798,0.87,0.885,200,2533.397242
5760.895642,0.855,0.865,200,2538.049148
2575.670658,0.87,0.88,200,2542.931996
5736.38301,0.845,0.845,200,2547.808737
5751.289274,0.84,0.845,200,2555.017028
2723.643464,0.86,0.865,200,2559.856965
4608.759171,0.825,0.84,200,2564.612493
4850.545706,0.815,0.845,200,2569.392454
5690.388426,0.83,0.83,200,2574.14456
3491.625769,0.81,0.82,200,2578.921715
2150.57832,0.18,0.19,200,2583.802552
4448.202203,0.835,0.855,200,2588.709235
5747.692541,0.835,0.845,200,2593.609587
5747.186502,0.87,0.875,200,2598.523816
5107.302497,0.845,0.845,200,2605.690508
5645.682111,0.82,0.82,200,2610.723231
5636.148382,0.795,0.795,200,2615.674874
4225.933686,0.815,0.85,200,2620.485718
5788.718949,0.88,0.895,200,2625.321965
5674.681068,0.8,0.8,200,2630.169891
4395.660547,0.84,0.845,200,2634.929372
5493.427421,0.775,0.79,200,2639.80751
5753.27684,0.855,0.86,200,2644.520917
5493.876055,0.79,0.795,200,2649.385676
5748.684067,0.87,0.885,200,2656.457924
5688.229375,0.8,0.81,200,2661.369929
5703.224478,0.83,0.845,200,2666.14955
5642.653141,0.815,0.815,200,2671.057485
5664.248146,0.805,0.825,200,2675.73643
4393.934017,0.835,0.855,200,2680.59534
5527.359991,0.795,0.8,200,2685.518365
5519.719264,0.805,0.805,200,2690.37216
5646.274203,0.85,0.88,200,2695.208388
4428.408824,0.805,0.83,200,2699.955745
4146.99389,0.75,0.77,200,2707.138006
5640.992777,0.805,0.805,200,2711.899185
5771.831155,0.87,0.875,200,2716.702728
5639.608012,0.82,0.82,200,2721.404834
5634.96166,0.81,0.82,200,2726.178301
2845.819818,0.84,0.865,200,2730.984231
5741.390396,0.85,0.85,200,2735.742273
5614.912005,0.81,0.81,200,2740.498414
4652.89276,0.83,0.835,200,2745.269682
5751.429331,0.835,0.855,200,2750.039611
3914.516985,0.85,0.86,200,2756.945395
5746.639963,0.865,0.885,200,2761.714177
5548.343163,0.795,0.81,200,2766.650751
5768.994978,0.855,0.875,200,2771.519493
5244.027762,0.685,0.685,200,2776.264812
5649.731099,0.78,0.79,200,2781.036179
4040.963202,0.86,0.86,200,2785.816063
4992.006682,0.825,0.85,200,2790.511462
5647.381788,0.815,0.815,200,2795.355941
2677.27233,0.845,0.86,200,2800.079887
5698.356316,0.825,0.84,200,2807.065391
5719.181893,0.83,0.835,200,2811.843195
5748.152488,0.85,0.865,200,2816.553144
5733.319588,0.875,0.885,200,2821.445155
5673.372227,0.815,0.83,200,2826.194065
5712.015646,0.835,0.835,200,2830.945399
4488.925615,0.84,0.84,200,2835.911485
5640.485971,0.78,0.78,200,2840.718252
5520.384469,0.79,0.8,200,2845.702938
2633.824343,0.88,0.88,200,2850.499118
5550.58413,0.88,0.88,200,2857.567138
5656.359009,0.78,0.795,200,2862.573368
5757.431134,0.855,0.86,200,2867.500258
2984.028628,0.29,0.3,200,2872.315372
5739.054848,0.85,0.855,200,2877.154508
5743.399862,0.85,0.85,200,2881.939338
3501.812549,0.85,0.86,200,2886.696402
5747.540076,0.835,0.845,200,2891.583848
5757.915414,0.85,0.855,200,2896.381303
3131.375626,0.43,0.445,200,2901.141482
5738.472738,0.855,0.875,200,2908.424342
5733.918186,0.84,0.845,200,2913.216004
5755.463528,0.865,0.88,200,2917.991935
4523.280445,0.835,0.86,200,2922.739069
5746.079511,0.835,0.84,200,2927.405951
5716.392755,0.855,0.86,200,2932.077964
5720.55806,0.865,0.87,200,2936.919756
3587.890973,0.82,0.85,200,2941.675947
5541.091184,0.82,0.83,200,2946.384432
5740.074535,0.84,0.84,200,2951.044617
3592.781375,0.52,0.525,200,2957.899093
5600.244674,0.815,0.825,200,2962.661271
5540.518261,0.805,0.815,200,2967.412877
4418.166979,0.87,0.87,200,2972.122208
4140.065138,0.83,0.845,200,2976.965084
4961.825047,0.825,0.84,200,2981.664156
5632.993966,0.81,0.82,200,2986.313607
5739.065191,0.85,0.865,200,2991.086884
2618.200328,0.045,0.05,200,2995.767218
4402.664241,0.84,0.855,200,3000.591169
5503.603482,0.785,0.785,200,3007.809078
5534.04936,0.815,0.825,200,3012.559835
5654.14878,0.81,0.81,200,3017.278424
3477.886375,0.85,0.87,200,3022.061857
2882.383969,0.17,0.17,200,3026.747712
5667.794979,0.805,0.805,200,3031.557266
5164.022479,0.615,0.615,200,3036.3581
3145.608808,0.855,0.87,200,3041.251948
5607.865172,0.81,0.82,200,3046.438689
5753.537118,0.86,0.875,200,3051.40555
5765.84798,0.865,0.865,200,3058.350282
4114.018711,0.865,0.87,200,3063.140046
5646.640609,0.785,0.785,200,3067.776257
5645.246479,0.805,0.805,200,3072.644818
5756.300773,0.85,0.855,200,3077.435662
5736.403241,0.845,0.85,200,3082.136372
5660.498423,0.815,0.815,200,3086.92115
5785.948736,0.865,0.88,200,3091.845715
5734.620569,0.835,0.845,200,3096.717282
5648.461035,0.795,0.795,200,3101.718186
5690.946574,0.825,0.83,200,3108.60411
5218.768226,0.83,0.845,200,3113.507751
2617.061061,0.89,0.895,200,3118.35116
5719.933643,0.86,0.87,200,3123.20579
5491.66255,0.795,0.795,200,3128.036891
5646.741538,0.805,0.815,200,3132.890858
2742.449411,0.855,0.865,200,3137.690629
2846.993647,0.845,0.865,200,3142.414505
5736.732571,0.86,0.86,200,3147.145791
5534.647066,0.835,0.835,200,3152.028205
5636.04909,0.815,0.82,200,3158.838947
4162.89887,0.825,0.855,200,3163.728011
5654.819215,0.86,0.86,200,3168.708796
4562.110588,0.735,0.74,200,3173.586154
5737.160311,0.83,0.84,200,3178.340992
5209.688526,0.83,0.84,200,3183.277405
5768.577649,0.87,0.88,200,3188.098773
5760.821076,0.86,0.86,200,3193.007751
5731.065823,0.835,0.84,200,3197.891655
5719.295002,0.85,0.86,200,3202.692187
5749.873172,0.85,0.86,200,3209.967773
5421.369953,0.835,0.855,200,3214.881747
5645.938408,0.79,0.79,200,3219.900089
5733.949683,0.83,0.84,200,3224.826438
5455.188625,0.79,0.79,200,3229.746645
5623.93707,0.81,0.815,200,3234.633204
3227.03935,0.86,0.865,200,3239.404807
5751.547549,0.84,0.85,200,3244.151012
5629.432014,0.805,0.82,200,3248.970305
5607.856374,0.81,0.81,200,3253.69973
5284.15763,0.835,0.835,200,3261.058604
3847.330427,0.865,0.875,200,3265.865211
3433.1432,0.855,0.855,200,3270.660756
5738.743171,0.84,0.845,200,3275.571514
5407.496385,0.75,0.765,200,3280.436596
5556.020586,0.795,0.81,200,3285.347155
5501.25403,0.79,0.795,200,3290.107655
5646.393259,0.825,0.825,200,3295.012855
5657.025534,0.805,0.805,200,3299.922986
4142.66651,0.835,0.855,200,3304.828961
3729.996054,0.505,0.505,200,3311.871334
5647.402814,0.82,0.82,200,3316.745903
5681.537885,0.85,0.86,200,3321.596394
5497.647739,0.82,0.84,200,3326.594438
5707.671925,0.84,0.84,200,3331.45045
4329.825557,0.865,0.865,200,3336.285765
5609.096404,0.8,0.82,200,3340.978888
5732.58239,0.835,0.84,200,3345.725202
5756.608195,0.85,0.86,200,3350.512827
5757.629409,0.85,0.86,200,3355.097222
4492.477,0.825,0.845,200,3362.3339
5640.726257,0.78,0.795,200,3367.106915
5734.201458,0.84,0.84,200,3371.928535
5632.684857,0.815,0.815,200,3376.80006
5736.781552,0.855,0.88,200,3381.734542
4773.995022,0.82,0.82,200,3386.495722
5668.773294,0.805,0.805,200,3391.372496
2653.417239,0.875,0.88,200,3396.237119
5744.259584,0.84,0.845,200,3401.082315
3149.293678,0.86,0.865,200,3405.805485
5658.694689,0.815,0.825,200,3412.707132
3482.227197,0.86,0.86,200,3417.557986
5710.467354,0.87,0.875,200,3422.443697
5668.780876,0.82,0.82,200,3427.198748
5736.857056,0.865,0.875,200,3431.976039
5755.853798,0.855,0.86,200,3436.839038
4864.086515,0.845,0.845,200,3441.792713
5651.545549,0.79,0.79,200,3446.672839
5616.228778,0.82,0.82,200,3451.462034
5757.170832,0.845,0.855,200,3456.170545
5046.984246,0.695,0.695,200,3463.407528
5113.613004,0.835,0.835,200,3468.206129
4803.581844,0.78,0.78,200,3472.991962
5436.875224,0.815,0.825,200,3477.765982
4496.897485,0.83,0.855,200,3482.47798
5671.765533,0.855,0.88,200,3487.295042
5652.481562,0.805,0.805,200,3491.998389
3842.236448,0.285,0.325,200,3496.724654
5744.130974,0.87,0.895,200,3501.560568
5785.163695,0.86,0.875,200,3506.416792
5677.233856,0.81,0.81,200,3513.511178
5623.216649,0.81,0.815,200,3518.296073
4661.252678,0.815,0.835,200,3523.060721
5754.474482,0.85,0.85,200,3527.737047
5011.885551,0.595,0.595,200,3532.434275
4216.563328,0.835,0.84,200,3537.009978
5743.009206,0.835,0.845,200,3541.854627
5655.853667,0.81,0.81,200,3546.696018
5756.285013,0.855,0.86,200,3551.401665
5711.207102,0.855,0.875,200,3556.068961
5653.860887,0.785,0.785,200,3563.116684
3311.329255,0.865,0.865,200,3567.906662
5589.857632,0.8,0.81,200,3572.711772
5644.611307,0.785,0.79,200,3577.60803
5652.286691,0.805,0.81,200,3582.565426
4872.432288,0.835,0.86,200,3587.295336
5687.545957,0.815,0.82,200,3592.056761
5652.954273,0.815,0.83,200,3596.920351
5654.534108,0.81,0.815,200,3601.677433
5662.245105,0.795,0.8,200,3606.434329
5766.054691,0.845,0.875,200,3613.241369
4533.881086,0.835,0.85,200,3617.966677
5772.4387,0.86,0.875,200,3622.593958
5711.977416,0.835,0.84,200,3627.217789
5744.466038,0.84,0.845,200,3631.887683
5703.8078,0.83,0.835,200,3636.529738
4749.736264,0.625,0.66,200,3641.232754
5755.411834,0.85,0.855,200,3645.878035
5741.16707,0.85,0.85,200,3650.536756
5754.91233,0.865,0.885,200,3655.206683
5657.235485,0.785,0.79,200,3662.237571
2636.139596,0.87,0.87,200,3666.920872
5336.228742,0.82,0.82,200,3671.657687
2980.556785,0.865,0.87,200,3676.308099
5767.193032,0.85,0.87,200,3681.053193
5767.01218,0.865,0.865,200,3685.781776
5730.517386,0.865,0.87,200,3690.433951
5572.943634,0.805,0.81,200,3695.138586
5755.90917,0.85,0.85,200,3699.864119
4625.664654,0.83,0.835,200,3704.498108
5743.232343,0.865,0.87,200,3711.669467
5683.634352,0.82,0.82,200,3716.437255
5770.000461,0.865,0.865,200,3721.123693
5466.332766,0.765,0.78,200,3725.937438
5755.932941,0.855,0.855,200,3730.702982
5566.125715,0.825,0.825,200,3735.494803
4589.120932,0.66,0.67,200,3740.264054
5616.295657,0.805,0.815,200,3744.947293
5756.299529,0.87,0.88,200,3749.55345
5600.000734,0.815,0.825,200,3754.159102
5680.432407,0.81,0.82,200,3761.134487
5595.262597,0.82,0.82,200,3765.748071
5760.697737,0.86,0.87,200,3770.504806
5262.3592,0.81,0.835,200,3775.235187
5745.612509,0.85,0.85,200,3780.00129
5635.013824,0.81,0.82,200,3784.724
5756.588418,0.855,0.86,200,3789.442074
5737.476646,0.85,0.85,200,3794.158135
5727.553847,0.87,0.885,200,3798.955625
4495.230132,0.825,0.84,200,3803.689995
4175.647976,0.835,0.86,200,3810.734915
5520.788516,0.815,0.815,200,3815.454723
5752.95939,0.85,0.85,200,3820.086737
5742.798686,0.845,0.845,200,3824.734293
5673.526796,0.815,0.815,200,3829.441716
5732.513053,0.845,0.845,200,3834.223959
5767.644126,0.865,0.87,200,3838.996755
5739.084763,0.835,0.84,200,3843.752184
4913.683212,0.79,0.795,200,3848.478303
5747.032731,0.845,0.845,200,3853.319285
5750.459827,0.85,0.85,200,3860.54496
4306.712074,0.845,0.85,200,3865.458066
5705.486298,0.82,0.825,200,3870.318978
4161.799146,0.835,0.855,200,3875.069765
4451.379636,0.86,0.875,200,3879.884895
5733.348242,0.83,0.85,200,3884.535089
5780.457789,0.865,0.87,200,3889.213116
5572.835836,0.8,0.8,200,3894.023329
4255.682801,0.885,0.885,200,3898.773327
5536.00753,0.805,0.805,200,3903.501698
5721.738595,0.85,0.88,200,3910.324438
5747.531708,0.845,0.845,200,3915.030327
2732.997093,0.18,0.185,200,3919.860751
3501.476032,0.86,0.86,200,3924.604285
5688.085896,0.855,0.88,200,3929.283777
4402.877859,0.84,0.85,200,3933.938051
5672.687231,0.795,0.8,200,3938.835285
3797.11575,0.835,0.86,200,3943.627078
5751.078611,0.86,0.865,200,3948.408417
3586.096775,0.87,0.87,200,3953.318563
5721.485666,0.83,0.835,200,3960.430041
5754.640142,0.845,0.86,200,3965.167233
2632.05997,0.43,0.435,200,3970.11689
5529.638772,0.785,0.785,200,3974.952301
5726.012897,0.84,0.84,200,3979.73917
4728.511602,0.83,0.85,200,3984.576416
5681.957354,0.82,0.82,200,3989.364835
5174.14465,0.815,0.83,200,3994.152663
5617.674172,0.81,0.82,200,3998.852519
5767.550834,0.865,0.865,200,4003.642439
5762.940964,0.86,0.86,200,4010.787661
4322.036943,0.84,0.855,200,4015.512444
5720.230868,0.85,0.85,200,4020.503007
3420.31414,0.855,0.86,200,4025.365269
5587.201585,0.795,0.805,200,4030.25443
2671.424846,0.87,0.87,200,4035.11967
5748.441331,0.855,0.865,200,4039.876336
4169.09663,0.865,0.87,200,4044.830771
3392.95495,0.37,0.38,200,4049.79955
3827.818841,0.87,0.87,200,4054.550265
5763.043883,0.86,0.86,200,4061.71124
5753.11072,0.85,0.875,200,4066.580694
5744.352041,0.86,0.86,200,4071.326556
5043.195654,0.84,0.84,200,4076.135872
4300.412316,0.82,0.845,200,4080.975276
5657.169013,0.805,0.805,200,4085.891267
5668.477478,0.82,0.825,200,4090.722379
5758.104742,0.85,0.86,200,4095.578605
5767.400927,0.86,0.865,200,4100.433154
5631.303123,0.8,0.8,200,4105.167353
5664.000886,0.805,0.805,200,4112.082962
4095.312362,0.52,0.535,200,4116.696104
5727.732702,0.86,0.865,200,4121.372053
5705.686748,0.815,0.83,200,4126.125823
5623.815388,0.805,0.805,200,4130.849827
3659.979275,0.87,0.87,200,4135.485065
5278.6529,0.6,0.62,200,4140.22956
5756.104291,0.86,0.875,200,4145.014032
4110.177713,0.82,0.86,200,4149.941121
5671.540764,0.81,0.81,200,4154.942472
5739.304796,0.84,0.84,200,4162.181514
5526.002824,0.8,0.8,200,4166.838038
5786.805517,0.865,0.89,200,4171.533525
3485.412922,0.86,0.87,200,4176.320853
5638.593057,0.805,0.805,200,4181.170008
5672.321267,0.8,0.8,200,4185.707714
5762.233764,0.855,0.855,200,4190.402631
5681.00391,0.82,0.83,200,4195.116578
5762.344038,0.85,0.86,200,4199.944561
5701.475223,0.87,0.89,200,4204.762717
5237.693263,0.71,0.725,200,4211.755626
5683.08242,0.805,0.805,200,4216.596965
5751.876496,0.865,0.88,200,4221.338364
5574.409398,0.8,0.8,200,4226.06591
5752.936109,0.865,0.865,200,4230.784509
5685.600431,0.825,0.825,200,4235.52132
4673.408675,0.85,0.85,200,4240.377568
5620.417355,0.805,0.805,200,4245.192287
5577.033744,0.805,0.805,200,4250.024615
5768.216334,0.855,0.865,200,4254.787035
4578.715851,0.85,0.855,200,4261.894594
4740.358806,0.825,0.845,200,4266.683809
4205.057807,0.82,0.865,200,4271.526016
5729.027447,0.85,0.855,200,4276.176643
5755.292266,0.865,0.875,200,4280.897453
4900.896889,0.835,0.85,200,4285.568378
5510.206789,0.78,0.79,200,4290.374422
4986.422098,0.84,0.84,200,4295.14242
5671.786787,0.85,0.87,200,4299.856694
5658.232284,0.8,0.8,200,4304.650774
5680.801066,0.81,0.81,200,4311.57222
4463.547652,0.755,0.765,200,4316.401823
4620.9377,0.835,0.845,200,4321.273879
5720.27055,0.83,0.835,200,4325.972611
5753.211097,0.865,0.875,200,4330.673031
2524.798993,0.87,0.87,200,4335.478038
5678.560435,0.83,0.83,200,4340.374193
5686.995558,0.825,0.83,200,4345.054335
5639.457942,0.815,0.815,200,4349.873872
5671.660051,0.79,0.79,200,4354.61235
5748.606475,0.85,0.85,200,4361.815229
5515.992556,0.785,0.79,200,4366.490844
5124.158621,0.86,0.87,200,4371.269669
5472.046095,0.785,0.785,200,4376.097829
5571.266568,0.8,0.81,200,4380.780156
5748.511615,0.845,0.85,200,4385.479496
5735.381666,0.845,0.845,200,4390.21541
5730.250902,0.83,0.835,200,4394.998513
4248.339157,0.85,0.86,200,4399.801555
5657.942369,0.825,0.83,200,4404.562848
5639.285115,0.775,0.775,200,4411.498741
4962.669317,0.825,0.835,200,4416.315889
4233.942245,0.875,0.88,200,4421.083799
4187.95825,0.845,0.86,200,4425.920522
5675.454713,0.805,0.805,200,4430.792075
5627.489862,0.805,0.825,200,4435.548224
5477.596203,0.845,0.85,200,4440.401813
5743.714898,0.84,0.85,200,4445.172129
5662.941074,0.825,0.825,200,4450.062976
4138.31403,0.86,0.86,200,4454.918222
5664.571318,0.82,0.82,200,4461.986974
5755.259767,0.85,0.855,200,4466.716495
4419.280097,0.845,0.86,200,4471.36436
3845.024573,0.875,0.875,200,4476.007872
4109.188342,0.88,0.88,200,4480.814584
5762.783061,0.865,0.865,200,4485.527631
4299.275194,0.67,0.67,200,4490.245319
2312.437344,0.035,0.04,200,4494.998283
5720.366264,0.825,0.835,200,4499.751851
5735.011147,0.855,0.855,200,4504.550031
5761.476091,0.865,0.87,200,4511.335147
5648.264232,0.82,0.82,200,4516.216071
5620.061043,0.805,0.82,200,4521.019155
5578.20072,0.87,0.88,200,4525.842833
3959.632206,0.86,0.86,200,4530.700546
5745.696199,0.86,0.86,200,4535.450442
5693.163033,0.815,0.82,200,4540.34211
5753.351525,0.855,0.87,200,4545.203569
5740.861282,0.86,0.86,200,4549.997491
5409.224417,0.825,0.83,200,4554.74894
5553.002114,0.795,0.8,200,4562.058053
5700.487502,0.83,0.835,200,4566.894845
4491.590352,0.865,0.865,200,4571.560267
5681.130113,0.815,0.815,200,4576.430381
5656.569352,0.815,0.82,200,4581.389173
5067.302148,0.81,0.815,200,4586.143785
4910.070222,0.565,0.58,200,4590.947019
5661.872822,0.83,0.83,200,4595.745214
5748.079402,0.86,0.87,200,4600.523467
5758.142638,0.855,0.86,200,4605.253699
5753.270358,0.85,0.85,200,4612.33998
5751.646209,0.86,0.865,200,4617.025802
4230.328279,0.86,0.86,200,4621.675723
5747.888772,0.84,0.845,200,4626.563667
5754.011504,0.855,0.855,200,4631.382073
4691.071987,0.835,0.84,200,4636.195169
5669.220208,0.81,0.815,200,4640.967397
5683.941279,0.83,0.83,200,4645.698377
5631.968098,0.81,0.81,200,4650.428431
5727.527647,0.87,0.875,200,4655.051944
5760.657702,0.855,0.855,200,4662.18528
5533.954998,0.8,0.8,200,4667.004669
5651.600969,0.835,0.835,200,4671.864812
5722.47859,0.845,0.87,200,4676.573101
5666.815942,0.805,0.815,200,4681.362624
5742.081501,0.845,0.845,200,4686.060745
5621.281649,0.81,0.815,200,4690.865333
5552.705445,0.785,0.8,200,4695.696659
5682.1602,0.855,0.87,200,4700.493735
5670.20466,0.82,0.82,200,4705.309733
5681.880888,0.805,0.805,200,4712.414912
4375.132123,0.515,0.53,200,4717.117302
5584.028811,0.81,0.81,200,4721.958461
5748.679461,0.86,0.86,200,4726.82631
5221.401129,0.84,0.85,200,4731.613065
5653.983462,0.83,0.83,200,4736.331858
5750.967001,0.845,0.85,200,4741.087719
4585.503195,0.84,0.845,200,4745.828202
5756.989075,0.865,0.87,200,4750.493359
5159.6087,0.67,0.67,200,4755.289033
5493.648724,0.785,0.79,200,4762.323367
5663.830492,0.835,0.84,200,4766.954369
5696.1461,0.82,0.83,200,4771.724207
5568.147638,0.795,0.795,200,4776.41397
5737.663571,0.835,0.84,200,4781.080858
5662.751551,0.79,0.79,200,4785.733524
4531.185281,0.505,0.505,200,4790.548258
5667.496951,0.83,0.83,200,4795.47675
5676.063284,0.81,0.815,200,4800.133278
4904.506683,0.865,0.865,200,4804.99472
4635.041898,0.74,0.745,200,4811.770858
5693.450378,0.82,0.825,200,4816.555102
5674.031222,0.785,0.79,200,4821.365369
5754.7855,0.855,0.86,200,4826.095243
5659.984003,0.805,0.805,200,4830.757694
5080.831286,0.84,0.84,200,4835.431996
5669.70859,0.83,0.83,200,4840.140848
5721.572169,0.855,0.865,200,4844.767228
5744.716502,0.845,0.845,200,4849.567611
5679.752765,0.81,0.815,200,4854.228258
5753.565198,0.855,0.86,200,4861.167872
5563.337348,0.795,0.795,200,4865.828483
4784.837741,0.84,0.845,200,4870.5798
4856.651945,0.63,0.64,200,4875.432095
5681.636428,0.815,0.815,200,4880.262035
5529.408022,0.825,0.855,200,4884.99943
5730.346173,0.835,0.835,200,4889.682579
5747.736507,0.85,0.86,200,4894.198113
5746.576616,0.85,0.85,200,4898.803684
5423.338588,0.82,0.835,200,4903.427008
5241.925492,0.835,0.835,200,4910.543294
5743.159631,0.845,0.845,200,4915.231331
5700.034936,0.835,0.84,200,4920.028243
5515.057031,0.635,0.635,200,4924.689359
5754.800791,0.865,0.88,200,4929.499646
5566.345225,0.845,0.855,200,4934.120895
5735.844681,0.84,0.845,200,4938.82
5056.548135,0.835,0.845,200,4943.714418
5683.478347,0.805,0.81,200,4948.285388
5748.994628,0.845,0.85,200,4952.990377
5689.932296,0.85,0.855,200,4959.819708
3873.724391,0.75,0.76,200,4964.571029
4825.385552,0.835,0.84,200,4969.31997
3989.559072,0.86,0.87,200,4973.913326
5752.617503,0.845,0.85,200,4978.797757
4856.825612,0.825,0.84,200,4983.481864
5739.218269,0.86,0.875,200,4988.158631
5639.185808,0.82,0.82,200,4992.72865
4413.222255,0.865,0.865,200,4997.470386
5547.385856,0.79,0.8,200,5002.263115
5730.012964,0.835,0.835,200,5009.030222
5670.308524,0.84,0.84,200,5013.706676
4555.094372,0.85,0.85,200,5018.482549
5748.38792,0.845,0.845,200,5023.186836
3564.923267,0.35,0.355,200,5027.86064
5646.428994,0.82,0.825,200,5032.569237
5662.519894,0.81,0.81,200,5037.245785
4641.600287,0.85,0.85,200,5042.036737
5742.616994,0.87,0.875,200,5046.688005
5551.26178,0.795,0.795,200,5051.420451
5518.441811,0.785,0.79,200,5058.215166
5688.987302,0.815,0.815,200,5062.89535
5703.006613,0.85,0.855,200,5067.603563
5768.941585,0.85,0.865,200,5072.373848
5703.532833,0.855,0.855,200,5077.075048
3448.664073,0.445,0.455,200,5081.717169
5727.368596,0.855,0.86,200,5086.295073
4672.837716,0.83,0.85,200,5090.968291
4430.136488,0.835,0.85,200,5095.749907
5645.731557,0.825,0.84,200,5100.554628
5043.400001,0.84,0.84,200,5107.480871
4352.208746,0.855,0.87,200,5112.289808
5751.680191,0.86,0.86,200,5117.126794
4590.36018,0.85,0.855,200,5121.869908
5182.959221,0.69,0.69,200,5126.649065
5741.88975,0.85,0.85,200,5131.453705
5653.72973,0.835,0.84,200,5136.193661
5756.377857,0.855,0.855,200,5141.051548
4401.311742,0.87,0.87,200,5145.860261
5301.66029,0.835,0.835,200,5150.797191
5499.968937,0.815,0.84,200,5158.102976
5607.388652,0.85,0.86,200,5163.014541
5649.248924,0.82,0.825,200,5167.994181
5765.528276,0.855,0.865,200,5172.78125
4202.313947,0.855,0.855,200,5177.536819
5708.764019,0.865,0.88,200,5182.322638
5770.673844,0.84,0.86,200,5187.191202
5663.747695,0.8,0.8,200,5191.964013
5722.248025,0.865,0.865,200,5196.694208
5228.629183,0.83,0.84,200,5201.544133
5719.965347,0.86,0.865,200,5208.381723
5398.735166,0.82,0.825,200,5213.271958
3984.812901,0.855,0.855,200,5218.090294
5722.201445,0.835,0.835,200,5222.986321
5666.486755,0.845,0.845,200,5227.77533
5746.270447,0.845,0.85,200,5232.546684
5674.737171,0.815,0.815,200,5237.419721
5568.315414,0.8,0.8,200,5242.196956
5634.422346,0.835,0.835,200,5246.920853
5611.291088,0.8,0.805,200,5251.74323
5740.358437,0.84,0.84,200,5258.941387
5565.548505,0.86,0.87,200,5263.632962
5688.931886,0.835,0.835,200,5268.386365
5667.323057,0.815,0.815,200,5273.290925
5581.384909,0.805,0.805,200,5278.167988
5688.438951,0.82,0.825,200,5283.000321
4459.168053,0.86,0.86,200,5287.840873
5737.201439,0.835,0.845,200,5292.658388
5512.237822,0.785,0.79,200,5297.470852
5756.015899,0.85,0.855,200,5302.288131
5733.663148,0.835,0.835,200,5309.346957
5671.272622,0.79,0.795,200,5314.220718
5648.912292,0.785,0.785,200,5318.966712
5723.848118,0.845,0.845,200,5323.81362
4572.177987,0.845,0.86,200,5328.551212
5688.445466,0.815,0.815,200,5333.318298
4193.469551,0.655,0.69,200,5338.046378
5600.351982,0.825,0.86,200,5342.914717
5665.664851,0.81,0.81,200,5347.717929
4940.149491,0.625,0.66,200,5352.47163
5096.304305,0.825,0.835,200,5359.539145
4400.434803,0.85,0.86,200,5364.472126
5673.625885,0.82,0.825,200,5369.34232
4402.564575,0.835,0.85,200,5374.167032
5771.032214,0.855,0.86,200,5378.96444
4520.463918,0.845,0.86,200,5383.688503
3005.171372,0.38,0.395,200,5388.553272
5675.633071,0.83,0.83,200,5393.206062
5673.091912,0.825,0.83,200,5397.931668
4540.817821,0.86,0.86,200,5402.763549
5730.616447,0.87,0.885,200,5409.811532
5506.187016,0.84,0.845,200,5414.736408
5743.163906,0.835,0.845,200,5419.506978
5520.390614,0.815,0.83,200,5424.198561
4577.452955,0.84,0.85,200,5428.846443
5632.443112,0.8,0.8,200,5433.597456
4494.948809,0.845,0.85,200,5438.353558
5635.437031,0.815,0.815,200,5443.23262
5711.923851,0.84,0.84,200,5448.011132
5725.752304,0.84,0.845,200,5452.734684
4148.072016,0.85,0.85,200,5459.575251
3585.000101,0.855,0.86,200,5464.285141
5743.293697,0.84,0.845,200,5469.04566
5702.846802,0.86,0.865,200,5473.840306
5684.776777,0.82,0.82,200,5478.671097
4400.481706,0.835,0.85,200,5483.561571
5551.954515,0.795,0.795,200,5488.414324
4411.165615,0.86,0.86,200,5493.139549
5611.825382,0.805,0.805,200,5497.876819
5633.855284,0.815,0.82,200,5502.620091
5733.070477,0.86,0.865,200,5509.774633
5629.617922,0.81,0.81,200,5514.493002
4230.820181,0.845,0.86,200,5519.201319
5683.657621,0.8,0.8,200,5523.968015
5681.414605,0.825,0.83,200,5528.865155
5147.596153,0.54,0.56,200,5533.59594
3635.07895,0.875,0.875,200,5538.347513
5687.514156,0.825,0.825,200,5543.119398
5674.700039,0.815,0.815,200,5547.967666
4638.375535,0.86,0.86,200,5552.727256
5720.590877,0.835,0.84,200,5559.815114
4364.089578,0.845,0.845,200,5564.652177
5645.046168,0.83,0.83,200,5569.348519
4353.345649,0.86,0.87,200,5574.117808
5676.908173,0.82,0.825,200,5578.927995
4767.432041,0.845,0.85,200,5583.778133
5733.415131,0.84,0.845,200,5588.458087
5675.140333,0.795,0.795,200,5593.306732
4237.020805,0.845,0.86,200,5598.123424
5762.503304,0.86,0.875,200,5602.854694
5674.963188,0.805,0.805,200,5610.039167
5650.868318,0.81,0.81,200,5614.840906
5621.569275,0.81,0.81,200,5619.706481
4179.913806,0.87,0.87,200,5624.479698
3525.570618,0.88,0.88,200,5629.224358
5688.59459,0.805,0.805,200,5634.030005
5703.583335,0.835,0.835,200,5638.751469
5655.843385,0.835,0.835,200,5643.546938
5591.995079,0.81,0.815,200,5648.425698
5609.186247,0.815,0.815,200,5653.266472
5743.71042,0.855,0.875,200,5660.097593
5760.544802,0.845,0.85,200,5664.831003
4405.942501,0.86,0.86,200,5669.549643
5760.925776,0.845,0.855,200,5674.198663
4908.262512,0.83,0.835,200,5678.976139
5670.961674,0.79,0.79,200,5683.731362
5766.511257,0.85,0.86,200,5688.455602
5658.324751,0.82,0.825,200,5693.165659
5776.682641,0.86,0.875,200,5697.872805
4835.986142,0.825,0.825,200,5702.711009
5766.713478,0.85,0.86,200,5709.753204
4231.997089,0.845,0.86,200,5714.494165
5693.542053,0.81,0.815,200,5719.256345
5667.103384,0.85,0.85,200,5724.02441
5685.798114,0.805,0.81,200,5728.73387
5520.994086,0.795,0.795,200,5733.380842
5627.1293,0.84,0.84,200,5738.240307
4393.610894,0.85,0.865,200,5742.957357
5704.792862,0.82,0.82,200,5747.847845
5769.687608,0.855,0.87,200,5752.616543
5750.244903,0.845,0.845,200,5759.994491
5769.576017,0.855,0.87,200,5764.713645
4591.697797,0.845,0.85,200,5769.496128
5743.707864,0.86,0.875,200,5774.245504
5595.63215,0.8,0.805,200,5779.043079
5754.431556,0.84,0.85,200,5783.783745
5625.404065,0.825,0.825,200,5788.576719
4036.175611,0.87,0.88,200,5793.32694
5721.113245,0.83,0.845,200,5798.157317
5687.318916,0.85,0.865,200,5802.936911
4872.544479,0.835,0.835,200,5809.933725
5685.579712,0.82,0.825,200,5814.728363
5728.210626,0.83,0.87,200,5819.588349
5746.243547,0.85,0.85,200,5824.490729
5223.895848,0.845,0.86,200,5829.411398
5747.962939,0.87,0.87,200,5834.250033
5742.821462,0.865,0.875,200,5839.137902
5718.067276,0.825,0.84,200,5843.943574
5719.999246,0.84,0.845,200,5848.826977
5747.978149,0.855,0.855,200,5853.73303
5727.603951,0.835,0.845,200,5860.769178
4199.95973,0.865,0.87,200,5865.378068
5689.107874,0.805,0.805,200,5869.999055
5733.019847,0.84,0.845,200,5874.698606
5737.002785,0.86,0.875,200,5879.491951
5730.22172,0.84,0.84,200,5884.303809
3786.256698,0.88,0.88,200,5889.054376
5730.270861,0.845,0.845,200,5893.810988
5655.136808,0.875,0.88,200,5898.511685
5781.138471,0.875,0.875,200,5903.300186
5757.430312,0.85,0.865,200,5910.34678
5649.970578,0.83,0.83,200,5914.983073
5757.816971,0.85,0.855,200,5919.522603
5754.770324,0.855,0.865,200,5924.201734
5024.436346,0.83,0.83,200,5929.068662
5752.631737,0.87,0.875,200,5933.810734
5695.446843,0.81,0.81,200,5938.595937
5568.528558,0.795,0.8,200,5943.212673
5632.451389,0.805,0.81,200,5948.04712
5650.391252,0.81,0.815,200,5952.656865
5721.79666,0.835,0.835,200,5959.522554
5621.549921,0.815,0.82,200,5964.349001
4409.742578,0.835,0.85,200,5969.116781
3816.094133,0.855,0.865,200,5973.867133
5539.106032,0.8,0.8,200,5978.472633
5667.846748,0.825,0.835,200,5983.315573
5752.045787,0.85,0.85,200,5988.118775
2581.589145,0.08,0.105,200,5992.74643
4039.182044,0.59,0.61,200,5997.409075
5677.914144,0.805,0.805,200,6002.106331
5694.217553,0.835,0.835,200,6009.102107
5680.083311,0.81,0.815,200,6013.724598
5722.205066,0.865,0.865,200,6018.313832
4126.655883,0.865,0.875,200,6022.94607
5784.743214,0.87,0.875,200,6027.526664
3694.147676,0.87,0.87,200,6032.253621
5765.305142,0.85,0.865,200,6036.980313
4966.48527,0.84,0.845,200,6041.736185
5685.781264,0.8,0.805,200,6046.53063
5657.959401,0.79,0.79,200,6051.283856
4904.157763,0.83,0.85,200,6058.098119
5739.773403,0.835,0.865,200,6062.660066
5681.563127,0.825,0.825,200,6067.242733
5699.819141,0.82,0.83,200,6071.914813
4897.81292,0.84,0.84,200,6076.476064
5554.686074,0.825,0.825,200,6081.117133
5638.940691,0.825,0.83,200,6085.999315
5348.962362,0.835,0.835,200,6090.74713
5683.449495,0.81,0.815,200,6095.487909
4306.76976,0.51,0.545,200,6100.018776
5541.088867,0.83,0.835,200,6106.844291
5720.696128,0.835,0.845,200,6111.550347
5772.494987,0.86,0.865,200,6116.298784
5670.598082,0.8,0.8,200,6120.947637
5760.394082,0.855,0.865,200,6125.520059
5761.543496,0.845,0.855,200,6130.143152
4326.504142,0.865,0.865,200,6134.681079
5669.069141,0.795,0.795,200,6139.354138
5747.814619,0.865,0.875,200,6143.826859
4278.843457,0.875,0.875,200,6148.451307
5564.323905,0.875,0.875,200,6155.120561
5682.392928,0.8,0.805,200,6159.744462
5749.397276,0.85,0.86,200,6164.311961
4835.77634,0.84,0.84,200,6169.081753
5671.538041,0.815,0.825,200,6173.814768
4207.408242,0.88,0.885,200,6178.538911
5707.798664,0.825,0.83,200,6183.131998
5724.108091,0.845,0.875,200,6187.77607
3994.792604,0.875,0.885,200,6192.374021
5674.211928,0.795,0.795,200,6196.874454
5743.924168,0.86,0.86,200,6203.647743
5674.695166,0.815,0.825,200,6208.198894
5759.576126,0.85,0.855,200,6212.85736
5662.372032,0.86,0.87,200,6217.538933
4416.032788,0.84,0.855,200,6222.127415
5642.883134,0.815,0.815,200,6226.759203
5702.355616,0.825,0.83,200,6231.350225
5701.359791,0.83,0.83,200,6235.854725
5662.323747,0.805,0.825,200,6240.346666
5681.985229,0.805,0.805,200,6244.767232
5747.598615,0.865,0.865,200,6251.477453
5760.557806,0.865,0.885,200,6256.068934
5697.934312,0.83,0.83,200,6260.615513
5559.066857,0.825,0.825,200,6265.329491
5749.398185,0.855,0.855,200,6269.87184
5232.849275,0.59,0.59,200,6274.418809
5753.724613,0.84,0.85,200,6278.977609
5635.920478,0.86,0.875,200,6283.598256
5730.861875,0.855,0.87,200,6288.242971
5761.962655,0.85,0.855,200,6292.853707
4773.570568,0.465,0.49,200,6299.602832
4474.427156,0.84,0.845,200,6304.196774
5769.446004,0.865,0.875,200,6308.673973
5576.970703,0.795,0.795,200,6313.156665
5765.109921,0.85,0.86,200,6317.768492
5745.761226,0.845,0.845,200,6322.355961
5367.403958,0.85,0.85,200,6327.071142
5646.818172,0.815,0.82,200,6331.566082
5652.119805,0.825,0.825,200,6336.154022
5732.742393,0.86,0.88,200,6340.84665
5674.779735,0.8,0.8,200,6347.452988
5679.673772,0.805,0.805,200,6352.12958
5721.625674,0.845,0.845,200,6356.600456
5742.979766,0.835,0.845,200,6361.166243
5753.955218,0.84,0.85,200,6365.842916
5638.046813,0.83,0.83,200,6370.339293
5625.704678,0.81,0.815,200,6374.945929
5767.8851,0.85,0.855,200,6379.545876
5754.316912,0.855,0.855,200,6384.094183
5686.900296,0.81,0.81,200,6388.76932
5760.86328,0.855,0.865,200,6395.567519
5752.589172,0.85,0.865,200,6400.075479
5743.352127,0.85,0.855,200,6404.5406
5679.333371,0.82,0.82,200,6408.951359
4798.952517,0.845,0.845,200,6413.546339
5683.69031,0.815,0.815,200,6418.07921
4687.219726,0.59,0.6,200,6422.704291
5686.989104,0.825,0.825,200,6427.323568
5665.751252,0.82,0.825,200,6431.779958
3469.647894,0.64,0.65,200,6436.346427
5660.066461,0.81,0.82,200,6443.335484
5769.736678,0.86,0.86,200,6448.135704
4581.384432,0.83,0.85,200,6452.852304
5632.036971,0.805,0.82,200,6457.421528
4115.737555,0.49,0.5,200,6461.959124
5677.115214,0.82,0.825,200,6466.661591
2858.844161,0.6,0.605,200,6471.374434
5662.297583,0.825,0.84,200,6476.093122
5646.263007,0.83,0.83,200,6480.690616
5568.404977,0.825,0.83,200,6485.367899
5642.300462,0.85,0.865,200,6492.250646
5642.520477,0.84,0.845,200,6496.785902
5755.781159,0.855,0.875,200,6501.40259
5632.440069,0.82,0.82,200,6506.049702
5703.228471,0.825,0.83,200,6510.503864
5764.519249,0.86,0.86,200,6515.01691
5761.423989,0.87,0.88,200,6519.693576
5740.935311,0.85,0.85,200,6524.331941
5656.953021,0.87,0.875,200,6529.044073
5683.115394,0.82,0.82,200,6533.601698
5655.917188,0.84,0.84,200,6540.20202
5698.543605,0.82,0.82,200,6544.918141
5612.844806,0.83,0.83,200,6549.713668
5601.168013,0.815,0.815,200,6554.223561
5663.994182,0.825,0.825,200,6559.015923
5691.738825,0.82,0.825,200,6563.605814
5642.90925,0.785,0.785,200,6568.393076
4333.833976,0.865,0.865,200,6573.086754
5056.154647,0.84,0.85,200,6577.715608
4719.282592,0.84,0.845,200,6582.236069
5692.063186,0.82,0.82,200,6588.889587
5758.052165,0.855,0.855,200,6593.501394
5640.911765,0.815,0.82,200,6598.104942
4833.457752,0.85,0.855,200,6602.633795
5768.12231,0.855,0.86,200,6607.26932
5660.903305,0.86,0.86,200,6611.929624
5750.783821,0.865,0.865,200,6616.754653
5674.453165,0.825,0.825,200,6621.366513
5586.331068,0.8,0.8,200,6625.816884
4275.409116,0.855,0.855,200,6630.322466
3915.858344,0.875,0.88,200,6637.148076
2668.766698,0.625,0.63,200,6641.727009
5756.438938,0.86,0.86,200,6646.363369
5694.574101,0.815,0.82,200,6651.003155
5733.177925,0.86,0.88,200,6655.648832
5713.193838,0.835,0.85,200,6660.267055
5647.441684,0.83,0.83,200,6664.927885
5672.442202,0.81,0.815,200,6669.525463
5751.318199,0.845,0.85,200,6674.132998
3949.050512,0.88,0.885,200,6678.630865
3073.110832,0.3,0.31,200,6685.439959
5681.171597,0.86,0.86,200,6690.055171
3727.771692,0.875,0.88,200,6694.609207
4813.58442,0.76,0.76,200,6699.195812
5732.106681,0.85,0.86,200,6703.649241
4208.499562,0.845,0.855,200,6708.17619
5757.841269,0.865,0.865,200,6712.898908
5694.932557,0.82,0.82,200,6717.425835
5773.082839,0.865,0.865,200,6722.099395
5528.106973,0.865,0.87,200,6726.592092
5166.68992,0.855,0.855,200,6733.412373
5605.693989,0.83,0.835,200,6737.899893
5756.210443,0.855,0.855,200,6742.448109
4908.751384,0.875,0.875,200,6747.138096
5748.44538,0.85,0.855,200,6751.81563
5659.730814,0.81,0.83,200,6756.486266
5545.937392,0.795,0.795,200,6761.268559
5735.744841,0.85,0.85,200,6765.898599
5690.383306,0.82,0.83,200,6770.46448
5748.304606,0.88,0.885,200,6775.12167
5777.907986,0.87,0.87,200,6781.971457
5161.129675,0.845,0.85,200,6786.552619
4801.015798,0.85,0.85,200,6791.427625
5753.379507,0.85,0.855,200,6796.116368
5754.269308,0.86,0.87,200,6800.757732
5699.113084,0.815,0.82,200,6805.418077
4424.943165,0.33,0.34,200,6810.1033
3804.766223,0.86,0.86,200,6814.744635
5719.519352,0.83,0.84,200,6819.464933
5556.496507,0.8,0.805,200,6823.79203
5685.183719,0.805,0.805,200,6830.387105
5717.387392,0.83,0.83,200,6834.911017
4632.309678,0.855,0.855,200,6839.540476
5755.103921,0.84,0.845,200,6844.074633
5530.390423,0.835,0.835,200,6848.710819
5694.060911,0.815,0.815,200,6853.253803
5652.875117,0.85,0.88,200,6857.757562
5780.187035,0.875,0.875,200,6862.424116
5760.505648,0.845,0.85,200,6867.097825
5633.546503,0.85,0.875,200,6871.640313
5742.926097,0.84,0.845,200,6878.62637
5679.892244,0.82,0.82,200,6883.309262
5679.914496,0.82,0.825,200,6887.763095
5736.272949,0.865,0.87,200,6892.460963
5551.445897,0.83,0.84,200,6896.867232
5634.858376,0.85,0.85,200,6901.463195
5590.440483,0.81,0.81,200,6905.958291
2771.720613,0.875,0.885,200,6910.447759
5728.509471,0.86,0.86,200,6914.862132
5763.317071,0.855,0.86,200,6919.440579
5653.405379,0.815,0.825,200,6925.889158
5683.415094,0.81,0.81,200,6930.045999
4198.783805,0.87,0.87,200,6934.503961
5778.958818,0.855,0.87,200,6938.880659
5774.532758,0.875,0.875,200,6943.40537
5720.865271,0.86,0.865,200,6947.942254
3996.338273,0.865,0.88,200,6952.457212
5678.985435,0.825,0.825,200,6956.858293
5624.144798,0.81,0.82,200,6961.314255
5248.214721,0.85,0.85,200,6966.018344
5746.142381,0.855,0.855,200,6972.680986
5566.697416,0.785,0.79,200,6977.397148
5758.969685,0.855,0.855,200,6982.013159
5658.565005,0.825,0.825,200,6986.63221
5669.864813,0.785,0.785,200,6991.109274
5721.608667,0.855,0.865,200,6995.741331
5692.057033,0.81,0.81,200,7000.346251
5725.000279,0.855,0.865,200,7004.78093
5766.923552,0.845,0.86,200,7009.29595
5743.548769,0.86,0.865,200,7013.747582
5598.183813,0.81,0.81,200,7020.476752
4285.182299,0.845,0.86,200,7025.235872
3961.546809,0.88,0.88,200,7029.850363
5632.290448,0.81,0.81,200,7034.40805
5749.872304,0.85,0.855,200,7038.897431
4765.807819,0.84,0.84,200,7043.360586
5622.054803,0.8,0.815,200,7048.00715
5723.024275,0.835,0.835,200,7052.630682
5621.59118,0.805,0.815,200,7057.109167
5777.244911,0.87,0.87,200,7061.726355
5680.18419,0.8,0.8,200,7068.600704
5725.018157,0.855,0.865,200,7073.267459
5648.911968,0.83,0.83,200,7077.890457
5544.30576,0.785,0.795,200,7082.5124
4601.161582,0.65,0.675,200,7087.1899
5738.012009,0.855,0.86,200,7091.837561
5538.883659,0.785,0.795,200,7096.420625
5702.453958,0.815,0.815,200,7101.043304
5244.874249,0.845,0.845,200,7105.745891
5095.124825,0.86,0.86,200,7110.554482
5736.813998,0.83,0.84,200,7117.275253
5624.231848,0.855,0.87,200,7121.860399
5719.350101,0.835,0.84,200,7126.54214
5642.944812,0.82,0.82,200,7131.276658
5701.051985,0.835,0.835,200,7135.889047
5759.539719,0.84,0.85,200,7140.453759
4681.154977,0.845,0.85,200,7145.291258
5022.786618,0.85,0.85,200,7149.992509
4382.04345,0.855,0.855,200,7154.66371
5681.002692,0.825,0.825,200,7159.376432
4289.297767,0.755,0.765,200,7166.333724
5730.658161,0.87,0.88,200,7171.006898
5714.47382,0.87,0.87,200,7175.589814
5548.042052,0.835,0.845,200,7180.245543
5693.376756,0.81,0.81,200,7184.954122
5681.788862,0.84,0.85,200,7189.68545
5560.586486,0.85,0.885,200,7194.40728
5694.950424,0.815,0.815,200,7199.096186
5666.310838,0.825,0.835,200,7203.782047
5687.542069,0.815,0.815,200,7208.40795
5628.804166,0.8,0.82,200,7214.983079
4909.818119,0.585,0.585,200,7219.462089
5002.019677,0.83,0.83,200,7223.987144
5751.986412,0.86,0.865,200,7228.600104
4774.025603,0.855,0.855,200,7233.063315
3077.742285,0.86,0.86,200,7237.547117
5648.090758,0.82,0.82,200,7242.105144
5755.494809,0.845,0.85,200,7246.630003
4173.589656,0.855,0.855,200,7251.117575
5753.167726,0.84,0.85,200,7255.716057
4485.477973,0.845,0.865,200,7262.509959
5737.038551,0.84,0.84,200,7267.326226
4226.556991,0.86,0.865,200,7271.966065
3110.421273,0.295,0.305,200,7276.533187
5751.026817,0.85,0.85,200,7281.231113
5644.457596,0.875,0.89,200,7285.686945
5731.373227,0.87,0.87,200,7290.197823
5666.041085,0.825,0.825,200,7294.741482
5516.282837,0.79,0.8,200,7299.261379
5691.164895,0.82,0.82,200,7303.911921
4586.716199,0.86,0.86,200,7310.851479
5751.535916,0.845,0.85,200,7315.599267
5683.018417,0.835,0.835,200,7320.386199
5653.463074,0.82,0.825,200,7325.069216
5719.835066,0.84,0.845,200,7329.617676
5744.283084,0.85,0.86,200,7334.339393
5713.231012,0.86,0.86,200,7338.817058
5700.982249,0.845,0.845,200,7343.654561
5712.703725,0.84,0.84,200,7348.480434
5673.998618,0.825,0.83,200,7353.202019
5743.286535,0.84,0.85,200,7360.213141
5659.44951,0.82,0.82,200,7365.035459
5682.033081,0.835,0.835,200,7369.805226
5600.895616,0.8,0.815,200,7374.593201
5627.037196,0.825,0.825,200,7379.303198
5735.016585,0.86,0.865,200,7384.069415
4946.648666,0.845,0.85,200,7388.524043
5637.444568,0.81,0.825,200,7393.167596
5684.206369,0.8,0.805,200,7397.816003
5761.573179,0.855,0.86,200,7402.467156
5449.79046,0.835,0.84,200,7409.221494
5762.898927,0.85,0.86,200,7413.77842
5686.246836,0.815,0.825,200,7418.370637
4536.887454,0.84,0.845,200,7422.902597
5687.34235,0.81,0.83,200,7427.412102
5757.490295,0.85,0.87,200,7432.073803
5609.447518,0.8,0.805,200,7436.639634
5730.261784,0.87,0.875,200,7441.204358
5760.992286,0.86,0.865,200,7445.86894
4307.617812,0.86,0.86,200,7450.554708
4955.956178,0.84,0.86,200,7457.093315
5761.240076,0.85,0.86,200,7461.671538
5680.088461,0.83,0.83,200,7466.273399
5762.631135,0.86,0.875,200,7470.799124
5638.076012,0.83,0.83,200,7475.297937
5758.963408,0.85,0.86,200,7479.850845
5631.605663,0.815,0.815,200,7484.437427
5733.097924,0.855,0.86,200,7489.02863
5640.656754,0.815,0.815,200,7493.601447
5674.130697,0.82,0.82,200,7498.276178
5687.905231,0.81,0.81,200,7505.040188
5695.264226,0.805,0.805,200,7509.658087
5737.279198,0.865,0.875,200,7514.233457
5773.43821,0.865,0.865,200,7518.955676
5699.290239,0.82,0.82,200,7523.529904
5692.716409,0.82,0.83,200,7528.204794
4260.331921,0.855,0.87,200,7532.823987
5000.17621,0.84,0.855,200,7537.356625
4636.151347,0.84,0.855,200,7541.936954
5678.926473,0.795,0.81,200,7546.614393
5617.547778,0.81,0.81,200,7553.673553
4461.504454,0.87,0.87,200,7558.237149
5767.993794,0.87,0.87,200,7562.64839
5020.85724,0.87,0.87,200,7567.237208
5686.515046,0.82,0.82,200,7571.782701
5670.952366,0.825,0.825,200,7576.200527
4897.812144,0.84,0.845,200,7580.88894
5750.387193,0.86,0.87,200,7585.404773
4294.546696,0.865,0.87,200,7590.18749
5673.231226,0.815,0.83,200,7594.781353
5760.911552,0.85,0.86,200,7601.578479
5686.431306,0.8,0.8,200,7606.069666
5757.118934,0.865,0.865,200,7610.596622
5772.932431,0.87,0.87,200,7615.110507
4865.617665,0.83,0.855,200,7619.685894
5631.259197,0.805,0.815,200,7624.060628
5627.833956,0.805,0.805,200,7628.531102
5677.762846,0.825,0.825,200,7632.993397
5659.838602,0.825,0.825,200,7637.636086
5747.340098,0.845,0.85,200,7642.281814
5670.340838,0.82,0.825,200,7649.083233
5673.335608,0.815,0.815,200,7653.734195
5187.740138,0.88,0.88,200,7658.340909
5674.845423,0.795,0.795,200,7662.872889
5598.089462,0.795,0.81,200,7667.41578
5743.845874,0.875,0.895,200,7672.033443
5795.781056,0.87,0.88,200,7676.563291
5681.457575,0.815,0.82,200,7681.14799
5769.176769,0.86,0.86,200,7685.83444
5678.739377,0.82,0.82,200,7690.559994
5240.134666,0.845,0.85,200,7697.599752
5760.50138,0.865,0.875,200,7702.372686
4426.035213,0.855,0.865,200,7707.09498
5754.092342,0.85,0.865,200,7711.509746
5465.127782,0.84,0.845,200,7716.123259
5687.707547,0.83,0.83,200,7720.752607
4195.290803,0.855,0.855,200,7725.240573
5754.879041,0.855,0.875,200,7729.830083
5759.92917,0.845,0.85,200,7734.412012
5748.501888,0.84,0.845,200,7739.015889
4019.287572,0.565,0.59,200,7746.012936
5744.688009,0.845,0.875,200,7750.53781
5690.723122,0.82,0.825,200,7755.147609
5761.716349,0.855,0.855,200,7759.705438
5705.245291,0.865,0.88,200,7764.265747
5772.70928,0.855,0.86,200,7768.79127
5556.933033,0.795,0.795,200,7773.394805
5719.622052,0.85,0.865,200,7778.023515
5771.032882,0.85,0.87,200,7782.602604
5140.867125,0.855,0.87,200,7787.175213
4338.99377,0.58,0.605,200,7793.87937
4478.315042,0.845,0.865,200,7798.61353
5744.377273,0.85,0.86,200,7803.203836
5657.275417,0.845,0.845,200,7807.804113
5222.420583,0.84,0.85,200,7812.37974
5684.532329,0.815,0.835,200,7816.972472
5686.236354,0.865,0.87,200,7821.621005
5751.132402,0.865,0.875,200,7826.200753
5680.925105,0.83,0.83,200,7830.904521
4690.837642,0.835,0.85,200,7835.510195
5562.445096,0.81,0.81,200,7842.427733
5668.79044,0.83,0.835,200,7847.076059
5737.200233,0.865,0.87,200,7851.711215
3021.119943,0.675,0.69,200,7856.397321
5599.414085,0.82,0.85,200,7860.944388
5745.258829,0.84,0.845,200,7865.572461
4855.062719,0.84,0.85,200,7870.30027
5696.303196,0.835,0.835,200,7874.984396
5727.587857,0.845,0.845,200,7879.666733
5198.472439,0.525,0.525,200,7884.282439
5657.038837,0.83,0.835,200,7891.084831
5716.078174,0.845,0.85,200,7895.615468
5716.678113,0.83,0.83,200,7900.318695
4231.942719,0.05,0.065,200,7904.942254
5750.362244,0.855,0.855,200,7909.746242
5291.390711,0.835,0.855,200,7914.454649
4958.536712,0.86,0.86,200,7919.077519
5774.010335,0.865,0.88,200,7923.747437
5772.157911,0.85,0.86,200,7928.383141
5615.813905,0.825,0.845,200,7932.99275
5661.430325,0.79,0.79,200,7939.629619
5757.876339,0.85,0.85,200,7944.317358
5653.2985,0.85,0.85,200,7949.04036
5674.199975,0.83,0.83,200,7953.572213
5670.568758,0.82,0.82,200,7958.055715
5699.337517,0.795,0.815,200,7962.665934
5764.720413,0.855,0.88,200,7967.367582
5686.086365,0.84,0.845,200,7971.999647
5760.91969,0.845,0.85,200,7976.502214
5700.299013,0.815,0.815,200,7981.119148
5202.995531,0.445,0.445,200,7987.84721
5761.027888,0.845,0.86,200,7992.35797
5692.282748,0.805,0.805,200,7996.981138
5630.241157,0.805,0.805,200,8001.578665
5651.945348,0.81,0.825,200,8006.414958
5676.228097,0.84,0.84,200,8011.09536
5705.946692,0.85,0.87,200,8015.607081
5762.756239,0.85,0.86,200,8020.12813
5774.462269,0.865,0.87,200,8024.767905
5711.526008,0.825,0.835,200,8029.373292
5694.611648,0.82,0.83,200,8036.306497
5508.984214,0.855,0.885,200,8040.960128
5638.091758,0.81,0.81,200,8045.668366
5745.88209,0.85,0.86,200,8050.392419
5705.626253,0.845,0.845,200,8055.101452
5645.238406,0.845,0.855,200,8059.814753
5757.838433,0.845,0.86,200,8064.436778
5663.688769,0.825,0.825,200,8068.942748
5594.546229,0.85,0.865,200,8073.508981
5764.216659,0.845,0.86,200,8078.063141
5770.014638,0.86,0.865,200,8084.86742
4275.128242,0.87,0.87,200,8089.531981
5676.894567,0.81,0.81,200,8094.140086
5720.925049,0.84,0.865,200,8098.754663
4875.384489,0.84,0.86,200,8103.504167
5581.706303,0.795,0.805,200,8108.151218
5689.549903,0.83,0.835,200,8112.723307
5203.761422,0.825,0.85,200,8117.285714
5700.23667,0.835,0.835,200,8121.937117
5134.77104,0.84,0.85,200,8126.579435
5676.729875,0.865,0.885,200,8133.321939
4689.38297,0.86,0.86,200,8138.038901
5687.344232,0.82,0.83,200,8142.762264
4432.762502,0.855,0.855,200,8147.294042
2631.365234,0.43,0.455,200,8151.995653
5669.282168,0.835,0.835,200,8156.526886
5752.063253,0.85,0.85,200,8161.282545
5756.026638,0.85,0.85,200,8165.91036
5755.030626,0.855,0.855,200,8170.459913
5565.206973,0.845,0.845,200,8175.14292
5761.765734,0.855,0.86,200,8181.981277
5717.108542,0.86,0.86,200,8186.758781
5084.179242,0.85,0.855,200,8191.349702
5126.191697,0.855,0.855,200,8196.034026
5694.403698,0.82,0.82,200,8200.796223
5602.708567,0.8,0.805,200,8205.592924
5701.501919,0.815,0.815,200,8210.173152
5751.865778,0.84,0.845,200,8214.962965
5649.135173,0.775,0.775,200,8219.757567
5702.312157,0.865,0.865,200,8224.379913
5775.705095,0.86,0.86,200,8231.311053
5667.313502,0.835,0.84,200,8236.120376
5784.795418,0.87,0.87,200,8240.815073
5672.821925,0.815,0.815,200,8245.469531
5574.573727,0.795,0.805,200,8250.200753
5721.349797,0.82,0.84,200,8254.914236
5748.921185,0.855,0.875,200,8259.540315
5633.166998,0.865,0.87,200,8264.189844
5037.47043,0.85,0.85,200,8268.966148
5598.05621,0.8,0.81,200,8273.649956
5637.399244,0.825,0.825,200,8280.597803
5531.782781,0.855,0.855,200,8285.295828
5151.099323,0.84,0.845,200,8290.196261
5572.407729,0.83,0.83,200,8295.020347
5501.672248,0.845,0.85,200,8299.636101
5757.082292,0.855,0.865,200,8304.398503
4066.588897,0.88,0.885,200,8309.053612
5752.905637,0.85,0.85,200,8313.821891
4935.132111,0.85,0.85,200,8318.54583
5730.674383,0.825,0.84,200,8323.161644
5760.441584,0.85,0.85,200,8329.823827
5656.642077,0.81,0.82,200,8334.305413
5656.466769,0.825,0.825,200,8338.825387
5525.015339,0.785,0.785,200,8343.44795
5633.306407,0.81,0.81,200,8348.056422
4744.671173,0.85,0.85,200,8352.753162
5725.17267,0.86,0.865,200,8357.305068
5217.207567,0.82,0.855,200,8361.916949
5697.210763,0.805,0.815,200,8366.6507
5709.934719,0.835,0.835,200,8371.321857
3578.641045,0.86,0.87,200,8378.171638
5548.867506,0.795,0.795,200,8382.875058
5755.699511,0.855,0.865,200,8387.556833
5724.129075,0.85,0.86,200,8392.144464
5767.460927,0.865,0.865,200,8396.660132
3899.671168,0.865,0.865,200,8401.268962
5562.153408,0.805,0.805,200,8405.974351
4811.394107,0.855,0.865,200,8410.597793
5674.765084,0.835,0.835,200,8415.264007
4675.015277,0.845,0.865,200,8420.04566
5673.487069,0.795,0.795,200,8426.970639
5769.616715,0.86,0.86,200,8431.542649
5601.334841,0.81,0.81,200,8436.235417
5630.203403,0.815,0.815,200,8440.867031
5692.082793,0.8,0.81,200,8445.517029
5601.043881,0.79,0.805,200,8450.164125
5678.136949,0.855,0.86,200,8454.713494
4458.482465,0.86,0.86,200,8459.38265
5546.147317,0.79,0.795,200,8464.058256
5682.613515,0.825,0.83,200,8468.677879
5200.491417,0.845,0.855,200,8475.7545
5696.583093,0.855,0.86,200,8480.509176
5745.420027,0.87,0.88,200,8485.240843
4216.957187,0.745,0.75,200,8489.820653
5769.488945,0.85,0.865,200,8494.473402
5678.902443,0.835,0.835,200,8499.160524
5762.590445,0.845,0.86,200,8503.823597
5506.550877,0.85,0.875,200,8508.459127
5757.377206,0.845,0.85,200,8513.213788
4317.426217,0.87,0.9,200,8517.971545
5250.6081,0.84,0.84,200,8524.69914
5681.119731,0.81,0.81,200,8529.407756
5770.797592,0.855,0.855,200,8534.075405
5645.510884,0.84,0.84,200,8538.633197
5671.400736,0.845,0.845,200,8543.283303
5728.872962,0.835,0.835,200,8547.969785
5625.94938,0.83,0.835,200,8552.583719
4970.035861,0.86,0.86,200,8557.255142
5643.606112,0.81,0.815,200,8561.967465
4621.395759,0.705,0.705,200,8566.537727
5678.464125,0.835,0.835,200,8573.463194
5748.806558,0.845,0.845,200,8578.09613
5695.975395,0.81,0.815,200,8582.578097
5682.235287,0.815,0.825,200,8587.167719
5695.099747,0.83,0.835,200,8591.808501
5710.831733,0.87,0.875,200,8596.416691
5658.755798,0.845,0.845,200,8601.082012
5750.396158,0.845,0.855,200,8605.705664
5610.318728,0.865,0.865,200,8610.439702
5701.296471,0.82,0.83,200,8615.152846
2884.058819,0.86,0.865,200,8622.013063
5645.745148,0.805,0.805,200,8626.601537
4836.416954,0.85,0.865,200,8631.267574
5372.150376,0.835,0.845,200,8635.947506
5636.932498,0.845,0.88,200,8640.59077
5623.407159,0.805,0.81,200,8645.316449
5654.320804,0.84,0.86,200,8649.928272
5693.029687,0.825,0.825,200,8654.511409
5639.739635,0.815,0.815,200,8659.311886
5643.870979,0.84,0.84,200,8663.955795
5690.316625,0.84,0.84,200,8670.947727
5744.70235,0.85,0.85,200,8675.561374
5593.125976,0.785,0.805,200,8680.157457
5698.850573,0.815,0.83,200,8684.78624
5677.821009,0.79,0.79,200,8689.468311
5249.181563,0.85,0.865,200,8694.028405
4689.64658,0.74,0.755,200,8698.566065
5750.923614,0.84,0.845,200,8703.251102
5002.087861,0.85,0.855,200,8707.846232
5683.863708,0.805,0.805,200,8712.429666
5679.81255,0.83,0.83,200,8719.408695
5746.731461,0.83,0.84,200,8724.166319
5708.232529,0.845,0.855,200,8728.890752
5559.103603,0.79,0.8,200,8733.488405
5676.394692,0.8,0.8,200,8738.218753
4615.270007,0.84,0.845,200,8742.788602
5731.826776,0.86,0.875,200,8747.385449
5589.074493,0.8,0.815,200,8751.989387
5189.025547,0.84,0.855,200,8756.68301
5684.409032,0.865,0.88,200,8761.315727
5730.607637,0.835,0.835,200,8768.145847
5708.870027,0.86,0.87,200,8772.876709
4966.718905,0.845,0.845,200,8777.58706
5648.087804,0.83,0.845,200,8782.26839
5727.704011,0.83,0.835,200,8786.991418
5710.122759,0.835,0.835,200,8791.667068
5337.852528,0.805,0.84,200,8796.535348
5696.784919,0.83,0.83,200,8801.237993
5653.463272,0.83,0.835,200,8805.89904
5755.147617,0.84,0.85,200,8810.711425
5752.289977,0.845,0.875,200,8817.50277
5545.240734,0.855,0.855,200,8822.192964
5698.743841,0.825,0.825,200,8826.858322
5604.263627,0.815,0.815,200,8831.673033
5634.226143,0.84,0.845,200,8836.396126
5757.902575,0.86,0.86,200,8841.035494
5741.289074,0.84,0.845,200,8845.709152
5742.554438,0.84,0.845,200,8850.284298
4918.306958,0.845,0.855,200,8854.799007
5579.78175,0.795,0.81,200,8859.401212
5762.088792,0.845,0.85,200,8866.348266
5776.849539,0.87,0.87,200,8871.151795
5752.918854,0.85,0.85,200,8875.871814
5686.693431,0.815,0.815,200,8880.334265
5604.002881,0.8,0.8,200,8884.885992
5654.434444,0.84,0.84,200,8889.492382
4978.831623,0.83,0.84,200,8894.072036
5554.234792,0.79,0.79,200,8898.753745
5736.834311,0.87,0.88,200,8903.282548
5670.543939,0.835,0.84,200,8907.788296
5760.806773,0.85,0.855,200,8914.588511
5653.680406,0.82,0.82,200,8919.248843
5691.276289,0.86,0.865,200,8923.847225
5647.957355,0.845,0.845,200,8928.571064
5739.976312,0.86,0.875,200,8933.28318
5681.195453,0.81,0.81,200,8937.943579
5371.853578,0.84,0.845,200,8942.581479
5688.358891,0.805,0.805,200,8947.066747
5751.651424,0.84,0.845,200,8951.74736
5714.193055,0.855,0.855,200,8956.172477
5656.646754,0.83,0.83,200,8963.132101
5758.60142,0.85,0.86,200,8967.815092
5728.401225,0.86,0.865,200,8972.46704
5723.822282,0.82,0.83,200,8976.960414
5768.863329,0.875,0.885,200,8981.331975
5698.527101,0.82,0.82,200,8985.81265
4504.067561,0.875,0.875,200,8990.224058
5219.221655,0.845,0.845,200,8994.657091
5714.358426,0.83,0.865,200,8999.064643
5747.461497,0.835,0.845,200,9003.552573
5691.580938,0.81,0.81,200,9010.114114
4038.268107,0.88,0.88,200,9014.813202
5637.466092,0.8,0.815,200,9019.146799
5695.146505,0.83,0.83,200,9023.608655
5030.970951,0.845,0.85,200,9027.94173
5749.638888,0.86,0.88,200,9032.374365
5588.929955,0.8,0.81,200,9037.072715
5702.121882,0.815,0.815,200,9041.772439
5696.4424,0.825,0.825,200,9046.274451
5763.899428,0.845,0.855,200,9050.827167
5757.539672,0.855,0.86,200,9057.510091
5572.257948,0.79,0.8,200,9062.236269
5605.02926,0.86,0.87,200,9066.825635
4807.414014,0.84,0.85,200,9071.382255
5770.614644,0.87,0.875,200,9076.058617
5764.309054,0.84,0.86,200,9080.690927
5706.76756,0.835,0.835,200,9085.399827
4748.666001,0.84,0.85,200,9090.104115
5741.633478,0.855,0.865,200,9094.71523
5759.091533,0.85,0.86,200,9099.319867
5766.031364,0.85,0.855,200,9106.168484
5759.859008,0.865,0.87,200,9110.898126
5666.415244,0.82,0.83,200,9115.631735
5763.735807,0.855,0.855,200,9120.244875
5564.391329,0.79,0.795,200,9124.873713
5765.225763,0.835,0.855,200,9129.533213
5711.178222,0.825,0.825,200,9134.160407
5670.202759,0.835,0.835,200,9138.700911
5726.863441,0.83,0.835,200,9143.344374
5759.469875,0.845,0.86,200,9147.950855
5399.339395,0.825,0.84,200,9154.739836
5666.115803,0.83,0.835,200,9159.17838
5765.777735,0.84,0.86,200,9163.596591
5713.272644,0.83,0.84,200,9168.155268
4106.251783,0.865,0.865,200,9172.73771
5670.422123,0.84,0.85,200,9177.274033
5694.140225,0.81,0.81,200,9181.969663
5690.157071,0.81,0.81,200,9186.551849
5647.068115,0.815,0.815,200,9191.30213
5548.255571,0.795,0.8,200,9195.968872
5118.285411,0.885,0.89,200,9202.723454
5723.962454,0.825,0.835,200,9207.333442
5687.735908,0.83,0.83,200,9211.983606
5695.160463,0.82,0.82,200,9216.746543
5681.342971,0.835,0.835,200,9221.34673
5762.725728,0.85,0.875,200,9225.927035
5511.370203,0.85,0.85,200,9230.531347
5741.876827,0.85,0.85,200,9235.004446
5666.448828,0.815,0.82,200,9239.608727
5695.505532,0.82,0.82,200,9244.197178
4723.722573,0.6,0.6,200,9250.915878
5684.281792,0.825,0.825,200,9255.561336
5104.774849,0.88,0.895,200,9260.140795
5720.616817,0.825,0.835,200,9264.732866
4905.982072,0.605,0.625,200,9269.184649
5737.253878,0.825,0.84,200,9273.736733
5642.046247,0.805,0.805,200,9278.337179
5625.314066,0.81,0.82,200,9283.067866
4951.201013,0.84,0.845,200,9287.609105
4189.304721,0.875,0.875,200,9292.112953
4018.630187,0.44,0.465,200,9298.90573
5140.753787,0.82,0.85,200,9303.550962
5704.720338,0.83,0.86,200,9308.137908
5737.56624,0.835,0.835,200,9312.86692
5542.64595,0.84,0.84,200,9317.373924
5642.983613,0.84,0.84,200,9321.799694
5192.342107,0.83,0.86,200,9326.321038
5754.739914,0.85,0.855,200,9330.941794
5656.376766,0.815,0.82,200,9335.553825
5772.410915,0.86,0.86,200,9340.157819
5787.870764,0.885,0.885,200,9347.14589
5567.16441,0.795,0.81,200,9351.861271
5684.699854,0.825,0.825,200,9356.552338
5680.113921,0.83,0.83,200,9360.987397
5749.170745,0.86,0.87,200,9365.478987
5744.440201,0.845,0.85,200,9370.129477
5676.471163,0.815,0.82,200,9374.832041
5744.727396,0.835,0.845,200,9379.55807
4408.105324,0.855,0.86,200,9384.22369
5707.436112,0.865,0.875,200,9388.925504
4308.278167,0.87,0.87,200,9395.857331
5756.110986,0.865,0.885,200,9400.566619
4121.599041,0.875,0.875,200,9405.195971
4927.078324,0.835,0.835,200,9409.909649
5583.616863,0.83,0.865,200,9414.568434
5728.659051,0.86,0.87,200,9419.064072
5693.349966,0.83,0.835,200,9423.736597
5669.796327,0.855,0.86,200,9428.197688
5645.265791,0.845,0.85,200,9432.744294
5585.445089,0.805,0.805,200,9437.449745
5619.305736,0.8,0.815,200,9443.980944
4686.288633,0.875,0.88,200,9448.653385
5596.202138,0.83,0.83,200,9453.404552
5704.653829,0.87,0.88,200,9458.076086
5164.167607,0.87,0.885,200,9462.833603
5594.705081,0.8,0.805,200,9467.524716
5773.363882,0.86,0.875,200,9472.129221
5689.377208,0.865,0.88,200,9476.88431
5760.37274,0.855,0.865,200,9481.655521
5302.657794,0.865,0.865,200,9486.474786
5707.728585,0.85,0.87,200,9493.405586
5680.660456,0.83,0.83,200,9498.178447
5704.371077,0.815,0.815,200,9503.030792
5680.201873,0.835,0.835,200,9507.833736
3996.216962,0.695,0.705,200,9512.527423
5758.396391,0.86,0.88,200,9517.190775
5534.180813,0.785,0.795,200,9521.749623
5630.076728,0.85,0.865,200,9526.372613
4672.926537,0.85,0.86,200,9531.101951
5685.198698,0.83,0.83,200,9535.919276
4926.630015,0.845,0.845,200,9543.006014
4033.769187,0.885,0.885,200,9547.577621
5708.380507,0.825,0.825,200,9552.300173
5756.093683,0.855,0.865,200,9557.05373
5680.960358,0.825,0.83,200,9561.648293
5730.551596,0.835,0.845,200,9566.233082
5698.199239,0.83,0.83,200,9570.887093
5774.92527,0.86,0.87,200,9575.388219
5586.973588,0.8,0.8,200,9579.930331
5686.464512,0.83,0.83,200,9584.648671
5568.120167,0.795,0.8,200,9591.571696
5696.010893,0.81,0.81,200,9596.245102
5592.074065,0.79,0.8,200,9600.92159
5551.719993,0.83,0.83,200,9605.571471
5730.675758,0.86,0.865,200,9610.280697
5670.483968,0.82,0.825,200,9614.861192
5701.105086,0.83,0.83,200,9619.434414
4932.280478,0.84,0.855,200,9623.989485
5709.666607,0.84,0.84,200,9628.553374
5270.789284,0.845,0.85,200,9633.149875
5761.115774,0.845,0.85,200,9639.830638
4604.254139,0.835,0.845,200,9644.281569
5662.446872,0.84,0.84,200,9648.720697
5720.068204,0.845,0.845,200,9653.391141
5693.174748,0.835,0.835,200,9658.085954
5762.76291,0.865,0.875,200,9662.685559
5751.631348,0.86,0.87,200,9667.281679
5621.126024,0.805,0.81,200,9671.907865
5694.733901,0.81,0.81,200,9676.58521
5743.702342,0.845,0.845,200,9681.368473
4765.708679,0.85,0.85,200,9688.400353
5756.371156,0.855,0.855,200,9692.8854
5038.030892,0.84,0.855,200,9697.36211
5627.606223,0.84,0.84,200,9701.829203
5744.674106,0.86,0.87,200,9706.526675
5700.722783,0.875,0.875,200,9711.18686
5764.302652,0.86,0.86,200,9715.981552
4787.20815,0.495,0.495,200,9720.700835
5564.65649,0.795,0.805,200,9725.377575
5612.00089,0.805,0.805,200,9730.074625
5761.690963,0.845,0.85,200,9736.857313
5607.520216,0.845,0.845,200,9741.446448
5751.619625,0.84,0.85,200,9745.960903
5713.428782,0.825,0.83,200,9750.466985
5698.444219,0.825,0.825,200,9754.912191
4572.76497,0.855,0.86,200,9759.445658
5689.115519,0.8,0.8,200,9763.971267
3488.759359,0.875,0.875,200,9768.683804
5723.367586,0.86,0.865,200,9773.100087
5619.031534,0.805,0.805,200,9777.620355
5713.685238,0.835,0.835,200,9784.356729
5681.848963,0.825,0.825,200,9788.959453
5773.305876,0.865,0.87,200,9793.307849
5684.855933,0.83,0.83,200,9797.59238
5676.100334,0.82,0.83,200,9801.914579
5735.01217,0.86,0.86,200,9806.368473
5450.784241,0.835,0.845,200,9810.722846
5706.398375,0.845,0.845,200,9815.222745
5628.962872,0.81,0.815,200,9819.825714
5158.609515,0.835,0.85,200,9824.367109
4847.34218,0.605,0.61,200,9831.163329
5678.789931,0.815,0.815,200,9835.47137
5738.214347,0.87,0.88,200,9840.006759
5708.815731,0.86,0.87,200,9844.282916
5625.807801,0.805,0.815,200,9848.636406
5699.658869,0.86,0.875,200,9853.132007
5762.415879,0.85,0.855,200,9857.673522
5720.958439,0.835,0.845,200,9862.365135
5671.879608,0.835,0.835,200,9866.812306
5704.608046,0.82,0.82,200,9871.427806
5748.905647,0.855,0.88,200,9878.290692
5686.315335,0.805,0.805,200,9882.824195
5695.593084,0.815,0.825,200,9887.545275
5672.770672,0.835,0.835,200,9891.993006
5610.497207,0.84,0.845,200,9896.432202
5769.346894,0.865,0.865,200,9901.000637
5691.356716,0.825,0.825,200,9905.422979
5761.30208,0.845,0.85,200,9910.09597
5601.914136,0.81,0.81,200,9914.605727
5762.497748,0.855,0.865,200,9919.099437
5678.961982,0.805,0.805,200,9925.718832
5642.023972,0.825,0.825,200,9930.157105
5306.135714,0.845,0.855,200,9934.556284
5697.952697,0.835,0.835,200,9939.014128
5122.387683,0.84,0.845,200,9943.430425
5759.434972,0.84,0.85,200,9947.884777
5676.127292,0.84,0.84,200,9952.512212
5751.971232,0.835,0.86,200,9956.896002
5768.957341,0.86,0.86,200,9961.528944
4538.292111,0.87,0.87,200,9965.9709
5711.207089,0.85,0.85,200,9972.73122
5342.421809,0.845,0.845,200,9977.206702
5286.907186,0.84,0.845,200,9981.59692
4924.183514,0.85,0.855,200,9985.883274
5402.870594,0.705,0.715,200,9990.223412
5648.218106,0.855,0.855,200,9994.615238
5552.283818,0.785,0.8,200,9999.125397
5012.219204,0.84,0.845,200,10003.589848
5705.162693,0.825,0.825,200,10007.961759
5759.937918,0.86,0.875,200,10012.424769
5764.455011,0.855,0.855,200,10019.082725
5694.020869,0.805,0.805,200,10023.621124
5683.136777,0.81,0.815,200,10028.153877
5700.743756,0.82,0.82,200,10032.676131
5726.896829,0.84,0.84,200,10037.216238
5687.171013,0.825,0.825,200,10041.815735
5710.129552,0.825,0.83,200,10046.421081
5640.620047,0.85,0.885,200,10051.121358
5753.400597,0.855,0.855,200,10055.684766
4299.356947,0.515,0.535,200,10060.266088
5784.146456,0.86,0.87,200,10067.232124
5668.78884,0.82,0.825,200,10071.788177
5478.174116,0.83,0.83,200,10076.527328
5699.242796,0.83,0.83,200,10081.257659
5598.529276,0.845,0.87,200,10085.748408
5567.545461,0.775,0.79,200,10090.293671
5721.644414,0.875,0.875,200,10094.852021
4726.752711,0.235,0.285,200,10099.405225
5769.10408,0.855,0.86,200,10103.979156
5701.852953,0.825,0.83,200,10108.671989
5584.970901,0.855,0.87,200,10115.447197
4641.45574,0.84,0.85,200,10120.043411
5728.773429,0.84,0.845,200,10124.532587
5734.510894,0.83,0.835,200,10129.208302
5613.579632,0.815,0.825,200,10133.796255
5754.28063,0.845,0.845,200,10138.427147
4857.046167,0.855,0.86,200,10142.851794
5771.869653,0.855,0.875,200,10147.514795
4037.776643,0.885,0.885,200,10152.223818
5751.015346,0.85,0.85,200,10156.874249
4739.351074,0.855,0.855,200,10163.689935
5702.014241,0.815,0.83,200,10168.354772
5636.998397,0.81,0.81,200,10173.11091
5705.213632,0.82,0.82,200,10177.779541
5633.562128,0.8,0.82,200,10182.361909
4911.804635,0.84,0.845,200,10187.017131
5654.113087,0.85,0.85,200,10191.713139
4254.743641,0.685,0.69,200,10196.209151
5624.512554,0.83,0.83,200,10200.827712
5530.911184,0.84,0.85,200,10205.442447
4900.38782,0.84,0.84,200,10212.25333
5023.461073,0.84,0.84,200,10216.894106
5762.199063,0.855,0.855,200,10221.510508
4338.531106,0.84,0.855,200,10226.090649
5771.003186,0.855,0.865,200,10230.700048
5753.239806,0.84,0.855,200,10235.343876
4489.79919,0.835,0.855,200,10239.87069
5420.483705,0.845,0.845,200,10244.690561
5757.707735,0.84,0.85,200,10249.240051
4553.106978,0.775,0.81,200,10253.751043
5678.212987,0.83,0.83,200,10260.39285
5233.853447,0.86,0.86,200,10264.96029
5665.690885,0.82,0.825,200,10269.57084
5680.37168,0.83,0.83,200,10274.213686
5696.263157,0.815,0.815,200,10278.770571
4584.297531,0.86,0.86,200,10283.353658
5664.811281,0.82,0.83,200,10287.96094
5174.575143,0.86,0.86,200,10292.674083
5697.711108,0.815,0.82,200,10297.290116
5589.717676,0.835,0.835,200,10301.81451
4782.154472,0.855,0.865,200,10308.409299
5703.45376,0.855,0.865,200,10312.861403
5778.628944,0.855,0.865,200,10317.504233
5714.50199,0.84,0.84,200,10322.205908
5764.43826,0.86,0.865,200,10326.878676
5727.303413,0.84,0.84,200,10331.648694
4762.402365,0.865,0.865,200,10336.203097
5747.349592,0.84,0.845,200,10340.816104
5685.397343,0.835,0.835,200,10345.59286
4858.286113,0.67,0.685,200,10350.277169
5655.732066,0.78,0.78,200,10357.038287
5658.669503,0.83,0.83,200,10361.624769
5744.23368,0.84,0.845,200,10366.29336
5196.991662,0.835,0.84,200,10370.861076
5574.823033,0.78,0.8,200,10375.29651
5715.366424,0.875,0.88,200,10380.00183
5684.3252,0.805,0.805,200,10384.700584
5764.077744,0.85,0.865,200,10389.304408
5718.38182,0.855,0.875,200,10393.89489
5724.178955,0.83,0.84,200,10398.499046
5733.003987,0.85,0.865,200,10405.308866
5055.909498,0.845,0.85,200,10409.884435
5684.126918,0.83,0.83,200,10414.523122
5697.983003,0.82,0.82,200,10419.122365
5742.657214,0.85,0.87,200,10423.841019
5623.045501,0.81,0.82,200,10428.544283
5511.640248,0.85,0.85,200,10433.162296
5661.151968,0.84,0.84,200,10437.791237
5645.999163,0.84,0.865,200,10442.54381
5624.416323,0.805,0.805,200,10447.208343
5761.278604,0.86,0.86,200,10454.019844
5697.778713,0.855,0.86,200,10458.563196
5045.339892,0.84,0.86,200,10463.247851
5750.458871,0.835,0.845,200,10467.650706
3856.62898,0.605,0.615,200,10472.221666
5376.772947,0.84,0.845,200,10476.649653
5142.394778,0.87,0.87,200,10481.138232
5641.492771,0.85,0.87,200,10485.527827
5686.734566,0.82,0.83,200,10490.049968
5660.208282,0.84,0.84,200,10494.742105
5701.13763,0.82,0.82,200,10501.562603
5464.059113,0.84,0.85,200,10506.243208
5735.382811,0.855,0.855,200,10510.706012
5740.068362,0.835,0.845,200,10515.22774
5577.946794,0.845,0.845,200,10519.903225
5704.966013,0.815,0.835,200,10524.415635
5740.378518,0.845,0.875,200,10529.201255
4248.517248,0.66,0.66,200,10533.845813
5751.411165,0.87,0.875,200,10538.598461
5127.88389,0.845,0.85,200,10543.152556
5678.147658,0.815,0.815,200,10550.113168
5778.797813,0.855,0.86,200,10554.639202
5100.3818,0.85,0.86,200,10559.243996
5603.52105,0.805,0.81,200,10563.865244
4970.750638,0.84,0.84,200,10568.623473
5713.464903,0.875,0.88,200,10573.350143
5639.903781,0.81,0.81,200,10577.949733
5709.1552,0.865,0.865,200,10582.672479
5744.686557,0.84,0.85,200,10587.322905
5679.283194,0.795,0.795,200,10592.023565
5466.071502,0.855,0.855,200,10598.935867
4878.368964,0.855,0.865,200,10603.543793
5649.810009,0.845,0.845,200,10608.193798
5665.313111,0.82,0.82,200,10612.856729
5687.418278,0.815,0.825,200,10617.544526
5629.304064,0.85,0.85,200,10622.251596
5750.650728,0.845,0.845,200,10626.833517
4606.51124,0.855,0.865,200,10631.568023
5574.609963,0.79,0.79,200,10636.264193
5776.320307,0.865,0.87,200,10640.980363
5764.144755,0.855,0.865,200,10647.944404
5696.419113,0.81,0.81,200,10652.7043
5728.396869,0.835,0.835,200,10657.321285
5685.146389,0.82,0.825,200,10662.019966
5776.947455,0.84,0.86,200,10666.584874
5672.613048,0.84,0.845,200,10671.247891
5760.935806,0.84,0.865,200,10676.066685
5746.928178,0.845,0.845,200,10680.576463
5679.717167,0.84,0.85,200,10685.168387
5295.772948,0.845,0.855,200,10689.881513
5721.310948,0.84,0.84,200,10696.882358
5675.594337,0.83,0.83,200,10701.662832
5659.240152,0.825,0.825,200,10706.372538
5678.402434,0.85,0.85,200,10711.075726
5644.876416,0.845,0.845,200,10715.762894
5378.935512,0.83,0.83,200,10720.420479
5696.891419,0.805,0.815,200,10725.055697
5702.954793,0.815,0.83,200,10729.75302
5467.743123,0.835,0.85,200,10734.489781
4312.304393,0.09,0.09,200,10739.167684
5759.800252,0.87,0.875,200,10746.276847
5375.281821,0.83,0.845,200,10751.036031
5658.121459,0.81,0.81,200,10755.716989
5749.584844,0.84,0.84,200,10760.437548
5710.723916,0.83,0.835,200,10765.171198
5681.73131,0.825,0.825,200,10769.881076
3539.940304,0.35,0.385,200,10774.516497
5756.457216,0.84,0.845,200,10779.145026
5704.49232,0.82,0.835,200,10783.945476
5659.125243,0.85,0.85,200,10788.583035
4681.062437,0.875,0.875,200,10795.325881
5748.177883,0.84,0.84,200,10800.039391
5214.663903,0.83,0.84,200,10804.772314
5728.470591,0.83,0.835,200,10809.490051
5736.387414,0.85,0.865,200,10814.137776
5777.650548,0.865,0.865,200,10818.809346
5612.567788,0.805,0.81,200,10823.577007
5648.50794,0.84,0.84,200,10828.267862
5740.538156,0.84,0.845,200,10832.926989
5648.089319,0.87,0.88,200,10837.624975
5633.712151,0.865,0.865,200,10844.671655
5693.353123,0.815,0.815,200,10849.325035
5706.064696,0.835,0.835,200,10853.965281
5727.689056,0.83,0.835,200,10858.543602
5675.289397,0.82,0.825,200,10863.188944
5550.410328,0.84,0.84,200,10868.038152
5693.753547,0.865,0.865,200,10872.697495
5655.661889,0.86,0.865,200,10877.319283
5680.255905,0.845,0.845,200,10882.004041
5584.491673,0.8,0.81,200,10886.775432
5683.382934,0.82,0.82,200,10893.840604
5767.572318,0.85,0.855,200,10898.58581
5690.907901,0.81,0.81,200,10903.400269
5766.99131,0.865,0.89,200,10908.091977
5689.345484,0.81,0.81,200,10912.712924
5716.893082,0.835,0.835,200,10917.500971
5749.3581,0.865,0.865,200,10922.328645
5689.547185,0.81,0.81,200,10926.982461
5725.437363,0.865,0.865,200,10931.662804
3679.510863,0.41,0.41,200,10936.282643
5672.828261,0.835,0.835,200,10943.054187
5658.510994,0.825,0.83,200,10947.707301
4869.605175,0.855,0.855,200,10952.34228
5694.198862,0.825,0.825,200,10956.968588
5749.864044,0.85,0.855,200,10961.421381
5712.81722,0.845,0.845,200,10966.041332
5626.201176,0.815,0.815,200,10970.569209
5742.203796,0.845,0.86,200,10975.192112
5349.459829,0.85,0.855,200,10979.779432
5709.592056,0.835,0.835,200,10984.458868
5769.396427,0.85,0.855,200,10991.23949
5029.981302,0.855,0.855,200,10995.855469
5694.847148,0.81,0.81,200,11000.474756
5780.580627,0.87,0.87,200,11005.200064
5121.388491,0.845,0.865,200,11009.876887
5688.488399,0.835,0.835,200,11014.441944
5473.577754,0.84,0.85,200,11018.962889
5784.348142,0.875,0.875,200,11023.559325
5691.880346,0.825,0.83,200,11028.280456
3319.898654,0.345,0.38,200,11032.764442
5161.448938,0.87,0.875,200,11039.637841
5725.623484,0.86,0.865,200,11044.217873
5642.133006,0.86,0.87,200,11048.954605
5767.313472,0.86,0.865,200,11053.707478
5761.143248,0.855,0.87,200,11058.578249
5375.21874,0.675,0.685,200,11063.325459
5717.473368,0.865,0.875,200,11068.009477
5777.721164,0.865,0.87,200,11072.672765
5647.790907,0.815,0.815,200,11077.453528
5730.813461,0.82,0.825,200,11082.070808
5785.744797,0.86,0.865,200,11088.771104
5692.686608,0.8,0.81,200,11093.369239
5734.602178,0.84,0.855,200,11097.923939
5690.458716,0.825,0.825,200,11102.646023
5721.113167,0.85,0.855,200,11107.402594
5144.896644,0.855,0.86,200,11112.039496
5362.88655,0.845,0.845,200,11116.804052
5679.666818,0.83,0.845,200,11121.493071
5665.521555,0.87,0.87,200,11126.187628
5644.129796,0.815,0.815,200,11130.957144
5719.767507,0.875,0.875,200,11137.989082
5734.491337,0.83,0.83,200,11142.647528
5701.405477,0.825,0.83,200,11147.255768
5759.002916,0.865,0.87,200,11151.976702
5694.76094,0.815,0.83,200,11156.725813
5141.378112,0.85,0.85,200,11161.514428
3084.906063,0.865,0.88,200,11166.140184
5748.549151,0.85,0.855,200,11170.754076
5720.571591,0.85,0.855,200,11175.372418
5687.485088,0.83,0.83,200,11179.942712
5642.674411,0.805,0.82,200,11186.692267
5782.312452,0.865,0.875,200,11191.399915
5766.411695,0.85,0.86,200,11195.906018
5782.123238,0.865,0.87,200,11200.673587
5747.108873,0.87,0.87,200,11205.304768
5768.305229,0.86,0.86,200,11209.840174
5687.283779,0.84,0.84,200,11214.286447
5668.018783,0.835,0.845,200,11218.959864
4939.416875,0.86,0.87,200,11223.554414
5702.826944,0.86,0.865,200,11228.190815
5684.262506,0.835,0.835,200,11234.934953
5694.874955,0.835,0.835,200,11239.477762
3599.645565,0.87,0.87,200,11244.066362
5691.131817,0.825,0.825,200,11248.577193
5762.60234,0.86,0.87,200,11252.992324
5772.98121,0.855,0.86,200,11257.487599
5613.168489,0.805,0.81,200,11262.012005
5485.915658,0.835,0.855,200,11266.5682
4989.279056,0.85,0.855,200,11271.065654
3437.862084,0.33,0.345,200,11275.752697
5762.200474,0.855,0.855,200,11282.387982
5736.689663,0.865,0.88,200,11286.787883
5770.540127,0.87,0.875,200,11291.32603
5615.034314,0.815,0.815,200,11295.887549
5698.269947,0.815,0.815,200,11300.558415
5634.483156,0.81,0.81,200,11305.092137
5180.240081,0.83,0.83,200,11309.527431
5747.524407,0.84,0.84,200,11314.138401
4981.108303,0.845,0.865,200,11318.738954
5665.083301,0.835,0.84,200,11323.409684
5696.224693,0.805,0.805,200,11330.287737
5695.512028,0.86,0.86,200,11335.047318
5681.98191,0.81,0.81,200,11339.751428
2615.277195,0.055,0.055,200,11344.311006
5530.796405,0.85,0.85,200,11349.004911
5762.998227,0.855,0.86,200,11353.580596
5766.129766,0.86,0.87,200,11358.228194
5721.109924,0.83,0.83,200,11362.934695
5608.775142,0.81,0.815,200,11367.519518
4472.161142,0.845,0.845,200,11372.15959
4961.93919,0.85,0.855,200,11379.299284
3692.043504,0.425,0.435,200,11383.976187
5742.671616,0.865,0.875,200,11388.445609
5723.533182,0.84,0.84,200,11393.039642
5688.665749,0.82,0.83,200,11397.743625
5682.904904,0.845,0.85,200,11402.517216
5693.498412,0.81,0.815,200,11407.133179
5765.822706,0.845,0.855,200,11411.928693
5750.784045,0.85,0.85,200,11416.684233
5768.077559,0.855,0.855,200,11421.368288
5450.018915,0.84,0.855,200,11428.129958
5710.556778,0.825,0.83,200,11432.771899
5747.313769,0.84,0.85,200,11437.493678
5761.100482,0.855,0.875,200,11442.166427
5747.801234,0.84,0.84,200,11446.814328
5560.553206,0.85,0.85,200,11451.370111
5738.97223,0.85,0.85,200,11455.743597
5690.495275,0.86,0.87,200,11460.224901
5683.37739,0.805,0.815,200,11464.736077
5695.079985,0.83,0.83,200,11469.17608
5696.551556,0.87,0.87,200,11475.936927
5647.572353,0.855,0.87,200,11480.527374
5732.210739,0.845,0.845,200,11485.168528
5674.359643,0.835,0.835,200,11489.831794
5512.872822,0.845,0.855,200,11494.596951
5738.069486,0.865,0.865,200,11499.30509
2673.683559,0.7,0.715,200,11503.883934
5674.939894,0.81,0.82,200,11508.449556
5733.305657,0.85,0.85,200,11513.192137
5601.373041,0.84,0.84,200,11517.926747
5766.108814,0.865,0.875,200,11524.905487
5386.034572,0.855,0.86,200,11529.512987
5300.129786,0.84,0.855,200,11534.16682
3533.800392,0.87,0.875,200,11538.789304
5156.674344,0.835,0.845,200,11543.32039
5044.534114,0.855,0.855,200,11548.071495
5684.383433,0.83,0.83,200,11552.710119
5688.254148,0.81,0.81,200,11557.318277
5786.527843,0.865,0.875,200,11562.004898
5764.99084,0.85,0.855,200,11566.796514
5681.040191,0.795,0.795,200,11573.830659
4735.199442,0.51,0.51,200,11578.459271
5686.880105,0.835,0.84,200,11583.151366
5685.087559,0.83,0.835,200,11587.798234
5677.638827,0.84,0.84,200,11592.500381
5446.416719,0.845,0.85,200,11597.213078
5779.204807,0.86,0.87,200,11602.039378
5400.793865,0.85,0.85,200,11606.697194
4398.482537,0.235,0.235,200,11611.406766
5752.752384,0.855,0.86,200,11616.04987
5698.766197,0.825,0.825,200,11622.799799
5583.245867,0.8,0.805,200,11627.550572
4969.939367,0.87,0.87,200,11632.178999
5689.870526,0.86,0.875,200,11636.748037
5671.287466,0.835,0.835,200,11641.347942
5769.466544,0.845,0.865,200,11645.904767
5689.313265,0.825,0.83,200,11650.567102
5704.769174,0.865,0.875,200,11655.22605
5710.586089,0.82,0.825,200,11659.92946
5649.474602,0.84,0.845,200,11664.663961
5753.561099,0.84,0.85,200,11671.435581
4970.133955,0.87,0.87,200,11676.111202
5782.455606,0.86,0.87,200,11680.745823
5713.623695,0.855,0.865,200,11685.338783
5768.53552,0.855,0.86,200,11689.961335
5645.114462,0.845,0.85,200,11694.590442
5768.008728,0.85,0.86,200,11699.331242
5723.289955,0.845,0.865,200,11704.066214
5774.269303,0.855,0.855,200,11708.695208
5701.019841,0.83,0.83,200,11713.412767
5705.441027,0.82,0.835,200,11720.400553
5700.71767,0.83,0.83,200,11724.937609
5626.786297,0.81,0.81,200,11729.489541
5077.896575,0.84,0.855,200,11734.107079
5706.318115,0.865,0.865,200,11738.828472
4631.977486,0.845,0.845,200,11743.419483
3187.219082,0.875,0.88,200,11748.133727
4831.044291,0.87,0.87,200,11752.990741
5640.90324,0.85,0.85,200,11757.646317
4976.34717,0.855,0.855,200,11762.488998
5726.74861,0.855,0.87,200,11769.412888
5421.925461,0.835,0.845,200,11774.304022
5753.816142,0.84,0.845,200,11779.041609
5630.5069,0.84,0.885,200,11783.751254
5628.016438,0.83,0.83,200,11788.534847
5749.745308,0.85,0.85,200,11793.350086
5676.709058,0.815,0.82,200,11798.072321
5740.040917,0.85,0.85,200,11802.788383
5768.405766,0.86,0.86,200,11807.536031
5153.94908,0.83,0.835,200,11812.388438
5676.728007,0.825,0.825,200,11819.385896
5428.36495,0.825,0.85,200,11824.063402
5707.541031,0.825,0.825,200,11828.847691
4359.885186,0.875,0.875,200,11833.582341
5250.158043,0.835,0.855,200,11838.412175
5586.64559,0.795,0.8,200,11843.255176
5697.052131,0.815,0.815,200,11847.939315
5747.694195,0.85,0.85,200,11852.704
5748.535411,0.85,0.85,200,11857.389941
5630.75768,0.81,0.815,200,11862.226858
4875.273613,0.865,0.865,200,11869.321748
5676.509948,0.825,0.825,200,11874.026206
5418.012127,0.82,0.82,200,11878.627257
5629.370452,0.845,0.845,200,11883.353453
5606.383603,0.805,0.81,200,11888.124905
5761.216701,0.85,0.855,200,11892.88368
5465.813377,0.85,0.85,200,11897.78022
5758.718095,0.845,0.86,200,11902.451092
5675.963456,0.835,0.835,200,11907.317109
5689.63376,0.805,0.805,200,11912.133379
5770.733136,0.845,0.855,200,11919.115
4503.825269,0.84,0.86,200,11923.78864
5764.758865,0.855,0.855,200,11928.611346
5620.790078,0.82,0.82,200,11933.509862
4726.610562,0.87,0.87,200,11938.295278
5759.41459,0.86,0.865,200,11943.088232
5515.47127,0.855,0.86,200,11947.814946
5590.872476,0.795,0.8,200,11952.523069
5628.624293,0.835,0.84,200,11957.398362
5745.678804,0.86,0.865,200,11962.080926
5719.965196,0.825,0.835,200,11969.004275
5725.656922,0.83,0.84,200,11973.727789
5707.618604,0.865,0.865,200,11978.417956
5617.161385,0.805,0.815,200,11983.266476
5462.288075,0.85,0.85,200,11988.042278
5678.855578,0.805,0.805,200,11992.680231
4196.437894,0.865,0.865,200,11997.390999
5628.477319,0.845,0.845,200,12002.159751
5775.000948,0.87,0.875,200,12006.810695
5691.997588,0.81,0.815,200,12011.36387
5753.567682,0.85,0.85,200,12018.278589
5758.177966,0.86,0.87,200,12022.741671
5762.859508,0.845,0.85,200,12027.40347
5747.86567,0.84,0.845,200,12032.056414
5644.532031,0.845,0.845,200,12036.63735
5589.460716,0.835,0.86,200,12041.299851
4761.969517,0.835,0.855,200,12046.004574
5760.335362,0.845,0.845,200,12050.705663
5670.914674,0.82,0.825,200,12055.332533
5702.249557,0.82,0.82,200,12059.939231
5754.67549,0.845,0.855,200,12066.882123
5770.083249,0.88,0.89,200,12071.462915
5737.171745,0.855,0.855,200,12076.157053
5655.19792,0.855,0.86,200,12080.679879
5775.338771,0.855,0.86,200,12085.220161
5767.369709,0.85,0.86,200,12089.675072
5765.667623,0.85,0.87,200,12094.22833
5721.169131,0.865,0.875,200,12098.536653
5137.48921,0.835,0.85,200,12103.032228
5630.742648,0.835,0.835,200,12107.588067
3591.879309,0.875,0.875,200,12114.273215
5616.177646,0.815,0.815,200,12118.720137
5616.095382,0.795,0.81,200,12123.289456
3457.840913,0.875,0.89,200,12127.861865
5741.694532,0.85,0.855,200,12132.412683
5271.778913,0.835,0.85,200,12137.003814
5755.938688,0.835,0.845,200,12141.47289
5631.510321,0.865,0.88,200,12146.024583
5651.948784,0.86,0.87,200,12150.709203
5728.433177,0.875,0.88,200,12155.172509
5740.788032,0.845,0.845,200,12161.870256
3757.673741,0.865,0.865,200,12166.493576
5680.021508,0.815,0.825,200,12171.291384
5689.705212,0.815,0.815,200,12175.784511
5746.038511,0.865,0.87,200,12180.300427
5758.488864,0.845,0.845,200,12184.898911
5699.792464,0.855,0.855,200,12189.564711
5698.534647,0.825,0.83,200,12194.08245
5704.995483,0.82,0.82,200,12198.687844
5704.870173,0.82,0.825,200,12203.454644
5696.929151,0.81,0.815,200,12210.535648
5701.027565,0.81,0.81,200,12215.155317
5727.318569,0.835,0.835,200,12219.659971
4666.556751,0.615,0.645,200,12224.170314
5688.609033,0.825,0.83,200,12228.71897
5611.17495,0.795,0.805,200,12233.110863
5719.541184,0.855,0.86,200,12237.664172
5624.077283,0.84,0.855,200,12242.226159
5703.140422,0.83,0.83,200,12246.857875
5756.543962,0.87,0.88,200,12251.516225
4949.330184,0.83,0.85,200,12258.366953
5698.142946,0.825,0.825,200,12262.995817
5401.539255,0.855,0.855,200,12267.675279
5650.299268,0.845,0.845,200,12272.221701
5721.084496,0.825,0.825,200,12276.774885
5701.731738,0.87,0.87,200,12281.197604
5578.750721,0.8,0.8,200,12285.919469
5698.131528,0.81,0.81,200,12290.645293
5676.425749,0.83,0.83,200,12295.331496
5673.931332,0.825,0.825,200,12299.889073
5737.010027,0.835,0.85,200,12306.578495
5732.195301,0.85,0.865,200,12311.209632
5750.416644,0.84,0.85,200,12315.788123
5694.538304,0.845,0.845,200,12320.448908
5703.073415,0.835,0.84,200,12325.209748
5759.002888,0.87,0.87,200,12329.761152
5628.129915,0.86,0.87,200,12334.436977
4590.873453,0.62,0.635,200,12339.154837
4778.580805,0.87,0.88,200,12343.918279
5756.085739,0.85,0.855,200,12348.544324
5076.692196,0.86,0.86,200,12355.418274
5725.082617,0.835,0.845,200,12360.216718
5760.977291,0.845,0.845,200,12364.97256
5729.928653,0.835,0.85,200,12369.533365
5654.189307,0.85,0.85,200,12374.087083
5675.387234,0.835,0.835,200,12378.482504
5634.798989,0.815,0.82,200,12383.007593
5741.023879,0.83,0.845,200,12387.675569
5770.498301,0.85,0.86,200,12392.362835
5687.625241,0.825,0.83,200,12396.956119
4540.740621,0.83,0.845,200,12403.741616
5778.031461,0.85,0.865,200,12408.268669
5694.562547,0.84,0.84,200,12412.984073
5668.114103,0.84,0.85,200,12417.522743
5110.871914,0.85,0.85,200,12422.119248
5710.909462,0.83,0.83,200,12426.612006
4659.571512,0.715,0.72,200,12431.262621
5649.968799,0.815,0.815,200,12435.95116
5679.29819,0.83,0.83,200,12440.548
5629.600359,0.805,0.805,200,12445.184306
5733.80383,0.83,0.85,200,12452.066757
5766.372971,0.85,0.86,200,12456.581666
5729.576442,0.855,0.875,200,12461.14976
5722.010466,0.85,0.88,200,12465.664661
5716.257242,0.815,0.83,200,12470.312773
5665.207415,0.82,0.825,200,12474.946153
5697.955977,0.83,0.835,200,12479.535457
5702.799408,0.83,0.84,200,12484.154013
5679.213867,0.84,0.84,200,12488.753221
5721.691015,0.84,0.84,200,12493.502019
4706.405692,0.87,0.87,200,12500.165982
4859.988354,0.85,0.85,200,12504.745771
5702.950124,0.815,0.815,200,12509.408968
5764.347351,0.87,0.875,200,12514.07304
4798.556643,0.87,0.87,200,12518.801113
5694.400462,0.835,0.835,200,12523.477922
5771.691422,0.855,0.855,200,12528.096121
5765.803148,0.86,0.875,200,12532.712064
5695.395509,0.84,0.84,200,12537.236699
5588.037687,0.795,0.805,200,12541.902533
4954.75549,0.87,0.87,200,12548.670632
5782.23724,0.865,0.865,200,12553.269646
5691.070888,0.835,0.835,200,12557.805692
5720.331402,0.865,0.865,200,12562.441767
5702.370324,0.825,0.825,200,12566.963778
5688.58651,0.815,0.815,200,12571.556502
5737.887628,0.835,0.84,200,12576.211392
5718.332487,0.86,0.865,200,12580.90811
5684.059393,0.835,0.835,200,12585.612212
5577.335196,0.865,0.885,200,12590.192396
5435.120535,0.845,0.845,200,12597.021761
3663.694409,0.87,0.875,200,12601.553861
5688.991312,0.825,0.835,200,12606.127905
5471.51984,0.855,0.855,200,12610.63372
5713.611126,0.83,0.835,200,12615.136875
5775.153905,0.855,0.865,200,12619.527466
5694.141793,0.82,0.82,200,12624.05079
5278.718845,0.86,0.86,200,12628.377647
5670.629719,0.84,0.845,200,12632.837751
5782.093644,0.865,0.87,200,12637.389622
5731.410615,0.86,0.86,200,12644.07388
5774.07864,0.865,0.865,200,12648.337446
5702.27886,0.835,0.835,200,12652.8174
5705.424327,0.83,0.83,200,12657.496864
5747.41167,0.845,0.845,200,12662.05006
5701.832387,0.835,0.84,200,12666.620161
4444.083531,0.845,0.845,200,12671.265494
5624.654127,0.82,0.82,200,12675.860569
4795.354416,0.865,0.865,200,12680.655088
5779.409721,0.865,0.865,200,12685.318103
5365.852884,0.8,0.845,200,12692.172546
5747.855958,0.835,0.835,200,12696.815409
5421.945088,0.845,0.85,200,12701.415346
5762.803804,0.845,0.845,200,12705.9519
5668.358111,0.845,0.85,200,12710.317187
5218.799778,0.855,0.86,200,12714.940578
3933.762081,0.685,0.705,200,12719.354727
5690.489124,0.825,0.825,200,12723.998769
5709.049393,0.845,0.85,200,12728.728849
5695.001312,0.86,0.875,200,12733.339269
5759.620296,0.84,0.85,200,12740.25514
4925.389275,0.85,0.865,200,12744.91985
5738.922343,0.84,0.84,200,12749.339755
5774.696574,0.86,0.87,200,12753.853842
5772.148154,0.85,0.855,200,12758.502049
5749.375303,0.845,0.85,200,12763.065585
5680.20949,0.845,0.845,200,12767.733756
5299.831796,0.865,0.865,200,12772.300192
5767.814528,0.85,0.86,200,12776.786265
5756.497582,0.84,0.85,200,12781.278761
4718.172442,0.865,0.865,200,12787.900843
5652.541446,0.8,0.815,200,12792.539818
5619.902322,0.865,0.875,200,12797.194921
4796.745252,0.845,0.845,200,12801.796821
5696.053131,0.81,0.83,200,12806.294763
5717.905716,0.87,0.88,200,12810.840083
5803.152783,0.88,0.88,200,12815.463766
5705.377283,0.82,0.83,200,12820.123021
5699.75667,0.82,0.82,200,12824.635382
5692.174854,0.835,0.835,200,12829.145995
5665.237926,0.835,0.84,200,12835.879275
4723.580253,0.855,0.86,200,12840.442845
5701.030859,0.83,0.835,200,12844.946936
5617.577687,0.845,0.86,200,12849.453589
5596.198378,0.865,0.87,200,12853.856367
5653.754909,0.84,0.845,200,12858.357293
5757.768828,0.85,0.85,200,12863.007727
5722.100928,0.855,0.86,200,12867.453634
5284.351309,0.85,0.855,200,12872.132249
5696.633002,0.83,0.83,200,12876.628687
5690.233956,0.87,0.88,200,12883.364317
5705.080945,0.825,0.84,200,12887.94993
5696.13526,0.82,0.82,200,12892.455596
4883.070973,0.86,0.86,200,12896.958152
5689.212733,0.82,0.83,200,12901.48214
5677.342293,0.855,0.86,200,12906.123394
5695.773757,0.79,0.805,200,12910.663689
5617.659603,0.78,0.81,200,12915.218744
5775.96928,0.865,0.865,200,12919.664111
3794.71449,0.585,0.6,200,12924.227328
5684.736486,0.835,0.835,200,12931.000572
5664.557702,0.83,0.85,200,12935.582055
5700.888724,0.82,0.82,200,12940.151693
5705.125125,0.82,0.82,200,12944.797791
5663.244427,0.845,0.845,200,12949.286381
5741.047705,0.845,0.85,200,12953.807366
5297.641992,0.87,0.875,200,12958.337842
5715.063368,0.86,0.875,200,12963.058552
5386.315977,0.86,0.86,200,12967.740004
5521.192687,0.86,0.865,200,12972.551652
5760.016752,0.865,0.865,200,12979.42575
5778.174751,0.86,0.865,200,12984.200031
5759.82099,0.85,0.85,200,12988.949595
5747.979573,0.84,0.84,200,12993.562321
4568.887523,0.865,0.865,200,12998.098746
5629.654766,0.855,0.86,200,13002.721369
5746.296806,0.835,0.845,200,13007.41036
5640.87957,0.86,0.865,200,13012.165379
5649.399544,0.815,0.815,200,13016.783165
5659.064723,0.81,0.83,200,13021.516052
5683.758531,0.8,0.8,200,13028.388448
4755.140636,0.85,0.855,200,13033.073206
5768.089355,0.85,0.86,200,13037.698801
5055.72453,0.855,0.855,200,13042.351452
5685.173055,0.835,0.84,200,13047.04233
5423.521519,0.835,0.855,200,13051.68103
5781.314795,0.855,0.86,200,13056.339798
5624.575482,0.84,0.86,200,13061.104125
5756.081983,0.87,0.87,200,13065.889971
4831.745124,0.83,0.845,200,13070.641691
5682.116079,0.805,0.805,200,13077.497475
5682.686215,0.835,0.835,200,13082.116856
5610.388399,0.835,0.835,200,13086.886168
5690.120633,0.825,0.825,200,13091.586794
5437.271174,0.83,0.835,200,13096.267247
5697.405329,0.83,0.83,200,13100.953656
5715.014605,0.825,0.825,200,13105.587387
5698.824793,0.825,0.825,200,13110.207806
5641.685369,0.845,0.845,200,13115.009726
5778.109135,0.875,0.875,200,13119.602301
5545.022003,0.83,0.85,200,13126.585492
5728.672096,0.855,0.87,200,13131.200699
5783.296777,0.86,0.865,200,13135.901384
5782.215179,0.87,0.87,200,13140.639278
5777.334313,0.855,0.86,200,13145.299025
5740.5675,0.85,0.85,200,13150.033588
5648.569204,0.855,0.855,200,13154.837969
5742.599973,0.87,0.875,200,13159.58404
5781.808392,0.875,0.88,200,13164.307547
5748.751351,0.84,0.84,200,13169.146806
5765.352405,0.85,0.855,200,13175.885783
5787.788922,0.875,0.875,200,13180.611221
5208.887228,0.835,0.855,200,13185.446799
5671.058887,0.825,0.85,200,13190.096239
5773.588043,0.86,0.86,200,13194.7693
5701.076804,0.835,0.835,200,13199.530324
5040.824215,0.85,0.85,200,13204.187343
5048.87676,0.58,0.59,200,13208.735959
5578.401856,0.84,0.85,200,13213.336609
5709.983072,0.825,0.83,200,13218.083177
5683.003167,0.81,0.815,200,13224.922911
5639.885604,0.815,0.825,200,13229.684847
4339.395431,0.53,0.545,200,13234.371289
5579.852117,0.845,0.855,200,13239.076895
5771.989161,0.86,0.86,200,13243.723053
5761.713463,0.85,0.85,200,13248.444142
5778.516322,0.865,0.87,200,13253.208845
5730.300655,0.865,0.865,200,13257.903123
5668.076415,0.82,0.83,200,13262.724048
5715.007114,0.855,0.865,200,13267.4505
4724.543534,0.855,0.855,200,13274.404228
5702.528529,0.825,0.825,200,13278.975062
5135.742319,0.84,0.85,200,13283.437919
5695.911925,0.83,0.835,200,13288.147083
5725.297129,0.85,0.855,200,13292.718095
5721.842884,0.87,0.88,200,13297.292626
5749.672745,0.85,0.85,200,13301.837399
5544.682058,0.845,0.855,200,13306.492609
5701.347492,0.805,0.815,200,13311.217969
5250.832773,0.83,0.84,200,13315.877963
5690.990716,0.84,0.85,200,13322.864945
5730.746319,0.865,0.87,200,13327.509305
5775.291268,0.85,0.865,200,13332.24251
5685.8923,0.845,0.855,200,13336.87424
5778.571052,0.855,0.86,200,13341.740898
5685.194853,0.84,0.84,200,13346.349723
5677.567564,0.84,0.845,200,13350.883528
5755.077901,0.85,0.85,200,13355.48939
5708.916127,0.855,0.88,200,13360.181357
5677.22986,0.805,0.805,200,13364.790208
5638.588715,0.845,0.845,200,13371.589926
5711.252915,0.825,0.835,200,13376.323178
5759.197638,0.86,0.865,200,13381.027476
5614.423479,0.82,0.82,200,13385.643067
5652.104136,0.815,0.815,200,13390.263605
5052.680609,0.86,0.87,200,13395.028125
5578.384539,0.79,0.805,200,13399.753299
5692.941376,0.885,0.885,200,13404.502224
4889.62107,0.875,0.875,200,13409.384103
5545.613608,0.865,0.865,200,13414.052187
5680.758825,0.845,0.845,200,13420.873241
5667.022685,0.815,0.82,200,13425.553224
5686.257616,0.84,0.84,200,13430.099944
5755.478824,0.845,0.85,200,13434.749994
5704.296299,0.86,0.86,200,13439.285975
5061.825238,0.675,0.7,200,13443.877763
5776.639187,0.87,0.87,200,13448.547539
5762.334693,0.855,0.855,200,13453.28753
5714.645624,0.835,0.835,200,13457.84139
5744.37602,0.865,0.865,200,13462.574805
5777.09799,0.86,0.86,200,13469.562673
5705.668038,0.815,0.815,200,13474.274707
5333.579111,0.865,0.865,200,13478.939796
5752.405331,0.84,0.855,200,13483.597404
5694.540215,0.82,0.835,200,13488.186317
5648.272808,0.865,0.87,200,13492.731422
5694.68882,0.82,0.825,200,13497.425888
4695.212706,0.86,0.86,200,13502.08858
5688.37756,0.83,0.83,200,13506.711664
5688.447234,0.835,0.84,200,13511.184919
4786.099,0.86,0.86,200,13518.037935
5657.958973,0.805,0.82,200,13522.704363
4899.589437,0.855,0.855,200,13527.332685
5735.064283,0.86,0.865,200,13532.037779
5636.777471,0.81,0.82,200,13536.787317
5673.454517,0.8,0.8,200,13541.457108
5718.626472,0.83,0.835,200,13546.066387
4972.681361,0.865,0.865,200,13550.719405
5712.144342,0.82,0.825,200,13555.37152
5692.711637,0.845,0.86,200,13559.810132
5777.647514,0.86,0.87,200,13566.794184
5727.62865,0.845,0.845,200,13571.481114
5758.248774,0.86,0.87,200,13576.07603
5748.216758,0.84,0.85,200,13580.744989
5739.867513,0.85,0.855,200,13585.402545
5670.705362,0.85,0.85,200,13590.187396
5636.504263,0.81,0.81,200,13594.942003
5758.323741,0.85,0.85,200,13599.763717
5186.064457,0.565,0.57,200,13604.316225
5695.652646,0.85,0.86,200,13608.999676
5709.692906,0.845,0.845,200,13615.834616
5143.984876,0.87,0.87,200,13620.510159
3964.874025,0.2,0.21,200,13625.252402
5615.540944,0.815,0.82,200,13629.980767
5692.678459,0.82,0.82,200,13634.623424
5701.917838,0.82,0.82,200,13639.324132
4810.261194,0.865,0.865,200,13643.953794
5786.037939,0.87,0.885,200,13648.412354
5690.855242,0.825,0.835,200,13653.048015
5176.246667,0.84,0.84,200,13657.577365
4224.152482,0.88,0.885,200,13664.37117
5689.066224,0.855,0.875,200,13669.020533
4728.231494,0.85,0.865,200,13673.57951
5705.819116,0.82,0.825,200,13678.049096
5684.117722,0.825,0.825,200,13682.568504
5765.435325,0.86,0.865,200,13687.096182
5787.727722,0.87,0.88,200,13691.707157
5768.721615,0.86,0.86,200,13696.315791
5696.818325,0.845,0.845,200,13700.827609
5769.70898,0.865,0.87,200,13705.310243
5784.499762,0.86,0.875,200,13712.119275
5726.892084,0.825,0.835,200,13716.626088
5679.001936,0.83,0.83,200,13721.198217
5027.023085,0.86,0.865,200,13725.670323
5698.962043,0.815,0.815,200,13730.234025
2352.670613,0.105,0.105,200,13734.771275
5750.976607,0.845,0.855,200,13739.263707
5717.482153,0.87,0.875,200,13743.736252
5653.563745,0.815,0.82,200,13748.417127
5723.308429,0.875,0.875,200,13752.97846
5074.48444,0.55,0.565,200,13759.657796
5696.354318,0.855,0.885,200,13764.258076
4987.383377,0.87,0.875,200,13768.867632
4912.54506,0.855,0.855,200,13773.518132
5757.841666,0.85,0.855,200,13778.265777
5772.69605,0.865,0.865,200,13782.878269
5717.335576,0.835,0.835,200,13787.352679
4646.428152,0.865,0.875,200,13792.034484
5767.4055,0.85,0.86,200,13796.725066
5638.035722,0.835,0.84,200,13801.422269
5776.43458,0.875,0.875,200,13808.254678
3693.709863,0.865,0.88,200,13812.922654
5649.814328,0.835,0.84,200,13817.560858
5719.407974,0.835,0.835,200,13822.202049
5776.255831,0.855,0.875,200,13826.875728
5770.365228,0.86,0.86,200,13831.539963
5707.276135,0.88,0.88,200,13836.046692
5639.1941,0.82,0.82,200,13840.744337
5700.118334,0.82,0.825,200,13845.352491
5762.678027,0.855,0.855,200,13850.039134
5629.181046,0.835,0.85,200,13856.971553
5659.952435,0.82,0.825,200,13861.655991
5586.605138,0.83,0.845,200,13866.311581
5681.02084,0.82,0.82,200,13870.878222
5669.954093,0.84,0.865,200,13875.452245
5692.122173,0.845,0.845,200,13880.206136
5627.59438,0.85,0.855,200,13884.754564
5643.891733,0.85,0.85,200,13889.436516
5749.285257,0.855,0.855,200,13894.07964
5775.693123,0.86,0.865,200,13898.649361
5765.475011,0.86,0.86,200,13905.310506
5706.614354,0.815,0.82,200,13909.953423
5698.046569,0.81,0.81,200,13914.541502
5729.064882,0.855,0.87,200,13919.154463
5769.102682,0.855,0.855,200,13923.91829
5747.862654,0.83,0.835,200,13928.468756
5466.642159,0.84,0.85,200,13933.008296
5691.082703,0.83,0.83,200,13937.658442
5574.584621,0.825,0.84,200,13942.398335
5690.774688,0.815,0.815,200,13946.991067
5530.847862,0.845,0.87,200,13953.775079
5434.773449,0.845,0.85,200,13958.157179
5666.106915,0.82,0.825,200,13962.736807
5767.613525,0.855,0.86,200,13967.340266
5570.421715,0.805,0.81,200,13972.060842
4572.547562,0.87,0.87,200,13976.50948
5752.311904,0.85,0.85,200,13981.10536
5680.067857,0.825,0.825,200,13985.799261
5766.979308,0.855,0.855,200,13990.334511
5722.367262,0.835,0.84,200,13995.017629
5734.19984,0.865,0.87,200,14001.828709
5702.509659,0.815,0.835,200,14006.642854
5218.717863,0.855,0.855,200,14011.314293
5779.052006,0.855,0.87,200,14015.950291
5791.128086,0.875,0.875,200,14020.555689
5738.10888,0.85,0.85,200,14025.328947
5618.973045,0.845,0.845,200,14030.038985
5720.366686,0.845,0.845,200,14034.761968
5688.876742,0.815,0.815,200,14039.33032
4889.239232,0.855,0.855,200,14044.017459
5670.530212,0.835,0.85,200,14050.94066
5667.919165,0.82,0.82,200,14055.421798
5774.865399,0.86,0.865,200,14060.047617
5727.903309,0.86,0.86,200,14064.70214
5740.290509,0.83,0.85,200,14069.206704
5366.96885,0.885,0.885,200,14073.928111
5736.426982,0.835,0.85,200,14078.572274
5704.014047,0.815,0.82,200,14083.179518
5707.267753,0.83,0.84,200,14087.876407
5708.577658,0.815,0.815,200,14092.400339
5753.881261,0.84,0.845,200,14099.109273
4797.286956,0.86,0.86,200,14103.757812
5623.574233,0.85,0.855,200,14108.367436
5521.277614,0.855,0.855,200,14113.032344
5764.635806,0.845,0.855,200,14117.698578
5172.920934,0.83,0.83,200,14122.257886
5694.288156,0.82,0.835,200,14126.847006
5763.229489,0.855,0.855,200,14131.602922
4854.293811,0.865,0.87,200,14136.172845
5729.397071,0.865,0.875,200,14140.730345
5470.594905,0.85,0.85,200,14147.462193
5678.702389,0.835,0.835,200,14152.119965
5775.323261,0.865,0.875,200,14156.715337
5774.438906,0.865,0.865,200,14161.357886
5772.459821,0.855,0.855,200,14166.073511
4821.936958,0.865,0.875,200,14170.761606
5732.419058,0.845,0.845,200,14175.362069
5743.587533,0.855,0.86,200,14180.189382
5750.036591,0.85,0.85,200,14184.750859
5765.77468,0.845,0.85,200,14189.279063
4728.076444,0.86,0.86,200,14196.118076
4590.5958,0.865,0.865,200,14200.781104
5732.695878,0.835,0.84,200,14205.459292
5670.941368,0.87,0.88,200,14210.204033
2701.30939,0.11,0.125,200,14214.824107
5695.800746,0.835,0.84,200,14219.512906
5673.346166,0.83,0.835,200,14224.234857
5755.302996,0.875,0.885,200,14228.873924
5269.687584,0.665,0.665,200,14233.529058
5685.793652,0.82,0.83,200,14238.294956
5699.001549,0.815,0.815,200,14245.166362
5761.56716,0.87,0.87,200,14249.850959
5760.410483,0.85,0.85,200,14254.521572
5658.663564,0.865,0.895,200,14259.228787
5624.102432,0.835,0.865,200,14263.991801
5620.043341,0.84,0.85,200,14268.656113
5175.200758,0.86,0.865,200,14273.250478
5608.632534,0.84,0.845,200,14277.916387
5601.796121,0.805,0.805,200,14282.600008
5723.323162,0.84,0.845,200,14287.273916
5757.785643,0.875,0.875,200,14294.010332
5656.747597,0.82,0.82,200,14298.745428
5706.661477,0.835,0.835,200,14303.404348
5743.540129,0.84,0.845,200,14308.144882
5637.905275,0.815,0.815,200,14312.773946
5753.824886,0.86,0.87,200,14317.432377
5718.6406,0.86,0.87,200,14322.028858
5704.322474,0.8,0.815,200,14326.628006
5752.707193,0.835,0.85,200,14331.298625
5702.188862,0.81,0.815,200,14335.908592
5793.049737,0.875,0.885,200,14342.816174
5498.733891,0.84,0.84,200,14347.498038
5725.814316,0.84,0.84,200,14352.13316
5699.377669,0.84,0.84,200,14356.87622
5776.225711,0.87,0.87,200,14361.506965
5698.930353,0.825,0.835,200,14366.181282
4558.907042,0.815,0.815,200,14370.855373
5721.877432,0.84,0.845,200,14375.423616
5193.100116,0.65,0.65,200,14380.155807
5786.326997,0.855,0.87,200,14384.864742
5768.741993,0.86,0.86,200,14391.74704
5710.932413,0.82,0.825,200,14396.50852
5758.686354,0.845,0.85,200,14401.242975
4878.919829,0.8,0.8,200,14405.952963
5684.860127,0.845,0.85,200,14410.757487
5632.549708,0.845,0.85,200,14415.383791
5710.89834,0.845,0.845,200,14420.002611
5657.594039,0.85,0.855,200,14424.750301
2569.644248,0.14,0.14,200,14429.396831
5754.340574,0.83,0.855,200,14434.085792
5735.992175,0.845,0.845,200,14440.997765
5671.578568,0.875,0.88,200,14445.665023
4530.957492,0.86,0.875,200,14450.274824
5762.829083,0.865,0.865,200,14454.918894
5746.681206,0.85,0.85,200,14459.628351
5780.264759,0.86,0.865,200,14464.280682
5765.72625,0.86,0.86,200,14468.962256
5774.442044,0.86,0.86,200,14473.586701
5642.859167,0.865,0.87,200,14478.201578
4882.562454,0.62,0.64,200,14482.896254
5700.122014,0.845,0.845,200,14489.537347
5128.389361,0.855,0.865,200,14494.07526
5774.720333,0.87,0.87,200,14498.671595
5737.094047,0.86,0.865,200,14503.209165
5752.703522,0.86,0.86,200,14507.770866
5713.173543,0.86,0.875,200,14512.349511
5734.213958,0.845,0.845,200,14516.79152
5271.859663,0.865,0.87,200,14521.476564
5758.967281,0.835,0.85,200,14526.168717
4605.570353,0.855,0.885,200,14530.732304
5768.867492,0.86,0.86,200,14537.676443
5573.103752,0.85,0.875,200,14542.319439
5777.933907,0.845,0.865,200,14546.907092
5568.99366,0.84,0.85,200,14551.434309
5397.418421,0.835,0.835,200,14556.055731
4925.132131,0.73,0.745,200,14560.506341
5687.702104,0.84,0.84,200,14565.097384
5734.518021,0.85,0.855,200,14569.641349
5767.627974,0.855,0.86,200,14574.298805
5750.550106,0.865,0.865,200,14578.867556
5611.950495,0.85,0.86,200,14585.744909
5710.943949,0.825,0.83,200,14590.397401
5757.574187,0.865,0.88,200,14594.938229
5703.19274,0.815,0.815,200,14599.460562
5746.026239,0.86,0.865,200,14604.065443
5742.43401,0.85,0.865,200,14608.806956
5591.906503,0.795,0.815,200,14613.422786
5761.161714,0.855,0.855,200,14618.158824
5773.952736,0.86,0.87,200,14622.748969
4566.875366,0.86,0.865,200,14627.216959
5713.380239,0.835,0.84,200,14634.214212
5677.672652,0.825,0.83,200,14638.951544
5748.833788,0.85,0.85,200,14643.639901
5729.52586,0.87,0.875,200,14648.369917
5734.347367,0.845,0.845,200,14652.991387
5679.639308,0.845,0.85,200,14657.760413
5622.081177,0.79,0.81,200,14662.484784
5707.826672,0.83,0.83,200,14667.018412
5712.06782,0.87,0.87,200,14671.673017
5692.159104,0.815,0.83,200,14676.240036
5209.661579,0.86,0.86,200,14682.961482
5305.475638,0.855,0.86,200,14687.685251
5731.535712,0.85,0.85,200,14692.385258
5739.314954,0.83,0.835,200,14696.966758
5701.222072,0.835,0.835,200,14701.633682
5673.012805,0.84,0.845,200,14706.218723
5036.743716,0.85,0.85,200,14710.764911
5694.597664,0.825,0.83,200,14715.501421
5567.678942,0.77,0.785,200,14720.133617
5714.314957,0.83,0.835,200,14724.889246
5695.153969,0.87,0.875,200,14731.787186
5126.01147,0.4,0.4,200,14736.4263
5694.238845,0.83,0.83,200,14741.134825
5327.696373,0.865,0.865,200,14745.692156
5490.2942,0.85,0.88,200,14750.325068
5765.564333,0.865,0.885,200,14755.023805
5453.812124,0.845,0.85,200,14759.644394
5738.754643,0.835,0.835,200,14764.213675
5756.731716,0.855,0.865,200,14768.714898
5691.135472,0.835,0.835,200,14773.449634
4932.555433,0.855,0.855,200,14780.182721
2362.226816,0.37,0.4,200,14784.770726
5531.05891,0.85,0.85,200,14789.425686
5768.003467,0.87,0.87,200,14793.952264
5774.557152,0.865,0.865,200,14798.572351
5442.421277,0.85,0.85,200,14803.286364
5770.725242,0.855,0.86,200,14808.023155
5772.497668,0.865,0.87,200,14812.664089
5517.402333,0.835,0.835,200,14817.335579
5188.937567,0.855,0.855,200,14822.037585
5705.46657,0.82,0.835,200,14828.965507
5650.257762,0.815,0.825,200,14833.557824
5725.203808,0.855,0.87,200,14838.106487
5776.460872,0.86,0.865,200,14842.635229
5762.794437,0.845,0.855,200,14847.202138
5300.149661,0.79,0.79,200,14851.981594
5763.707801,0.86,0.865,200,14856.41871
5698.237597,0.825,0.825,200,14860.916959
5759.292473,0.85,0.85,200,14865.510702
5705.706268,0.825,0.83,200,14870.188933
4529.994343,0.87,0.87,200,14876.822992
5616.518196,0.805,0.805,200,14881.350845
5759.539201,0.86,0.875,200,14885.884632
5704.639689,0.86,0.865,200,14890.325299
5635.440899,0.845,0.845,200,14894.864847
4792.333146,0.85,0.86,200,14899.318676
5702.750039,0.81,0.81,200,14903.717836
4977.845599,0.875,0.875,200,14908.231457
5608.778252,0.855,0.865,200,14912.597681
5779.02596,0.865,0.88,200,14917.029438
5726.93621,0.865,0.875,200,14923.752196
5674.598888,0.805,0.81,200,14928.173291
5674.412555,0.82,0.82,200,14932.649688
5691.296312,0.82,0.835,200,14937.157518
5751.045992,0.86,0.87,200,14941.774678
5699.552938,0.845,0.845,200,14946.484437
5741.619423,0.835,0.84,200,14950.992836
5689.650291,0.84,0.845,200,14955.581269
5692.847838,0.835,0.835,200,14960.01372
5693.879298,0.83,0.83,200,14964.390953
4919.697507,0.865,0.865,200,14970.884558
4789.710371,0.875,0.875,200,14975.430742
5767.822058,0.865,0.865,200,14980.06327
5694.642985,0.845,0.85,200,14984.546401
5727.831905,0.85,0.865,200,14989.122521
5678.275112,0.79,0.795,200,14993.632742
4766.398483,0.88,0.88,200,14997.97525
5714.569205,0.83,0.83,200,15002.54569
5704.112837,0.815,0.835,200,15007.090428
4955.451541,0.86,0.86,200,15011.541792
5702.925755,0.845,0.845,200,15018.382087
5624.948221,0.795,0.81,200,15022.674444
5768.612487,0.845,0.865,200,15027.100048
5704.984889,0.84,0.84,200,15031.818849
5266.306177,0.855,0.86,200,15036.340725
5665.267616,0.845,0.85,200,15040.925769
5771.904723,0.855,0.86,200,15045.600698
5694.728776,0.83,0.83,200,15050.192692
5013.450886,0.865,0.865,200,15054.64874
5702.052678,0.83,0.845,200,15059.180724
5756.348361,0.87,0.87,200,15066.197167
5701.230337,0.825,0.825,200,15070.713516
5752.202239,0.86,0.865,200,15075.335563
5715.2416,0.86,0.86,200,15079.883293
5680.626949,0.82,0.835,200,15084.570244
5585.358482,0.795,0.805,200,15089.392004
5467.717832,0.855,0.855,200,15094.109951
5737.273051,0.845,0.845,200,15098.72047
5722.790282,0.865,0.865,200,15103.212818
5697.418177,0.83,0.835,200,15107.812551
5629.164028,0.875,0.875,200,15114.293517
5694.719927,0.85,0.865,200,15118.741141
5771.096369,0.875,0.875,200,15123.136755
5695.110497,0.84,0.855,200,15127.434817
4140.405961,0.875,0.875,200,15131.728561
5753.259095,0.835,0.855,200,15136.253514
5194.129429,0.795,0.805,200,15140.551014
5727.294835,0.86,0.865,200,15145.044549
5693.881663,0.815,0.815,200,15149.551765
5630.756732,0.87,0.87,200,15154.160126
4885.705088,0.87,0.87,200,15160.725116
5670.359443,0.84,0.855,200,15165.067473
5666.55576,0.85,0.87,200,15169.699249
5747.396252,0.855,0.865,200,15174.193371
5701.653862,0.81,0.815,200,15178.880584
5688.342193,0.84,0.84,200,15183.547275
5788.919405,0.865,0.875,200,15188.076117
5739.321262,0.85,0.87,200,15192.658614
5778.208913,0.87,0.87,200,15197.200791
5778.231339,0.88,0.88,200,15201.719031
5688.141794,0.845,0.85,200,15208.584852
5712.858036,0.855,0.86,200,15213.051757
5760.934951,0.855,0.855,200,15217.602536
5783.70285,0.855,0.865,200,15222.039898
5170.355215,0.875,0.89,200,15226.502399
4842.04427,0.865,0.865,200,15231.002489
5685.192777,0.81,0.81,200,15235.444944
5245.586071,0.865,0.865,200,15239.875589
5701.591715,0.835,0.835,200,15244.334084
4834.939689,0.86,0.865,200,15248.765671
5734.233222,0.855,0.86,200,15255.120178
5741.598233,0.84,0.84,200,15259.351843
5748.475407,0.85,0.85,200,15263.875882
5676.716431,0.83,0.83,200,15268.395396
5718.421087,0.84,0.84,200,15272.968697
5294.824939,0.845,0.855,200,15277.291357
5706.319296,0.86,0.865,200,15281.716854
5698.757482,0.84,0.845,200,15286.242631
5694.460954,0.855,0.86,200,15290.88547
5765.501902,0.885,0.885,200,15295.582601
5770.10745,0.865,0.875,200,15302.230869
5700.007146,0.805,0.815,200,15306.876579
5789.259911,0.885,0.89,200,15311.549046
5685.534497,0.815,0.815,200,15316.064523
5716.796818,0.835,0.84,200,15320.592021
5635.928247,0.82,0.82,200,15325.205024
5754.795897,0.85,0.85,200,15329.907126
5750.384232,0.835,0.855,200,15334.604054
5704.520273,0.815,0.82,200,15339.29969
5758.706137,0.865,0.88,200,15344.019719
5318.412702,0.875,0.875,200,15351.025203
5662.725111,0.86,0.86,200,15355.743625
5532.500362,0.835,0.84,200,15360.520756
5769.965737,0.86,0.86,200,15365.278231
5771.212213,0.865,0.875,200,15369.92943
5787.367374,0.875,0.875,200,15374.65505
5704.853762,0.825,0.825,200,15379.396018
5692.207402,0.825,0.825,200,15384.155215
5717.377159,0.865,0.88,200,15388.639671
5744.542652,0.86,0.865,200,15393.405518
5693.137553,0.845,0.845,200,15399.851258
5711.366134,0.865,0.88,200,15404.494277
5495.783763,0.84,0.855,200,15409.173739
5704.074389,0.815,0.815,200,15413.863327
4312.596235,0.555,0.585,200,15418.374205
5768.757357,0.855,0.86,200,15422.975906
5763.345536,0.86,0.86,200,15427.356758
5705.208205,0.86,0.875,200,15432.004433
5722.749708,0.83,0.83,200,15436.707033
5685.411782,0.825,0.825,200,15441.328471
5781.672553,0.87,0.87,200,15448.261913
5694.735767,0.8,0.805,200,15452.988112
5561.560667,0.84,0.84,200,15457.600287
4181.104702,0.645,0.68,200,15462.242429
5760.534832,0.87,0.88,200,15466.951647
5128.975607,0.87,0.87,200,15471.607348
5587.176299,0.835,0.87,200,15476.366832
5730.900643,0.825,0.845,200,15481.064362
5691.145183,0.81,0.815,200,15485.820219
5721.74751,0.845,0.845,200,15490.592355
5257.185771,0.855,0.855,200,15497.522849
5678.292532,0.815,0.825,200,15502.062976
5742.840679,0.875,0.88,200,15506.728934
4468.75538,0.84,0.855,200,15511.408961
5524.592631,0.845,0.865,200,15516.154741
5701.317729,0.845,0.845,200,15520.818977
5712.572703,0.83,0.835,200,15525.610949
5704.738434,0.825,0.825,200,15530.364348
5758.263334,0.84,0.845,200,15535.116087
5713.173253,0.82,0.845,200,15539.816833
5707.802407,0.82,0.82,200,15546.71822
5756.16056,0.865,0.87,200,15551.382729
5636.08653,0.835,0.87,200,15556.130185
5796.194013,0.88,0.89,200,15560.949054
5694.679982,0.835,0.835,200,15565.669204
5710.714147,0.83,0.84,200,15570.507483
5769.96301,0.855,0.86,200,15575.320048
5683.47602,0.81,0.81,200,15580.106341
5723.535994,0.84,0.84,200,15584.819727
5592.071121,0.8,0.805,200,15589.448
5709.814039,0.825,0.825,200,15596.119097
4996.234944,0.845,0.845,200,15600.828488
5717.379622,0.84,0.84,200,15605.507975
5648.753511,0.82,0.825,200,15610.176071
5613.067079,0.85,0.89,200,15614.991209
5713.868136,0.8,0.825,200,15619.704296
5709.694978,0.82,0.82,200,15624.400822
5682.357798,0.84,0.84,200,15629.139067
5717.282433,0.875,0.885,200,15633.831162
5757.147804,0.87,0.885,200,15638.63784
5205.473529,0.85,0.85,200,15645.653199
5624.237491,0.81,0.81,200,15650.395573
5719.651855,0.865,0.88,200,15655.103352
5713.28414,0.855,0.865,200,15659.896154
5288.471806,0.86,0.865,200,15664.618219
5317.524926,0.86,0.86,200,15669.352365
5249.676203,0.87,0.875,200,15674.032868
5692.36379,0.865,0.865,200,15678.743792
5683.228347,0.825,0.825,200,15683.376941
5687.053218,0.83,0.835,200,15688.053117
5778.099857,0.87,0.87,200,15694.999716
5762.167267,0.845,0.85,200,15699.781557
3934.1033,0.36,0.36,200,15704.448087
4011.37294,0.88,0.88,200,15709.10165
5743.001356,0.85,0.85,200,15713.845286
5570.175858,0.835,0.87,200,15718.502028
5687.404617,0.865,0.885,200,15723.185583
5618.689661,0.85,0.85,200,15727.879861
5686.013232,0.83,0.83,200,15732.619658
4468.454139,0.85,0.85,200,15737.31407
5698.232556,0.815,0.815,200,15744.257085
5682.888393,0.85,0.85,200,15748.977888
5766.486319,0.855,0.855,200,15753.772529
5707.286491,0.845,0.85,200,15758.442271
5781.496378,0.865,0.87,200,15763.105279
4291.736131,0.88,0.88,200,15767.930601
5257.684035,0.865,0.865,200,15772.634124
5784.394887,0.89,0.89,200,15777.320754
5536.959977,0.845,0.88,200,15781.981197
5657.29759,0.805,0.82,200,15786.617432
5496.217218,0.855,0.86,200,15793.568847
5709.170792,0.845,0.85,200,15798.185997
5745.161236,0.845,0.85,200,15802.837294
5381.324087,0.85,0.855,200,15807.611081
4652.292051,0.885,0.885,200,15812.290997
5714.085987,0.84,0.84,200,15817.049853
5751.731592,0.87,0.875,200,15821.851019
5657.894856,0.815,0.815,200,15826.500167
5745.84266,0.87,0.88,200,15831.198268
5728.224123,0.855,0.87,200,15835.970716
5721.383468,0.83,0.83,200,15842.915718
5710.340111,0.85,0.85,200,15847.770687
5757.059379,0.87,0.89,200,15852.424109
4858.228343,0.795,0.795,200,15857.069599
5710.746827,0.82,0.83,200,15861.873167
5774.309475,0.865,0.875,200,15866.412754
5765.400917,0.855,0.86,200,15871.167079
5592.612192,0.85,0.85,200,15875.955735
5718.379335,0.84,0.85,200,15880.754285
5783.614913,0.855,0.87,200,15885.502102
5714.132009,0.825,0.83,200,15892.289788
5714.32917,0.835,0.835,200,15897.04751
5703.001623,0.855,0.865,200,15901.856383
5577.741223,0.84,0.84,200,15906.508897
5515.097876,0.855,0.855,200,15911.250273
5707.263498,0.82,0.82,200,15915.947728
5700.237993,0.84,0.85,200,15920.718858
5747.291212,0.855,0.87,200,15925.446143
5693.357235,0.83,0.83,200,15930.109624
5711.197496,0.84,0.845,200,15934.908957
5222.64473,0.855,0.86,200,15941.774396
5673.736765,0.85,0.855,200,15946.420536
5711.707007,0.83,0.83,200,15951.151607
5715.093086,0.84,0.84,200,15956.063815
5718.397288,0.87,0.88,200,15960.752969
5119.876539,0.865,0.865,200,15965.503966
5780.162791,0.875,0.875,200,15970.144766
5669.897595,0.86,0.865,200,15974.893984
5782.697106,0.855,0.87,200,15979.698084
5753.443011,0.88,0.885,200,15984.387362
5763.415846,0.865,0.87,200,15991.486823
5774.208444,0.85,0.865,200,15996.2307
5704.534402,0.865,0.885,200,16001.031214
5681.750459,0.85,0.86,200,16005.769831
5092.15763,0.865,0.865,200,16010.506379
5787.914339,0.86,0.875,200,16015.164895
5786.768211,0.865,0.87,200,16019.763998
5686.406455,0.805,0.81,200,16024.472324
5703.076041,0.825,0.83,200,16029.250673
5797.072198,0.875,0.885,200,16033.950976
5770.230659,0.865,0.875,200,16040.996162
5696.304005,0.845,0.855,200,16045.738357
5694.186868,0.84,0.84,200,16050.41955
5667.266409,0.85,0.86,200,16055.095815
5709.046078,0.815,0.82,200,16059.867325
5705.67567,0.82,0.825,200,16064.592708
5735.355521,0.84,0.845,200,16069.461624
5698.107895,0.86,0.88,200,16074.195349
5009.786981,0.86,0.86,200,16078.936727
5796.266566,0.87,0.875,200,16083.574658
5719.282159,0.825,0.83,200,16090.303883
5698.111546,0.83,0.83,200,16094.935339
5748.804959,0.855,0.86,200,16099.716417
5617.755044,0.8,0.81,200,16104.371514
5707.253354,0.82,0.825,200,16109.168034
5771.796616,0.855,0.855,200,16113.964461
5678.78777,0.86,0.88,200,16118.690329
5106.833812,0.875,0.88,200,16123.415864
4914.772565,0.875,0.875,200,16128.087942
5707.944396,0.82,0.82,200,16132.786681
5781.214263,0.875,0.875,200,16139.985653
5605.938062,0.86,0.86,200,16144.786697
5705.06997,0.86,0.875,200,16149.556451
5778.05714,0.87,0.88,200,16154.405194
5693.577116,0.845,0.85,200,16159.100398
5633.063635,0.855,0.865,200,16163.985502
4069.64032,0.54,0.54,200,16168.690592
4962.11809,0.87,0.88,200,16173.520648
5788.083107,0.865,0.875,200,16178.349952
5518.252964,0.855,0.86,200,16183.107091
5780.886806,0.865,0.865,200,16190.097918
5729.427006,0.845,0.85,200,16194.849346
5079.725107,0.865,0.865,200,16199.602164
5787.674129,0.865,0.875,200,16204.429028
5653.954788,0.845,0.845,200,16209.17271
5761.893218,0.87,0.875,200,16214.004113
5561.701165,0.86,0.87,200,16218.751662
5767.465958,0.865,0.865,200,16223.608534
5696.341551,0.87,0.875,200,16228.321843
5701.707927,0.815,0.815,200,16233.134425
5524.677028,0.85,0.85,200,16240.166855
5705.442466,0.84,0.84,200,16244.938419
5713.288643,0.83,0.83,200,16249.648476
5651.564395,0.865,0.865,200,16254.396818
5526.045261,0.85,0.855,200,16259.013069
5786.233233,0.865,0.87,200,16263.664282
5709.162294,0.82,0.83,200,16268.284044
5774.154278,0.875,0.875,200,16272.892935
5020.373657,0.87,0.87,200,16277.55168
5697.72447,0.85,0.85,200,16282.248473
5695.337396,0.82,0.835,200,16289.16191
5696.24192,0.82,0.82,200,16293.976067
5797.881712,0.88,0.88,200,16298.82057
5718.802898,0.855,0.855,200,16303.598387
5806.617005,0.89,0.895,200,16308.307374
5166.179143,0.875,0.875,200,16312.960277
5685.87269,0.86,0.86,200,16317.779514
5716.252667,0.82,0.83,200,16322.441067
5693.10708,0.845,0.85,200,16327.028188
5656.752609,0.855,0.855,200,16331.672633
5771.755383,0.86,0.86,200,16338.540552
5667.114425,0.82,0.825,200,16343.217919
5647.2953,0.845,0.87,200,16347.852959
5689.011078,0.83,0.85,200,16352.486622
5661.145222,0.855,0.885,200,16357.114349
5767.560899,0.845,0.855,200,16361.864439
5676.027181,0.86,0.87,200,16366.620529
5694.901231,0.84,0.845,200,16371.332782
5679.000181,0.835,0.865,200,16375.88319
5739.50574,0.87,0.88,200,16380.56516
5737.568416,0.875,0.88,200,16387.514221
5785.295941,0.885,0.885,200,16392.203647
5772.57713,0.875,0.875,200,16397.001336
5755.629977,0.855,0.855,200,16401.686034
5687.1635,0.865,0.88,200,16406.491629
5439.996469,0.865,0.865,200,16411.21705
5765.497994,0.87,0.875,200,16415.989183
4782.44857,0.87,0.87,200,16420.69022
5726.418814,0.86,0.865,200,16425.364032
5707.421231,0.83,0.85,200,16430.193692
5718.370894,0.825,0.84,200,16437.105814
5690.188306,0.82,0.82,200,16441.952466
5688.415401,0.875,0.875,200,16446.693445
5741.336807,0.86,0.875,200,16451.327422
5768.905136,0.85,0.855,200,16455.962711
5662.732149,0.855,0.865,200,16460.624948
5597.072504,0.865,0.865,200,16465.310603
5729.212475,0.84,0.84,200,16470.062615
5788.883247,0.88,0.88,200,16474.725006
5682.937046,0.83,0.83,200,16479.311342
5700.203997,0.815,0.815,200,16486.088176
5726.431795,0.84,0.845,200,16490.809546
5652.094379,0.815,0.825,200,16495.452482
5693.1245,0.85,0.85,200,16500.121759
5564.351812,0.815,0.815,200,16504.823744
5627.831924,0.815,0.815,200,16509.501062
5686.892711,0.86,0.865,200,16514.14833
5127.364726,0.875,0.88,200,16518.885489
5786.878531,0.875,0.875,200,16523.516269
5605.769002,0.81,0.81,200,16528.169816
5625.573418,0.86,0.88,200,16535.111891
5694.682973,0.81,0.815,200,16539.885322
5690.949605,0.83,0.83,200,16544.567403
5385.41114,0.87,0.87,200,16549.290669
5699.681918,0.835,0.835,200,16553.992381
5712.518379,0.815,0.825,200,16558.595195
5798.401508,0.875,0.88,200,16563.257793
5154.370168,0.855,0.855,200,16567.87353
5687.704696,0.805,0.81,200,16572.673849
5785.45262,0.87,0.87,200,16577.461525
5701.347323,0.81,0.81,200,16584.613555
5340.744331,0.825,0.865,200,16589.444496
5780.993565,0.855,0.865,200,16594.313098
5706.872427,0.82,0.825,200,16599.006502
5685.702593,0.805,0.805,200,16603.837578
5684.651268,0.825,0.825,200,16608.595542
5791.538516,0.875,0.875,200,16613.274684
5387.530654,0.86,0.865,200,16617.992331
5772.545962,0.865,0.875,200,16622.660639
5691.925544,0.86,0.865,200,16627.378972
5784.665288,0.88,0.88,200,16634.267825
5697.474005,0.835,0.835,200,16639.047405
5693.376045,0.845,0.845,200,16643.801126
5782.9525,0.875,0.875,200,16648.401125
5785.364772,0.88,0.89,200,16653.141278
5145.02379,0.88,0.88,200,16657.730614
5725.63092,0.85,0.85,200,16662.3644
5760.472133,0.855,0.855,200,16667.028802
5330.439793,0.885,0.885,200,16671.771529
5680.545259,0.85,0.85,200,16676.414577
5679.031389,0.81,0.825,200,16683.171191
5706.282993,0.845,0.86,200,16687.870997
5726.385968,0.85,0.865,200,16692.60433
5609.207439,0.795,0.81,200,16697.231819
5690.078842,0.845,0.855,200,16701.854998
5237.793592,0.87,0.87,200,16706.620931
5778.550532,0.865,0.865,200,16711.323768
5712.498231,0.82,0.825,200,16716.046797
5278.19718,0.87,0.87,200,16720.748109
4623.670733,0.58,0.58,200,16725.310442
5729.61759,0.85,0.85,200,16732.255506
5781.069597,0.875,0.875,200,16736.996234
5791.661076,0.86,0.875,200,16741.703013
5669.431988,0.81,0.815,200,16746.455594
4632.137778,0.885,0.885,200,16751.237983
5716.942292,0.845,0.85,200,16755.900793
5702.427899,0.845,0.845,200,16760.620857
5591.623164,0.84,0.865,200,16765.266657
5738.209256,0.865,0.88,200,16769.918813
5688.669012,0.87,0.87,200,16774.749683
5677.942306,0.815,0.825,200,16781.637821
5733.633335,0.83,0.83,200,16786.534315
5447.976573,0.87,0.875,200,16791.232638
5678.88959,0.845,0.855,200,16795.849936
5770.623569,0.855,0.865,200,16800.442979
5752.58618,0.855,0.855,200,16805.285088
5600.618623,0.84,0.88,200,16809.98268
5708.950194,0.835,0.835,200,16814.756043
5751.053313,0.855,0.855,200,16819.528668
5154.372065,0.875,0.88,200,16824.291921
4277.810661,0.655,0.67,200,16831.164252
5708.434481,0.825,0.83,200,16835.944147
5707.240489,0.82,0.82,200,16840.524965
5656.946786,0.86,0.875,200,16845.278126
5358.59386,0.715,0.735,200,16849.946141
5540.43021,0.845,0.87,200,16854.600275
5545.224225,0.865,0.87,200,16859.387066
5683.24797,0.82,0.83,200,16864.009838
5771.11462,0.85,0.86,200,16868.535563
5700.351042,0.83,0.835,200,16873.233951
5618.336896,0.85,0.86,200,16880.207268
4818.741262,0.75,0.76,200,16884.839278
5658.244643,0.82,0.82,200,16889.458642
5760.767964,0.865,0.865,200,16894.218771
5712.96513,0.83,0.83,200,16899.024104
5788.776014,0.885,0.885,200,16903.775073
5668.134574,0.855,0.86,200,16908.539166
5631.432887,0.8,0.815,200,16913.201421
5703.89335,0.84,0.84,200,16917.946954
5688.759856,0.845,0.845,200,16922.525069
5783.565685,0.87,0.87,200,16929.415596
5647.287943,0.82,0.82,200,16934.116113
3910.852597,0.23,0.325,200,16938.664754
5796.670977,0.87,0.88,200,16943.277548
5636.653027,0.815,0.815,200,16948.005079
5761.968906,0.865,0.865,200,16952.763745
5685.492528,0.8,0.8,200,16957.559692
5738.959091,0.85,0.85,200,16962.257084
5687.983632,0.835,0.85,200,16966.930804
5767.55695,0.875,0.88,200,16971.702302
4637.294123,0.88,0.88,200,16978.317865
5736.860744,0.87,0.88,200,16983.004257
5773.67618,0.875,0.875,200,16987.580459
5767.20095,0.86,0.875,200,16992.169527
5677.302702,0.85,0.855,200,16996.744151
5314.659682,0.645,0.65,200,17001.29623
5721.012468,0.86,0.88,200,17006.030292
5634.77906,0.815,0.815,200,17010.53444
5676.356396,0.815,0.82,200,17015.042736
5685.923433,0.835,0.835,200,17019.588749
5717.724743,0.845,0.845,200,17026.467891
5224.333361,0.81,0.81,200,17030.911925
5019.233281,0.73,0.75,200,17035.424538
5774.969584,0.865,0.865,200,17039.921812
5354.918939,0.82,0.87,200,17044.497542
5702.365998,0.88,0.885,200,17049.019859
5639.445448,0.85,0.865,200,17053.517682
5672.793532,0.85,0.855,200,17057.96371
3505.32826,0.48,0.495,200,17062.392612
5751.786095,0.855,0.855,200,17066.967963
5790.545652,0.88,0.88,200,17073.773546
5728.926079,0.85,0.86,200,17078.257445
5704.654666,0.83,0.83,200,17082.845047
5794.880729,0.88,0.88,200,17087.290867
5210.283155,0.84,0.855,200,17091.774415
5694.403506,0.845,0.85,200,17096.452699
5708.499233,0.835,0.85,200,17101.102012
5680.853433,0.84,0.855,200,17105.745328
5685.534997,0.815,0.83,200,17110.241663
5670.47532,0.855,0.86,200,17114.75129
5539.493029,0.865,0.87,200,17121.607102
5754.658803,0.865,0.875,200,17126.309983
5774.825343,0.855,0.86,200,17130.911155
5783.769234,0.865,0.87,200,17135.490574
5754.968721,0.84,0.855,200,17140.094158
5752.684922,0.855,0.855,200,17144.800596
5761.233246,0.865,0.875,200,17149.259152
5689.883158,0.835,0.835,200,17153.87795
5744.033993,0.865,0.875,200,17158.411251
5716.455316,0.825,0.83,200,17162.974615
5650.164631,0.825,0.825,200,17169.619348
5723.35952,0.865,0.875,200,17174.173807
5788.422293,0.87,0.885,200,17178.799998
5709.233874,0.825,0.825,200,17183.391301
5578.492853,0.845,0.875,200,17188.042569
5606.005919,0.845,0.85,200,17192.704443
5750.652994,0.845,0.855,200,17197.124004
5657.741845,0.82,0.82,200,17201.87324
5506.914751,0.86,0.87,200,17206.687812
5732.920422,0.84,0.84,200,17211.508264
5686.445043,0.86,0.86,200,17218.400441
5719.21959,0.855,0.855,200,17223.109347
4736.39105,0.845,0.87,200,17227.820943
5689.491164,0.845,0.845,200,17232.566045
5783.551413,0.86,0.87,200,17237.249635
5706.328828,0.825,0.825,200,17242.036399
5746.632546,0.845,0.855,200,17246.770776
5742.45533,0.845,0.85,200,17251.583672
5698.552936,0.85,0.85,200,17256.311565
5652.351667,0.86,0.87,200,17261.008125
5673.876444,0.825,0.83,200,17268.124779
5705.969499,0.825,0.83,200,17272.859456
5434.623333,0.865,0.87,200,17277.588468
5704.925143,0.805,0.82,200,17282.209369
5352.719683,0.845,0.855,200,17286.885228
5646.30336,0.815,0.815,200,17291.635806
5768.974767,0.865,0.865,200,17296.461333
5699.935467,0.835,0.85,200,17301.215953
5702.009866,0.825,0.825,200,17305.997547
5770.60852,0.875,0.88,200,17310.64112
5294.246391,0.865,0.865,200,17317.613792
5642.239841,0.845,0.87,200,17322.365066
5316.81304,0.875,0.875,200,17326.92037
5690.133405,0.81,0.81,200,17331.672038
5722.698477,0.855,0.86,200,17336.419258
5582.990037,0.855,0.86,200,17341.123008
5075.545303,0.885,0.885,200,17345.933122
5738.574053,0.83,0.845,200,17350.690624
5209.357717,0.875,0.875,200,17355.400034
5702.294364,0.87,0.875,200,17360.125762
3778.417354,0.895,0.895,200,17367.032802
5599.572525,0.84,0.85,200,17371.624532
5370.021179,0.885,0.885,200,17376.217876
5778.150514,0.855,0.865,200,17380.78485
5779.136646,0.855,0.87,200,17385.483234
5780.684219,0.85,0.865,200,17390.10991
5728.333985,0.865,0.865,200,17394.757955
5777.817171,0.855,0.865,200,17399.418724
5789.845005,0.87,0.88,200,17403.888145
5755.017222,0.86,0.885,200,17408.60232
5498.916369,0.87,0.87,200,17415.205864
5689.548843,0.86,0.875,200,17419.756388
5710.802558,0.835,0.835,200,17424.398364
5443.238517,0.875,0.875,200,17428.943098
5654.129404,0.87,0.885,200,17433.602134
5735.829546,0.845,0.845,200,17438.070995
5694.328116,0.81,0.81,200,17442.666893
5794.966975,0.875,0.875,200,17447.104797
5635.342939,0.85,0.865,200,17451.539905
4491.20058,0.88,0.89,200,17455.934577
5704.69055,0.83,0.83,200,17462.715135
5608.795548,0.85,0.875,200,17467.324727
5779.337975,0.865,0.875,200,17471.76107
5761.694148,0.84,0.855,200,17476.341675
5777.508122,0.86,0.865,200,17480.888453
5571.099454,0.84,0.885,200,17485.33034
5672.149054,0.815,0.825,200,17489.920624
5568.813983,0.84,0.87,200,17494.325755
5771.502361,0.865,0.87,200,17498.865302
5700.352669,0.815,0.815,200,17503.236043
5705.650518,0.84,0.84,200,17509.865148
5696.191154,0.82,0.84,200,17514.362849
5605.765286,0.855,0.88,200,17518.951263
5786.192172,0.87,0.875,200,17523.560196
5618.170261,0.845,0.85,200,17528.108545
5360.631127,0.88,0.88,200,17532.728502
5796.60983,0.87,0.88,200,17537.303777
5697.427044,0.845,0.85,200,17541.885099
5731.791525,0.84,0.845,200,17546.474549
5743.315274,0.85,0.85,200,17551.153313
5759.730123,0.87,0.875,200,17557.920769
5730.794956,0.83,0.85,200,17562.539714
5708.644587,0.845,0.85,200,17567.175797
5705.720085,0.85,0.85,200,17571.744263
5776.163857,0.875,0.885,200,17576.429678
5715.710784,0.815,0.835,200,17580.920156
5621.47714,0.86,0.88,200,17585.507953
5678.194547,0.815,0.83,200,17590.18719
5604.683149,0.855,0.855,200,17594.679862
5752.685275,0.85,0.855,200,17599.359284
5735.041413,0.85,0.85,200,17606.256293
5741.067763,0.855,0.87,200,17610.897467
5184.102792,0.87,0.87,200,17615.53792
5700.600717,0.83,0.83,200,17620.12649
5763.659731,0.87,0.875,200,17624.686881
5789.690097,0.865,0.875,200,17629.285749
5774.085337,0.85,0.855,200,17633.890688
5709.929288,0.84,0.85,200,17638.437157
5464.847977,0.86,0.86,200,17643.090546
5716.901468,0.815,0.82,200,17647.811205
5668.805208,0.85,0.865,200,17654.702825
5778.962615,0.86,0.865,200,17659.345454
5686.838326,0.825,0.83,200,17663.976237
5771.809993,0.86,0.865,200,17668.500211
5689.107678,0.8,0.805,200,17672.94028
5744.58689,0.87,0.87,200,17677.464987
5593.405322,0.855,0.865,200,17682.114674
5764.488705,0.855,0.855,200,17686.747936
5742.096582,0.865,0.865,200,17691.492284
5794.449918,0.875,0.88,200,17696.155237
5766.449829,0.86,0.86,200,17702.89314
5749.37242,0.84,0.84,200,17707.49202
5632.145057,0.855,0.86,200,17711.94011
5122.82889,0.865,0.865,200,17716.573012
5788.117068,0.875,0.88,200,17721.091596
5615.517205,0.815,0.82,200,17725.633962
5691.984137,0.85,0.865,200,17730.115434
5687.021366,0.825,0.825,200,17734.699687
5783.879522,0.865,0.865,200,17739.225572
5676.357021,0.805,0.805,200,17743.5876
5739.480187,0.855,0.855,200,17750.254433
5653.414586,0.84,0.84,200,17754.840905
5690.057001,0.825,0.83,200,17759.443399
5617.395124,0.815,0.815,200,17763.915378
5697.838853,0.835,0.835,200,17768.436583
5160.495659,0.865,0.87,200,17772.854511
5790.347833,0.88,0.88,200,17777.469738
5654.054034,0.865,0.865,200,17782.13228
5692.651702,0.855,0.855,200,17786.704601
5721.507382,0.84,0.84,200,17791.296746
3632.11258,0.865,0.88,200,17798.090377
5627.094685,0.815,0.815,200,17802.710173
5809.51658,0.89,0.89,200,17807.344285
5777.701556,0.86,0.865,200,17811.876642
5712.864735,0.83,0.84,200,17816.412828
5702.963489,0.86,0.86,200,17820.936314
5781.641666,0.845,0.865,200,17825.565676
5636.288332,0.85,0.89,200,17830.133399
5739.234307,0.845,0.885,200,17834.777138
5517.8638,0.855,0.89,200,17839.227031
5365.103282,0.725,0.73,200,17845.968377
5708.50208,0.85,0.85,200,17850.442258
5711.151584,0.83,0.83,200,17854.917901
5618.498265,0.825,0.87,200,17859.381851
5667.776748,0.86,0.86,200,17863.914949
5698.763192,0.825,0.825,200,17868.471462
5693.416924,0.81,0.81,200,17872.990971
5791.985053,0.88,0.88,200,17877.651805
5779.2112,0.865,0.865,200,17882.107238
4248.719086,0.885,0.89,200,17886.65463
5306.262976,0.865,0.875,200,17893.246672
5661.856508,0.825,0.825,200,17897.82531
5696.349778,0.865,0.875,200,17902.411549
5087.833059,0.875,0.875,200,17906.940516
5777.58266,0.865,0.865,200,17911.388742
5683.889634,0.835,0.835,200,17915.924652
5709.037841,0.85,0.86,200,17920.582649
5697.989874,0.815,0.815,200,17925.174453
5702.578452,0.825,0.83,200,17929.631062
5628.434887,0.815,0.815,200,17934.11493
5303.178188,0.855,0.875,200,17940.906914
5667.754328,0.825,0.825,200,17945.378861
5785.593326,0.865,0.865,200,17949.921319
5661.67578,0.86,0.86,200,17954.470807
5745.389266,0.865,0.875,200,17959.067831
5799.990504,0.87,0.88,200,17963.697519
5690.313615,0.8,0.81,200,17968.385418
5774.896894,0.865,0.875,200,17972.995004
5784.179316,0.87,0.88,200,17977.429695
5740.792191,0.845,0.845,200,17981.963863
5700.066722,0.835,0.845,200,17988.76589
5673.503407,0.84,0.86,200,17993.270372
5744.086221,0.84,0.87,200,17997.989012
5500.694055,0.875,0.875,200,18002.582567
5721.868247,0.84,0.84,200,18007.288054
5692.693459,0.855,0.86,200,18011.962875
5696.427546,0.83,0.835,200,18016.563443
5803.849408,0.875,0.885,200,18020.984216
5697.014683,0.8,0.81,200,18025.500422
5797.63746,0.88,0.88,200,18029.916965
5635.610158,0.85,0.86,200,18036.716774
5693.393423,0.84,0.845,200,18041.382035
5738.187102,0.855,0.865,200,18045.968716
4235.226042,0.53,0.565,200,18050.508974
4894.090423,0.65,0.69,200,18055.004334
5758.142048,0.845,0.855,200,18059.59567
5703.595594,0.845,0.85,200,18064.143102
5705.505568,0.835,0.835,200,18068.617326
5620.556616,0.855,0.86,200,18073.072083
5651.532355,0.85,0.85,200,18077.60715
5661.812382,0.81,0.81,200,18084.18513
5705.913011,0.83,0.835,200,18088.61862
5788.07856,0.87,0.87,200,18093.009179
5711.740445,0.855,0.855,200,18097.181812
5782.189749,0.855,0.865,200,18101.324709
5782.120289,0.85,0.865,200,18105.648947
5660.565013,0.85,0.85,200,18110.16182
5742.784506,0.85,0.87,200,18114.792267
5763.327343,0.85,0.855,200,18119.464264
5743.276911,0.86,0.87,200,18124.177063
3874.944655,0.47,0.5,200,18131.235411
5790.562657,0.87,0.88,200,18135.806729
5662.062711,0.88,0.89,200,18140.316913
5701.963113,0.825,0.825,200,18144.816836
5641.513227,0.79,0.81,200,18149.398934
5714.736737,0.83,0.835,200,18154.013177
5710.961813,0.83,0.83,200,18158.601669
5664.174254,0.86,0.86,200,18163.109985
5652.840995,0.81,0.82,200,18167.542132
5788.262096,0.875,0.875,200,18172.066044
5792.118914,0.875,0.875,200,18178.795617
5787.007915,0.86,0.87,200,18183.341557
5692.490272,0.87,0.87,200,18187.856481
5765.170855,0.84,0.855,200,18192.316934
5774.108032,0.865,0.875,200,18196.77603
5632.332437,0.84,0.875,200,18200.978555
5801.613927,0.88,0.88,200,18205.311356
5713.293549,0.86,0.87,200,18209.562427
5758.58485,0.85,0.86,200,18214.12306
5715.352564,0.835,0.84,200,18218.663884
5756.671458,0.855,0.855,200,18225.54653
5791.430299,0.88,0.88,200,18230.166309
5701.330899,0.85,0.85,200,18234.764327
5766.465172,0.845,0.855,200,18239.42896
5783.512544,0.865,0.865,200,18243.971752
5694.2584,0.845,0.85,200,18248.482431
5777.186358,0.87,0.88,200,18253.161929
5799.455063,0.86,0.88,200,18257.740955
5526.953157,0.88,0.885,200,18262.435387
5623.695789,0.845,0.89,200,18267.058783
5758.398718,0.845,0.855,200,18273.637252
4715.25595,0.87,0.895,200,18278.216314
5084.761281,0.875,0.875,200,18282.845114
5679.457191,0.845,0.845,200,18287.481536
5426.883444,0.77,0.77,200,18292.186241
5643.365112,0.81,0.81,200,18296.86933
5780.806433,0.865,0.865,200,18301.555166
5698.959632,0.815,0.815,200,18306.107828
5695.850341,0.8,0.815,200,18310.730541
5790.803896,0.87,0.87,200,18315.429292
5674.662966,0.855,0.86,200,18322.319242
5720.336907,0.835,0.835,200,18326.980293
5786.380681,0.88,0.88,200,18331.565147
5781.687132,0.87,0.87,200,18336.256307
5693.324067,0.83,0.83,200,18340.908025
5721.635123,0.805,0.83,200,18345.524925
5658.870585,0.825,0.825,200,18350.308698
5704.775806,0.83,0.83,200,18355.103856
5695.86212,0.87,0.885,200,18359.757194
5733.896603,0.865,0.865,200,18364.482368
5798.341587,0.88,0.88,200,18371.464502
5742.071157,0.85,0.865,200,18376.057804
5686.226128,0.845,0.86,200,18380.835718
5706.586367,0.845,0.845,200,18385.644581
5711.906139,0.84,0.84,200,18390.40024
5452.408703,0.78,0.795,200,18395.235638
5701.249797,0.815,0.83,200,18399.822307
5776.345197,0.865,0.865,200,18404.455189
5756.413943,0.86,0.88,200,18409.094824
5699.711618,0.85,0.855,200,18413.802679
5715.942304,0.835,0.84,200,18420.54186
5633.55738,0.845,0.86,200,18425.012541
5701.611106,0.81,0.815,200,18429.566423
5713.578685,0.825,0.825,200,18434.198082
5661.054931,0.82,0.825,200,18438.883208
5709.75189,0.84,0.84,200,18443.538664
5707.407347,0.84,0.845,200,18448.229756
5742.431303,0.85,0.85,200,18452.874202
5749.452621,0.835,0.845,200,18457.672915
5795.694999,0.89,0.89,200,18462.36406
5691.882211,0.835,0.845,200,18469.154279
5716.689195,0.865,0.875,200,18473.800598
5677.752263,0.875,0.875,200,18478.505523
5238.221748,0.88,0.88,200,18483.266098
5781.551128,0.87,0.88,200,18487.962967
5712.625521,0.815,0.83,200,18492.707863
5688.736374,0.825,0.835,200,18497.381782
5770.434177,0.885,0.9,200,18502.107548
5531.391283,0.85,0.87,200,18506.70406
5529.535948,0.85,0.885,200,18511.329691
5745.895974,0.855,0.855,200,18518.227642
5665.528802,0.81,0.82,200,18522.886474
5617.595401,0.81,0.81,200,18527.656221
5753.020695,0.87,0.87,200,18532.400559
5793.985138,0.87,0.87,200,18537.004043
5764.951773,0.85,0.855,200,18541.634544
5679.958619,0.85,0.855,200,18546.219985
5708.400383,0.845,0.85,200,18550.7923
5664.032705,0.83,0.83,200,18555.272561
5694.041274,0.84,0.85,200,18559.584294
5688.713105,0.805,0.805,200,18566.399722
5754.848861,0.86,0.88,200,18570.962811
5698.104827,0.835,0.835,200,18575.630318
5708.42568,0.85,0.85,200,18580.231885
5667.646958,0.825,0.825,200,18584.873386
5703.853738,0.87,0.87,200,18589.64537
5797.127846,0.875,0.88,200,18594.303091
5676.180724,0.83,0.83,200,18599.054733
5767.182273,0.87,0.875,200,18603.706154
5703.451564,0.84,0.84,200,18608.251601
5782.184457,0.87,0.875,200,18615.15217
5205.412238,0.865,0.865,200,18619.886432
5784.869547,0.86,0.87,200,18624.581618
4947.496577,0.875,0.875,200,18629.242893
5678.741088,0.83,0.855,200,18634.029884
5346.41103,0.88,0.88,200,18638.691532
5745.947378,0.845,0.87,200,18643.301462
5692.978267,0.865,0.875,200,18647.828635
5717.455218,0.855,0.855,200,18652.238284
5754.534622,0.875,0.885,200,18656.67638
5777.230341,0.865,0.865,200,18663.25951
5708.514592,0.845,0.845,200,18667.719882
5709.591728,0.825,0.83,200,18672.188691
5632.496311,0.805,0.82,200,18676.542975
5704.192767,0.835,0.835,200,18681.034686
5714.893193,0.83,0.84,200,18685.521017
5721.799922,0.835,0.84,200,18690.011377
5665.050905,0.815,0.82,200,18694.620859
4119.977364,0.89,0.895,200,18699.177573
5788.450035,0.87,0.87,200,18703.69547
5697.398186,0.81,0.81,200,18710.478733
5789.025553,0.875,0.88,200,18715.032257
5678.815935,0.825,0.83,200,18719.522943
5702.870266,0.825,0.83,200,18724.011771
5599.108388,0.86,0.89,200,18728.480493
5783.694104,0.87,0.875,200,18733.149977
5707.919463,0.82,0.82,200,18737.868869
5586.265092,0.845,0.875,200,18742.419791
5137.839603,0.855,0.86,200,18747.106894
5729.274804,0.835,0.84,200,18751.68766
5708.464666,0.82,0.825,200,18758.285474
5443.322564,0.875,0.875,200,18762.989796
5148.324456,0.86,0.865,200,18767.560842
5691.86671,0.84,0.84,200,18772.224134
5693.59843,0.81,0.81,200,18776.742105
5720.832849,0.845,0.845,200,18781.371481
5719.407839,0.85,0.855,200,18786.056657
4770.270083,0.58,0.635,200,18790.519472
5708.542104,0.82,0.825,200,18794.950864
5721.153706,0.83,0.845,200,18799.312252
5767.131413,0.87,0.885,200,18805.853972
5709.607846,0.84,0.85,200,18810.276947
5685.40123,0.855,0.86,200,18814.767821
5681.621132,0.84,0.855,200,18819.343125
5559.938176,0.85,0.855,200,18823.824204
3059.959007,0.54,0.545,200,18828.244035
5577.014571,0.865,0.865,200,18832.718258
5770.019291,0.87,0.87,200,18837.156326
5565.411204,0.85,0.88,200,18841.588009
5491.361447,0.8,0.855,200,18846.082668
5709.888482,0.82,0.825,200,18853.057129
5721.540807,0.845,0.845,200,18857.77112
5794.996333,0.88,0.88,200,18862.262983
5771.267597,0.87,0.875,200,18866.746907
5694.698441,0.85,0.855,200,18871.349649
5701.684377,0.85,0.855,200,18875.760051
5647.039552,0.845,0.865,200,18880.220651
5771.604399,0.87,0.875,200,18884.585091
5062.450162,0.86,0.905,200,18889.129619
5737.212147,0.865,0.87,200,18893.696232
5648.063137,0.845,0.87,200,18900.542731
5727.200355,0.84,0.84,200,18905.257764
5715.943625,0.85,0.85,200,18909.691936
5463.572154,0.865,0.87,200,18914.16649
5788.185683,0.865,0.87,200,18918.635054
5748.891411,0.86,0.875,200,18923.162221
5581.736309,0.87,0.87,200,18927.670127
5712.271086,0.815,0.82,200,18932.184748
5778.840209,0.865,0.87,200,18936.673863
5601.270866,0.865,0.87,200,18941.191384
5610.268861,0.805,0.805,200,18947.790023
5567.362682,0.865,0.87,200,18952.26948
5716.610664,0.845,0.845,200,18956.764131
5709.837969,0.83,0.835,200,18961.461431
5593.774167,0.875,0.875,200,18966.248127
5742.540555,0.84,0.84,200,18970.969533
5706.831565,0.82,0.82,200,18975.67515
5641.686841,0.85,0.86,200,18980.453456
5693.61453,0.805,0.805,200,18985.007375
5722.600507,0.86,0.87,200,18989.506147
5433.216186,0.845,0.85,200,18996.366829
5784.310295,0.87,0.87,200,19000.910813
5721.777267,0.845,0.845,200,19005.472708
5599.875909,0.845,0.89,200,19009.960615
5793.631059,0.88,0.88,200,19014.543092
5663.849741,0.82,0.825,200,19019.145807
5673.232816,0.86,0.865,200,19023.685598
5137.716806,0.875,0.88,200,19028.248772
5734.503864,0.84,0.84,200,19032.911014
5730.907497,0.855,0.875,200,19037.424309
5629.164775,0.8,0.81,200,19044.403368
5715.040826,0.835,0.84,200,19048.934092
5647.343638,0.85,0.85,200,19053.458394
5656.94394,0.815,0.82,200,19058.13499
5771.090623,0.87,0.87,200,19062.88673
5685.086814,0.865,0.865,200,19067.344674
5183.828024,0.865,0.87,200,19071.837405
5330.164671,0.875,0.875,200,19076.350932
5771.486963,0.865,0.87,200,19080.86871
5715.591729,0.825,0.825,200,19085.435065
3502.074346,0.88,0.885,200,19092.118484
5656.084721,0.815,0.815,200,19096.648186
5697.385084,0.86,0.86,200,19101.17887
5750.098515,0.85,0.86,200,19105.645313
5712.671395,0.825,0.83,200,19110.124236
5710.36951,0.84,0.84,200,19114.624497
5127.286145,0.7,0.72,200,19118.993037
5780.779692,0.87,0.87,200,19123.438541
5789.254812,0.885,0.885,200,19128.067331
5709.502217,0.825,0.83,200,19132.522619
5697.531892,0.82,0.82,200,19139.137604
5656.730338,0.825,0.825,200,19143.678823
5608.721098,0.815,0.82,200,19148.23164
5701.665121,0.82,0.825,200,19152.725466
5710.893993,0.85,0.875,200,19157.272773
5795.188545,0.88,0.88,200,19161.837332
5730.35116,0.845,0.845,200,19166.355441
5732.657696,0.86,0.865,200,19170.81116
5792.968952,0.88,0.88,200,19175.378724
5559.983257,0.86,0.865,200,19179.987219
5705.141053,0.84,0.85,200,19186.883438
5765.817411,0.85,0.855,200,19191.391848
5684.932036,0.865,0.875,200,19195.870473
5715.495438,0.86,0.88,200,19200.513717
5390.848814,0.875,0.875,200,19204.979459
5754.685221,0.845,0.855,200,19209.709021
5711.683647,0.815,0.825,200,19214.229418
5714.014449,0.845,0.875,200,19218.84525
5716.247765,0.83,0.83,200,19223.378154
5670.323998,0.855,0.86,200,19227.894966
5570.804465,0.83,0.88,200,19234.723968
5699.539746,0.84,0.84,200,19239.238493
5702.43089,0.815,0.835,200,19243.799862
5725.103234,0.84,0.84,200,19248.288653
5755.991052,0.855,0.855,200,19252.827719
5424.888946,0.86,0.87,200,19257.400488
5678.068964,0.855,0.86,200,19262.000123
4461.846155,0.595,0.64,200,19266.620092
5761.496438,0.865,0.895,200,19271.187234
5672.488099,0.815,0.825,200,19275.876852
5790.056169,0.875,0.875,200,19282.63755
5757.626862,0.855,0.855,200,19287.204035
5652.178593,0.815,0.825,200,19291.824276
5576.298115,0.86,0.865,200,19296.44829
5669.539856,0.855,0.89,200,19301.050259
5703.638219,0.835,0.85,200,19305.553966
5793.052416,0.87,0.875,200,19309.927718
5761.496549,0.86,0.86,200,19314.360035
5338.73646,0.855,0.87,200,19318.794636
5706.300842,0.805,0.815,200,19323.308626
5463.804247,0.87,0.87,200,19329.971966
5741.713963,0.865,0.875,200,19334.50935
5662.991892,0.86,0.87,200,19339.065858
5754.322775,0.855,0.855,200,19343.700654
5797.777169,0.875,0.88,200,19348.245529
5665.610334,0.86,0.875,200,19352.826817
4544.129425,0.61,0.65,200,19357.154361
5798.512572,0.88,0.885,200,19361.787619
5736.069863,0.855,0.855,200,19366.338631
5675.920077,0.82,0.83,200,19370.823775
4672.084699,0.72,0.75,200,19377.522481
5718.324953,0.84,0.84,200,19381.97683
5783.814181,0.865,0.865,200,19386.51322
5424.091733,0.885,0.885,200,19391.15263
5603.87864,0.86,0.865,200,19395.801694
5667.044944,0.83,0.83,200,19400.413901
5271.276923,0.865,0.87,200,19404.971561
5628.075339,0.855,0.87,200,19409.393263
5402.706685,0.875,0.875,200,19414.135562
5712.558266,0.82,0.825,200,19418.774211
5352.438319,0.87,0.87,200,19425.553293
5782.981409,0.875,0.875,200,19430.091599
5707.952077,0.845,0.845,200,19434.761652
5731.82767,0.85,0.865,200,19439.407436
5802.676344,0.89,0.89,200,19444.050333
5708.162843,0.84,0.84,200,19448.723446
5699.568202,0.81,0.81,200,19453.420281
5753.233063,0.85,0.85,200,19457.953224
5715.174724,0.815,0.825,200,19462.452201
5683.120849,0.825,0.825,200,19467.121158
5701.842018,0.82,0.82,200,19474.123555
5782.013411,0.885,0.885,200,19478.798619
5754.532123,0.85,0.85,200,19483.444223
5737.574522,0.85,0.85,200,19488.157355
5361.873244,0.875,0.875,200,19492.783552
5657.686153,0.82,0.82,200,19497.402957
5310.166555,0.88,0.885,200,19502.067244
5715.382865,0.86,0.865,200,19506.794611
5276.296645,0.89,0.89,200,19511.404016
5773.879699,0.865,0.865,200,19516.105158
5714.088702,0.855,0.87,200,19522.968488
5794.653733,0.875,0.88,200,19527.646624
5628.317133,0.855,0.865,200,19532.164183
5689.082471,0.835,0.835,200,19536.839213
5701.585841,0.835,0.84,200,19541.483724
5704.227043,0.835,0.835,200,19546.134444
5601.315452,0.84,0.86,200,19550.798724
5788.102073,0.865,0.875,200,19555.341777
5615.562558,0.86,0.88,200,19559.914504
5706.358964,0.82,0.82,200,19564.492869
5751.745189,0.885,0.885,200,19571.087065
5766.724387,0.855,0.86,200,19575.710852
5701.351977,0.83,0.83,200,19580.264398
5793.184909,0.86,0.88,200,19584.854925
5740.621646,0.87,0.875,200,19589.479891
5701.594147,0.835,0.835,200,19594.249578
5706.474262,0.85,0.855,200,19598.900973
5777.808974,0.88,0.88,200,19603.494199
5791.266701,0.865,0.875,200,19608.186288
5697.304087,0.845,0.845,200,19612.973415
3850.140295,0.435,0.445,200,19619.867274
5716.318711,0.86,0.87,200,19624.353556
4153.643487,0.545,0.565,200,19629.032562
5655.486404,0.86,0.86,200,19633.609676
5798.091685,0.87,0.875,200,19638.362369
5548.600305,0.825,0.88,200,19642.959163
5658.166135,0.815,0.825,200,19647.650034
5725.154914,0.84,0.84,200,19652.35544
5170.993961,0.875,0.875,200,19657.079177
5778.778834,0.87,0.87,200,19661.73473
5717.465772,0.825,0.83,200,19668.574256
5758.839949,0.85,0.86,200,19673.295846
5717.96377,0.83,0.835,200,19677.948447
5693.624637,0.835,0.835,200,19682.522958
5789.905633,0.875,0.875,200,19687.023513
4792.976,0.875,0.88,200,19691.671155
5706.886804,0.815,0.815,200,19696.17309
5653.663057,0.82,0.82,200,19700.771218
4372.716875,0.745,0.75,200,19705.414114
5729.516191,0.855,0.865,200,19710.004387
5202.773301,0.87,0.87,200,19716.795444
5717.345491,0.82,0.83,200,19721.418467
5769.755822,0.875,0.88,200,19725.938413
5709.67528,0.85,0.85,200,19730.636695
5750.847204,0.87,0.88,200,19735.142866
5786.675959,0.875,0.875,200,19739.700126
5639.374201,0.87,0.87,200,19744.25339
5712.266006,0.825,0.845,200,19748.974149
5761.065695,0.87,0.88,200,19753.566746
5654.145586,0.835,0.86,200,19758.265372
5418.419898,0.875,0.875,200,19765.139663
5716.926162,0.85,0.88,200,19769.690709
5771.00337,0.855,0.855,200,19774.437634
5722.050677,0.835,0.84,200,19779.139446
5380.733862,0.86,0.86,200,19783.733263
5688.357401,0.86,0.86,200,19788.284006
5800.750571,0.885,0.885,200,19792.913733
5702.976456,0.815,0.815,200,19797.532765
5694.244866,0.805,0.81,200,19802.273893
5768.621312,0.875,0.88,200,19806.960277
5697.945096,0.845,0.845,200,19814.056431
5779.417177,0.88,0.88,200,19818.848295
5639.281992,0.81,0.82,200,19823.563812
5722.501156,0.84,0.84,200,19828.20125
5666.52428,0.825,0.825,200,19832.925308
5614.039136,0.88,0.88,200,19837.584855
5674.093666,0.82,0.825,200,19842.163787
5617.527183,0.805,0.81,200,19846.862446
5668.835086,0.825,0.825,200,19851.468249
5721.824748,0.845,0.845,200,19856.173546
5695.231588,0.855,0.855,200,19862.772821
5427.918241,0.87,0.88,200,19867.187309
5795.833083,0.88,0.88,200,19871.79592
5691.874215,0.83,0.83,200,19876.251537
5711.622765,0.84,0.85,200,19880.645901
5793.554019,0.885,0.885,200,19885.106043
4718.369313,0.605,0.625,200,19889.65671
5595.582999,0.825,0.865,200,19894.223591
5791.955158,0.89,0.89,200,19898.806982
5775.551653,0.86,0.86,200,19903.439391
5730.830022,0.835,0.84,200,19910.35805
5692.033538,0.835,0.835,200,19914.801485
5642.901604,0.81,0.815,200,19919.37342
5414.427788,0.865,0.865,200,19923.80666
5754.664855,0.87,0.895,200,19928.473585
5687.46806,0.87,0.87,200,19933.14262
5790.661282,0.87,0.87,200,19937.894557
5668.869056,0.855,0.86,200,19942.578737
5785.083873,0.87,0.87,200,19947.239872
5760.233236,0.865,0.88,200,19951.87943
5559.773599,0.88,0.88,200,19958.808458
5791.355672,0.86,0.87,200,19963.540358
5747.087559,0.86,0.86,200,19968.315196
5699.381171,0.86,0.86,200,19973.007023
5631.712383,0.795,0.81,200,19977.709493
5467.689332,0.865,0.87,200,19982.353693
5754.634779,0.86,0.865,200,19986.867448
5641.932061,0.865,0.87,200,19991.565945
5408.202155,0.88,0.89,200,19996.109432
5720.173941,0.835,0.835,200,20000.79517
5620.378811,0.795,0.81,200,20007.647102
5712.978396,0.84,0.85,200,20012.154413
5778.84708,0.865,0.88,200,20016.903707
5670.231934,0.85,0.89,200,20021.62982
5759.76424,0.865,0.88,200,20026.214801
5695.89049,0.85,0.85,200,20030.887175
5744.826202,0.85,0.85,200,20035.479043
5528.469615,0.82,0.865,200,20040.128647
5792.163027,0.875,0.875,200,20044.728783
5782.600761,0.87,0.87,200,20049.176086
5711.469187,0.83,0.835,200,20055.810538
5759.393297,0.86,0.885,200,20060.43995
5706.148124,0.86,0.87,200,20064.993051
5718.052249,0.84,0.84,200,20069.587138
5685.738301,0.855,0.86,200,20074.202908
5709.06475,0.84,0.84,200,20078.792381
5783.889485,0.87,0.87,200,20083.502819
5724.782413,0.86,0.875,200,20088.023408
5700.597078,0.855,0.855,200,20092.501874
5704.113698,0.82,0.82,200,20097.052561
5781.534537,0.87,0.87,200,20103.91729
5455.617122,0.835,0.87,200,20108.424544
5739.476654,0.865,0.87,200,20113.052819
5780.751836,0.86,0.865,200,20117.786433
5356.475147,0.875,0.875,200,20122.40814
5702.161184,0.855,0.855,200,20127.083427
5349.344118,0.86,0.865,200,20131.564227
5716.241945,0.82,0.83,200,20135.839748
5809.107331,0.885,0.89,200,20140.414431
5712.718781,0.825,0.825,200,20144.969769
5680.747028,0.86,0.865,200,20151.817925
4894.53659,0.88,0.885,200,20156.264728
5711.943506,0.84,0.84,200,20160.792757
5705.282684,0.825,0.83,200,20165.279858
5791.226351,0.865,0.87,200,20169.87334
5686.613682,0.845,0.855,200,20174.491117
5700.244055,0.815,0.815,200,20179.126841
5773.82185,0.855,0.87,200,20183.765997
5748.886359,0.84,0.855,200,20188.359118
5706.887811,0.84,0.84,200,20192.973981
5751.975681,0.87,0.89,200,20199.94918
5699.10428,0.855,0.86,200,20204.527761
5729.248617,0.855,0.855,200,20208.944632
4852.190821,0.675,0.71,200,20213.419169
5517.986217,0.805,0.865,200,20218.048906
5774.037314,0.865,0.865,200,20222.615378
5750.910338,0.865,0.87,200,20227.294101
5708.626509,0.865,0.87,200,20231.844701
5689.155532,0.855,0.865,200,20236.404741
5288.578343,0.865,0.87,200,20240.928857
