# {"t_start": 1757073746.8835962, "env_id": "graff-v0"} 
r,obj_lift,obj_grab,l,t
3617.619977,0.86,0.86,200,9.219321
4404.424113,0.15,0.15,200,13.837079
3512.264046,0.435,0.435,200,18.531937
4431.489595,0.855,0.86,200,23.195867
5664.080686,0.79,0.8,200,27.865402
2608.093359,0.89,0.89,200,32.552848
4338.383663,0.83,0.85,200,37.313472
5374.565892,0.805,0.825,200,42.061595
5625.273739,0.81,0.81,200,46.897807
5727.735172,0.83,0.84,200,51.71469
5482.140981,0.795,0.795,200,58.915817
5668.606911,0.805,0.83,200,63.747723
5438.76877,0.775,0.775,200,68.520386
5272.436778,0.86,0.87,200,73.216033
5427.910953,0.78,0.78,200,77.816209
3047.517577,0.865,0.865,200,82.63615
5759.832453,0.86,0.88,200,87.416325
4951.84804,0.385,0.39,200,92.184057
3229.539153,0.885,0.885,200,97.014997
5581.310091,0.805,0.81,200,101.733473
5466.468953,0.775,0.775,200,108.752817
5669.39143,0.8,0.8,200,113.661334
5666.046451,0.81,0.815,200,118.387944
5679.050017,0.805,0.81,200,123.182946
4999.414724,0.83,0.84,200,127.950779
5007.630898,0.545,0.55,200,132.794647
4764.514571,0.48,0.485,200,137.581395
4936.940806,0.84,0.84,200,142.17138
5649.184791,0.815,0.815,200,146.892282
5462.763349,0.81,0.835,200,151.431123
3750.782641,0.7,0.71,200,158.678121
5271.519329,0.815,0.825,200,163.361386
5472.017598,0.79,0.79,200,168.097118
5173.087517,0.69,0.69,200,172.796807
5326.820245,0.455,0.455,200,177.410661
2762.33434,0.845,0.855,200,182.1337
5722.978364,0.83,0.83,200,186.793046
5362.725373,0.81,0.83,200,191.434245
5487.452447,0.78,0.785,200,196.277151
5587.863042,0.82,0.83,200,201.120613
2572.141985,0.875,0.875,200,207.902432
5265.287837,0.83,0.84,200,212.666686
5127.050351,0.84,0.845,200,217.248953
4668.765946,0.46,0.485,200,221.943445
5720.583743,0.82,0.835,200,226.787788
3263.130425,0.88,0.88,200,231.536876
5752.694127,0.835,0.85,200,236.347155
5750.786794,0.845,0.855,200,241.059427
4986.432352,0.26,0.26,200,245.864539
5739.79645,0.85,0.86,200,250.649222
4504.217888,0.815,0.83,200,257.689065
3683.697628,0.865,0.865,200,262.462252
4704.731296,0.81,0.835,200,267.231795
5169.924598,0.845,0.845,200,271.987281
5741.507709,0.855,0.87,200,276.730928
3105.281146,0.86,0.86,200,281.36851
5765.471799,0.865,0.865,200,285.920373
4018.574991,0.07,0.07,200,290.612032
2825.236332,0.85,0.86,200,295.447347
5671.31029,0.82,0.825,200,300.360876
5751.780824,0.845,0.85,200,307.729939
5660.137483,0.82,0.82,200,312.526292
3728.558247,0.28,0.295,200,317.327307
5719.409783,0.83,0.84,200,322.183314
3043.297346,0.855,0.875,200,327.007262
5648.633374,0.785,0.79,200,331.862293
2495.711289,0.87,0.87,200,336.66828
3664.598144,0.105,0.125,200,341.536584
5321.178238,0.805,0.83,200,346.440717
4558.679164,0.845,0.85,200,351.236093
5734.692093,0.86,0.86,200,358.478238
3068.372902,0.675,0.69,200,363.275104
5066.746011,0.8,0.825,200,368.093199
5565.296461,0.805,0.805,200,372.909337
4696.454197,0.815,0.83,200,377.62401
5642.284927,0.82,0.82,200,382.437919
2802.412418,0.875,0.88,200,387.289836
5425.205808,0.77,0.775,200,391.950915
5202.069823,0.485,0.485,200,396.519301
5737.22992,0.825,0.84,200,401.262792
5629.150182,0.775,0.78,200,408.400897
5212.572378,0.565,0.57,200,413.278321
5612.677773,0.805,0.81,200,418.092366
5765.358744,0.86,0.88,200,422.943387
4212.072949,0.85,0.87,200,427.788963
4605.833455,0.825,0.845,200,432.615697
4284.280526,0.835,0.835,200,437.519374
2942.930189,0.865,0.865,200,442.348519
5679.749634,0.82,0.825,200,447.265575
5604.564244,0.78,0.785,200,452.036987
3891.082407,0.875,0.88,200,459.008164
5672.875504,0.8,0.82,200,463.896588
4713.404575,0.825,0.825,200,468.734792
5531.791269,0.785,0.79,200,473.557184
4118.283992,0.6,0.6,200,478.332804
4650.167553,0.88,0.88,200,483.191993
5068.031163,0.53,0.545,200,488.060218
5725.524767,0.835,0.835,200,492.901735
4814.253435,0.795,0.83,200,497.562419
4313.936313,0.84,0.855,200,502.312724
5759.803609,0.86,0.88,200,509.416221
4895.886552,0.82,0.835,200,514.284643
2698.008308,0.855,0.855,200,519.188868
5709.225955,0.82,0.825,200,523.97531
5684.945415,0.805,0.815,200,528.682495
3224.654584,0.895,0.895,200,533.467203
5741.335449,0.845,0.855,200,538.121264
3331.571603,0.865,0.865,200,542.85204
5744.002013,0.86,0.875,200,547.676316
5757.699819,0.85,0.87,200,552.526581
5168.581274,0.62,0.63,200,559.492714
3470.533051,0.875,0.875,200,564.276225
5498.298431,0.785,0.795,200,569.177479
5394.943512,0.755,0.765,200,573.94156
4901.612842,0.81,0.83,200,578.798186
5661.173922,0.805,0.815,200,583.377231
5217.69651,0.82,0.82,200,587.990174
3447.244719,0.86,0.86,200,592.801618
5592.189808,0.8,0.81,200,597.550887
5648.772474,0.8,0.815,200,602.243933
3270.619002,0.87,0.87,200,609.176173
5721.810054,0.82,0.835,200,613.99771
5663.426389,0.795,0.81,200,618.779149
5618.7875,0.8,0.8,200,623.442834
2477.449647,0.885,0.885,200,628.110969
5720.56552,0.83,0.835,200,632.98504
2525.982126,0.88,0.88,200,637.731573
4105.661139,0.85,0.87,200,642.375388
5549.099353,0.825,0.83,200,647.13476
4232.358761,0.84,0.85,200,651.96164
5633.338525,0.8,0.81,200,659.03795
5654.43614,0.815,0.815,200,663.868468
5544.528415,0.8,0.8,200,668.554848
5647.637695,0.79,0.795,200,673.351291
2679.245372,0.87,0.87,200,678.013323
4517.087241,0.875,0.875,200,682.78363
2601.888193,0.875,0.875,200,687.418213
4429.232474,0.35,0.35,200,692.10383
2952.700498,0.88,0.88,200,696.84276
5729.415149,0.825,0.845,200,701.555189
5733.849456,0.84,0.855,200,708.305563
5743.077283,0.84,0.845,200,713.082465
5545.015824,0.795,0.8,200,717.766072
3009.280423,0.88,0.88,200,722.576123
5597.117573,0.8,0.81,200,727.305183
5736.764899,0.83,0.845,200,732.145111
5567.091074,0.78,0.78,200,736.809033
5755.637058,0.855,0.855,200,741.57468
5633.201408,0.805,0.81,200,746.315709
5491.191645,0.775,0.78,200,751.105577
5629.903023,0.8,0.8,200,758.053126
5745.262581,0.835,0.85,200,762.803159
2764.200228,0.89,0.89,200,767.647955
5319.449302,0.855,0.87,200,772.356492
5714.548674,0.825,0.83,200,776.953023
5621.022063,0.795,0.795,200,781.559111
4447.674114,0.81,0.82,200,786.168833
3940.062374,0.825,0.85,200,790.970814
3795.849553,0.87,0.87,200,795.789382
5734.507213,0.845,0.855,200,800.632457
5678.520344,0.815,0.825,200,807.626514
5592.596201,0.81,0.82,200,812.48675
2747.500951,0.875,0.875,200,817.349005
5674.662706,0.805,0.81,200,822.230544
2777.509676,0.86,0.87,200,826.960328
2584.845521,0.89,0.895,200,831.70875
5713.008542,0.865,0.87,200,836.397578
2762.029645,0.86,0.86,200,841.241271
5305.206381,0.815,0.825,200,846.038235
4467.758059,0.84,0.855,200,850.846657
4456.696207,0.835,0.835,200,857.914882
5529.451501,0.8,0.81,200,862.636262
5422.606404,0.78,0.78,200,867.48458
3315.317196,0.87,0.87,200,872.239172
5317.785917,0.805,0.825,200,877.029697
5461.795429,0.775,0.775,200,881.865726
4347.354218,0.85,0.855,200,886.742496
3391.735965,0.865,0.865,200,891.540957
2920.005781,0.875,0.88,200,896.337075
5436.028747,0.825,0.825,200,901.15721
5639.760167,0.8,0.8,200,907.96372
5711.657519,0.865,0.87,200,912.5947
4230.642399,0.84,0.84,200,917.300578
4055.459611,0.835,0.85,200,922.12736
5736.319215,0.835,0.835,200,926.966701
3213.589806,0.595,0.625,200,931.711611
2717.524796,0.51,0.51,200,936.493684
5759.981875,0.855,0.87,200,941.27369
5413.658036,0.765,0.765,200,946.017563
5736.706406,0.83,0.84,200,950.902676
3068.477019,0.89,0.89,200,958.000888
5495.578326,0.785,0.785,200,962.78639
5758.88815,0.85,0.855,200,967.594827
5267.977444,0.82,0.84,200,972.423908
3691.058721,0.85,0.85,200,977.276581
5678.844761,0.805,0.805,200,982.021866
2884.813458,0.62,0.645,200,986.754976
5736.88803,0.855,0.855,200,991.375935
2789.045756,0.85,0.855,200,996.033466
5750.032217,0.845,0.85,200,1000.747799
5637.686103,0.81,0.81,200,1007.757261
5566.130333,0.785,0.785,200,1012.506739
4447.147181,0.85,0.855,200,1017.386299
5751.130829,0.86,0.86,200,1022.055836
5651.89863,0.79,0.795,200,1026.6848
2614.820007,0.88,0.88,200,1031.352876
5613.43727,0.81,0.81,200,1036.065094
5716.880303,0.825,0.84,200,1040.781574
5735.188948,0.835,0.84,200,1045.478535
5740.116805,0.85,0.86,200,1050.369266
4522.317752,0.825,0.845,200,1057.386481
4125.97001,0.865,0.875,200,1062.102025
5741.273712,0.865,0.885,200,1066.82353
3632.138038,0.865,0.87,200,1071.55263
5714.918746,0.83,0.84,200,1076.305542
4810.732821,0.82,0.825,200,1081.109435
2696.084655,0.87,0.87,200,1085.847919
5746.133417,0.83,0.85,200,1090.569938
5697.653083,0.83,0.83,200,1095.376908
4221.592161,0.87,0.87,200,1100.136592
5683.511937,0.835,0.835,200,1107.067742
4288.562969,0.835,0.85,200,1111.825358
5498.038288,0.78,0.78,200,1116.646509
2471.597561,0.865,0.865,200,1121.536677
5642.617443,0.8,0.81,200,1126.456184
5696.808008,0.825,0.825,200,1131.254932
4743.754926,0.835,0.835,200,1135.872819
5649.221005,0.8,0.805,200,1140.572617
5744.173584,0.86,0.865,200,1145.320301
5660.80349,0.795,0.8,200,1150.167668
2858.045765,0.875,0.875,200,1157.341816
5745.009782,0.855,0.865,200,1162.117549
5641.299834,0.775,0.795,200,1166.728285
5480.595879,0.785,0.785,200,1171.500955
5746.566186,0.855,0.86,200,1176.217471
5647.34524,0.785,0.785,200,1181.027698
4174.518198,0.83,0.84,200,1185.805249
5526.527375,0.8,0.8,200,1190.645911
3869.228574,0.845,0.87,200,1195.329059
2491.000083,0.865,0.865,200,1200.235179
4441.964893,0.86,0.865,200,1207.411278
5709.730419,0.83,0.83,200,1212.151575
4247.464525,0.2,0.2,200,1216.894316
5609.547258,0.78,0.785,200,1221.616941
5716.007454,0.84,0.84,200,1226.417579
5744.477737,0.85,0.85,200,1231.062333
5721.767076,0.85,0.855,200,1235.863742
4034.111028,0.82,0.85,200,1240.652882
2895.356845,0.29,0.32,200,1245.434811
4901.249127,0.825,0.84,200,1250.20523
3042.204378,0.865,0.865,200,1257.233901
2864.04976,0.865,0.865,200,1262.100878
5599.981177,0.79,0.79,200,1266.807132
4994.753919,0.83,0.83,200,1271.420003
5584.672945,0.805,0.805,200,1276.249697
3102.263409,0.86,0.87,200,1280.967025
5534.204934,0.775,0.785,200,1285.651868
4775.956163,0.805,0.835,200,1290.401614
5503.066038,0.77,0.785,200,1295.0204
5752.816933,0.85,0.855,200,1299.635141
5753.416804,0.87,0.88,200,1306.670286
5498.382226,0.78,0.785,200,1311.461362
5525.98297,0.795,0.795,200,1316.170027
2325.465904,0.1,0.12,200,1321.051598
5747.113819,0.84,0.85,200,1325.971852
5619.478694,0.795,0.8,200,1330.766055
2637.631936,0.065,0.075,200,1335.557762
4787.354746,0.805,0.835,200,1340.444763
5733.387724,0.86,0.86,200,1345.29099
5754.32351,0.845,0.86,200,1350.035487
5761.975982,0.87,0.875,200,1356.862288
5756.681163,0.86,0.86,200,1361.524561
2554.966047,0.875,0.875,200,1366.186174
3150.208391,0.86,0.86,200,1370.946574
4129.257144,0.83,0.855,200,1375.713144
5560.190794,0.805,0.825,200,1380.381515
5489.863751,0.795,0.795,200,1385.1905
5097.772382,0.79,0.795,200,1390.061746
5373.306728,0.81,0.815,200,1394.930243
5625.965604,0.79,0.8,200,1399.806107
5593.621198,0.81,0.82,200,1406.792452
5613.923157,0.85,0.855,200,1411.636839
5646.05055,0.785,0.79,200,1416.398935
5660.524398,0.81,0.825,200,1421.156855
2840.113037,0.065,0.07,200,1425.885701
2919.009493,0.87,0.87,200,1430.727354
5735.262198,0.815,0.845,200,1435.506962
3037.071475,0.3,0.305,200,1440.22787
5672.100233,0.82,0.82,200,1444.927567
5550.141249,0.79,0.805,200,1449.773669
5656.890325,0.795,0.795,200,1456.761364
3422.957495,0.625,0.63,200,1461.513794
3078.296709,0.85,0.86,200,1466.370188
3573.641284,0.885,0.89,200,1471.119196
4407.474798,0.815,0.835,200,1475.800013
5600.24993,0.85,0.87,200,1480.660624
4232.516559,0.85,0.855,200,1485.498038
5133.327955,0.835,0.845,200,1490.280228
5606.567955,0.8,0.815,200,1495.119089
5732.321384,0.835,0.84,200,1499.938974
5646.130503,0.81,0.815,200,1507.122549
3409.501069,0.75,0.76,200,1511.880929
5737.394235,0.85,0.85,200,1516.664358
5277.260095,0.825,0.835,200,1521.414948
5497.213613,0.795,0.8,200,1526.17383
5745.672463,0.86,0.865,200,1530.890787
5729.060528,0.83,0.845,200,1535.548154
5718.31505,0.83,0.83,200,1540.328233
5000.124485,0.8,0.82,200,1545.106335
3657.32339,0.875,0.875,200,1549.860238
5732.866031,0.835,0.84,200,1556.819685
4741.55862,0.795,0.825,200,1561.616551
5647.68873,0.815,0.82,200,1566.423504
4787.870595,0.615,0.615,200,1571.078397
3401.561879,0.55,0.565,200,1575.73989
4125.979643,0.82,0.835,200,1580.55768
5609.71632,0.815,0.815,200,1585.438255
5710.564464,0.825,0.835,200,1590.06005
5709.758763,0.865,0.87,200,1594.822811
5756.153572,0.865,0.875,200,1599.73123
5714.659502,0.82,0.84,200,1606.546005
5743.377961,0.85,0.855,200,1611.205753
3355.347424,0.855,0.86,200,1616.004041
5349.337301,0.825,0.825,200,1620.799997
4784.217006,0.82,0.835,200,1625.598205
3591.222946,0.865,0.865,200,1630.531623
4298.263583,0.875,0.875,200,1635.305264
5626.919986,0.805,0.81,200,1640.084601
4338.937343,0.825,0.84,200,1644.843502
5736.635661,0.835,0.845,200,1649.522538
5741.982127,0.83,0.845,200,1656.462165
5746.429366,0.855,0.87,200,1661.165471
5738.992026,0.84,0.845,200,1665.786277
4974.855783,0.795,0.815,200,1670.615776
5554.407005,0.79,0.79,200,1675.307582
5726.557171,0.825,0.835,200,1680.197875
5611.10657,0.815,0.825,200,1685.021128
5159.841793,0.81,0.82,200,1689.740067
5633.75246,0.805,0.81,200,1694.56226
4835.431335,0.04,0.04,200,1699.271445
5733.120208,0.87,0.87,200,1706.357902
5733.17192,0.85,0.885,200,1711.232123
2633.868345,0.87,0.87,200,1716.150193
5731.978044,0.82,0.845,200,1721.169591
5739.238065,0.825,0.845,200,1725.999288
5438.530643,0.79,0.79,200,1730.888668
5727.359202,0.84,0.84,200,1735.711274
4562.891745,0.825,0.84,200,1740.492309
5617.987506,0.795,0.795,200,1745.315908
5666.961563,0.82,0.82,200,1750.033517
4748.098551,0.845,0.87,200,1757.410018
5707.191296,0.83,0.83,200,1762.154582
4259.36426,0.81,0.83,200,1767.044084
5551.467894,0.76,0.76,200,1771.798778
5580.877711,0.805,0.805,200,1776.593076
4421.611911,0.815,0.83,200,1781.381284
2528.695944,0.14,0.185,200,1786.151971
5709.071221,0.855,0.865,200,1790.967945
5736.473733,0.84,0.84,200,1795.689617
2597.737709,0.31,0.325,200,1800.485385
5090.894701,0.63,0.64,200,1807.215491
5741.270126,0.845,0.85,200,1811.94911
5316.762667,0.83,0.84,200,1816.718696
3391.606084,0.86,0.865,200,1821.579663
4548.778099,0.82,0.82,200,1826.388448
4634.188707,0.815,0.835,200,1831.202481
5743.601434,0.86,0.865,200,1836.048171
5641.731979,0.805,0.81,200,1840.739789
4012.959289,0.835,0.85,200,1845.489496
2920.960349,0.86,0.86,200,1850.21006
5725.956903,0.83,0.845,200,1857.217525
5643.791972,0.805,0.805,200,1862.06612
5469.114114,0.78,0.79,200,1866.776363
5650.804152,0.81,0.81,200,1871.557616
4270.442103,0.845,0.86,200,1876.329838
5657.040792,0.8,0.81,200,1881.114606
5772.214826,0.865,0.865,200,1885.850871
5713.455173,0.83,0.835,200,1890.641026
2864.089711,0.13,0.19,200,1895.436506
5651.754564,0.815,0.825,200,1900.238058
5579.270718,0.79,0.8,200,1907.292228
5632.599371,0.835,0.835,200,1911.95437
5750.257509,0.85,0.855,200,1916.624255
5747.133341,0.87,0.875,200,1921.314782
5428.273541,0.86,0.865,200,1925.873215
5757.929532,0.855,0.855,200,1930.647472
5673.515936,0.805,0.825,200,1935.322925
5732.565946,0.84,0.85,200,1940.017403
3969.085769,0.735,0.75,200,1944.604491
3204.426235,0.5,0.505,200,1949.124023
3288.213489,0.855,0.855,200,1956.091313
3475.130103,0.845,0.865,200,1960.572542
5756.443476,0.86,0.87,200,1965.290563
5621.212381,0.805,0.805,200,1970.070922
5645.821066,0.785,0.805,200,1974.769321
5591.892101,0.795,0.81,200,1979.493938
5713.64257,0.855,0.875,200,1984.166942
5757.730804,0.87,0.885,200,1988.802465
5617.692755,0.8,0.81,200,1993.645216
5746.065229,0.845,0.85,200,1998.35572
5681.543197,0.82,0.82,200,2005.411578
2661.920187,0.85,0.85,200,2010.106256
5647.858137,0.8,0.81,200,2014.9631
5718.354121,0.83,0.84,200,2019.788092
5738.889352,0.845,0.85,200,2024.695558
2696.712604,0.825,0.845,200,2029.542732
3174.650845,0.875,0.875,200,2034.438113
2769.097497,0.87,0.87,200,2039.305175
5551.23578,0.79,0.795,200,2044.309913
5296.448315,0.87,0.88,200,2049.173618
4074.85296,0.835,0.86,200,2056.177219
5140.248443,0.78,0.8,200,2060.909737
5750.987197,0.865,0.88,200,2065.691079
5595.450221,0.81,0.81,200,2070.513495
2597.624321,0.45,0.45,200,2075.360013
5742.003276,0.84,0.84,200,2080.255926
5640.383954,0.8,0.8,200,2085.130906
5762.53508,0.875,0.875,200,2089.808755
5678.812226,0.82,0.83,200,2094.464788
5761.900051,0.86,0.885,200,2099.165236
5071.925873,0.815,0.815,200,2106.426381
5642.349338,0.8,0.815,200,2111.262682
5633.875715,0.815,0.815,200,2116.057368
5627.647388,0.81,0.81,200,2120.937077
3879.32398,0.85,0.86,200,2125.682866
4490.014516,0.46,0.475,200,2130.542377
5608.193137,0.805,0.815,200,2135.427463
3560.73455,0.67,0.67,200,2140.213518
2888.054033,0.54,0.54,200,2145.015922
5655.396955,0.815,0.815,200,2149.74154
5745.255847,0.855,0.865,200,2156.743287
5780.63938,0.885,0.885,200,2161.532304
5498.699675,0.785,0.785,200,2166.21049
4382.882255,0.83,0.85,200,2170.93631
3101.12026,0.865,0.865,200,2175.749961
3074.75727,0.245,0.27,200,2180.561305
5588.20909,0.795,0.795,200,2185.358222
5750.770892,0.845,0.855,200,2190.306427
5504.142385,0.775,0.775,200,2195.214653
4660.979438,0.865,0.865,200,2200.063149
5538.819483,0.845,0.85,200,2207.248075
5735.314417,0.83,0.84,200,2211.908528
4400.843663,0.82,0.85,200,2216.748174
2060.838182,0.12,0.12,200,2221.517567
5725.523217,0.83,0.84,200,2226.269405
5501.66684,0.785,0.79,200,2231.022369
2653.057602,0.865,0.865,200,2235.824888
5296.485331,0.835,0.84,200,2240.572298
2804.891226,0.87,0.87,200,2245.409823
5639.317867,0.755,0.76,200,2250.331378
5657.881346,0.785,0.785,200,2257.282559
2875.004861,0.47,0.47,200,2262.006174
5499.758867,0.805,0.805,200,2266.814195
4957.517646,0.82,0.85,200,2271.600608
5706.257751,0.82,0.835,200,2276.296535
5711.109855,0.855,0.87,200,2281.100721
5695.649736,0.83,0.83,200,2285.880688
5749.600949,0.835,0.85,200,2290.547879
5511.209515,0.785,0.79,200,2295.283891
5664.342688,0.78,0.8,200,2299.991967
5551.556313,0.81,0.81,200,2307.024945
5687.569649,0.815,0.825,200,2311.89594
5694.967558,0.83,0.835,200,2316.74064
4215.448805,0.84,0.855,200,2321.537215
5744.754499,0.87,0.89,200,2326.45435
4122.258231,0.845,0.855,200,2331.357442
5648.53598,0.82,0.82,200,2336.09719
2738.802526,0.86,0.865,200,2340.798348
4976.748941,0.81,0.825,200,2345.575844
5113.149804,0.84,0.845,200,2350.300223
4181.630907,0.84,0.85,200,2357.705841
5747.815512,0.865,0.87,200,2362.653058
5161.827536,0.82,0.825,200,2367.424379
3421.317781,0.485,0.485,200,2372.105063
5749.883069,0.86,0.87,200,2376.853187
5624.317691,0.79,0.8,200,2381.638813
4837.981347,0.605,0.61,200,2386.46667
5749.092906,0.85,0.85,200,2391.145223
5652.760707,0.805,0.805,200,2395.92509
5668.226922,0.8,0.815,200,2400.599594
5596.478603,0.815,0.82,200,2407.813589
5216.11702,0.825,0.83,200,2412.609186
5626.607012,0.81,0.81,200,2417.375699
5056.508057,0.695,0.7,200,2422.233803
5652.906138,0.795,0.795,200,2427.007157
4437.118759,0.85,0.85,200,2431.916685
5648.001587,0.79,0.79,200,2436.685114
5521.345246,0.79,0.79,200,2441.474675
3916.948039,0.85,0.86,200,2446.112743
4884.770087,0.505,0.505,200,2450.912823
2856.467854,0.56,0.57,200,2457.681227
5605.319541,0.8,0.81,200,2462.433804
5038.131889,0.88,0.88,200,2467.181012
5636.246955,0.81,0.82,200,2471.87893
5753.353418,0.86,0.865,200,2476.585809
5768.508178,0.87,0.88,200,2481.243108
5736.478824,0.84,0.85,200,2485.994081
5745.146416,0.85,0.85,200,2490.773337
5647.047496,0.82,0.82,200,2495.609751
5768.084341,0.865,0.87,200,2500.425866
5670.264542,0.81,0.83,200,2507.513475
4093.337792,0.875,0.885,200,2512.083976
5490.294196,0.805,0.83,200,2516.685758
3963.687184,0.855,0.855,200,2521.277454
5771.295301,0.865,0.875,200,2525.937454
5671.425459,0.79,0.795,200,2530.744075
4273.191386,0.83,0.865,200,2535.448349
3792.259904,0.585,0.62,200,2540.103523
4404.692443,0.825,0.85,200,2544.977772
5751.360344,0.84,0.865,200,2549.858131
5688.488237,0.825,0.825,200,2557.065866
5628.351305,0.825,0.825,200,2561.911896
4090.837591,0.825,0.855,200,2566.667592
3687.682862,0.465,0.485,200,2571.444466
5770.562375,0.86,0.87,200,2576.205186
3169.435496,0.855,0.86,200,2580.978495
3345.110324,0.855,0.86,200,2585.852135
5738.581294,0.84,0.85,200,2590.758233
5625.250433,0.79,0.795,200,2595.659686
5645.129985,0.81,0.82,200,2600.580812
5684.4019,0.8,0.805,200,2607.741697
4363.756972,0.815,0.83,200,2612.77959
5693.058661,0.865,0.865,200,2617.726494
5749.717796,0.865,0.87,200,2622.536733
4695.124776,0.825,0.85,200,2627.374914
5680.163701,0.825,0.835,200,2632.225709
5751.297825,0.835,0.855,200,2636.98436
4386.378764,0.84,0.855,200,2641.86467
5740.040915,0.85,0.85,200,2646.571849
5485.769638,0.785,0.785,200,2651.442758
5726.500317,0.83,0.835,200,2658.506496
5756.525878,0.855,0.86,200,2663.417181
5677.803099,0.83,0.83,200,2668.20389
3855.016422,0.715,0.715,200,2673.10996
5747.321064,0.84,0.85,200,2677.785881
5362.17169,0.82,0.835,200,2682.647701
4093.414573,0.84,0.855,200,2687.574784
5754.717622,0.845,0.855,200,2692.424421
4974.397882,0.825,0.835,200,2697.25877
2558.202577,0.015,0.03,200,2702.007937
5763.9932,0.87,0.875,200,2709.191418
5593.663139,0.81,0.825,200,2713.948771
5651.799668,0.82,0.82,200,2718.752688
5587.397567,0.79,0.79,200,2723.453933
4898.914339,0.835,0.84,200,2728.228821
5518.696883,0.785,0.805,200,2733.038808
2903.355903,0.86,0.865,200,2737.790557
5743.590087,0.845,0.845,200,2742.550641
5512.480689,0.8,0.8,200,2747.31307
5747.854986,0.845,0.85,200,2752.087249
5139.780006,0.82,0.83,200,2758.994173
5641.980874,0.855,0.86,200,2763.777807
5731.470138,0.855,0.88,200,2768.701318
4092.864604,0.83,0.86,200,2773.574317
5634.748096,0.78,0.78,200,2778.311196
5756.547795,0.85,0.855,200,2783.091578
5581.763069,0.84,0.87,200,2787.85924
5756.174002,0.86,0.88,200,2792.571302
5074.604916,0.82,0.82,200,2797.406431
2401.397303,0.11,0.12,200,2802.131665
3605.999534,0.87,0.87,200,2809.120969
4322.533309,0.83,0.85,200,2813.891274
5461.375402,0.785,0.785,200,2818.605328
5505.876225,0.79,0.79,200,2823.501186
5683.656027,0.805,0.81,200,2828.243024
5758.194123,0.855,0.855,200,2832.995293
5622.145803,0.805,0.815,200,2837.967941
4217.946371,0.84,0.855,200,2842.770338
4267.390689,0.835,0.855,200,2847.755371
5645.2245,0.815,0.82,200,2852.559379
4165.062297,0.84,0.855,200,2859.620572
5625.125669,0.8,0.805,200,2864.629888
3569.692128,0.875,0.875,200,2869.552421
5635.095874,0.79,0.79,200,2874.367487
5611.985409,0.805,0.82,200,2879.20961
5505.052701,0.8,0.815,200,2883.98847
5628.560138,0.795,0.805,200,2888.744198
3658.156077,0.705,0.715,200,2893.63539
5630.546684,0.78,0.78,200,2898.431894
5762.940246,0.845,0.87,200,2903.19133
2606.692768,0.265,0.27,200,2910.465472
5744.948232,0.835,0.845,200,2915.27263
3865.590566,0.84,0.85,200,2920.04685
5672.545393,0.8,0.8,200,2924.788852
5757.23003,0.87,0.875,200,2929.458371
5643.537675,0.82,0.82,200,2934.130205
5745.060351,0.87,0.875,200,2938.971831
4796.729463,0.84,0.85,200,2943.730958
5742.101079,0.85,0.87,200,2948.429965
5644.71136,0.8,0.805,200,2953.092633
5659.111527,0.82,0.825,200,2959.954756
4532.539419,0.86,0.865,200,2964.713475
4741.998892,0.83,0.84,200,2969.469214
2500.811148,0.855,0.86,200,2974.174795
4015.38181,0.825,0.855,200,2979.01713
5757.94438,0.845,0.855,200,2983.713956
5655.027489,0.82,0.83,200,2988.364714
2494.612688,0.88,0.88,200,2993.137016
5753.452617,0.85,0.855,200,2997.822212
5738.61369,0.855,0.855,200,3002.637203
5639.231634,0.78,0.78,200,3009.856932
4291.463293,0.85,0.85,200,3014.610913
2598.405524,0.88,0.88,200,3019.323729
5696.946365,0.82,0.825,200,3024.112541
5541.464531,0.815,0.83,200,3028.799854
5671.663148,0.79,0.79,200,3033.610102
5325.14228,0.83,0.84,200,3038.420022
5640.633754,0.83,0.83,200,3043.306577
5677.890035,0.855,0.88,200,3048.48989
5500.918606,0.79,0.79,200,3053.457468
5765.635487,0.855,0.865,200,3060.402157
5639.136176,0.815,0.82,200,3065.192246
5623.814239,0.81,0.815,200,3069.825279
5555.774893,0.795,0.81,200,3074.695031
5602.364145,0.82,0.835,200,3079.487772
5716.007079,0.84,0.855,200,3084.189737
5212.728562,0.605,0.605,200,3088.972327
5658.057322,0.805,0.82,200,3093.901027
5738.043034,0.845,0.845,200,3098.770279
5675.719569,0.79,0.795,200,3103.770435
4967.984593,0.53,0.535,200,3110.653316
2490.947069,0.86,0.875,200,3115.558443
5534.308221,0.79,0.79,200,3120.404074
4069.207312,0.87,0.87,200,3125.256378
5661.630408,0.815,0.82,200,3130.093933
5737.119841,0.84,0.84,200,3134.942716
5757.227272,0.85,0.855,200,3139.747527
4248.026409,0.84,0.865,200,3144.468342
5652.838081,0.83,0.835,200,3149.201188
5726.423073,0.835,0.835,200,3154.078598
4544.476452,0.56,0.57,200,3160.886906
5745.063631,0.835,0.845,200,3165.780112
5754.234045,0.86,0.865,200,3170.760934
3607.215628,0.835,0.865,200,3175.641345
5207.853053,0.615,0.615,200,3180.395784
5758.806031,0.845,0.855,200,3185.329736
5738.398806,0.835,0.845,200,3190.150918
5328.567319,0.82,0.845,200,3195.068228
4574.944595,0.83,0.85,200,3199.943143
3445.054438,0.2,0.215,200,3204.742581
2881.157226,0.88,0.88,200,3212.021664
5750.394286,0.85,0.855,200,3216.929698
5672.720241,0.805,0.81,200,3221.951042
4126.370722,0.85,0.865,200,3226.880151
4407.24309,0.845,0.865,200,3231.798667
4954.723757,0.84,0.84,200,3236.685425
5649.978493,0.805,0.82,200,3241.460576
5687.138306,0.82,0.825,200,3246.212405
4339.111802,0.5,0.51,200,3251.025664
5642.067217,0.79,0.795,200,3255.746391
3900.678356,0.315,0.335,200,3263.107437
5577.885915,0.805,0.81,200,3267.926003
4044.957757,0.845,0.86,200,3272.714439
5613.652605,0.795,0.795,200,3277.623217
5733.559599,0.835,0.845,200,3282.492007
5619.539312,0.805,0.805,200,3287.390969
5676.89618,0.825,0.825,200,3292.159685
5517.283959,0.795,0.8,200,3297.063772
5668.549514,0.82,0.82,200,3301.97334
5682.558717,0.81,0.83,200,3306.881131
5751.032974,0.86,0.86,200,3313.923651
5287.514456,0.825,0.835,200,3318.79586
5665.625984,0.83,0.835,200,3323.643877
5483.88915,0.78,0.79,200,3328.647672
5636.161317,0.795,0.8,200,3333.511202
5659.404663,0.805,0.825,200,3338.337273
5628.865345,0.8,0.81,200,3343.028468
5703.15499,0.82,0.825,200,3347.777194
5731.06315,0.865,0.865,200,3352.561433
4073.166942,0.86,0.86,200,3357.151098
5726.134677,0.87,0.885,200,3364.386337
5743.494337,0.84,0.845,200,3369.15764
5752.273467,0.855,0.855,200,3373.980583
3999.010745,0.87,0.87,200,3378.856257
5675.775853,0.795,0.805,200,3383.789219
4381.608675,0.84,0.855,200,3388.547341
5716.735848,0.865,0.865,200,3393.426225
5648.776793,0.8,0.8,200,3398.289263
5671.316388,0.81,0.815,200,3403.131705
5744.175338,0.85,0.87,200,3407.857624
5713.051134,0.83,0.83,200,3414.756184
5281.566907,0.82,0.83,200,3419.611226
5724.129296,0.83,0.84,200,3424.495744
5729.426253,0.835,0.845,200,3429.250907
5647.315729,0.805,0.805,200,3434.028777
5650.498524,0.8,0.8,200,3438.888838
5704.751874,0.83,0.835,200,3443.851142
4238.279792,0.835,0.86,200,3448.727252
4352.582994,0.85,0.86,200,3453.517072
5536.872778,0.78,0.78,200,3458.220239
5735.860029,0.855,0.855,200,3465.459686
5744.5319,0.855,0.87,200,3470.260506
5692.48091,0.835,0.835,200,3475.049191
5735.759043,0.85,0.855,200,3479.815228
3337.545809,0.14,0.165,200,3484.529341
5516.992248,0.79,0.795,200,3489.351202
5686.309049,0.805,0.815,200,3494.053809
5758.04813,0.87,0.875,200,3498.781098
3920.547344,0.87,0.87,200,3503.611084
5658.635192,0.815,0.815,200,3508.468927
4149.629782,0.875,0.875,200,3515.563394
5359.888925,0.825,0.845,200,3520.353342
2746.9008,0.86,0.875,200,3525.113538
4626.330959,0.825,0.835,200,3529.789479
5667.874048,0.815,0.815,200,3534.483942
5021.511115,0.84,0.84,200,3539.059761
5555.436335,0.82,0.82,200,3543.90373
5726.428897,0.84,0.84,200,3548.748852
5578.675439,0.805,0.805,200,3553.456226
5744.326602,0.84,0.845,200,3558.111319
5736.246621,0.835,0.84,200,3565.173344
4884.191954,0.51,0.545,200,3569.958412
3780.469099,0.855,0.865,200,3574.760496
4725.369737,0.835,0.86,200,3579.656044
2941.624046,0.865,0.865,200,3584.611476
5538.861775,0.79,0.8,200,3589.350639
5761.293141,0.87,0.87,200,3594.110979
5697.3255,0.815,0.815,200,3598.971914
5618.480252,0.82,0.83,200,3603.729465
4916.528816,0.805,0.83,200,3608.484292
3632.186111,0.875,0.885,200,3615.28758
5452.1806,0.815,0.83,200,3620.018067
4379.946363,0.72,0.745,200,3624.640172
5006.791965,0.315,0.325,200,3629.266649
5729.107122,0.85,0.855,200,3633.938527
5677.849218,0.825,0.825,200,3638.578269
5673.423982,0.83,0.83,200,3643.285784
5735.942078,0.865,0.87,200,3647.929854
4952.405586,0.45,0.45,200,3652.589525
5663.319328,0.805,0.82,200,3657.263986
5677.054288,0.795,0.8,200,3664.292979
5698.629556,0.81,0.82,200,3668.968028
5241.214834,0.64,0.645,200,3673.702688
5332.840226,0.675,0.68,200,3678.364412
5617.970724,0.82,0.83,200,3683.108533
5728.688364,0.855,0.865,200,3687.831587
4282.561968,0.85,0.85,200,3692.487286
5667.339888,0.79,0.79,200,3697.187329
4855.82677,0.835,0.835,200,3701.920699
5671.058412,0.79,0.8,200,3706.550295
5746.590586,0.84,0.86,200,3713.720828
5658.042597,0.81,0.81,200,3718.490905
5760.347087,0.86,0.875,200,3723.173068
4199.374867,0.83,0.85,200,3727.986516
4219.595966,0.3,0.325,200,3732.752383
5547.968908,0.8,0.8,200,3737.544321
5657.392935,0.795,0.795,200,3742.31365
5608.856963,0.805,0.81,200,3746.994904
5630.963151,0.81,0.815,200,3751.597492
3202.189366,0.435,0.52,200,3756.208947
5656.449246,0.795,0.795,200,3763.185679
5749.240624,0.845,0.845,200,3767.805019
5683.037852,0.89,0.89,200,3772.560428
5742.996642,0.825,0.845,200,3777.282554
3943.382049,0.82,0.85,200,3782.042248
5527.829389,0.815,0.815,200,3786.775819
5754.542821,0.85,0.855,200,3791.492638
5750.875198,0.85,0.85,200,3796.210194
4160.588881,0.845,0.845,200,3801.005472
3221.551158,0.855,0.86,200,3805.738017
5714.327959,0.865,0.87,200,3812.783358
5769.627913,0.855,0.865,200,3817.499398
5744.830045,0.83,0.845,200,3822.138317
5739.243436,0.865,0.88,200,3826.790439
5757.543333,0.86,0.86,200,3831.497853
4457.30536,0.825,0.84,200,3836.276136
4919.644323,0.825,0.845,200,3841.044716
5634.389252,0.815,0.825,200,3845.803185
5616.009828,0.81,0.815,200,3850.531975
5656.258465,0.85,0.85,200,3855.368379
3634.279171,0.485,0.5,200,3862.592497
4636.675067,0.61,0.61,200,3867.50574
2595.740532,0.885,0.89,200,3872.374915
5569.357546,0.795,0.81,200,3877.130205
5600.242725,0.805,0.805,200,3881.940659
5712.919274,0.82,0.82,200,3886.583549
3855.255793,0.865,0.875,200,3891.261386
5598.086098,0.79,0.81,200,3896.065706
5617.92335,0.815,0.815,200,3900.829873
5681.142284,0.79,0.795,200,3905.548617
3589.593216,0.885,0.885,200,3912.377517
5726.523542,0.855,0.86,200,3917.085035
5708.578259,0.825,0.83,200,3921.912875
5068.743141,0.835,0.845,200,3926.657768
5651.323369,0.805,0.805,200,3931.33801
5513.85303,0.86,0.865,200,3935.984816
5749.701945,0.845,0.85,200,3940.88358
5077.741772,0.83,0.85,200,3945.675355
5759.342464,0.855,0.86,200,3950.456208
5291.500592,0.835,0.84,200,3955.365184
5654.643666,0.815,0.815,200,3962.486058
5757.893588,0.845,0.855,200,3967.227499
5735.67312,0.845,0.85,200,3972.163426
5781.620591,0.87,0.88,200,3977.0037
4570.18654,0.83,0.85,200,3981.790233
5735.538942,0.875,0.875,200,3986.627993
5691.280035,0.81,0.82,200,3991.415168
5275.593609,0.825,0.835,200,3996.202202
5674.927056,0.82,0.825,200,4000.897652
4322.010048,0.83,0.845,200,4005.687909
5764.3477,0.86,0.865,200,4012.836326
5661.086515,0.795,0.8,200,4017.564392
4003.706012,0.82,0.855,200,4022.554005
4369.159549,0.69,0.69,200,4027.41549
5650.439597,0.825,0.825,200,4032.309552
5758.083781,0.85,0.86,200,4037.175645
5760.633161,0.85,0.855,200,4041.930404
5761.332992,0.86,0.87,200,4046.884637
5753.166045,0.85,0.855,200,4051.851845
5753.218106,0.86,0.86,200,4056.612139
5760.166533,0.855,0.86,200,4063.76305
5495.189416,0.83,0.83,200,4068.635703
4631.725628,0.445,0.475,200,4073.381073
5214.032663,0.84,0.84,200,4078.187545
5749.829164,0.85,0.865,200,4083.024288
5718.553292,0.855,0.855,200,4087.944899
5755.934378,0.855,0.855,200,4092.780474
5522.171781,0.83,0.83,200,4097.632756
5675.751136,0.82,0.82,200,4102.490431
5747.261663,0.85,0.85,200,4107.222483
4535.114293,0.87,0.87,200,4114.141806
5665.201952,0.81,0.815,200,4118.738319
5584.222954,0.8,0.805,200,4123.42316
5031.682731,0.635,0.655,200,4128.174081
5762.030398,0.855,0.875,200,4132.9033
5348.847834,0.795,0.795,200,4137.538289
5742.172338,0.865,0.87,200,4142.281548
4868.98128,0.84,0.84,200,4147.0679
4188.418861,0.84,0.85,200,4151.99351
5682.090234,0.805,0.805,200,4156.998017
5727.142805,0.86,0.86,200,4164.236543
5675.729661,0.795,0.795,200,4168.890389
5542.439689,0.8,0.8,200,4173.582421
5669.497397,0.815,0.815,200,4178.370438
5713.318436,0.845,0.845,200,4183.216629
4174.045259,0.785,0.785,200,4187.759487
5738.341166,0.845,0.845,200,4192.449499
4728.374628,0.845,0.845,200,4197.165711
5673.277968,0.805,0.805,200,4201.99734
5745.900018,0.865,0.87,200,4206.813303
4725.039852,0.56,0.59,200,4213.807736
5551.564819,0.735,0.74,200,4218.655305
4497.269635,0.6,0.62,200,4223.394032
5336.621362,0.83,0.83,200,4228.120577
5745.911169,0.86,0.865,200,4232.839893
5747.881702,0.855,0.855,200,4237.57072
5500.271095,0.835,0.835,200,4242.431269
5765.099875,0.875,0.885,200,4247.24561
5685.442772,0.8,0.81,200,4252.086194
3473.19108,0.285,0.3,200,4256.835561
2383.48144,0.075,0.085,200,4263.935241
5656.773236,0.815,0.815,200,4268.734676
5680.70755,0.825,0.825,200,4273.586075
5749.387006,0.86,0.87,200,4278.230186
5755.158665,0.875,0.88,200,4282.947375
4051.025784,0.84,0.855,200,4287.62214
4607.795123,0.84,0.855,200,4292.431554
5290.39715,0.885,0.9,200,4297.192852
5676.089908,0.82,0.835,200,4301.903839
5681.871781,0.8,0.81,200,4306.707925
5752.778336,0.85,0.85,200,4313.627776
5754.381081,0.845,0.85,200,4318.46018
5548.721043,0.795,0.805,200,4323.323285
5156.766524,0.82,0.835,200,4328.032481
5742.234191,0.86,0.865,200,4332.72531
5724.338349,0.845,0.845,200,4337.533135
5584.597668,0.8,0.8,200,4342.421024
5719.454889,0.86,0.86,200,4347.109926
4966.118838,0.835,0.84,200,4351.925976
5752.885404,0.85,0.855,200,4356.665244
4673.041961,0.83,0.845,200,4363.871505
5754.495426,0.865,0.87,200,4368.546664
5773.417047,0.855,0.87,200,4373.326283
5641.440532,0.855,0.875,200,4378.149008
5749.914051,0.84,0.845,200,4382.824921
5686.992534,0.82,0.82,200,4387.537169
5597.135886,0.805,0.805,200,4392.272381
5662.037216,0.81,0.815,200,4397.053277
5682.86231,0.835,0.835,200,4401.849193
5700.262161,0.825,0.825,200,4406.614489
5677.05318,0.805,0.805,200,4413.547054
5775.156889,0.865,0.87,200,4418.366352
5687.217888,0.83,0.83,200,4423.138255
5619.565994,0.835,0.87,200,4427.972922
5682.879486,0.825,0.825,200,4432.841921
5566.965357,0.81,0.81,200,4437.596268
4975.655865,0.835,0.845,200,4442.45397
5690.457868,0.805,0.81,200,4447.22999
5530.881981,0.83,0.835,200,4452.115961
4180.717868,0.86,0.86,200,4456.981032
4489.209628,0.845,0.86,200,4464.041296
5712.06378,0.825,0.835,200,4468.76873
5740.138934,0.87,0.875,200,4473.411491
5752.91404,0.855,0.86,200,4478.063391
5005.891752,0.85,0.85,200,4482.865901
5744.825239,0.845,0.845,200,4487.578365
5685.333151,0.805,0.805,200,4492.298424
3434.566859,0.87,0.88,200,4497.050454
5677.002337,0.805,0.81,200,4501.80793
5731.451328,0.855,0.86,200,4506.603349
3485.889874,0.88,0.885,200,4513.386067
5359.882851,0.835,0.84,200,4518.271797
4837.535196,0.855,0.855,200,4523.078919
5750.03079,0.84,0.85,200,4527.893129
5745.789917,0.84,0.845,200,4532.75566
5654.049257,0.81,0.82,200,4537.505715
4234.823886,0.88,0.88,200,4542.394384
5599.953454,0.8,0.8,200,4547.254256
5680.265124,0.82,0.82,200,4552.04633
4236.230081,0.86,0.87,200,4556.797973
4977.845806,0.68,0.695,200,4564.10729
5677.464479,0.82,0.82,200,4568.942807
5571.859037,0.8,0.8,200,4573.616154
5742.064928,0.83,0.85,200,4578.482136
5726.008331,0.835,0.835,200,4583.441729
5176.12912,0.715,0.73,200,4588.191768
5691.753752,0.82,0.82,200,4593.00438
5535.457662,0.795,0.795,200,4597.800774
4430.177781,0.835,0.86,200,4602.575592
4019.660902,0.87,0.87,200,4607.310585
4782.250974,0.845,0.855,200,4614.394876
4374.175083,0.84,0.855,200,4619.078895
5746.857005,0.845,0.85,200,4623.731636
4881.898196,0.84,0.85,200,4628.6335
5378.788133,0.8,0.805,200,4633.431831
2826.419445,0.87,0.875,200,4638.247728
5739.831713,0.845,0.87,200,4643.01991
5752.926625,0.835,0.845,200,4647.748705
2619.55852,0.15,0.15,200,4652.481171
5395.763762,0.84,0.84,200,4657.106838
5044.599156,0.75,0.76,200,4664.233242
4712.440666,0.85,0.85,200,4669.066541
4407.836111,0.845,0.855,200,4673.91487
5411.661637,0.815,0.835,200,4678.625189
5668.236046,0.825,0.83,200,4683.416964
5537.605554,0.83,0.85,200,4688.111991
5658.039474,0.81,0.825,200,4692.923942
4766.73392,0.82,0.845,200,4697.748998
4986.770909,0.535,0.535,200,4702.545892
5743.871581,0.875,0.885,200,4707.361207
4411.591058,0.825,0.85,200,4714.463672
4143.854825,0.645,0.68,200,4719.171278
2880.465288,0.86,0.87,200,4724.011773
4929.297198,0.83,0.84,200,4728.878647
5747.089665,0.84,0.845,200,4733.659161
5417.021168,0.86,0.865,200,4738.384896
5752.031164,0.845,0.855,200,4743.132837
5697.180847,0.83,0.83,200,4747.878538
5753.119643,0.855,0.855,200,4752.547879
5660.285349,0.825,0.83,200,4757.343817
5677.949406,0.8,0.8,200,4764.379031
5440.322705,0.86,0.885,200,4769.006543
3794.989462,0.865,0.865,200,4773.773198
5669.781974,0.815,0.815,200,4778.464812
4504.886768,0.505,0.52,200,4783.133041
5476.018198,0.78,0.78,200,4787.786377
5158.594133,0.655,0.685,200,4792.606824
5587.189685,0.83,0.83,200,4797.528194
4423.942145,0.73,0.73,200,4802.18458
5636.883933,0.82,0.82,200,4807.043541
5663.667433,0.81,0.815,200,4813.816311
4749.232311,0.85,0.855,200,4818.603689
5759.198389,0.85,0.85,200,4823.413592
4646.973882,0.725,0.73,200,4828.149352
3881.539381,0.745,0.745,200,4832.809109
5677.035618,0.815,0.82,200,4837.486213
5751.453405,0.845,0.85,200,4842.194197
5745.506838,0.85,0.855,200,4846.811852
5686.160908,0.825,0.83,200,4851.615833
2430.603909,0.045,0.065,200,4856.278825
5639.91015,0.82,0.83,200,4863.220007
5728.855389,0.835,0.84,200,4867.87695
5685.953602,0.81,0.815,200,4872.631725
5753.418052,0.85,0.855,200,4877.47076
4732.06765,0.86,0.86,200,4882.313033
5672.304045,0.86,0.89,200,4887.053675
5753.126269,0.85,0.85,200,4891.734746
5681.963547,0.825,0.825,200,4896.253066
5039.308582,0.845,0.855,200,4900.854918
5764.351431,0.86,0.875,200,4905.477403
5782.216895,0.85,0.87,200,4912.598873
5742.812988,0.845,0.845,200,4917.283496
5760.332993,0.85,0.875,200,4922.07935
5683.640263,0.815,0.815,200,4926.744297
5504.561834,0.82,0.83,200,4931.559956
5678.026131,0.8,0.8,200,4936.180069
5687.528466,0.8,0.805,200,4940.8763
4499.106008,0.83,0.835,200,4945.763812
5711.121955,0.825,0.835,200,4950.336201
5682.230713,0.82,0.82,200,4955.046852
5687.337913,0.81,0.82,200,4961.874593
5681.764437,0.81,0.81,200,4966.630523
5758.820016,0.855,0.855,200,4971.370985
5650.913637,0.86,0.865,200,4975.967517
4936.868702,0.84,0.84,200,4980.849899
4959.961641,0.355,0.355,200,4985.532962
5742.090886,0.84,0.845,200,4990.208208
5668.918123,0.82,0.825,200,4994.786351
5653.597294,0.8,0.825,200,4999.519257
5373.643897,0.825,0.83,200,5004.315239
5773.908031,0.85,0.875,200,5011.080963
5672.985069,0.815,0.825,200,5015.756145
5647.844188,0.8,0.815,200,5020.535943
5654.34797,0.825,0.825,200,5025.238173
4825.236512,0.84,0.84,200,5029.918414
5582.837037,0.8,0.8,200,5034.616591
4209.588757,0.865,0.88,200,5039.297688
5683.915044,0.805,0.805,200,5044.089106
5639.766373,0.805,0.805,200,5048.74418
5683.377471,0.805,0.82,200,5053.473674
2691.795244,0.08,0.105,200,5060.265097
5751.136288,0.845,0.855,200,5064.943621
5743.67926,0.88,0.885,200,5069.656609
5755.080455,0.86,0.86,200,5074.424087
5436.768664,0.82,0.84,200,5079.126034
5687.31104,0.82,0.82,200,5083.770535
3845.317001,0.435,0.465,200,5088.337287
5660.341774,0.825,0.825,200,5093.016708
5673.479424,0.8,0.8,200,5097.798412
5751.658578,0.84,0.85,200,5102.603424
4222.838543,0.59,0.615,200,5109.530328
5748.866205,0.845,0.845,200,5114.333778
5737.725572,0.835,0.845,200,5119.177797
5619.518267,0.81,0.82,200,5123.921929
5676.864559,0.815,0.82,200,5128.707671
3136.313906,0.875,0.88,200,5133.506091
4008.893024,0.855,0.855,200,5138.241607
5648.021048,0.815,0.815,200,5143.107361
5762.19435,0.855,0.86,200,5147.912479
5652.432558,0.815,0.82,200,5152.84018
3915.953619,0.465,0.47,200,5160.155097
4284.122008,0.86,0.87,200,5165.06413
5676.697219,0.82,0.825,200,5170.035662
5597.40876,0.805,0.805,200,5174.837324
5580.932925,0.795,0.805,200,5179.588342
5704.277235,0.815,0.835,200,5184.375953
5747.582224,0.845,0.855,200,5189.246677
5653.732469,0.815,0.815,200,5194.019434
5578.378132,0.83,0.835,200,5198.744442
5752.591922,0.855,0.86,200,5203.592391
5735.632889,0.87,0.885,200,5210.432258
5744.908106,0.84,0.85,200,5215.31952
4696.879648,0.83,0.835,200,5220.146344
5692.907729,0.815,0.815,200,5225.038664
5066.889656,0.685,0.71,200,5229.829289
5656.689682,0.86,0.865,200,5234.595635
5671.48885,0.795,0.795,200,5239.467205
5680.830927,0.8,0.8,200,5244.246246
5500.92279,0.8,0.81,200,5248.966348
4763.355326,0.835,0.835,200,5253.791698
5679.836011,0.845,0.875,200,5260.996167
5134.752165,0.835,0.845,200,5265.685461
3983.829996,0.84,0.86,200,5270.434371
4942.244768,0.84,0.845,200,5275.343474
5648.122717,0.825,0.825,200,5280.222203
5605.320032,0.82,0.82,200,5285.056198
5324.024112,0.85,0.85,200,5289.895533
5750.980706,0.845,0.85,200,5294.720942
3894.812415,0.845,0.87,200,5299.519683
5594.924212,0.8,0.8,200,5304.344527
5649.671021,0.84,0.875,200,5311.40337
5743.515698,0.845,0.845,200,5316.262373
4371.735997,0.855,0.855,200,5321.01872
5734.484045,0.855,0.86,200,5325.865423
5668.505554,0.795,0.795,200,5330.604717
5713.012164,0.845,0.85,200,5335.370234
5355.280982,0.83,0.845,200,5340.105151
5650.321596,0.815,0.82,200,5344.963565
5681.03113,0.8,0.8,200,5349.77104
5754.616382,0.845,0.855,200,5354.523862
5645.479823,0.825,0.83,200,5361.590651
5717.114253,0.835,0.835,200,5366.521137
5680.290067,0.79,0.8,200,5371.394413
5759.466364,0.87,0.87,200,5376.214557
5774.416991,0.86,0.895,200,5381.018475
5677.896353,0.82,0.825,200,5385.746064
5590.899439,0.805,0.805,200,5390.607693
3403.974836,0.625,0.64,200,5395.263282
5732.750583,0.835,0.84,200,5399.99731
4618.354527,0.845,0.85,200,5404.817187
5346.909172,0.815,0.815,200,5411.866004
5769.858078,0.86,0.86,200,5416.786078
4364.714644,0.665,0.675,200,5421.561381
5737.136214,0.835,0.835,200,5426.248831
3536.895267,0.88,0.88,200,5430.902502
4288.966174,0.855,0.855,200,5435.652118
5615.863951,0.805,0.81,200,5440.403635
5736.082994,0.835,0.845,200,5445.283352
5511.197287,0.78,0.78,200,5450.060611
5685.066477,0.805,0.805,200,5454.789788
5659.203647,0.86,0.865,200,5461.624104
5496.43561,0.83,0.835,200,5466.34235
3244.815362,0.53,0.53,200,5471.10073
4736.06384,0.835,0.855,200,5475.892693
5383.578208,0.605,0.61,200,5480.720899
5696.22242,0.815,0.825,200,5485.607206
5749.147066,0.855,0.865,200,5490.46163
5742.987528,0.855,0.86,200,5495.188574
5724.652274,0.835,0.835,200,5499.932396
5717.8658,0.83,0.835,200,5504.673836
5733.179586,0.83,0.84,200,5511.822937
3759.940933,0.87,0.87,200,5516.545483
5748.288368,0.85,0.86,200,5521.260829
4573.149304,0.84,0.85,200,5526.019405
4280.014428,0.855,0.855,200,5530.917158
5660.516653,0.825,0.825,200,5535.648341
5740.336683,0.855,0.855,200,5540.400698
5614.335615,0.815,0.815,200,5545.167268
2736.023844,0.49,0.49,200,5550.023976
4654.6371,0.865,0.865,200,5554.781815
3759.335524,0.36,0.375,200,5561.867796
5571.572676,0.795,0.8,200,5566.708665
5751.123765,0.875,0.88,200,5571.400195
5722.803835,0.87,0.875,200,5576.166236
4706.817896,0.86,0.86,200,5580.97995
5656.721403,0.81,0.815,200,5585.827949
5748.930907,0.855,0.855,200,5590.510494
5594.3067,0.83,0.835,200,5595.358797
5128.582105,0.82,0.82,200,5600.175442
4799.919109,0.05,0.075,200,5604.903999
5608.5445,0.82,0.825,200,5612.096738
2606.184102,0.865,0.875,200,5616.891681
5554.148301,0.795,0.795,200,5621.760162
5648.512851,0.815,0.82,200,5626.52855
5759.073854,0.85,0.85,200,5631.270579
5683.945864,0.81,0.81,200,5636.083933
4669.367992,0.755,0.785,200,5640.802787
5674.643764,0.81,0.815,200,5645.60232
5596.924549,0.8,0.8,200,5650.479351
5685.043324,0.81,0.81,200,5655.318016
5659.120832,0.825,0.825,200,5662.145488
5684.914622,0.8,0.8,200,5666.887035
4508.810838,0.86,0.87,200,5671.601814
5681.30283,0.83,0.83,200,5676.256425
5650.119472,0.81,0.82,200,5681.028241
5763.658745,0.85,0.85,200,5685.7811
5760.960794,0.845,0.855,200,5690.504384
5670.493842,0.83,0.83,200,5695.212877
5496.255833,0.845,0.86,200,5699.923818
5653.88277,0.83,0.83,200,5704.762938
4973.315191,0.085,0.095,200,5711.800635
4160.05031,0.745,0.765,200,5716.544099
5062.513043,0.5,0.5,200,5721.310599
5754.418833,0.85,0.85,200,5726.082528
5763.277936,0.86,0.86,200,5730.781425
4807.901549,0.83,0.83,200,5735.4332
5754.791429,0.875,0.885,200,5740.291863
4809.35597,0.875,0.875,200,5745.012836
5693.075919,0.8,0.805,200,5749.903406
5541.960651,0.795,0.81,200,5754.670959
5263.364793,0.845,0.845,200,5762.050879
5737.339195,0.83,0.84,200,5766.76673
5697.438876,0.81,0.81,200,5771.543774
3486.818892,0.88,0.88,200,5776.297613
5768.924,0.86,0.86,200,5781.095842
2561.70475,0.885,0.89,200,5785.83285
5771.043339,0.865,0.865,200,5790.629084
5728.165998,0.845,0.845,200,5795.379262
5743.972346,0.86,0.865,200,5800.209477
5245.965241,0.745,0.745,200,5804.985958
5758.282782,0.85,0.865,200,5811.987426
5761.365236,0.87,0.87,200,5816.776108
5666.048545,0.825,0.835,200,5821.638949
5648.756703,0.815,0.815,200,5826.543426
5754.618015,0.85,0.85,200,5831.463554
3187.337192,0.87,0.87,200,5836.309112
5743.372858,0.84,0.845,200,5841.184657
5704.321998,0.865,0.865,200,5845.994465
5673.891205,0.805,0.805,200,5850.87764
5320.301284,0.84,0.84,200,5855.783879
3881.494901,0.87,0.87,200,5862.82529
5635.804136,0.82,0.82,200,5867.43121
5771.088189,0.865,0.865,200,5872.049763
5650.659457,0.815,0.815,200,5876.755979
5755.521318,0.84,0.855,200,5881.546044
5684.944571,0.83,0.83,200,5886.355271
5559.686029,0.805,0.805,200,5891.107938
5721.576371,0.845,0.845,200,5895.860204
5667.919459,0.825,0.825,200,5900.567791
5644.688729,0.81,0.825,200,5905.352036
4557.787051,0.865,0.875,200,5912.397837
5614.433715,0.79,0.79,200,5917.027
5753.612293,0.85,0.85,200,5921.570376
5754.599997,0.85,0.85,200,5926.255337
5637.299188,0.81,0.815,200,5931.126657
5765.14546,0.86,0.86,200,5935.861367
4454.089863,0.835,0.845,200,5940.640783
5654.070281,0.825,0.825,200,5945.266826
5752.859032,0.84,0.85,200,5950.101558
5667.571614,0.83,0.83,200,5954.710422
5691.714927,0.82,0.82,200,5961.577788
5680.151457,0.805,0.805,200,5966.398747
5492.820191,0.83,0.83,200,5971.172808
5762.718705,0.855,0.86,200,5975.921304
5749.539851,0.835,0.845,200,5980.530067
4160.512614,0.86,0.86,200,5985.36943
5574.212885,0.8,0.805,200,5990.175441
5680.657089,0.81,0.815,200,5994.803517
4661.225182,0.87,0.87,200,5999.459667
5554.450105,0.805,0.805,200,6004.157301
5582.869611,0.84,0.865,200,6011.154989
5664.5856,0.795,0.8,200,6015.772626
5546.774548,0.785,0.785,200,6020.365987
5747.619212,0.84,0.845,200,6024.993548
5680.083582,0.805,0.805,200,6029.580942
5747.358107,0.845,0.845,200,6034.30578
5513.891369,0.795,0.8,200,6039.03096
4739.000187,0.84,0.855,200,6043.789813
5619.060353,0.835,0.835,200,6048.583484
2264.131602,0.45,0.46,200,6053.329779
5665.073796,0.835,0.835,200,6060.155061
5741.430578,0.85,0.87,200,6064.707181
5611.451905,0.81,0.81,200,6069.291603
5667.660064,0.8,0.8,200,6073.968082
5597.016329,0.845,0.845,200,6078.525916
5727.074505,0.865,0.885,200,6083.172055
5754.939332,0.845,0.85,200,6088.049279
5732.582359,0.84,0.845,200,6092.796205
5032.210991,0.84,0.845,200,6097.534832
5762.058134,0.865,0.865,200,6102.072334
5691.765492,0.805,0.81,200,6108.89243
4219.26433,0.855,0.855,200,6113.600819
5688.679024,0.82,0.83,200,6118.355451
4494.633398,0.845,0.855,200,6122.996225
5766.761648,0.86,0.865,200,6127.575106
4706.055443,0.58,0.58,200,6132.193452
5704.332623,0.865,0.875,200,6136.7348
5667.655581,0.83,0.83,200,6141.401036
5747.261976,0.85,0.855,200,6145.87916
5739.251976,0.85,0.85,200,6150.500854
5647.091316,0.82,0.82,200,6157.173614
5665.497241,0.79,0.795,200,6161.796791
5720.394203,0.845,0.87,200,6166.362584
5710.835157,0.82,0.825,200,6171.126905
5661.909129,0.83,0.83,200,6175.86294
3650.32176,0.86,0.87,200,6180.594117
5558.098162,0.785,0.8,200,6185.182526
5579.995365,0.82,0.83,200,6189.823929
5688.507745,0.805,0.81,200,6194.422344
5478.595768,0.81,0.83,200,6198.923709
5595.321403,0.82,0.82,200,6205.696646
5745.813737,0.845,0.85,200,6210.254296
5664.040918,0.825,0.825,200,6214.911201
4698.531237,0.85,0.86,200,6219.588459
5655.7826,0.86,0.875,200,6224.184723
5241.910068,0.835,0.835,200,6228.811247
5498.705811,0.845,0.85,200,6233.397427
3953.376597,0.845,0.855,200,6237.906829
5674.910227,0.825,0.83,200,6242.397575
5201.123818,0.825,0.84,200,6246.816735
5768.304834,0.855,0.865,200,6253.529655
5743.973416,0.85,0.87,200,6258.121006
5682.811263,0.845,0.87,200,6262.666206
5683.195488,0.815,0.815,200,6267.382971
5736.373378,0.855,0.855,200,6271.923029
5674.006539,0.85,0.85,200,6276.472673
5744.312402,0.84,0.84,200,6281.029627
5735.11058,0.835,0.835,200,6285.650671
5768.25887,0.855,0.865,200,6290.294932
5708.996073,0.84,0.86,200,6294.903591
5689.899616,0.81,0.815,200,6301.65917
5651.235105,0.83,0.835,200,6306.248056
5678.752701,0.815,0.82,200,6310.728728
5771.302655,0.86,0.87,200,6315.209139
5677.392012,0.805,0.805,200,6319.820382
5689.3784,0.805,0.805,200,6324.407058
5695.715861,0.85,0.87,200,6329.123287
5750.811327,0.87,0.875,200,6333.618273
4510.557213,0.86,0.86,200,6338.210357
5683.826774,0.825,0.835,200,6342.897402
5174.345625,0.825,0.84,200,6349.502763
4403.502217,0.76,0.76,200,6354.185906
5527.283647,0.83,0.845,200,6358.649082
5673.641696,0.83,0.835,200,6363.222009
5726.905715,0.815,0.825,200,6367.888614
5690.746757,0.815,0.815,200,6372.388677
5540.814208,0.795,0.795,200,6376.99533
4416.398832,0.845,0.845,200,6381.597771
5404.186562,0.695,0.7,200,6386.140713
5651.818957,0.815,0.82,200,6390.823253
5689.511582,0.82,0.83,200,6397.614229
5771.674008,0.87,0.88,200,6402.123355
5685.69901,0.815,0.815,200,6406.592695
5748.379949,0.845,0.855,200,6411.000417
5655.636651,0.825,0.83,200,6415.602076
4344.788962,0.85,0.865,200,6420.133566
4454.230199,0.845,0.85,200,6424.755611
5760.593647,0.85,0.865,200,6429.375785
5749.207902,0.855,0.88,200,6433.833468
5745.387458,0.87,0.88,200,6438.395886
5649.671511,0.825,0.825,200,6445.392092
4514.158958,0.84,0.85,200,6450.191203
4919.195266,0.865,0.865,200,6454.904493
3917.678829,0.585,0.59,200,6459.475228
5686.55534,0.8,0.805,200,6464.010538
5764.535099,0.86,0.865,200,6468.716281
3735.545863,0.87,0.87,200,6473.426465
5683.833422,0.82,0.83,200,6478.145785
5728.869951,0.835,0.835,200,6482.742736
4399.079595,0.865,0.865,200,6487.416336
5717.607892,0.86,0.87,200,6494.304451
5398.091824,0.825,0.825,200,6498.840788
5609.569384,0.83,0.845,200,6503.456004
5697.684163,0.83,0.83,200,6508.10184
4543.350626,0.845,0.86,200,6512.559568
4905.217992,0.84,0.845,200,6517.071048
5759.217725,0.845,0.845,200,6521.742191
5768.898555,0.865,0.87,200,6526.384887
5754.115337,0.855,0.855,200,6531.096949
5024.09075,0.84,0.845,200,6535.648734
5752.619037,0.85,0.855,200,6542.254351
5742.221858,0.845,0.845,200,6546.964902
5654.840021,0.825,0.825,200,6551.763726
5734.123812,0.845,0.85,200,6556.28105
5624.802443,0.815,0.815,200,6561.065666
5675.163915,0.825,0.825,200,6565.655982
4815.283722,0.835,0.855,200,6570.44279
5753.015163,0.855,0.86,200,6575.137599
5748.668767,0.85,0.875,200,6579.76181
5641.354122,0.855,0.86,200,6584.289252
5714.4451,0.85,0.85,200,6590.946046
4453.989765,0.855,0.855,200,6595.551851
5689.713951,0.81,0.81,200,6600.159721
4659.404507,0.87,0.87,200,6604.685981
5685.274588,0.83,0.835,200,6609.326858
5652.385396,0.84,0.84,200,6613.981235
5629.493163,0.81,0.81,200,6618.80398
4488.057511,0.7,0.7,200,6623.410647
5697.45433,0.855,0.865,200,6627.876227
5681.531844,0.825,0.825,200,6632.376474
5682.863591,0.795,0.795,200,6639.198828
5718.917148,0.835,0.84,200,6643.778551
5745.405556,0.845,0.845,200,6648.413861
4068.937275,0.6,0.6,200,6653.055537
5616.928879,0.84,0.845,200,6657.69529
5762.561537,0.855,0.855,200,6662.321512
5732.73854,0.845,0.845,200,6666.973334
5553.168487,0.79,0.795,200,6671.582309
5663.401036,0.81,0.81,200,6676.183328
5686.725122,0.825,0.825,200,6680.679255
5748.828382,0.845,0.845,200,6687.500284
5744.9637,0.845,0.845,200,6692.103497
5777.74517,0.87,0.875,200,6696.664513
4817.166997,0.84,0.845,200,6701.247753
5599.527259,0.81,0.81,200,6705.695805
5659.757572,0.825,0.825,200,6710.224944
5742.607146,0.845,0.855,200,6714.954927
5195.561703,0.85,0.85,200,6719.472396
5702.639186,0.84,0.84,200,6724.149868
5745.510355,0.845,0.845,200,6728.638574
5761.140708,0.855,0.855,200,6735.469058
5047.72085,0.85,0.85,200,6739.945294
5717.404275,0.85,0.865,200,6744.502584
5715.046495,0.83,0.84,200,6749.18872
5252.757985,0.85,0.85,200,6753.868207
4535.223738,0.84,0.85,200,6758.540434
5517.080658,0.835,0.84,200,6763.323589
3757.048928,0.875,0.875,200,6767.945659
5748.366399,0.86,0.88,200,6772.512012
3415.604963,0.875,0.875,200,6777.167352
5677.41706,0.82,0.825,200,6784.023477
4427.462382,0.875,0.875,200,6788.600516
5760.401929,0.865,0.865,200,6793.476584
2549.424824,0.26,0.26,200,6798.161286
5770.991079,0.85,0.86,200,6802.809844
4227.283528,0.875,0.875,200,6807.4691
5683.260203,0.825,0.84,200,6812.15231
5694.907771,0.815,0.82,200,6816.796848
5644.883532,0.81,0.82,200,6821.516992
5682.646695,0.8,0.8,200,6825.843614
5725.679188,0.85,0.875,200,6832.439365
5055.577184,0.845,0.845,200,6836.963468
5681.632959,0.795,0.81,200,6841.596292
5757.681109,0.85,0.855,200,6846.126779
5673.733652,0.845,0.845,200,6850.762407
5682.572541,0.825,0.825,200,6855.303906
5696.127045,0.825,0.835,200,6859.813416
3858.054198,0.735,0.735,200,6864.473942
5743.210879,0.865,0.87,200,6869.151699
5674.068789,0.795,0.795,200,6873.693201
4995.209887,0.665,0.68,200,6880.679684
5644.890874,0.845,0.845,200,6885.361299
5716.016013,0.83,0.845,200,6889.815762
5599.809454,0.795,0.81,200,6894.513026
5520.391606,0.83,0.835,200,6898.91825
5677.152068,0.8,0.8,200,6903.517473
5743.798173,0.865,0.885,200,6908.013891
5680.573103,0.825,0.825,200,6912.508485
5714.641636,0.845,0.86,200,6916.914488
5692.595189,0.8,0.815,200,6921.491062
5340.109,0.69,0.69,200,6927.937126
5606.541298,0.805,0.81,200,6932.09716
5751.209191,0.88,0.88,200,6936.559012
5672.869265,0.82,0.83,200,6940.935748
4757.498332,0.83,0.845,200,6945.450854
5453.090893,0.82,0.825,200,6949.994313
5762.723817,0.855,0.865,200,6954.509106
5754.424953,0.85,0.855,200,6958.911598
5736.939951,0.845,0.845,200,6963.364081
5768.341492,0.86,0.86,200,6968.063623
5627.176356,0.835,0.835,200,6974.734871
5713.960686,0.83,0.835,200,6979.451601
5686.023076,0.83,0.83,200,6984.061414
5686.540286,0.86,0.87,200,6988.688075
5765.408401,0.855,0.88,200,6993.15814
5679.798962,0.8,0.8,200,6997.793436
4182.218469,0.605,0.61,200,7002.393297
5688.540612,0.81,0.81,200,7006.836759
5723.663209,0.845,0.845,200,7011.345598
5670.033412,0.815,0.825,200,7015.803431
5743.825303,0.845,0.845,200,7022.525348
5653.81755,0.785,0.785,200,7027.284589
5749.641249,0.87,0.88,200,7031.899819
4393.973677,0.67,0.695,200,7036.461849
4215.028056,0.63,0.64,200,7040.947934
5645.764571,0.815,0.815,200,7045.409065
4461.535712,0.855,0.855,200,7050.058697
3881.976218,0.865,0.87,200,7054.681893
5735.561162,0.84,0.84,200,7059.161702
4937.482719,0.85,0.85,200,7063.775635
5592.128611,0.8,0.81,200,7070.652201
5601.462374,0.815,0.815,200,7075.318273
5760.046015,0.855,0.86,200,7079.938397
3889.034102,0.87,0.87,200,7084.564723
5670.660535,0.83,0.83,200,7089.243563
4750.020669,0.53,0.53,200,7093.888461
5665.190418,0.84,0.84,200,7098.47174
5594.387751,0.8,0.8,200,7103.093194
5737.215142,0.84,0.845,200,7107.796739
4022.659934,0.865,0.865,200,7112.6069
3549.296564,0.865,0.865,200,7119.324783
5696.626609,0.82,0.82,200,7123.917412
5766.871524,0.86,0.86,200,7128.594869
5632.762161,0.81,0.815,200,7133.32854
4642.612807,0.715,0.73,200,7137.944908
5558.53379,0.795,0.795,200,7142.515344
5621.784579,0.825,0.825,200,7147.347696
5749.376211,0.845,0.85,200,7152.041408
5582.277493,0.835,0.86,200,7156.713661
5630.169227,0.82,0.825,200,7161.433616
5731.189918,0.84,0.865,200,7168.390041
4243.435188,0.865,0.865,200,7173.053427
5757.598515,0.845,0.855,200,7177.64141
5645.902338,0.825,0.825,200,7182.300731
5753.335587,0.845,0.85,200,7187.002478
5745.74318,0.845,0.85,200,7191.733088
5730.125836,0.85,0.875,200,7196.457539
5733.932675,0.835,0.845,200,7201.143437
5522.560797,0.845,0.87,200,7205.83586
5773.868843,0.89,0.89,200,7210.464293
5666.773248,0.79,0.79,200,7217.024554
5688.960128,0.805,0.805,200,7221.521671
5694.160339,0.84,0.84,200,7226.042858
5733.27714,0.845,0.85,200,7230.651186
4273.77401,0.865,0.865,200,7235.122502
4742.736754,0.845,0.855,200,7239.602272
5745.442042,0.85,0.85,200,7244.15744
5661.50195,0.825,0.83,200,7248.691506
5751.221269,0.855,0.855,200,7253.169626
5572.802504,0.835,0.835,200,7257.774124
5735.859024,0.84,0.845,200,7264.567899
5331.549044,0.845,0.845,200,7269.376065
5670.268596,0.835,0.835,200,7274.023841
5729.210857,0.845,0.845,200,7278.589394
5556.027656,0.79,0.8,200,7283.291028
3120.822035,0.865,0.865,200,7287.734377
4701.062387,0.615,0.615,200,7292.250797
4775.239656,0.865,0.865,200,7296.791467
4688.947136,0.86,0.86,200,7301.313811
4630.660159,0.86,0.86,200,7305.962031
5515.914867,0.84,0.85,200,7312.901672
4777.824245,0.86,0.86,200,7317.647098
5704.69284,0.825,0.83,200,7322.433819
5711.009956,0.83,0.835,200,7327.121382
4829.758464,0.855,0.855,200,7331.676672
5751.721405,0.87,0.87,200,7336.390421
5347.967,0.87,0.885,200,7340.867279
5672.574028,0.83,0.83,200,7345.70891
4804.099645,0.87,0.87,200,7350.532398
5726.796399,0.845,0.845,200,7355.243841
5644.927726,0.81,0.815,200,7362.271161
4403.522646,0.86,0.86,200,7367.087516
4584.260838,0.845,0.845,200,7371.857217
5659.728817,0.835,0.845,200,7376.64571
5765.018515,0.86,0.86,200,7381.35233
5657.612772,0.845,0.87,200,7386.120012
5727.718414,0.87,0.885,200,7390.571655
5759.948812,0.855,0.855,200,7395.230458
5726.921888,0.86,0.865,200,7399.869222
5735.572893,0.835,0.84,200,7404.519314
4461.622168,0.865,0.865,200,7411.272669
5681.552737,0.805,0.805,200,7415.834385
5543.93233,0.785,0.795,200,7420.426508
4792.558019,0.835,0.845,200,7424.958976
5767.39041,0.85,0.855,200,7429.471014
5767.387147,0.85,0.855,200,7434.125668
5658.923379,0.83,0.83,200,7438.688208
5354.969496,0.81,0.835,200,7443.258204
5767.950718,0.865,0.875,200,7447.920045
3079.274793,0.65,0.66,200,7452.602721
4976.561868,0.84,0.855,200,7459.142281
5766.804759,0.865,0.865,200,7463.72674
4255.289236,0.855,0.86,200,7468.330748
5754.077402,0.845,0.855,200,7472.843683
5758.331376,0.84,0.85,200,7477.347875
5740.719034,0.855,0.855,200,7481.909495
4528.431854,0.855,0.855,200,7486.494743
5679.235914,0.8,0.805,200,7491.084617
5754.438441,0.83,0.845,200,7495.656995
5731.228651,0.85,0.855,200,7500.331046
4408.357063,0.85,0.865,200,7507.101187
4467.5621,0.84,0.855,200,7511.710657
5566.992234,0.79,0.805,200,7516.284364
5579.086445,0.795,0.805,200,7521.010458
5584.356146,0.795,0.795,200,7525.582906
5701.295943,0.865,0.865,200,7530.257892
5735.019615,0.83,0.835,200,7534.880826
5758.136143,0.85,0.855,200,7539.40533
5787.629441,0.86,0.875,200,7543.983701
5767.446159,0.865,0.88,200,7548.666534
5773.526132,0.865,0.875,200,7555.723416
5623.740412,0.82,0.82,200,7560.286791
5479.412723,0.825,0.845,200,7564.700974
5408.153955,0.82,0.825,200,7569.284026
5767.655552,0.85,0.855,200,7573.837787
5767.964874,0.86,0.86,200,7578.250489
5753.356644,0.845,0.845,200,7582.939916
5665.793156,0.815,0.825,200,7587.459095
5785.215556,0.88,0.885,200,7592.241566
5767.352713,0.855,0.855,200,7596.829283
5725.602677,0.84,0.85,200,7603.632679
5778.909686,0.865,0.87,200,7608.122373
5680.036659,0.83,0.835,200,7612.650203
5669.195884,0.83,0.83,200,7617.1611
5783.835021,0.87,0.88,200,7621.735582
5692.606385,0.83,0.83,200,7626.112549
4001.002626,0.88,0.88,200,7630.578074
5686.404797,0.825,0.83,200,7635.049329
5764.125992,0.85,0.855,200,7639.68616
4589.939017,0.855,0.865,200,7644.337166
5699.100225,0.82,0.82,200,7651.12928
5765.231053,0.86,0.86,200,7655.790332
5726.927078,0.86,0.86,200,7660.390896
5514.542544,0.855,0.875,200,7664.91943
5699.035146,0.815,0.815,200,7669.462314
5659.47618,0.82,0.82,200,7674.091164
5676.778923,0.815,0.815,200,7678.611097
5681.977339,0.805,0.805,200,7683.198198
5590.946593,0.79,0.795,200,7687.888771
5673.624684,0.79,0.795,200,7692.618749
5642.699996,0.83,0.835,200,7699.652117
5731.470377,0.845,0.845,200,7704.427724
5654.227021,0.83,0.83,200,7709.150197
5000.038773,0.84,0.845,200,7713.566261
5693.271221,0.855,0.865,200,7718.17141
5723.087515,0.835,0.84,200,7722.800794
5668.882745,0.815,0.82,200,7727.292391
5668.85086,0.83,0.835,200,7731.884609
5504.186122,0.83,0.84,200,7736.461088
5756.605954,0.845,0.845,200,7741.064969
5754.832743,0.84,0.845,200,7748.066373
5727.777752,0.835,0.835,200,7752.588223
4507.659305,0.855,0.855,200,7757.19662
5699.494007,0.815,0.82,200,7761.754882
5594.676627,0.85,0.86,200,7766.313738
5639.714235,0.855,0.87,200,7770.846665
5626.556144,0.82,0.825,200,7775.445944
5759.070359,0.865,0.87,200,7780.070806
5752.895282,0.865,0.885,200,7784.650261
5674.540512,0.83,0.835,200,7789.228724
5743.823279,0.855,0.875,200,7795.935403
5678.907335,0.84,0.84,200,7800.668105
5568.160114,0.805,0.805,200,7805.25826
5644.867791,0.82,0.825,200,7809.855562
5731.320562,0.86,0.865,200,7814.43035
5706.082696,0.825,0.825,200,7819.023834
3547.789942,0.765,0.77,200,7823.665877
5714.347767,0.83,0.84,200,7828.256983
4822.4813,0.85,0.85,200,7832.956214
4157.477385,0.875,0.875,200,7837.564428
5222.086354,0.815,0.85,200,7844.477772
5680.616774,0.815,0.815,200,7849.12954
5749.084598,0.835,0.845,200,7853.765616
5748.097638,0.835,0.84,200,7858.449622
5571.389376,0.795,0.805,200,7862.994786
5677.349821,0.81,0.815,200,7867.625395
4818.331912,0.68,0.705,200,7872.350768
5636.851003,0.865,0.88,200,7877.034822
5751.359152,0.85,0.85,200,7881.722466
4523.60088,0.86,0.86,200,7886.331578
5529.343163,0.8,0.805,200,7893.139998
5779.906505,0.88,0.885,200,7897.665901
5691.224726,0.85,0.875,200,7902.36823
5686.931918,0.835,0.835,200,7906.995766
5739.215365,0.835,0.845,200,7911.794258
4868.934751,0.865,0.865,200,7916.505146
5354.919836,0.84,0.845,200,7921.126751
5646.525059,0.81,0.81,200,7925.79861
5748.925383,0.845,0.845,200,7930.44174
5761.019942,0.855,0.86,200,7935.046073
5568.854802,0.805,0.805,200,7941.687626
5764.73967,0.855,0.86,200,7946.36921
5699.066263,0.825,0.825,200,7951.093542
5594.505842,0.815,0.815,200,7955.621641
5760.029826,0.855,0.865,200,7960.105577
5733.563572,0.845,0.845,200,7964.715134
5715.593209,0.865,0.87,200,7969.4166
5606.154975,0.815,0.84,200,7974.051016
5208.110991,0.86,0.87,200,7978.556018
5703.52885,0.82,0.82,200,7983.182722
5750.089026,0.84,0.845,200,7989.899341
5741.892459,0.84,0.845,200,7994.410286
5741.450619,0.875,0.875,200,7999.033281
5692.010783,0.82,0.825,200,8003.633724
5594.767359,0.835,0.84,200,8008.46768
5713.058077,0.855,0.86,200,8013.147699
5731.504346,0.855,0.88,200,8017.659225
5742.160665,0.845,0.86,200,8022.174451
5770.915668,0.845,0.86,200,8026.823737
5767.602848,0.865,0.87,200,8031.422815
5694.098514,0.825,0.83,200,8038.350365
5728.485594,0.85,0.86,200,8043.019283
5666.867444,0.79,0.79,200,8047.715684
4314.497837,0.845,0.865,200,8052.441889
5714.444418,0.865,0.87,200,8057.14976
5659.215364,0.855,0.875,200,8061.862085
5549.756823,0.855,0.865,200,8066.494699
5749.549568,0.84,0.845,200,8070.994616
5773.266607,0.855,0.86,200,8075.553536
5687.17918,0.825,0.83,200,8080.115251
4771.153902,0.845,0.855,200,8086.921461
5697.064376,0.835,0.835,200,8091.588893
5663.14709,0.835,0.835,200,8096.189002
3492.226478,0.875,0.875,200,8100.804948
5685.849014,0.83,0.84,200,8105.553042
5693.498124,0.82,0.82,200,8110.199863
5700.435581,0.815,0.815,200,8114.774728
5728.715891,0.83,0.845,200,8119.33786
5701.657536,0.825,0.83,200,8123.988445
5755.528429,0.835,0.845,200,8128.629621
5750.941307,0.855,0.855,200,8135.383228
5757.682581,0.855,0.87,200,8140.09183
5704.843441,0.845,0.845,200,8144.809889
5650.326226,0.825,0.83,200,8149.341113
5766.519168,0.85,0.855,200,8154.047381
4745.406155,0.705,0.71,200,8158.580649
4856.658996,0.84,0.845,200,8163.337482
3396.056087,0.88,0.885,200,8167.964822
5767.125956,0.88,0.885,200,8172.505569
5676.770179,0.845,0.86,200,8177.190995
4159.854254,0.865,0.865,200,8184.035567
5622.183617,0.84,0.845,200,8188.809883
5622.508152,0.81,0.815,200,8193.403768
5761.722037,0.85,0.855,200,8198.080057
5663.057944,0.815,0.815,200,8202.851
4319.152079,0.845,0.86,200,8207.642113
5160.972325,0.845,0.85,200,8212.22514
5670.742771,0.835,0.835,200,8217.012905
5507.359515,0.845,0.85,200,8221.809199
5758.801252,0.85,0.85,200,8226.432081
5287.221726,0.835,0.85,200,8233.370576
5005.178225,0.835,0.855,200,8238.173176
5014.856303,0.83,0.85,200,8242.864228
5543.029116,0.755,0.765,200,8247.520288
5751.750195,0.85,0.85,200,8252.251942
5753.065426,0.86,0.875,200,8256.965312
5697.89848,0.82,0.82,200,8261.585509
4631.769934,0.84,0.855,200,8266.248149
5748.972105,0.845,0.845,200,8271.014814
5645.634315,0.83,0.83,200,8275.70743
5568.074746,0.81,0.81,200,8282.652694
5174.82225,0.865,0.87,200,8287.344981
4641.537933,0.845,0.86,200,8292.238944
5721.796015,0.82,0.84,200,8297.072163
5768.430112,0.86,0.865,200,8301.688473
4921.463174,0.85,0.86,200,8306.445737
5681.59295,0.83,0.83,200,8311.1043
5649.275913,0.805,0.805,200,8315.878324
5429.161403,0.84,0.85,200,8320.593039
5772.87463,0.86,0.87,200,8325.210137
5734.929125,0.865,0.88,200,8331.876498
5724.526553,0.845,0.845,200,8336.358134
5751.365359,0.84,0.86,200,8340.881835
5673.895004,0.83,0.83,200,8345.500953
5742.226717,0.835,0.845,200,8350.108615
5724.377916,0.865,0.875,200,8354.801159
5704.477591,0.86,0.86,200,8359.359703
5676.665524,0.84,0.84,200,8363.970166
5759.909787,0.85,0.85,200,8368.698702
5743.702928,0.855,0.86,200,8373.374271
5767.749255,0.855,0.86,200,8380.224827
5648.959429,0.835,0.835,200,8384.927043
5736.158824,0.88,0.88,200,8389.614654
5689.662734,0.805,0.805,200,8394.185704
5671.866264,0.82,0.82,200,8398.708212
5686.273307,0.835,0.835,200,8403.319603
4699.806377,0.85,0.865,200,8408.026554
3755.987668,0.32,0.355,200,8412.648627
5769.405627,0.86,0.875,200,8417.312845
5761.782972,0.845,0.855,200,8422.099994
5663.778554,0.84,0.84,200,8429.02663
4984.185855,0.845,0.845,200,8433.601472
5691.902412,0.815,0.815,200,8438.291437
5643.063278,0.81,0.81,200,8442.927118
5755.421924,0.835,0.85,200,8447.567882
5680.029442,0.82,0.82,200,8452.217981
5752.749454,0.87,0.89,200,8456.76672
5739.527467,0.845,0.855,200,8461.436219
5090.739252,0.835,0.84,200,8466.116214
4697.180424,0.85,0.85,200,8470.73112
5753.144022,0.84,0.85,200,8477.803344
4925.263179,0.87,0.87,200,8482.559678
5583.791572,0.8,0.81,200,8487.288118
5023.477201,0.835,0.845,200,8491.871424
5691.206719,0.83,0.835,200,8496.523868
5678.592954,0.805,0.805,200,8501.210587
4896.788606,0.83,0.85,200,8505.880057
5744.55813,0.85,0.85,200,8510.513179
4556.500853,0.845,0.85,200,8515.265076
5750.311364,0.845,0.845,200,8520.028051
5760.69888,0.85,0.86,200,8526.750308
5428.031361,0.865,0.885,200,8531.457388
5686.265402,0.82,0.82,200,8536.1293
4700.549901,0.84,0.855,200,8540.683741
5672.083478,0.84,0.845,200,8545.3376
5646.976176,0.815,0.815,200,8550.028771
5640.384312,0.835,0.835,200,8554.63502
5025.094303,0.845,0.85,200,8559.304812
5187.389534,0.825,0.855,200,8564.024424
5653.869325,0.83,0.84,200,8568.593574
5732.635223,0.85,0.86,200,8575.517452
5747.872565,0.85,0.85,200,8580.150654
5591.55565,0.845,0.845,200,8584.630457
5657.971294,0.83,0.835,200,8589.216297
5550.121949,0.785,0.795,200,8593.860454
5695.000825,0.825,0.825,200,8598.468409
4902.021409,0.66,0.695,200,8603.141144
5680.878132,0.815,0.82,200,8607.762747
5661.514873,0.84,0.84,200,8612.495433
5766.497424,0.86,0.87,200,8617.200587
4694.862894,0.85,0.85,200,8624.070298
5657.869731,0.83,0.83,200,8628.656179
4951.4191,0.84,0.84,200,8633.316741
5719.451322,0.87,0.88,200,8638.006012
5789.800277,0.865,0.88,200,8642.637589
5648.897372,0.81,0.82,200,8647.369199
5656.898722,0.815,0.815,200,8651.991512
5757.950798,0.865,0.865,200,8656.557777
5717.564404,0.835,0.835,200,8661.366131
5260.182273,0.83,0.83,200,8666.005862
5687.400773,0.815,0.82,200,8672.999956
5721.548996,0.835,0.835,200,8677.613289
5777.177525,0.855,0.865,200,8682.20857
5744.856286,0.84,0.85,200,8686.837934
5758.527058,0.85,0.865,200,8691.51206
5587.440354,0.78,0.79,200,8696.07797
4665.816788,0.84,0.85,200,8700.617756
4908.695495,0.835,0.845,200,8705.301709
5620.206193,0.83,0.83,200,8709.895731
5774.104049,0.86,0.87,200,8714.480618
4965.882442,0.86,0.86,200,8721.45751
4435.963504,0.475,0.485,200,8726.22403
5773.57279,0.855,0.865,200,8730.940979
5732.189394,0.83,0.84,200,8735.539798
5691.957148,0.83,0.83,200,8740.270354
5751.913248,0.835,0.845,200,8744.840773
5771.02632,0.865,0.875,200,8749.439057
5758.133404,0.865,0.89,200,8754.041092
5760.819771,0.845,0.87,200,8758.73619
5683.035679,0.8,0.805,200,8763.369142
4709.673934,0.85,0.85,200,8770.197096
5745.350532,0.845,0.85,200,8774.930174
5768.821566,0.86,0.86,200,8779.633682
5669.822418,0.84,0.86,200,8784.321638
5699.225112,0.83,0.83,200,8789.046172
5685.592378,0.84,0.84,200,8793.714645
4595.667513,0.845,0.855,200,8798.585734
5776.626538,0.85,0.865,200,8803.287758
5742.031184,0.84,0.84,200,8807.953379
5660.453654,0.81,0.825,200,8812.762876
5680.78551,0.825,0.83,200,8819.551881
4494.038994,0.445,0.48,200,8824.250175
5717.375629,0.845,0.845,200,8828.905068
4947.042954,0.85,0.85,200,8833.721593
5743.25778,0.83,0.84,200,8838.445938
5715.101656,0.855,0.855,200,8843.087058
5608.440145,0.8,0.81,200,8847.757515
5679.086551,0.845,0.845,200,8852.344481
5708.925075,0.855,0.88,200,8856.852563
5711.743907,0.825,0.825,200,8861.453992
5696.362753,0.825,0.83,200,8868.40651
5769.33822,0.875,0.88,200,8873.203293
5697.771635,0.825,0.825,200,8877.927158
4186.802498,0.86,0.86,200,8882.388769
5760.07938,0.845,0.85,200,8886.935998
5765.519676,0.86,0.865,200,8891.55097
5757.210993,0.845,0.845,200,8896.12457
5764.064319,0.85,0.855,200,8900.802856
4491.757906,0.87,0.87,200,8905.331136
5743.674428,0.835,0.845,200,8909.851272
5667.833616,0.84,0.84,200,8916.643351
5675.155774,0.845,0.85,200,8921.303741
5053.782904,0.845,0.85,200,8925.899349
5599.658485,0.795,0.805,200,8930.619682
5549.734244,0.8,0.8,200,8935.332547
5767.568041,0.855,0.87,200,8939.989478
5640.684716,0.815,0.82,200,8944.628281
5670.77004,0.83,0.83,200,8949.115876
5737.332024,0.845,0.845,200,8953.800206
5627.004739,0.8,0.82,200,8958.222527
4582.313505,0.84,0.855,200,8965.18711
4547.735446,0.84,0.86,200,8969.862945
5767.250542,0.86,0.87,200,8974.511947
5569.166083,0.855,0.87,200,8979.0053
5769.794605,0.85,0.86,200,8983.385659
4103.569427,0.71,0.72,200,8987.863542
5635.421495,0.84,0.84,200,8992.271776
5756.074502,0.855,0.865,200,8996.715432
5696.597147,0.84,0.84,200,9001.120838
4225.174342,0.61,0.64,200,9005.604925
5758.766486,0.865,0.875,200,9012.165549
4784.378992,0.865,0.865,200,9016.86293
4228.945417,0.86,0.885,200,9021.193419
5200.789766,0.83,0.85,200,9025.66011
5758.155156,0.86,0.86,200,9029.992254
5681.307522,0.83,0.83,200,9034.422724
5669.570321,0.825,0.825,200,9039.129702
5736.97427,0.83,0.835,200,9043.819262
4851.303321,0.865,0.865,200,9048.331884
5695.136574,0.81,0.81,200,9052.874284
5763.495431,0.845,0.87,200,9059.558084
5684.036807,0.79,0.795,200,9064.288316
5710.921814,0.825,0.825,200,9068.881239
5681.286729,0.8,0.8,200,9073.43585
5055.817313,0.835,0.855,200,9078.113678
5170.762728,0.84,0.845,200,9082.743577
4400.247316,0.48,0.485,200,9087.448781
5574.846537,0.79,0.79,200,9092.155778
5663.662861,0.815,0.82,200,9096.772651
5694.158223,0.815,0.83,200,9101.373746
5637.386985,0.865,0.88,200,9108.213154
5696.884641,0.825,0.845,200,9112.953583
5685.650463,0.8,0.8,200,9117.683889
5734.675506,0.835,0.835,200,9122.300368
4845.588461,0.845,0.85,200,9126.923338
5691.468223,0.88,0.895,200,9131.585054
4561.958517,0.865,0.865,200,9136.208321
5748.328911,0.845,0.845,200,9140.76139
4610.858128,0.865,0.865,200,9145.39895
5685.48034,0.82,0.82,200,9149.999468
5026.885317,0.87,0.87,200,9156.788702
5745.319224,0.85,0.85,200,9161.228779
3776.090335,0.345,0.365,200,9165.643831
5763.266158,0.84,0.86,200,9170.207499
5754.607545,0.85,0.85,200,9174.79163
5685.816989,0.855,0.865,200,9179.337019
5518.186029,0.835,0.84,200,9184.023056
5680.9275,0.805,0.805,200,9188.600622
5792.916899,0.88,0.88,200,9193.354426
5701.14464,0.85,0.87,200,9198.017972
5694.490816,0.835,0.84,200,9204.77908
3248.300491,0.88,0.88,200,9209.382885
5734.377014,0.85,0.85,200,9214.025286
5653.350486,0.825,0.825,200,9218.798986
5725.05985,0.85,0.85,200,9223.392713
4790.845501,0.845,0.855,200,9227.97867
5357.318752,0.86,0.865,200,9232.583668
5659.263415,0.84,0.84,200,9237.053055
5735.879135,0.855,0.885,200,9241.65794
5662.457334,0.83,0.835,200,9246.243039
5661.420166,0.835,0.84,200,9252.961201
5696.8933,0.81,0.81,200,9257.619714
4532.568109,0.865,0.865,200,9262.200339
4397.859144,0.875,0.875,200,9266.781502
5770.091987,0.86,0.865,200,9271.233956
5687.547904,0.82,0.835,200,9275.791316
5550.974199,0.8,0.8,200,9280.389532
5721.012037,0.845,0.845,200,9285.120676
5723.175473,0.825,0.845,200,9289.665637
5647.428805,0.86,0.88,200,9294.167807
5702.213058,0.82,0.82,200,9300.957829
5374.743062,0.795,0.795,200,9305.600581
3958.166741,0.535,0.535,200,9310.194045
5302.008454,0.84,0.84,200,9314.923294
5621.252073,0.8,0.815,200,9319.426985
5721.616885,0.84,0.84,200,9323.849638
5774.477228,0.87,0.875,200,9328.369901
5683.28073,0.83,0.83,200,9332.994653
5687.232244,0.81,0.81,200,9337.608092
5763.353745,0.85,0.855,200,9342.210249
5660.228739,0.83,0.84,200,9349.202714
4379.658828,0.855,0.865,200,9353.913749
3989.928373,0.87,0.87,200,9358.595127
4203.577545,0.875,0.875,200,9363.041275
5150.369039,0.835,0.85,200,9367.533622
5721.220718,0.84,0.845,200,9372.181238
5755.099851,0.875,0.88,200,9376.882684
5445.265108,0.835,0.855,200,9381.606216
5584.443905,0.82,0.825,200,9386.285539
5699.436725,0.815,0.815,200,9390.971761
5676.995028,0.835,0.84,200,9397.910324
5715.177895,0.825,0.835,200,9402.621659
5671.464983,0.815,0.825,200,9407.244165
5646.147573,0.825,0.825,200,9411.96311
4445.00907,0.86,0.88,200,9416.624603
5737.145583,0.84,0.845,200,9421.116523
5762.942747,0.855,0.855,200,9425.784589
5746.712536,0.83,0.855,200,9430.249739
4760.217067,0.72,0.725,200,9434.793314
5595.138241,0.845,0.845,200,9439.504635
5710.805931,0.825,0.83,200,9446.038904
5720.952615,0.83,0.84,200,9450.705955
5421.155831,0.835,0.835,200,9455.461852
5777.963643,0.865,0.87,200,9460.123994
5674.504247,0.825,0.835,200,9464.888321
4187.363627,0.865,0.865,200,9469.567158
5593.003909,0.8,0.805,200,9474.176605
5691.620717,0.825,0.825,200,9478.935344
5673.061789,0.82,0.82,200,9483.708633
5662.639788,0.81,0.815,200,9488.526614
5692.885355,0.83,0.83,200,9495.451564
5756.087171,0.88,0.88,200,9500.221533
5699.181295,0.825,0.825,200,9505.079207
5706.181756,0.82,0.82,200,9509.888076
4532.530826,0.85,0.86,200,9514.575865
5666.423152,0.83,0.83,200,9519.239312
5701.553137,0.835,0.835,200,9523.803489
5543.097588,0.845,0.845,200,9528.423759
5730.467281,0.835,0.84,200,9533.155603
5670.804611,0.8,0.8,200,9537.970943
5709.10804,0.86,0.875,200,9545.051578
5683.111733,0.795,0.795,200,9549.63851
5767.170364,0.86,0.86,200,9554.346936
5698.928261,0.83,0.83,200,9559.110377
4596.718052,0.845,0.855,200,9563.696198
5664.477624,0.83,0.835,200,9568.285471
5703.790913,0.825,0.825,200,9572.939273
4898.570847,0.83,0.855,200,9577.438153
5788.882759,0.875,0.88,200,9581.981043
5743.782072,0.845,0.85,200,9586.704252
5130.96337,0.845,0.855,200,9593.617332
5734.112851,0.845,0.85,200,9598.297446
5643.069847,0.86,0.87,200,9602.977944
5669.658964,0.84,0.84,200,9607.624641
5586.577447,0.845,0.85,200,9612.342113
4142.579321,0.365,0.365,200,9616.909004
5206.960923,0.53,0.535,200,9621.483769
5695.163353,0.83,0.83,200,9626.044435
5443.354603,0.72,0.735,200,9630.606858
5771.30887,0.855,0.875,200,9635.20765
5636.681004,0.82,0.82,200,9641.88154
5751.572331,0.845,0.845,200,9646.331573
4680.04088,0.86,0.86,200,9650.775549
5721.670106,0.845,0.845,200,9655.440399
5608.010999,0.81,0.81,200,9660.142163
4948.970859,0.84,0.845,200,9664.740459
5686.719848,0.82,0.82,200,9669.332494
5760.061822,0.85,0.86,200,9673.958698
5498.262621,0.83,0.83,200,9678.640297
5691.891233,0.805,0.815,200,9683.416739
5655.401582,0.81,0.81,200,9690.454265
3246.265593,0.885,0.89,200,9694.937557
5689.964328,0.825,0.825,200,9699.414218
5699.575818,0.86,0.88,200,9703.876582
5754.005052,0.855,0.855,200,9708.588066
5724.179404,0.855,0.865,200,9713.239079
5709.150895,0.84,0.84,200,9718.0283
5706.598372,0.83,0.835,200,9722.75983
4674.085324,0.875,0.875,200,9727.429625
5768.550444,0.845,0.865,200,9732.123523
5664.483768,0.865,0.865,200,9738.896731
5681.752116,0.835,0.835,200,9743.498404
5686.080767,0.835,0.835,200,9748.006339
5763.397362,0.87,0.87,200,9752.517338
3868.33999,0.86,0.87,200,9756.960115
5620.650121,0.81,0.81,200,9761.489068
4581.111648,0.85,0.85,200,9766.02491
5708.656222,0.82,0.82,200,9770.730499
3510.147563,0.555,0.555,200,9775.150052
5541.898362,0.785,0.79,200,9779.669207
5779.29612,0.855,0.87,200,9786.404635
5599.099458,0.815,0.815,200,9791.013642
5767.246943,0.855,0.865,200,9795.361068
5772.71722,0.865,0.865,200,9799.645192
5708.853021,0.84,0.84,200,9803.968131
5771.622607,0.845,0.855,200,9808.413978
4440.846905,0.85,0.855,200,9812.77806
5767.86521,0.855,0.865,200,9817.276183
5722.190525,0.87,0.875,200,9821.873595
5758.666853,0.845,0.85,200,9826.423183
5672.090411,0.81,0.81,200,9833.217608
5400.108736,0.835,0.835,200,9837.519445
5550.109575,0.845,0.87,200,9842.063788
5737.915208,0.84,0.84,200,9846.32738
3947.466949,0.72,0.755,200,9850.684489
4781.288063,0.86,0.86,200,9855.177435
5732.661805,0.85,0.86,200,9859.727445
5610.184576,0.835,0.835,200,9864.41612
5770.803944,0.86,0.865,200,9868.864207
5711.445724,0.83,0.835,200,9873.480156
5236.630584,0.695,0.71,200,9880.343582
5641.123618,0.845,0.845,200,9884.876038
5700.879386,0.83,0.83,200,9889.594759
5690.945539,0.835,0.835,200,9894.046973
5681.088605,0.855,0.875,200,9898.480991
5441.061439,0.835,0.845,200,9903.053264
5664.634297,0.815,0.825,200,9907.47734
5688.997525,0.815,0.815,200,9912.145767
5695.944978,0.86,0.88,200,9916.65956
5672.504302,0.835,0.835,200,9921.149384
5731.183429,0.84,0.845,200,9927.770088
5766.792598,0.87,0.875,200,9932.211409
5773.076574,0.855,0.865,200,9936.610142
5757.539322,0.86,0.87,200,9941.066148
5664.144631,0.85,0.85,200,9945.482471
4832.193003,0.875,0.875,200,9949.938331
5664.798987,0.835,0.84,200,9954.55956
5684.473506,0.815,0.83,200,9958.953318
5739.819705,0.86,0.865,200,9963.575856
3970.836011,0.465,0.475,200,9968.023247
5498.625209,0.82,0.83,200,9974.781174
5690.584815,0.82,0.83,200,9979.256504
5691.446841,0.83,0.83,200,9983.648486
5627.325427,0.845,0.845,200,9987.935396
3836.831526,0.865,0.875,200,9992.274601
4689.265668,0.86,0.86,200,9996.659106
5693.942752,0.83,0.83,200,10001.176071
4772.076387,0.865,0.865,200,10005.6437
5764.859146,0.86,0.87,200,10010.014063
5552.13547,0.795,0.795,200,10014.473631
5748.972658,0.86,0.865,200,10021.136981
5654.055041,0.85,0.88,200,10025.671608
5752.870051,0.85,0.85,200,10030.202685
4935.474882,0.855,0.86,200,10034.734916
5764.762651,0.855,0.86,200,10039.260839
5673.253695,0.84,0.84,200,10043.871838
5580.995245,0.805,0.815,200,10048.473291
4839.460372,0.615,0.64,200,10053.177218
5121.139632,0.83,0.83,200,10057.735915
5747.350623,0.84,0.845,200,10062.319607
5695.033133,0.825,0.825,200,10069.2854
5689.731177,0.84,0.84,200,10073.838943
5770.370216,0.86,0.86,200,10078.577076
5493.779971,0.84,0.84,200,10083.311886
5715.537713,0.855,0.87,200,10087.803413
5746.687305,0.845,0.855,200,10092.341624
5690.388681,0.83,0.83,200,10096.911132
5689.152621,0.82,0.825,200,10101.460676
5694.633006,0.83,0.83,200,10106.033407
5755.356334,0.845,0.845,200,10110.722351
5748.790919,0.85,0.85,200,10117.499347
5742.160048,0.86,0.87,200,10122.093177
4054.161808,0.875,0.875,200,10126.580283
5769.352565,0.85,0.86,200,10131.262082
5673.151179,0.815,0.82,200,10135.854299
5375.731758,0.835,0.835,200,10140.477154
5768.601907,0.855,0.86,200,10144.904736
5758.698054,0.85,0.85,200,10149.56703
5766.589977,0.85,0.86,200,10154.275964
5634.839602,0.86,0.865,200,10158.923398
5639.774823,0.81,0.815,200,10165.746075
5672.517575,0.84,0.84,200,10170.405549
5568.591196,0.79,0.79,200,10175.161746
4995.676124,0.845,0.855,200,10179.830306
5711.639089,0.86,0.87,200,10184.416037
5729.826609,0.855,0.865,200,10189.067588
5699.963147,0.815,0.82,200,10193.772337
5674.327016,0.795,0.795,200,10198.261339
5678.357643,0.83,0.83,200,10202.880374
5658.412925,0.83,0.83,200,10207.485778
3799.705265,0.425,0.43,200,10214.304109
5224.952861,0.825,0.84,200,10218.945157
5700.645037,0.815,0.815,200,10223.563988
4648.56565,0.86,0.86,200,10228.146359
5755.868869,0.85,0.85,200,10232.748749
5736.8586,0.83,0.84,200,10237.400109
5688.756167,0.8,0.8,200,10241.92261
5695.662384,0.815,0.82,200,10246.741005
5700.102776,0.815,0.815,200,10251.295875
5773.990562,0.855,0.87,200,10255.799528
5716.388331,0.84,0.845,200,10262.44148
5762.539725,0.86,0.88,200,10267.003816
5682.502322,0.805,0.805,200,10271.619988
5677.529049,0.83,0.83,200,10276.274521
5694.745717,0.825,0.825,200,10280.827553
5696.344054,0.835,0.835,200,10285.407856
5769.380405,0.86,0.86,200,10290.01615
5573.296348,0.79,0.8,200,10294.727116
5374.40628,0.755,0.765,200,10299.343335
5701.860254,0.82,0.825,200,10303.867425
4802.908298,0.845,0.845,200,10310.452442
5685.821207,0.83,0.83,200,10314.913846
5565.073612,0.795,0.805,200,10319.554784
5737.965704,0.85,0.85,200,10324.261033
5732.890002,0.85,0.85,200,10328.926266
5063.153995,0.84,0.855,200,10333.699719
5233.872574,0.845,0.845,200,10338.251323
5679.835682,0.825,0.825,200,10342.868307
5669.840869,0.815,0.82,200,10347.639283
5051.510497,0.835,0.85,200,10352.334166
5751.230487,0.83,0.855,200,10359.087676
5498.195307,0.835,0.855,200,10363.676406
5706.966339,0.815,0.815,200,10368.348249
5611.027379,0.805,0.805,200,10372.917267
4814.093181,0.85,0.85,200,10377.350726
4135.211201,0.645,0.665,200,10382.05704
5739.669608,0.86,0.88,200,10386.753116
4592.135331,0.86,0.86,200,10391.356468
4886.317297,0.835,0.855,200,10395.946986
5772.04798,0.86,0.87,200,10400.552993
4822.205468,0.865,0.865,200,10407.362123
3996.651759,0.4,0.41,200,10411.934672
5159.912898,0.52,0.535,200,10416.571967
5545.941985,0.785,0.785,200,10421.17562
5716.362301,0.86,0.87,200,10425.887278
5770.439726,0.86,0.86,200,10430.601293
5201.823213,0.845,0.85,200,10435.211571
5760.958811,0.87,0.875,200,10439.846905
5687.333775,0.83,0.83,200,10444.590226
5636.931834,0.84,0.84,200,10449.256095
5710.500651,0.835,0.835,200,10456.072036
5758.922847,0.86,0.865,200,10460.618003
5270.04081,0.84,0.84,200,10465.304036
5614.272283,0.8,0.805,200,10469.694644
5676.16993,0.835,0.835,200,10474.275261
5436.971062,0.835,0.835,200,10478.704411
5653.910269,0.83,0.83,200,10483.189524
5533.860894,0.825,0.845,200,10487.585167
5751.466136,0.845,0.855,200,10492.107092
5791.827788,0.875,0.88,200,10496.794987
5374.980647,0.845,0.85,200,10503.618532
5697.602332,0.855,0.87,200,10508.289576
5711.449387,0.86,0.865,200,10512.759009
4957.91162,0.84,0.85,200,10517.27979
5677.448663,0.82,0.82,200,10521.955749
5721.685381,0.835,0.835,200,10526.46829
5688.11145,0.825,0.835,200,10531.25501
5783.162039,0.865,0.87,200,10535.903191
5744.313818,0.87,0.87,200,10540.65678
5705.024263,0.865,0.87,200,10545.202949
5770.758569,0.83,0.85,200,10552.163135
5682.000161,0.8,0.8,200,10556.689167
5664.753636,0.835,0.835,200,10561.30035
5458.71667,0.835,0.835,200,10565.91742
5646.725953,0.835,0.835,200,10570.679991
5674.152466,0.79,0.79,200,10575.40109
4416.266703,0.565,0.605,200,10579.999871
5509.083004,0.835,0.845,200,10584.725739
5754.767134,0.865,0.885,200,10589.37248
5670.012128,0.82,0.82,200,10594.079448
3908.60018,0.42,0.445,200,10600.987582
5481.129945,0.855,0.87,200,10605.593865
5700.71762,0.805,0.815,200,10610.255061
5727.796993,0.845,0.875,200,10614.905889
5763.862425,0.84,0.85,200,10619.60269
5673.143375,0.84,0.85,200,10624.304581
5750.00414,0.84,0.84,200,10628.885617
5631.202501,0.825,0.825,200,10633.622439
5677.033213,0.87,0.88,200,10638.316336
5096.272028,0.855,0.855,200,10643.034097
5660.699307,0.835,0.885,200,10649.994974
5680.816862,0.84,0.84,200,10654.749637
5680.131351,0.855,0.865,200,10659.38143
5642.470292,0.81,0.81,200,10664.079762
5702.701538,0.865,0.865,200,10668.63283
5777.300158,0.865,0.865,200,10673.299065
5771.557739,0.865,0.865,200,10678.115549
5698.185614,0.825,0.825,200,10682.635993
3020.008235,0.435,0.46,200,10687.216513
5392.507711,0.84,0.855,200,10691.935333
5780.703548,0.875,0.875,200,10698.930172
5758.569224,0.85,0.855,200,10703.71843
5745.771418,0.855,0.855,200,10708.426068
5765.302007,0.845,0.85,200,10713.125841
5688.686908,0.8,0.8,200,10717.81565
2564.27368,0.87,0.87,200,10722.474221
5665.320398,0.835,0.835,200,10727.112102
5699.545509,0.81,0.81,200,10731.807313
5776.617469,0.865,0.87,200,10736.535962
5078.10264,0.845,0.85,200,10741.220617
5482.517631,0.835,0.85,200,10748.331816
5750.940806,0.875,0.885,200,10753.08851
3847.160641,0.455,0.48,200,10757.766426
5685.962132,0.845,0.85,200,10762.481852
5739.869584,0.855,0.865,200,10767.223433
4976.24621,0.855,0.865,200,10771.934446
5752.579584,0.865,0.885,200,10776.564909
5747.218866,0.84,0.84,200,10781.201099
5723.98714,0.835,0.845,200,10786.001172
5754.21906,0.845,0.845,200,10790.631691
5699.44873,0.825,0.83,200,10797.377246
5646.791281,0.825,0.83,200,10802.090077
5750.489743,0.845,0.845,200,10806.828316
5772.141485,0.865,0.87,200,10811.54207
5276.910013,0.845,0.85,200,10816.19484
5537.9456,0.86,0.86,200,10820.86009
5324.839006,0.825,0.84,200,10825.629228
4622.45849,0.85,0.855,200,10830.316491
5481.393209,0.85,0.855,200,10834.980074
5753.975642,0.84,0.845,200,10839.674754
5488.514915,0.845,0.855,200,10846.726806
4839.281418,0.845,0.865,200,10851.380541
5664.468303,0.83,0.83,200,10856.020501
5575.081642,0.85,0.875,200,10860.600677
4805.422796,0.855,0.855,200,10865.241209
5773.224345,0.865,0.875,200,10870.092763
5750.580693,0.84,0.845,200,10874.749637
5587.998895,0.86,0.865,200,10879.373534
5690.634623,0.82,0.82,200,10884.059826
5704.73011,0.815,0.825,200,10888.825675
5670.817437,0.835,0.835,200,10895.890088
5691.574369,0.835,0.845,200,10900.636758
5668.145915,0.84,0.84,200,10905.447016
4541.003987,0.855,0.86,200,10910.148502
5744.688338,0.85,0.865,200,10914.765112
5668.619694,0.85,0.855,200,10919.550981
5647.71239,0.83,0.83,200,10924.382188
5672.807285,0.835,0.835,200,10929.035612
5674.903695,0.83,0.83,200,10933.714056
5744.269064,0.86,0.87,200,10938.341343
5397.627993,0.845,0.865,200,10945.104012
5666.281639,0.83,0.83,200,10949.758368
5763.158224,0.85,0.855,200,10954.391618
5718.399558,0.825,0.835,200,10959.016174
5728.812233,0.87,0.885,200,10963.472234
5747.632178,0.84,0.845,200,10968.08843
5722.890591,0.845,0.845,200,10972.621481
5648.2076,0.81,0.82,200,10977.248266
5767.038105,0.85,0.86,200,10981.829781
4804.681913,0.855,0.865,200,10986.515887
5481.9829,0.815,0.875,200,10993.294177
4324.443978,0.865,0.865,200,10997.910218
5123.690444,0.835,0.855,200,11002.523334
5763.790945,0.86,0.87,200,11007.244495
5607.544066,0.835,0.85,200,11011.918975
5614.076836,0.84,0.845,200,11016.503388
5763.211588,0.845,0.855,200,11021.022643
5659.69354,0.815,0.815,200,11025.616877
5739.527263,0.84,0.85,200,11030.335503
5773.89625,0.865,0.87,200,11034.818538
4813.663552,0.865,0.865,200,11041.688497
4119.547583,0.47,0.48,200,11046.268199
5774.362629,0.855,0.86,200,11051.00971
5696.370255,0.825,0.83,200,11055.759334
5642.781573,0.78,0.785,200,11060.63107
5631.794518,0.81,0.82,200,11065.382329
5677.635778,0.82,0.825,200,11070.062858
5703.466743,0.825,0.83,200,11074.733213
5509.23503,0.86,0.86,200,11079.502901
5773.920753,0.825,0.865,200,11084.129256
5156.583178,0.685,0.73,200,11090.816122
5698.200687,0.81,0.825,200,11095.421469
4452.044066,0.85,0.855,200,11099.980008
5662.129445,0.845,0.865,200,11104.694261
5766.164393,0.845,0.855,200,11109.458712
4992.8212,0.845,0.85,200,11114.091623
5765.288256,0.82,0.855,200,11118.852143
5711.869451,0.825,0.845,200,11123.544352
5763.465647,0.85,0.855,200,11128.228534
5590.906783,0.795,0.805,200,11133.016594
5679.127665,0.825,0.83,200,11140.036259
5753.683455,0.86,0.87,200,11144.700545
5550.719879,0.84,0.85,200,11149.300366
5162.87472,0.855,0.86,200,11154.033553
5707.056304,0.815,0.82,200,11158.782986
5668.435982,0.825,0.825,200,11163.571844
5698.404431,0.815,0.82,200,11168.1935
5701.393619,0.81,0.825,200,11172.804987
5029.049608,0.75,0.75,200,11177.425536
5764.792559,0.86,0.87,200,11181.997231
5721.103676,0.81,0.825,200,11188.744437
3240.428195,0.405,0.415,200,11193.45068
5714.792245,0.83,0.83,200,11197.958199
5572.978155,0.865,0.87,200,11202.730024
5629.324146,0.84,0.88,200,11207.350451
5713.329103,0.825,0.845,200,11211.891128
5727.336323,0.825,0.84,200,11216.335672
5343.689968,0.84,0.85,200,11221.006933
5624.52777,0.805,0.805,200,11225.607986
5557.574475,0.795,0.795,200,11230.239024
5682.301772,0.805,0.805,200,11236.99301
5730.199908,0.84,0.84,200,11241.530963
5098.19356,0.835,0.835,200,11246.121655
5746.611226,0.845,0.85,200,11250.621444
5676.75742,0.845,0.845,200,11255.04105
5700.527196,0.83,0.83,200,11259.539902
5705.547635,0.82,0.82,200,11264.065614
5773.32958,0.865,0.87,200,11268.615742
5762.520233,0.855,0.855,200,11273.116152
5727.205863,0.83,0.835,200,11277.81113
4862.033457,0.845,0.85,200,11284.442339
5660.557141,0.85,0.85,200,11288.843268
5730.894309,0.865,0.87,200,11293.376219
5786.22821,0.865,0.875,200,11297.933894
5692.808402,0.815,0.82,200,11302.613568
5685.929504,0.8,0.805,200,11307.133851
5718.766596,0.865,0.87,200,11311.578752
5675.036535,0.82,0.83,200,11316.188936
5733.712873,0.84,0.85,200,11320.790692
5692.822675,0.805,0.81,200,11325.461279
5697.999513,0.855,0.86,200,11332.343551
5720.206611,0.855,0.865,200,11337.103601
4455.025197,0.845,0.865,200,11341.804247
5617.489974,0.835,0.84,200,11346.363296
5760.738202,0.845,0.855,200,11351.055285
5650.794705,0.81,0.815,200,11355.636852
5769.126374,0.84,0.86,200,11360.281743
5705.007456,0.82,0.82,200,11364.990249
5771.309285,0.855,0.855,200,11369.576552
5617.2102,0.835,0.86,200,11374.211928
5699.072741,0.84,0.84,200,11381.343213
5704.276507,0.865,0.865,200,11386.030506
5767.106389,0.855,0.87,200,11390.499297
5739.793695,0.85,0.855,200,11395.095601
5660.972821,0.83,0.84,200,11399.797763
5643.57148,0.815,0.82,200,11404.572338
5761.339649,0.855,0.86,200,11409.183082
5728.505081,0.845,0.845,200,11413.977807
5742.401078,0.835,0.84,200,11418.737695
5638.484702,0.845,0.85,200,11423.425185
4375.006423,0.635,0.65,200,11430.185057
5733.052934,0.865,0.885,200,11434.830407
5684.376141,0.825,0.835,200,11439.545716
5684.753135,0.84,0.86,200,11444.215874
5766.884057,0.845,0.85,200,11448.871062
5699.411607,0.82,0.825,200,11453.422712
5710.998635,0.835,0.835,200,11457.798444
5678.353482,0.825,0.825,200,11462.27581
5672.991425,0.865,0.875,200,11466.788803
5678.255134,0.845,0.845,200,11471.230226
5777.021926,0.865,0.875,200,11477.992001
5688.68074,0.83,0.83,200,11482.577954
5774.689951,0.86,0.865,200,11487.220256
5771.524401,0.855,0.865,200,11491.881696
5098.073766,0.84,0.86,200,11496.650074
5689.264094,0.85,0.855,200,11501.356074
4689.1229,0.715,0.715,200,11505.930305
5668.888571,0.825,0.83,200,11510.501565
5736.796961,0.845,0.845,200,11515.241636
5686.063856,0.81,0.815,200,11519.977541
4728.261608,0.865,0.87,200,11526.966199
5762.780436,0.85,0.855,200,11531.561352
4115.05942,0.85,0.86,200,11536.216649
5769.815883,0.855,0.86,200,11540.842577
5689.454456,0.83,0.835,200,11545.372248
5679.23085,0.795,0.8,200,11550.126419
5108.851382,0.85,0.85,200,11554.761139
5730.164406,0.83,0.84,200,11559.370522
4991.952123,0.845,0.85,200,11564.053451
5696.547532,0.81,0.815,200,11568.850911
4868.189075,0.67,0.7,200,11575.882648
5707.439018,0.825,0.825,200,11580.516947
5640.216593,0.83,0.835,200,11585.200591
5737.046924,0.85,0.85,200,11589.852506
5700.892222,0.825,0.84,200,11594.555098
5656.290212,0.81,0.81,200,11599.262819
5654.262156,0.84,0.84,200,11604.09237
4928.791654,0.82,0.82,200,11608.743508
5699.973782,0.83,0.83,200,11613.45722
5530.674539,0.78,0.79,200,11618.096922
4720.081226,0.85,0.865,200,11624.848806
5749.201719,0.85,0.85,200,11629.59259
5761.438134,0.86,0.86,200,11634.23034
4979.944435,0.845,0.855,200,11638.805845
4896.721496,0.84,0.86,200,11643.40161
5754.746185,0.835,0.845,200,11647.948281
5694.769302,0.82,0.84,200,11652.618415
5693.112707,0.825,0.83,200,11657.288474
5772.628877,0.86,0.865,200,11661.983493
5684.666171,0.82,0.83,200,11666.714659
5745.056492,0.835,0.85,200,11673.484867
5755.528093,0.855,0.865,200,11678.162392
5760.255502,0.835,0.855,200,11682.79409
5190.200274,0.82,0.825,200,11687.388649
5693.254269,0.83,0.83,200,11692.011214
5561.614976,0.79,0.795,200,11696.645153
5770.206734,0.865,0.875,200,11701.380226
5000.810881,0.835,0.84,200,11706.118356
4821.603897,0.75,0.755,200,11710.745305
4638.031279,0.875,0.88,200,11715.462971
5772.738166,0.855,0.86,200,11722.452847
5775.234582,0.855,0.86,200,11726.994078
4544.992238,0.7,0.725,200,11731.539103
5721.889007,0.825,0.845,200,11736.155818
5773.396902,0.865,0.865,200,11740.884992
5687.450215,0.81,0.81,200,11745.474741
5173.884439,0.835,0.85,200,11750.185948
5745.65889,0.855,0.865,200,11755.039096
4996.789427,0.835,0.865,200,11759.695138
4967.730243,0.84,0.87,200,11764.54378
5719.836892,0.84,0.84,200,11771.469353
5650.066617,0.81,0.82,200,11776.356376
5704.465565,0.84,0.85,200,11781.087895
5667.057723,0.83,0.83,200,11785.805311
5751.457902,0.855,0.87,200,11790.58304
5771.207501,0.85,0.86,200,11795.400958
5753.669533,0.855,0.865,200,11800.123154
5762.031971,0.85,0.86,200,11804.836841
5652.732305,0.845,0.865,200,11809.591304
5646.332604,0.85,0.85,200,11814.450526
5781.666773,0.87,0.87,200,11821.439806
5759.269254,0.845,0.85,200,11826.119194
5644.965421,0.83,0.83,200,11830.89985
5698.18268,0.825,0.825,200,11835.636754
5778.026395,0.86,0.865,200,11840.461287
5627.855294,0.835,0.835,200,11845.309424
5774.975758,0.85,0.86,200,11849.987
5658.183749,0.825,0.825,200,11854.765641
3966.583653,0.865,0.865,200,11859.440897
5581.886369,0.79,0.8,200,11864.280155
5701.54098,0.82,0.83,200,11871.369217
5341.234737,0.86,0.86,200,11876.080133
5655.231659,0.84,0.845,200,11880.67536
5749.523341,0.835,0.845,200,11885.40555
5663.811681,0.84,0.84,200,11890.175174
5632.735154,0.825,0.845,200,11894.941362
5679.513458,0.8,0.8,200,11899.832281
5698.324678,0.815,0.815,200,11904.503336
5485.170614,0.84,0.84,200,11909.36917
5683.73937,0.83,0.83,200,11914.178466
5755.503625,0.855,0.86,200,11921.165879
5768.16569,0.855,0.86,200,11925.846297
4779.356397,0.745,0.775,200,11930.665341
5644.620453,0.81,0.82,200,11935.557597
5696.221995,0.83,0.83,200,11940.340905
4663.943346,0.865,0.865,200,11945.145368
5683.451601,0.84,0.855,200,11949.865681
5590.983396,0.845,0.845,200,11954.573074
5765.574242,0.855,0.86,200,11959.447945
4766.172843,0.855,0.865,200,11964.12494
5762.024633,0.86,0.875,200,11971.055174
5696.873754,0.83,0.835,200,11975.780208
5681.792098,0.86,0.86,200,11980.472083
5700.650218,0.835,0.84,200,11985.321882
5774.30909,0.85,0.875,200,11990.095724
5648.752292,0.815,0.825,200,11994.731494
5766.540432,0.855,0.855,200,11999.440189
5684.984815,0.835,0.835,200,12004.217679
5738.938416,0.85,0.85,200,12008.858155
4768.466427,0.845,0.855,200,12013.414677
5712.871279,0.85,0.86,200,12020.325478
5718.043413,0.86,0.86,200,12024.797475
5773.85428,0.855,0.865,200,12029.455514
5770.661112,0.865,0.87,200,12034.105785
5729.628827,0.845,0.845,200,12038.687538
5734.165427,0.845,0.855,200,12043.359957
3271.956326,0.87,0.875,200,12048.056573
5691.590725,0.82,0.82,200,12052.757671
5685.17551,0.825,0.825,200,12057.383057
5698.454814,0.82,0.82,200,12062.001511
5691.143462,0.825,0.825,200,12068.932966
5743.828663,0.845,0.86,200,12073.505729
5635.988198,0.83,0.84,200,12078.205712
5693.988226,0.83,0.83,200,12082.726889
5736.537076,0.835,0.84,200,12087.272467
4732.112439,0.865,0.87,200,12091.717401
4080.776963,0.455,0.505,200,12096.280519
5728.745973,0.855,0.86,200,12100.578208
5678.96844,0.84,0.845,200,12105.085454
5674.558411,0.84,0.84,200,12109.642826
4183.548652,0.715,0.72,200,12116.322245
4717.60122,0.66,0.68,200,12120.77683
5702.127846,0.84,0.84,200,12125.338175
5759.85903,0.85,0.855,200,12129.912953
5658.762887,0.865,0.865,200,12134.470239
5693.908238,0.81,0.81,200,12139.057681
5720.485442,0.845,0.845,200,12143.521524
5703.697837,0.83,0.83,200,12148.076282
5666.39695,0.845,0.845,200,12152.761884
5732.706028,0.84,0.87,200,12157.223124
5755.339281,0.85,0.85,200,12163.921999
5694.957402,0.82,0.82,200,12168.545943
5792.640694,0.87,0.88,200,12173.342871
5604.432079,0.865,0.865,200,12177.83613
5646.495374,0.845,0.855,200,12182.356931
5766.249211,0.855,0.86,200,12186.944423
5756.072905,0.85,0.85,200,12191.616675
5731.998925,0.855,0.855,200,12196.132023
4468.84018,0.865,0.865,200,12200.73599
4444.574908,0.845,0.855,200,12205.507493
4177.824498,0.885,0.885,200,12212.58642
5718.08392,0.835,0.845,200,12217.213083
5642.821287,0.82,0.82,200,12221.716335
5585.477943,0.855,0.875,200,12226.221221
5669.410729,0.865,0.87,200,12230.765692
5769.620462,0.855,0.86,200,12235.163147
5677.384498,0.865,0.865,200,12239.717519
5741.722457,0.84,0.845,200,12244.273156
5775.485634,0.865,0.875,200,12248.909962
5692.401436,0.82,0.825,200,12253.573656
4419.764697,0.53,0.555,200,12260.416582
5719.919698,0.865,0.875,200,12265.052442
5678.81846,0.835,0.835,200,12269.733417
5740.921093,0.865,0.865,200,12274.273837
4784.791853,0.86,0.865,200,12278.837894
5697.631262,0.83,0.83,200,12283.25581
5764.546098,0.85,0.86,200,12287.975058
5750.137514,0.86,0.87,200,12292.694943
5654.033509,0.835,0.835,200,12297.384081
5671.760622,0.85,0.855,200,12301.941207
5361.924719,0.86,0.86,200,12308.633754
5698.775298,0.82,0.83,200,12313.259975
5711.386317,0.82,0.84,200,12317.835092
5677.296311,0.82,0.82,200,12322.497084
5769.711854,0.87,0.88,200,12327.260422
5214.71361,0.855,0.855,200,12331.817034
5671.642407,0.8,0.8,200,12336.487409
5701.709763,0.825,0.835,200,12341.207819
5768.490948,0.855,0.86,200,12345.96897
5766.521626,0.855,0.86,200,12350.591637
5720.038978,0.865,0.87,200,12357.47673
5705.731052,0.835,0.84,200,12362.269072
5084.347006,0.845,0.86,200,12367.020768
4910.520205,0.855,0.86,200,12371.585565
5719.772237,0.83,0.84,200,12376.136265
5714.052863,0.835,0.845,200,12380.530864
5760.020429,0.865,0.865,200,12385.057232
5013.418417,0.835,0.835,200,12389.72386
5783.740441,0.865,0.875,200,12394.412322
5667.289234,0.835,0.85,200,12399.004705
5385.499884,0.85,0.86,200,12405.789392
5754.485792,0.845,0.845,200,12410.320997
5682.303812,0.84,0.84,200,12415.037908
5686.717197,0.815,0.82,200,12419.579259
5549.056592,0.85,0.85,200,12424.175446
5495.682585,0.865,0.865,200,12428.661472
5777.890245,0.855,0.865,200,12433.314296
4907.586465,0.845,0.85,200,12438.00258
5740.917685,0.86,0.86,200,12442.593021
5764.362496,0.86,0.87,200,12447.238518
5674.082791,0.825,0.825,200,12454.115084
5743.202327,0.86,0.86,200,12458.629313
5789.878326,0.86,0.885,200,12463.204485
5752.545416,0.855,0.86,200,12467.723068
5759.095286,0.84,0.845,200,12472.363666
5779.105689,0.87,0.87,200,12476.996038
5648.713269,0.845,0.845,200,12481.59091
4485.605416,0.875,0.875,200,12486.210467
5729.852266,0.87,0.87,200,12490.801268
5676.038567,0.865,0.87,200,12495.553138
5782.392101,0.87,0.875,200,12502.215319
5701.536884,0.825,0.835,200,12506.797941
5622.112122,0.84,0.84,200,12511.456632
5677.725574,0.87,0.87,200,12516.121743
5650.042511,0.82,0.825,200,12520.855993
5672.446447,0.82,0.825,200,12525.530049
5713.896824,0.84,0.845,200,12530.149589
5675.345316,0.825,0.83,200,12534.762886
5782.745768,0.875,0.875,200,12539.28308
5041.561783,0.575,0.58,200,12543.952198
5749.492169,0.84,0.84,200,12550.72201
4989.355028,0.85,0.86,200,12555.319202
5709.680792,0.83,0.835,200,12559.855663
5771.137463,0.86,0.86,200,12564.48708
5669.980489,0.84,0.85,200,12569.018063
5768.233937,0.86,0.87,200,12573.608202
5768.118138,0.855,0.86,200,12578.268414
4930.583003,0.845,0.855,200,12582.957772
5691.615118,0.84,0.84,200,12587.664352
4448.315111,0.875,0.875,200,12592.244372
5399.586205,0.85,0.86,200,12599.073948
5768.720283,0.85,0.86,200,12603.597232
5366.772557,0.85,0.85,200,12608.17727
5683.90562,0.8,0.8,200,12612.685875
5768.278721,0.86,0.86,200,12617.194286
5753.782806,0.85,0.85,200,12621.577936
5695.286667,0.81,0.83,200,12626.107591
4138.36667,0.5,0.5,200,12630.433729
5766.679578,0.85,0.85,200,12634.893807
5654.690237,0.82,0.82,200,12639.439682
5579.676215,0.86,0.86,200,12646.126029
5750.502941,0.865,0.875,200,12650.388538
5737.214898,0.855,0.86,200,12654.867114
5719.048303,0.84,0.855,200,12659.54727
5728.10102,0.865,0.875,200,12664.097599
5692.768015,0.83,0.83,200,12668.672715
5644.976381,0.84,0.855,200,12673.317649
5695.383696,0.825,0.835,200,12677.911268
5201.337573,0.555,0.59,200,12682.70928
5756.784224,0.835,0.845,200,12687.373345
5601.73107,0.805,0.815,200,12694.226481
5606.574172,0.805,0.81,200,12698.87161
5706.800873,0.855,0.855,200,12703.468371
5771.879868,0.85,0.86,200,12708.003277
5671.966709,0.825,0.83,200,12712.369277
5704.658303,0.815,0.82,200,12716.991087
4493.199254,0.845,0.845,200,12721.408746
4096.649727,0.7,0.705,200,12726.050979
5443.948728,0.835,0.835,200,12730.779287
5770.691338,0.85,0.86,200,12735.394672
4966.677947,0.855,0.86,200,12742.314969
5568.789186,0.86,0.86,200,12746.966235
5692.005383,0.805,0.81,200,12751.39998
5695.18394,0.855,0.865,200,12755.90737
5609.797146,0.855,0.87,200,12760.558136
5769.904589,0.855,0.865,200,12765.119948
5756.277496,0.855,0.865,200,12769.792068
5749.222414,0.83,0.835,200,12774.363395
5575.121278,0.82,0.82,200,12778.838346
5681.134736,0.845,0.85,200,12783.331954
5732.474103,0.86,0.865,200,12789.958778
5609.503581,0.79,0.81,200,12794.590673
5720.31733,0.835,0.835,200,12799.245839
5611.409174,0.815,0.82,200,12803.8495
5125.237092,0.87,0.87,200,12808.344183
5693.569831,0.81,0.81,200,12812.897258
5697.853752,0.815,0.815,200,12817.512438
5668.520278,0.845,0.845,200,12822.175118
5768.33384,0.86,0.865,200,12826.685016
5687.652618,0.855,0.855,200,12831.204899
4768.837349,0.87,0.87,200,12837.925915
5591.616392,0.8,0.81,200,12842.498956
5695.067741,0.81,0.81,200,12846.996645
5659.416492,0.84,0.845,200,12851.510932
5225.54351,0.875,0.875,200,12855.912997
5689.851413,0.825,0.84,200,12860.408423
5786.032788,0.87,0.875,200,12865.055768
5694.30752,0.83,0.83,200,12869.502923
4719.73757,0.85,0.87,200,12874.190208
5766.800542,0.865,0.87,200,12878.686403
5752.996369,0.85,0.85,200,12885.416297
5749.33182,0.84,0.85,200,12890.004595
5774.096238,0.86,0.865,200,12894.504614
5667.54439,0.815,0.83,200,12899.013821
4764.466201,0.87,0.875,200,12903.532843
4932.737289,0.845,0.855,200,12908.175354
5683.412465,0.835,0.835,200,12912.717278
5635.778683,0.84,0.85,200,12917.27195
5678.640862,0.805,0.805,200,12921.718558
5725.320477,0.835,0.84,200,12926.278982
5778.384633,0.87,0.875,200,12933.052683
4957.623134,0.855,0.855,200,12937.637367
5712.145799,0.86,0.86,200,12942.199547
5773.983372,0.855,0.86,200,12946.842061
5662.574013,0.835,0.835,200,12951.334697
5723.772405,0.86,0.87,200,12955.852805
4826.619862,0.855,0.855,200,12960.390726
5670.992845,0.84,0.84,200,12965.108986
5669.678156,0.84,0.84,200,12969.799992
5201.89477,0.845,0.855,200,12974.600505
5649.756414,0.805,0.815,200,12981.476965
4500.660866,0.865,0.865,200,12986.246938
5675.111826,0.795,0.795,200,12991.009631
5723.673591,0.82,0.825,200,12995.614708
5271.000628,0.835,0.85,200,13000.148198
5751.471509,0.84,0.845,200,13004.778919
5697.090517,0.83,0.83,200,13009.464027
5693.919991,0.88,0.885,200,13014.221632
5701.38633,0.835,0.835,200,13018.840007
5267.58015,0.84,0.84,200,13023.568901
5698.135927,0.825,0.83,200,13030.444706
5711.986409,0.825,0.835,200,13035.12234
3454.237296,0.61,0.62,200,13039.741009
5722.840997,0.83,0.84,200,13044.40032
5771.280014,0.87,0.87,200,13049.094499
5664.671975,0.845,0.845,200,13053.737416
4907.055596,0.87,0.88,200,13058.389445
5600.690755,0.845,0.855,200,13063.167091
5715.667174,0.84,0.845,200,13067.943428
5713.61161,0.83,0.83,200,13072.699112
5749.452739,0.855,0.855,200,13079.550354
5680.50713,0.85,0.86,200,13084.165718
5750.087163,0.845,0.845,200,13088.935113
4519.244181,0.865,0.87,200,13093.641777
5700.479378,0.81,0.815,200,13098.322693
5681.915696,0.82,0.82,200,13103.003691
5766.0185,0.835,0.85,200,13107.641649
5672.063275,0.82,0.83,200,13112.259556
4634.749884,0.615,0.63,200,13117.054557
5673.726128,0.8,0.8,200,13121.657613
5726.614847,0.845,0.845,200,13128.634613
5775.671575,0.86,0.865,200,13133.246053
5531.427336,0.85,0.85,200,13137.951752
5371.507606,0.845,0.85,200,13142.688232
5577.269608,0.86,0.87,200,13147.344758
5735.23239,0.855,0.855,200,13152.084101
5750.332523,0.84,0.845,200,13156.891965
5696.34619,0.825,0.825,200,13161.639043
5762.293174,0.855,0.855,200,13166.360468
5777.81914,0.85,0.865,200,13171.200057
5682.825707,0.82,0.82,200,13177.940503
5652.963162,0.86,0.86,200,13182.665041
5776.555491,0.87,0.87,200,13187.493693
5743.081208,0.855,0.855,200,13192.145038
4350.34266,0.865,0.865,200,13196.818071
5771.294975,0.86,0.875,200,13201.572921
3512.740351,0.86,0.87,200,13206.247306
5668.159936,0.825,0.825,200,13210.78504
5766.589182,0.845,0.85,200,13215.381342
5765.017073,0.85,0.855,200,13220.133651
5756.995121,0.855,0.87,200,13226.975253
5763.222647,0.86,0.87,200,13231.732475
5573.793283,0.845,0.865,200,13236.423632
5638.047055,0.805,0.805,200,13241.128344
5629.458478,0.84,0.845,200,13245.773518
5622.483735,0.875,0.89,200,13250.487244
5699.295368,0.83,0.83,200,13255.256799
5314.132154,0.545,0.545,200,13259.960785
5771.838467,0.855,0.86,200,13264.779524
5702.21601,0.815,0.815,200,13269.512846
5795.79742,0.87,0.88,200,13276.457503
5459.883702,0.835,0.85,200,13281.019737
4946.452581,0.84,0.855,200,13285.495912
5686.199715,0.835,0.84,200,13290.19521
5441.769948,0.85,0.86,200,13294.77168
5713.906824,0.87,0.885,200,13299.345833
5781.635404,0.87,0.875,200,13303.893681
5765.662299,0.85,0.855,200,13308.544877
5630.14778,0.86,0.885,200,13313.26655
5572.320939,0.845,0.85,200,13317.930434
5682.267854,0.835,0.84,200,13324.917036
5434.552964,0.88,0.885,200,13329.559527
5580.202364,0.84,0.865,200,13334.293262
5796.686388,0.885,0.89,200,13338.937782
5751.013073,0.855,0.855,200,13343.792103
5732.445144,0.84,0.845,200,13348.401805
5674.436143,0.83,0.835,200,13352.927444
5711.347165,0.805,0.835,200,13357.539552
4955.978941,0.85,0.85,200,13362.237078
5774.634585,0.85,0.86,200,13366.839895
5798.635459,0.885,0.885,200,13373.641505
5734.99876,0.85,0.85,200,13378.373948
4213.329169,0.51,0.51,200,13383.081385
4833.339093,0.865,0.865,200,13387.699763
5618.285648,0.81,0.815,200,13392.319479
5759.695764,0.855,0.865,200,13397.080055
4517.594983,0.865,0.865,200,13401.807647
5421.980246,0.86,0.86,200,13406.556048
4996.280695,0.86,0.865,200,13411.437143
5384.094547,0.84,0.86,200,13416.101359
5750.755694,0.855,0.855,200,13422.926508
5759.037595,0.85,0.85,200,13427.604522
5697.152814,0.83,0.83,200,13432.149519
5769.761659,0.865,0.865,200,13436.806434
5417.583904,0.855,0.855,200,13441.341218
5126.032061,0.845,0.86,200,13445.926474
5778.996265,0.87,0.875,200,13450.608435
5646.062478,0.815,0.83,200,13455.334483
5681.780822,0.835,0.835,200,13459.898092
5689.149011,0.83,0.83,200,13464.620997
5700.271304,0.82,0.835,200,13471.620577
5759.371204,0.85,0.855,200,13476.322588
3836.418173,0.87,0.87,200,13480.994917
5131.093311,0.84,0.85,200,13485.650623
5140.816479,0.85,0.85,200,13490.236606
5736.713688,0.88,0.88,200,13494.781275
5700.278141,0.835,0.845,200,13499.476543
5778.005357,0.855,0.865,200,13504.141874
5700.468591,0.86,0.86,200,13508.763057
5252.331365,0.855,0.855,200,13513.235423
5769.471757,0.86,0.865,200,13520.092943
5743.594505,0.84,0.86,200,13524.753245
5617.814377,0.805,0.815,200,13529.386851
5781.395619,0.87,0.87,200,13534.089917
5692.642809,0.865,0.865,200,13538.835158
5694.60785,0.815,0.83,200,13543.506968
4047.316592,0.88,0.88,200,13548.118477
5697.225386,0.815,0.815,200,13552.769027
5682.265603,0.83,0.835,200,13557.422218
3924.329802,0.875,0.875,200,13561.865674
5764.445829,0.855,0.865,200,13568.850941
5684.314912,0.84,0.85,200,13573.539762
5691.238547,0.81,0.81,200,13578.123469
5803.237032,0.875,0.885,200,13582.800543
5755.831825,0.855,0.87,200,13587.453776
5696.387263,0.825,0.83,200,13592.243495
5380.296822,0.85,0.855,200,13596.990799
5738.12952,0.85,0.855,200,13601.81373
5666.561816,0.82,0.825,200,13606.372654
5774.539114,0.86,0.86,200,13611.053383
5690.530231,0.835,0.84,200,13617.88217
5612.055783,0.855,0.88,200,13622.56512
5742.838491,0.845,0.845,200,13627.30902
5708.649598,0.83,0.835,200,13632.035712
5702.234087,0.835,0.84,200,13636.668947
5755.353427,0.84,0.845,200,13641.368514
5136.563354,0.865,0.865,200,13646.007786
5731.144642,0.86,0.87,200,13650.464503
5760.915348,0.84,0.845,200,13655.098059
5262.36406,0.86,0.86,200,13659.632686
5140.919805,0.855,0.855,200,13666.424411
5772.51711,0.86,0.86,200,13671.070023
5750.856787,0.855,0.86,200,13675.634119
5682.124261,0.835,0.84,200,13680.105243
5755.839427,0.865,0.875,200,13684.618103
5681.549994,0.805,0.805,200,13689.147434
5639.835608,0.835,0.84,200,13693.749202
5697.994455,0.84,0.84,200,13698.368098
5698.201582,0.84,0.84,200,13702.87903
5759.266961,0.845,0.85,200,13707.364645
5566.017625,0.77,0.79,200,13714.170417
5629.837212,0.85,0.855,200,13718.682212
5774.878802,0.865,0.87,200,13723.249377
5619.018989,0.815,0.82,200,13727.722959
5025.790569,0.745,0.77,200,13732.291035
5711.482641,0.82,0.83,200,13736.828604
5388.101785,0.825,0.86,200,13741.314915
5704.284939,0.825,0.825,200,13745.789085
5595.441897,0.81,0.81,200,13750.469916
5783.983854,0.875,0.875,200,13755.02759
4376.4572,0.865,0.87,200,13761.71355
5061.296095,0.85,0.865,200,13766.310665
5709.804153,0.865,0.87,200,13770.915885
5638.164887,0.84,0.84,200,13775.561665
5029.977262,0.85,0.86,200,13780.318694
5697.183469,0.82,0.82,200,13784.934937
5689.827217,0.83,0.835,200,13789.408655
5733.899426,0.84,0.85,200,13794.085932
5777.084868,0.865,0.87,200,13798.775717
5735.017456,0.835,0.835,200,13803.467418
5691.928571,0.81,0.815,200,13810.310606
5720.447333,0.825,0.825,200,13814.967697
5726.900707,0.865,0.875,200,13819.613117
5741.303581,0.855,0.86,200,13824.260387
5753.560617,0.86,0.86,200,13828.928348
5691.935425,0.83,0.84,200,13833.593223
5769.916679,0.86,0.87,200,13838.102585
5761.806866,0.845,0.85,200,13842.796998
5756.542197,0.86,0.865,200,13847.405766
5790.554637,0.865,0.875,200,13852.089125
5376.178864,0.84,0.84,200,13859.032287
5777.211216,0.865,0.865,200,13863.708565
5116.629592,0.84,0.85,200,13868.363398
5681.657866,0.8,0.8,200,13872.93305
4280.321119,0.68,0.69,200,13877.49467
5749.041242,0.845,0.845,200,13882.257748
5620.951503,0.805,0.81,200,13886.801749
5769.375842,0.86,0.86,200,13891.488576
5700.74678,0.815,0.82,200,13896.133638
5113.267514,0.85,0.87,200,13900.704706
5599.28521,0.85,0.865,200,13907.362076
5730.931757,0.87,0.88,200,13912.009015
5786.887443,0.86,0.87,200,13916.597172
5758.264552,0.865,0.865,200,13921.212421
5769.739406,0.85,0.855,200,13925.965285
5714.450969,0.82,0.82,200,13930.52059
5497.158758,0.84,0.865,200,13935.05888
5697.627861,0.83,0.83,200,13939.708315
5700.936291,0.805,0.82,200,13944.451908
5710.938511,0.82,0.825,200,13949.039737
5750.015009,0.865,0.875,200,13955.828164
5774.219384,0.865,0.865,200,13960.210743
5666.205979,0.835,0.84,200,13964.790436
5708.870872,0.82,0.835,200,13969.398077
5134.016861,0.845,0.85,200,13974.114899
5678.733408,0.83,0.83,200,13978.562533
5236.843319,0.845,0.86,200,13983.160516
5738.005663,0.835,0.835,200,13987.854614
5775.119351,0.86,0.86,200,13992.386504
5759.726441,0.87,0.87,200,13997.0657
4786.96394,0.86,0.86,200,14003.881624
5732.782551,0.86,0.87,200,14008.690544
5694.568983,0.81,0.81,200,14013.366522
5693.132334,0.805,0.81,200,14018.000799
5762.231125,0.865,0.87,200,14022.605727
5761.601829,0.85,0.855,200,14027.38246
5611.714144,0.84,0.845,200,14032.095046
5646.506632,0.865,0.865,200,14036.814884
5720.49105,0.84,0.845,200,14041.385307
5707.54408,0.825,0.825,200,14046.061854
5235.525296,0.85,0.855,200,14052.995698
5780.038113,0.86,0.865,200,14057.471142
5704.428542,0.83,0.83,200,14062.099789
5707.230417,0.825,0.835,200,14066.749879
5679.036915,0.84,0.84,200,14071.264993
4146.425177,0.57,0.595,200,14075.975562
5677.352283,0.82,0.835,200,14080.623192
5755.465312,0.865,0.875,200,14085.233755
5715.789574,0.85,0.86,200,14089.931259
5724.240001,0.83,0.84,200,14094.452492
4578.302458,0.265,0.265,200,14101.163852
5677.344496,0.845,0.845,200,14105.809849
5697.828538,0.84,0.84,200,14110.416078
5706.58919,0.855,0.855,200,14115.079108
5676.975419,0.83,0.835,200,14119.751117
5721.263417,0.825,0.825,200,14124.316312
5747.442985,0.86,0.865,200,14128.903716
5505.698768,0.85,0.855,200,14133.649188
5703.875193,0.825,0.83,200,14138.22111
5701.635683,0.835,0.84,200,14142.783916
4780.420979,0.86,0.86,200,14149.507221
5736.85549,0.865,0.875,200,14154.164426
5163.214006,0.855,0.865,200,14158.770703
5762.85891,0.865,0.865,200,14163.402356
4786.289585,0.855,0.855,200,14168.126934
5735.113511,0.855,0.865,200,14172.811006
5561.250176,0.855,0.875,200,14177.415041
5619.137993,0.805,0.805,200,14182.246582
5714.448643,0.835,0.84,200,14186.800915
5660.279692,0.845,0.845,200,14191.330242
4783.209737,0.86,0.865,200,14198.178032
5724.693379,0.855,0.865,200,14202.830351
5746.873416,0.85,0.85,200,14207.504672
5769.536883,0.87,0.87,200,14212.249337
5693.378396,0.84,0.845,200,14216.874338
4913.423312,0.865,0.87,200,14221.571504
5699.844953,0.835,0.835,200,14226.284579
5608.862756,0.805,0.805,200,14230.927702
5666.452199,0.825,0.835,200,14235.584607
5782.9226,0.87,0.875,200,14240.351007
5653.965231,0.865,0.87,200,14247.208075
5665.838115,0.83,0.84,200,14251.901676
5614.970787,0.815,0.815,200,14256.57525
5456.372022,0.855,0.855,200,14261.284322
5773.035175,0.875,0.88,200,14266.045262
5711.913759,0.84,0.84,200,14270.708523
5735.888774,0.84,0.845,200,14275.305356
4705.241489,0.69,0.69,200,14279.967001
5678.92426,0.825,0.825,200,14284.649849
5716.530196,0.825,0.825,200,14289.319108
4937.406171,0.85,0.86,200,14296.063831
5668.248032,0.81,0.82,200,14300.797567
5773.609908,0.86,0.875,200,14305.454717
5320.064359,0.845,0.865,200,14310.191114
5509.755588,0.835,0.85,200,14314.824784
5696.380747,0.815,0.815,200,14319.476584
5774.302972,0.87,0.87,200,14324.075152
5726.688319,0.83,0.845,200,14328.673895
5706.552316,0.845,0.845,200,14333.34863
4914.067802,0.87,0.87,200,14337.96203
4942.564781,0.875,0.875,200,14344.870144
5681.880953,0.885,0.89,200,14349.550803
5756.525862,0.84,0.855,200,14354.194965
4866.191171,0.83,0.83,200,14358.935011
5483.092197,0.815,0.85,200,14363.555645
5630.505876,0.86,0.875,200,14368.232332
5745.324007,0.855,0.855,200,14372.912842
5595.353839,0.81,0.81,200,14377.478173
5767.364482,0.86,0.87,200,14382.203052
5751.515174,0.85,0.855,200,14386.92376
5729.22588,0.865,0.88,200,14393.801224
5665.567538,0.83,0.83,200,14398.563014
5747.946873,0.85,0.85,200,14403.298096
5687.04102,0.84,0.84,200,14407.997433
5718.419753,0.86,0.86,200,14412.808754
5564.915448,0.84,0.86,200,14417.434215
5765.890677,0.855,0.86,200,14422.058141
5057.227865,0.875,0.875,200,14426.802257
5772.968769,0.86,0.86,200,14431.447108
5744.608532,0.865,0.87,200,14436.131128
5754.224994,0.84,0.85,200,14443.055183
5749.900119,0.845,0.85,200,14447.723031
5764.145632,0.84,0.85,200,14452.332718
5489.649675,0.85,0.85,200,14456.967884
5773.32159,0.88,0.88,200,14461.681524
5683.3925,0.82,0.83,200,14466.344189
5711.178861,0.83,0.83,200,14471.014407
5735.566766,0.84,0.84,200,14475.637205
5774.163306,0.865,0.865,200,14480.253723
5785.182237,0.875,0.885,200,14484.945952
5556.782222,0.845,0.845,200,14491.593257
5774.321046,0.85,0.87,200,14496.124412
5769.443175,0.86,0.86,200,14500.725902
5694.300722,0.81,0.815,200,14505.268157
5781.36164,0.88,0.885,200,14509.820026
4715.965805,0.85,0.875,200,14514.401327
5686.231964,0.845,0.845,200,14518.847665
5389.889003,0.855,0.86,200,14523.532661
5676.19818,0.865,0.865,200,14528.227471
5751.239087,0.845,0.85,200,14532.788916
5691.794221,0.825,0.825,200,14539.730146
5690.859189,0.85,0.855,200,14544.377166
4978.973192,0.855,0.855,200,14548.962337
5711.222992,0.855,0.865,200,14553.490404
5778.498086,0.86,0.865,200,14558.107184
5706.462571,0.835,0.835,200,14562.556935
5646.73484,0.85,0.855,200,14567.146332
5731.031046,0.835,0.84,200,14571.693622
5340.452908,0.83,0.85,200,14576.351365
5210.092396,0.835,0.855,200,14580.92149
5647.804637,0.865,0.87,200,14587.797897
4615.60373,0.875,0.875,200,14592.455423
5686.505586,0.865,0.875,200,14596.993172
5698.670055,0.865,0.87,200,14601.518748
4703.19779,0.865,0.865,200,14606.118166
5667.104633,0.815,0.82,200,14610.853729
5512.670608,0.84,0.855,200,14615.471042
5686.531384,0.83,0.845,200,14620.2055
5702.778722,0.835,0.84,200,14624.804378
5603.256131,0.845,0.85,200,14629.272402
5727.453736,0.855,0.885,200,14636.263948
4893.469162,0.855,0.855,200,14641.004847
4710.752973,0.865,0.865,200,14645.691037
5271.057775,0.855,0.855,200,14650.426003
5723.862729,0.835,0.84,200,14655.040746
5729.911378,0.86,0.875,200,14659.812069
5711.883834,0.84,0.845,200,14664.537014
5710.857434,0.825,0.825,200,14669.071553
5770.399817,0.87,0.875,200,14673.730435
5715.220948,0.865,0.865,200,14678.294153
5759.978416,0.84,0.85,200,14685.013661
5708.856209,0.81,0.815,200,14689.740103
5772.37277,0.86,0.865,200,14694.433797
5650.807243,0.815,0.82,200,14699.018833
5688.758682,0.805,0.805,200,14703.688103
4562.521141,0.865,0.865,200,14708.270913
5043.865087,0.86,0.865,200,14712.816752
5735.93667,0.865,0.865,200,14717.553604
5773.644085,0.86,0.86,200,14722.182394
5268.666555,0.855,0.855,200,14726.944778
5767.5371,0.845,0.855,200,14733.838461
5775.428986,0.855,0.865,200,14738.475328
5671.446179,0.795,0.795,200,14743.181748
5655.411737,0.85,0.85,200,14747.74776
5338.98403,0.865,0.865,200,14752.381974
5779.455854,0.865,0.865,200,14757.073055
5735.046084,0.845,0.845,200,14761.696436
5696.04171,0.845,0.845,200,14766.269005
5778.668926,0.87,0.87,200,14770.767276
5770.84649,0.87,0.87,200,14775.498082
5700.276441,0.87,0.885,200,14782.235066
5126.425055,0.84,0.855,200,14786.819428
5728.407917,0.855,0.86,200,14791.477132
5608.12235,0.8,0.81,200,14796.004113
5717.340675,0.83,0.83,200,14800.632772
5661.337349,0.855,0.86,200,14805.341217
5668.518233,0.85,0.855,200,14810.077441
5699.130461,0.84,0.84,200,14814.714499
5644.931672,0.81,0.82,200,14819.395103
5754.678624,0.855,0.855,200,14824.088416
5694.464196,0.84,0.85,200,14831.020323
5787.462872,0.86,0.875,200,14835.610706
5707.045278,0.825,0.83,200,14840.1588
5693.797371,0.855,0.855,200,14844.689905
5726.40418,0.865,0.875,200,14849.254475
5789.332597,0.865,0.875,200,14854.027864
5295.720935,0.835,0.835,200,14858.474507
5599.82308,0.85,0.865,200,14862.965763
5707.292274,0.81,0.82,200,14867.567733
5754.774924,0.84,0.855,200,14872.240829
5681.644182,0.84,0.865,200,14878.873046
5730.84893,0.85,0.86,200,14883.408957
3996.004271,0.575,0.575,200,14887.936719
5562.341663,0.835,0.87,200,14892.383692
5769.215859,0.885,0.885,200,14896.916552
5770.608356,0.865,0.88,200,14901.370329
5690.6946,0.86,0.88,200,14905.771188
4772.357894,0.87,0.87,200,14910.285617
5690.485551,0.865,0.865,200,14914.645593
5704.826805,0.82,0.83,200,14919.082406
5782.598166,0.86,0.87,200,14925.802853
5705.338632,0.805,0.815,200,14930.227047
5263.856572,0.85,0.85,200,14934.697254
5608.497761,0.815,0.815,200,14939.205904
5788.556565,0.875,0.875,200,14943.826787
5689.37898,0.82,0.82,200,14948.539801
5788.027183,0.885,0.885,200,14953.037553
5712.728566,0.84,0.85,200,14957.636098
5743.77882,0.84,0.84,200,14962.069437
5776.989046,0.87,0.87,200,14966.43981
5773.805139,0.86,0.86,200,14972.936551
5770.561799,0.86,0.865,200,14977.478592
5740.015104,0.845,0.845,200,14982.114192
5701.155069,0.81,0.815,200,14986.601363
5744.754487,0.86,0.865,200,14991.169805
5704.767798,0.82,0.835,200,14995.687255
3045.806468,0.2,0.21,200,15000.031151
5711.618406,0.845,0.845,200,15004.59778
5759.094471,0.865,0.865,200,15009.136752
5690.577536,0.85,0.85,200,15013.586282
5654.867241,0.82,0.82,200,15020.433686
5287.452961,0.855,0.885,200,15024.729645
5635.113841,0.81,0.82,200,15029.156557
5702.021978,0.86,0.865,200,15033.871812
5293.161149,0.87,0.87,200,15038.393315
5752.306448,0.845,0.85,200,15042.972157
5756.785133,0.84,0.85,200,15047.645484
5788.75489,0.88,0.88,200,15052.244877
4905.998863,0.855,0.865,200,15056.705798
5629.000048,0.845,0.85,200,15061.224747
5711.296822,0.82,0.825,200,15068.249408
5775.017179,0.875,0.885,200,15072.767188
5588.008275,0.81,0.81,200,15077.387293
4236.798203,0.885,0.885,200,15081.934673
5687.357314,0.83,0.835,200,15086.624889
5760.656959,0.845,0.855,200,15091.445112
5784.143068,0.87,0.875,200,15096.158255
5694.535396,0.82,0.835,200,15100.769583
5708.939793,0.85,0.86,200,15105.257441
5708.639311,0.81,0.82,200,15109.863175
5721.604719,0.835,0.84,200,15116.344582
5759.425418,0.845,0.845,200,15120.793352
5733.031792,0.84,0.845,200,15125.187052
5597.440324,0.805,0.805,200,15129.487304
5696.090861,0.835,0.835,200,15133.788611
4989.271072,0.87,0.875,200,15138.302694
5719.489666,0.835,0.845,200,15142.607384
5690.903055,0.81,0.835,200,15147.094527
5762.997591,0.85,0.85,200,15151.59468
5582.252091,0.84,0.85,200,15156.216877
4798.349015,0.87,0.87,200,15162.770429
5714.700248,0.835,0.835,200,15167.121762
5718.369311,0.82,0.835,200,15171.747894
5672.01456,0.845,0.875,200,15176.244002
5141.369638,0.85,0.85,200,15180.936066
5685.12162,0.825,0.835,200,15185.590265
5702.115218,0.84,0.845,200,15190.126579
5714.326393,0.835,0.84,200,15194.708975
5768.500043,0.865,0.87,200,15199.255347
5711.751588,0.825,0.825,200,15203.772968
4687.24166,0.875,0.875,200,15210.637551
5707.63097,0.84,0.84,200,15215.102055
5787.971997,0.87,0.87,200,15219.656707
5758.438685,0.85,0.85,200,15224.086658
5771.432171,0.87,0.87,200,15228.557199
5767.228346,0.875,0.875,200,15233.051286
5724.735906,0.86,0.87,200,15237.495289
5692.869172,0.8,0.8,200,15241.933074
3458.719448,0.875,0.875,200,15246.391502
5764.10776,0.86,0.865,200,15250.823867
5712.215938,0.825,0.825,200,15257.175124
5738.302005,0.86,0.865,200,15261.397409
5619.346895,0.8,0.815,200,15265.932419
5700.094873,0.815,0.815,200,15270.449285
5691.794333,0.825,0.83,200,15275.017025
5657.6422,0.84,0.845,200,15279.343085
5705.63673,0.855,0.87,200,15283.777376
5766.21086,0.875,0.875,200,15288.291787
5730.950913,0.845,0.845,200,15292.931942
5764.327686,0.85,0.86,200,15297.639364
4761.051911,0.845,0.86,200,15304.281873
5774.351853,0.865,0.87,200,15308.923576
5335.7544,0.845,0.845,200,15313.601686
5734.055925,0.875,0.88,200,15318.110236
5722.782775,0.81,0.825,200,15322.644223
5665.475037,0.86,0.875,200,15327.258284
5655.934654,0.855,0.855,200,15331.956112
5768.371058,0.86,0.86,200,15336.658188
3491.581209,0.88,0.88,200,15341.348984
5741.141384,0.865,0.875,200,15346.074042
5720.271436,0.835,0.84,200,15353.081472
5712.861167,0.815,0.825,200,15357.795658
5731.773946,0.835,0.835,200,15362.572293
5803.121469,0.87,0.885,200,15367.3344
5533.298094,0.86,0.86,200,15371.976822
5781.679101,0.88,0.88,200,15376.711035
5776.977872,0.87,0.87,200,15381.452415
5426.032664,0.86,0.86,200,15386.206754
5770.828519,0.86,0.88,200,15390.683866
5250.713092,0.88,0.88,200,15395.457129
5734.46822,0.845,0.845,200,15401.903927
5557.403758,0.855,0.855,200,15406.550768
5474.3981,0.83,0.87,200,15411.224354
5551.162627,0.845,0.86,200,15415.915494
5681.791246,0.81,0.83,200,15420.42083
5765.36264,0.845,0.855,200,15425.025608
5763.245498,0.86,0.865,200,15429.407829
5784.06297,0.875,0.875,200,15434.058458
5718.238653,0.88,0.89,200,15438.755122
5699.580759,0.82,0.82,200,15443.380756
5643.558157,0.82,0.82,200,15450.313895
5787.810458,0.87,0.87,200,15455.041218
5706.338008,0.81,0.82,200,15459.65203
5675.345237,0.815,0.83,200,15464.28837
5710.09484,0.835,0.85,200,15469.003572
5727.194534,0.87,0.885,200,15473.660178
5616.465367,0.81,0.81,200,15478.424116
4986.069948,0.67,0.68,200,15483.109677
5053.323947,0.88,0.88,200,15487.870984
5702.408895,0.82,0.82,200,15492.648713
5708.549404,0.84,0.84,200,15499.575667
5711.701934,0.835,0.835,200,15504.121388
5712.541491,0.82,0.84,200,15508.781017
5682.337405,0.84,0.845,200,15513.464118
5667.006362,0.83,0.84,200,15518.208729
5752.914708,0.875,0.875,200,15522.873842
5400.271742,0.855,0.86,200,15527.665863
5149.651588,0.855,0.855,200,15532.416858
5687.109456,0.85,0.85,200,15537.179027
4858.847425,0.645,0.685,200,15541.868973
5717.385873,0.83,0.83,200,15548.769533
5336.810584,0.89,0.89,200,15553.429747
5776.768221,0.855,0.865,200,15558.18485
5698.173499,0.81,0.815,200,15563.002769
5740.604876,0.87,0.88,200,15567.723436
5671.337266,0.85,0.85,200,15572.55877
5709.442191,0.83,0.83,200,15577.368723
5767.766856,0.865,0.875,200,15582.158476
5778.92931,0.875,0.88,200,15586.87454
5636.654384,0.815,0.815,200,15591.505146
5674.580535,0.82,0.83,200,15598.184019
5786.041168,0.87,0.87,200,15602.877923
4569.833817,0.64,0.66,200,15607.559086
5718.075532,0.825,0.835,200,15612.220628
5667.684178,0.86,0.875,200,15617.046612
5702.633618,0.82,0.825,200,15621.752662
5775.014636,0.88,0.89,200,15626.452883
5112.928247,0.855,0.855,200,15631.192333
5704.348628,0.81,0.815,200,15635.883199
5778.393668,0.86,0.865,200,15640.691236
5726.492474,0.825,0.835,200,15647.703425
5649.082923,0.84,0.855,200,15652.445369
5729.113997,0.835,0.845,200,15657.157893
5618.750656,0.85,0.855,200,15661.944415
5675.17346,0.87,0.88,200,15666.674857
5657.70887,0.82,0.82,200,15671.40812
5530.812651,0.855,0.855,200,15676.086623
5720.112104,0.835,0.835,200,15680.798896
5766.204645,0.87,0.875,200,15685.425263
5092.623041,0.87,0.87,200,15690.102717
5719.027319,0.81,0.825,200,15697.045597
5694.742092,0.85,0.85,200,15701.83586
5635.266442,0.835,0.855,200,15706.503873
5690.828861,0.84,0.85,200,15711.153887
5703.801269,0.84,0.85,200,15715.897449
5453.645909,0.845,0.85,200,15720.557347
5746.0204,0.855,0.885,200,15725.234346
5724.295531,0.845,0.845,200,15729.934495
5700.658238,0.81,0.81,200,15734.668226
5757.016494,0.875,0.88,200,15739.360496
5766.958786,0.845,0.855,200,15746.307533
5741.667285,0.845,0.845,200,15751.026628
5763.846256,0.845,0.86,200,15755.818741
5347.740168,0.86,0.86,200,15760.498841
5753.505843,0.865,0.87,200,15765.157049
5760.019659,0.87,0.875,200,15769.982773
5542.952025,0.84,0.865,200,15774.682903
5751.406402,0.865,0.865,200,15779.369041
4959.88505,0.88,0.88,200,15784.03338
3873.74581,0.685,0.705,200,15788.666898
5378.280997,0.865,0.865,200,15795.617435
5677.283738,0.845,0.845,200,15800.234152
5557.870604,0.835,0.86,200,15804.885903
5509.612496,0.84,0.845,200,15809.661199
5758.212683,0.855,0.855,200,15814.340464
5153.94683,0.87,0.875,200,15819.10201
5707.097788,0.835,0.84,200,15823.904423
5705.359157,0.84,0.84,200,15828.557057
5684.191052,0.82,0.825,200,15833.251558
5691.868549,0.85,0.855,200,15838.019547
5688.538735,0.805,0.805,200,15844.957011
5772.058156,0.875,0.88,200,15849.825539
5484.552427,0.825,0.87,200,15854.473067
5712.488203,0.815,0.82,200,15859.124851
5781.563261,0.875,0.875,200,15863.92466
5772.508489,0.865,0.875,200,15868.459882
5783.209161,0.885,0.885,200,15873.217889
5693.112381,0.86,0.875,200,15878.006335
5729.090217,0.86,0.875,200,15882.810829
5139.308478,0.865,0.865,200,15887.558113
5190.379869,0.88,0.88,200,15894.340198
5711.126813,0.84,0.84,200,15899.10337
5674.023851,0.77,0.785,200,15903.908441
5689.543055,0.835,0.835,200,15908.560848
5769.64875,0.855,0.875,200,15913.299975
5713.472852,0.85,0.85,200,15918.003871
5779.8174,0.865,0.87,200,15922.770926
5713.908045,0.86,0.865,200,15927.496766
5176.53311,0.88,0.88,200,15932.157217
5712.450917,0.82,0.82,200,15936.959643
5763.208065,0.85,0.855,200,15943.826859
5662.366353,0.82,0.82,200,15948.468196
5711.238478,0.845,0.86,200,15953.198901
5711.642001,0.83,0.83,200,15958.118979
5772.702495,0.855,0.86,200,15962.804707
5770.606742,0.875,0.88,200,15967.555854
5750.345229,0.86,0.87,200,15972.191904
4354.821804,0.525,0.545,200,15976.941261
5691.941134,0.865,0.865,200,15981.754336
5769.595048,0.875,0.88,200,15986.44291
5787.883101,0.865,0.87,200,15993.543604
5756.609979,0.885,0.885,200,15998.282872
5413.563205,0.865,0.875,200,16003.080872
2097.50374,0.155,0.16,200,16007.823383
5602.509621,0.855,0.875,200,16012.556555
5704.668315,0.865,0.875,200,16017.221721
5708.641466,0.83,0.83,200,16021.813994
5778.227773,0.865,0.865,200,16026.52447
5782.93211,0.87,0.875,200,16031.302886
5788.678872,0.875,0.875,200,16036.013913
5797.307508,0.865,0.885,200,16043.042973
5703.663057,0.815,0.815,200,16047.792608
5713.541639,0.815,0.83,200,16052.46735
5746.004105,0.855,0.86,200,16057.149774
5734.953319,0.85,0.85,200,16061.921602
5696.795994,0.8,0.815,200,16066.65003
5689.810975,0.825,0.85,200,16071.513437
5736.938609,0.84,0.845,200,16076.248111
5747.912693,0.84,0.84,200,16080.994689
5740.251066,0.84,0.845,200,16085.632418
5612.353259,0.855,0.865,200,16092.357283
5679.366527,0.83,0.83,200,16096.993422
5759.168766,0.86,0.86,200,16101.759892
5595.861551,0.865,0.865,200,16106.420341
5714.294879,0.82,0.825,200,16111.217609
5708.077739,0.865,0.87,200,16116.018369
5748.888974,0.855,0.855,200,16120.743841
4624.816394,0.885,0.885,200,16125.469444
5072.838765,0.875,0.875,200,16130.137666
5704.901296,0.84,0.84,200,16134.83887
5688.616833,0.83,0.83,200,16142.037537
5714.812212,0.84,0.845,200,16146.834173
5698.23804,0.81,0.815,200,16151.612259
5700.377044,0.84,0.84,200,16156.456156
5694.331852,0.875,0.875,200,16161.148497
5778.509161,0.86,0.865,200,16166.037301
5560.762447,0.845,0.85,200,16170.747189
5635.158674,0.81,0.815,200,16175.568199
4983.566922,0.73,0.75,200,16180.402312
4080.558472,0.465,0.49,200,16185.160427
5748.651543,0.865,0.875,200,16192.151997
5718.906028,0.82,0.83,200,16196.905424
5469.137353,0.86,0.86,200,16201.65449
5643.734256,0.845,0.845,200,16206.483378
5687.808289,0.86,0.885,200,16211.227016
5651.110864,0.825,0.825,200,16216.056566
5696.051173,0.855,0.865,200,16220.809585
4567.426517,0.88,0.88,200,16225.663198
5691.48054,0.835,0.835,200,16230.375994
5791.782021,0.865,0.875,200,16235.183632
5541.246722,0.85,0.86,200,16242.217352
5625.079461,0.81,0.81,200,16246.987633
5590.644532,0.85,0.855,200,16251.708812
5775.065187,0.87,0.875,200,16256.447182
5513.806939,0.855,0.875,200,16261.060412
5777.227779,0.875,0.875,200,16265.709201
5706.628115,0.815,0.815,200,16270.332142
5741.929716,0.84,0.85,200,16274.942532
5749.489345,0.84,0.85,200,16279.605051
5726.842485,0.89,0.89,200,16284.303042
5795.374398,0.875,0.885,200,16291.216976
5727.310585,0.84,0.84,200,16296.031547
5786.262287,0.865,0.87,200,16300.872613
5806.609922,0.87,0.89,200,16305.650732
5682.372985,0.845,0.85,200,16310.357255
5783.661495,0.86,0.87,200,16315.01453
5634.97708,0.875,0.895,200,16319.829211
5632.10429,0.81,0.815,200,16324.494373
5699.445275,0.87,0.875,200,16329.082914
5705.319378,0.82,0.82,200,16333.721385
5770.43593,0.88,0.88,200,16340.591489
5715.586572,0.825,0.825,200,16345.273129
5795.1323,0.885,0.885,200,16349.904169
4993.613185,0.87,0.87,200,16354.540478
5697.999444,0.835,0.835,200,16359.166066
5789.17337,0.865,0.875,200,16363.910371
5773.298321,0.875,0.875,200,16368.668167
5653.665831,0.865,0.87,200,16373.390052
5763.835291,0.87,0.885,200,16377.928498
4326.363761,0.87,0.87,200,16382.618638
4849.72986,0.88,0.88,200,16389.574256
5707.024928,0.84,0.84,200,16394.260206
5770.370602,0.855,0.855,200,16399.058894
5669.752034,0.84,0.845,200,16403.740911
5443.377565,0.855,0.86,200,16408.537419
5641.365035,0.805,0.82,200,16413.266272
5625.642161,0.82,0.82,200,16418.029359
5710.580368,0.825,0.83,200,16422.744589
5650.256407,0.82,0.82,200,16427.416887
5694.19965,0.825,0.835,200,16432.242257
5777.456037,0.88,0.885,200,16439.157956
5679.590987,0.83,0.83,200,16444.001256
5697.037329,0.815,0.815,200,16448.744541
5664.379658,0.825,0.825,200,16453.389005
4526.132528,0.205,0.205,200,16458.012407
5684.368542,0.83,0.83,200,16462.680338
5457.607436,0.865,0.87,200,16467.364219
5776.147275,0.865,0.865,200,16472.107946
5432.459221,0.86,0.86,200,16476.775449
5752.303152,0.855,0.855,200,16481.363575
5699.163682,0.83,0.835,200,16488.143242
5695.728707,0.87,0.885,200,16492.857964
5548.782039,0.855,0.88,200,16497.500992
5704.553991,0.805,0.82,200,16502.17
5490.768084,0.855,0.865,200,16506.868423
3834.138997,0.875,0.875,200,16511.555355
5777.517194,0.86,0.865,200,16516.196455
5517.762364,0.86,0.86,200,16520.943486
5693.055074,0.835,0.835,200,16525.569203
5098.893087,0.87,0.87,200,16530.219434
5363.176552,0.855,0.855,200,16537.164066
5307.430144,0.855,0.865,200,16541.936965
5755.885005,0.88,0.88,200,16546.619585
5786.290176,0.865,0.87,200,16551.343034
5772.839889,0.865,0.865,200,16556.047364
5788.06866,0.86,0.87,200,16560.649053
5156.542431,0.875,0.875,200,16565.314352
5758.28656,0.84,0.845,200,16569.92807
5765.292826,0.845,0.855,200,16574.726322
5774.31954,0.85,0.86,200,16579.509918
5740.116657,0.86,0.87,200,16586.666502
5780.996936,0.87,0.87,200,16591.49733
5655.075978,0.85,0.855,200,16596.366753
4925.11044,0.86,0.88,200,16601.056443
5399.864499,0.87,0.87,200,16605.891379
3946.435335,0.67,0.675,200,16610.651484
5737.075172,0.84,0.85,200,16615.330848
4944.782948,0.695,0.72,200,16620.039018
5716.848003,0.84,0.84,200,16624.712942
5708.352064,0.835,0.835,200,16629.429943
5709.641804,0.825,0.83,200,16636.322792
5761.071055,0.855,0.855,200,16641.098465
5633.215808,0.835,0.855,200,16645.849612
5700.967192,0.84,0.845,200,16650.457371
5694.741682,0.815,0.815,200,16655.1951
5526.159304,0.845,0.855,200,16659.781923
5786.597157,0.875,0.875,200,16664.416975
5754.635396,0.88,0.885,200,16669.08098
5703.45576,0.845,0.85,200,16673.825156
5772.49432,0.865,0.87,200,16678.46326
5698.91342,0.835,0.835,200,16685.227007
5703.565306,0.83,0.83,200,16689.926199
5772.615103,0.85,0.865,200,16694.654326
3524.469879,0.44,0.485,200,16699.280472
5712.719228,0.825,0.835,200,16703.89796
5677.031898,0.85,0.85,200,16708.675103
5781.334927,0.87,0.87,200,16713.377173
5754.297449,0.86,0.865,200,16718.098996
5790.377641,0.86,0.875,200,16722.798409
5737.684383,0.86,0.87,200,16727.362591
4864.075678,0.885,0.89,200,16734.310558
5174.733452,0.87,0.87,200,16739.054119
5692.867003,0.855,0.86,200,16743.763619
5732.617706,0.855,0.865,200,16748.503072
5716.031501,0.86,0.88,200,16753.287529
5576.260432,0.85,0.875,200,16757.956741
5113.798803,0.855,0.88,200,16762.675444
5780.733814,0.87,0.87,200,16767.318982
5745.566106,0.86,0.875,200,16771.974703
5697.470056,0.81,0.815,200,16776.803842
5187.260806,0.585,0.6,200,16783.689583
5684.852882,0.855,0.855,200,16788.586386
5645.251473,0.855,0.875,200,16793.287929
4829.834389,0.855,0.865,200,16797.896595
5784.466699,0.86,0.87,200,16802.498999
5692.959615,0.83,0.83,200,16807.336656
5743.258935,0.85,0.85,200,16812.038722
5776.874413,0.86,0.86,200,16816.806905
5795.235089,0.88,0.88,200,16821.583428
5116.110107,0.865,0.87,200,16826.34159
5722.821567,0.84,0.84,200,16833.220075
5671.558654,0.85,0.855,200,16837.998828
5752.063486,0.865,0.885,200,16842.573927
5776.008101,0.86,0.86,200,16847.327251
5776.053642,0.87,0.875,200,16851.996032
5378.567809,0.885,0.885,200,16856.65237
5026.714887,0.86,0.865,200,16861.436963
5735.748589,0.86,0.865,200,16866.05961
5108.638854,0.885,0.885,200,16870.592901
5555.059708,0.84,0.875,200,16875.285692
5700.684759,0.835,0.835,200,16882.261919
5704.262083,0.82,0.825,200,16886.888486
5779.201987,0.875,0.88,200,16891.50728
5704.763351,0.845,0.845,200,16896.272853
5708.506514,0.835,0.835,200,16901.07623
5611.486964,0.86,0.86,200,16905.827727
5564.858908,0.84,0.87,200,16910.588629
5682.093449,0.85,0.85,200,16915.252693
5707.652319,0.835,0.835,200,16919.995319
5713.328806,0.845,0.85,200,16924.574072
5756.56358,0.855,0.86,200,16931.473206
4116.795261,0.885,0.89,200,16936.167978
5704.327137,0.855,0.855,200,16940.715067
5652.543107,0.865,0.87,200,16945.330656
5715.316451,0.845,0.845,200,16950.060166
5731.770575,0.85,0.85,200,16954.815884
5707.444793,0.84,0.84,200,16959.612432
5686.58616,0.865,0.885,200,16964.306591
5561.151539,0.855,0.855,200,16968.981548
5703.696353,0.815,0.815,200,16973.758362
5737.702692,0.85,0.85,200,16980.372372
5381.307809,0.87,0.875,200,16985.056175
5637.144824,0.82,0.82,200,16989.625709
5703.88501,0.825,0.825,200,16994.222997
5589.666305,0.865,0.885,200,16998.796817
5783.734633,0.87,0.87,200,17003.348
5502.750265,0.86,0.87,200,17008.089717
5760.385547,0.83,0.845,200,17012.578576
5477.772666,0.855,0.86,200,17017.098263
5648.434985,0.855,0.86,200,17021.644758
5724.559372,0.86,0.865,200,17028.518145
5713.588209,0.845,0.845,200,17032.958362
5176.328368,0.595,0.595,200,17037.473905
5701.167954,0.815,0.815,200,17041.976815
5695.100579,0.85,0.855,200,17046.550391
5703.118881,0.8,0.815,200,17051.070626
5680.828849,0.83,0.83,200,17055.568984
5749.078318,0.865,0.865,200,17060.014193
5716.439022,0.835,0.835,200,17064.447813
5774.850406,0.87,0.87,200,17069.022235
5631.159408,0.86,0.86,200,17075.827122
5425.881332,0.83,0.885,200,17080.308906
5602.218185,0.865,0.875,200,17084.892247
5717.301411,0.83,0.84,200,17089.346054
5267.46928,0.875,0.875,200,17093.829165
5743.824109,0.865,0.865,200,17098.510107
5710.615946,0.835,0.835,200,17103.157029
5782.683859,0.87,0.875,200,17107.797874
5680.514099,0.83,0.83,200,17112.293163
5697.775785,0.815,0.815,200,17116.802411
5624.339597,0.815,0.815,200,17123.657468
5714.459418,0.83,0.83,200,17128.3621
5753.703009,0.85,0.85,200,17132.97345
5703.181756,0.84,0.855,200,17137.548311
5781.08396,0.865,0.88,200,17142.149705
5698.104133,0.835,0.835,200,17146.852555
5706.620502,0.855,0.855,200,17151.314986
5734.572009,0.875,0.88,200,17155.926104
5696.54567,0.815,0.815,200,17160.46532
5717.355833,0.86,0.87,200,17165.025845
5731.934475,0.865,0.88,200,17171.666951
5707.610789,0.83,0.835,200,17176.22047
5735.714566,0.86,0.87,200,17180.852036
5786.54026,0.86,0.88,200,17185.443385
5320.70148,0.865,0.87,200,17190.096455
5764.245354,0.87,0.885,200,17194.75821
5734.404936,0.87,0.885,200,17199.176031
5769.674629,0.865,0.865,200,17203.923753
4370.774469,0.885,0.885,200,17208.736595
5684.335812,0.85,0.87,200,17213.56039
5712.61386,0.855,0.855,200,17220.45372
5441.938003,0.86,0.885,200,17225.157605
5788.197775,0.88,0.88,200,17229.869924
4582.526648,0.87,0.87,200,17234.617117
5675.471871,0.84,0.84,200,17239.301607
4591.536484,0.88,0.88,200,17244.09021
5697.080419,0.855,0.865,200,17248.818705
5713.287042,0.86,0.865,200,17253.63181
5154.083568,0.865,0.865,200,17258.369954
5780.525465,0.86,0.865,200,17263.061035
5705.656551,0.825,0.83,200,17270.177055
5718.250315,0.86,0.86,200,17274.907445
5705.717745,0.835,0.835,200,17279.642109
5680.174248,0.83,0.83,200,17284.261976
5773.543865,0.86,0.86,200,17288.940448
4534.500935,0.59,0.61,200,17293.687449
5720.528212,0.855,0.865,200,17298.509547
5677.350516,0.85,0.86,200,17303.270096
5330.364336,0.87,0.87,200,17308.044885
5773.111399,0.855,0.86,200,17312.694838
5418.000082,0.855,0.855,200,17319.663867
5699.142532,0.83,0.835,200,17324.415056
5779.543312,0.86,0.865,200,17328.977766
5706.671227,0.815,0.815,200,17333.726331
5781.125749,0.875,0.885,200,17338.473569
5785.955086,0.865,0.875,200,17343.173717
5697.350999,0.855,0.865,200,17347.989756
5738.596018,0.83,0.845,200,17352.738643
5704.677808,0.855,0.855,200,17357.447271
4386.049251,0.46,0.51,200,17362.17944
5533.776054,0.81,0.855,200,17369.082375
5696.946439,0.83,0.83,200,17373.677385
5610.206326,0.845,0.88,200,17378.273496
5790.797445,0.865,0.875,200,17382.835958
5620.93082,0.79,0.815,200,17387.523174
5607.853653,0.85,0.865,200,17392.164452
5714.702682,0.84,0.84,200,17396.812177
5703.022657,0.84,0.845,200,17401.477788
5782.867463,0.86,0.87,200,17405.935212
5111.170147,0.87,0.875,200,17410.651692
5791.637788,0.85,0.865,200,17417.250683
5068.477034,0.67,0.71,200,17421.803257
5699.869993,0.82,0.82,200,17426.44783
5763.706765,0.855,0.865,200,17430.994447
5799.63618,0.88,0.88,200,17435.653172
5676.623908,0.85,0.865,200,17440.121529
5216.337813,0.87,0.88,200,17444.719075
5750.080442,0.855,0.855,200,17449.152591
5774.612247,0.87,0.875,200,17453.5889
5358.753148,0.75,0.78,200,17457.982575
5682.121481,0.805,0.805,200,17464.76839
5634.316896,0.85,0.875,200,17469.376256
5732.985973,0.85,0.865,200,17473.813532
5698.254363,0.81,0.81,200,17478.392418
5782.845067,0.865,0.87,200,17482.944013
5666.046236,0.855,0.87,200,17487.379787
5347.88599,0.875,0.875,200,17491.970023
5698.169844,0.82,0.825,200,17496.385722
5629.32803,0.81,0.815,200,17500.922178
5760.10422,0.86,0.88,200,17505.286125
5688.280093,0.86,0.865,200,17511.918127
4645.462725,0.885,0.885,200,17516.4039
5757.143757,0.865,0.875,200,17521.006317
5786.335903,0.875,0.88,200,17525.61089
5689.82523,0.83,0.835,200,17530.158317
5653.71271,0.805,0.815,200,17534.780735
5318.85718,0.875,0.875,200,17539.357896
5698.936885,0.82,0.835,200,17543.940185
5679.924172,0.83,0.85,200,17548.523493
5748.112906,0.855,0.86,200,17553.205159
5659.067252,0.82,0.82,200,17559.975914
5684.303815,0.805,0.81,200,17564.593326
5801.05196,0.875,0.885,200,17569.224203
5776.763884,0.865,0.865,200,17573.793434
5690.54948,0.83,0.83,200,17578.484913
5694.860098,0.805,0.81,200,17582.980621
5775.868966,0.86,0.865,200,17587.564806
5714.506204,0.845,0.855,200,17592.242333
5757.549515,0.855,0.885,200,17596.725026
5770.997315,0.865,0.875,200,17601.414391
5755.851841,0.86,0.86,200,17608.302552
5693.818849,0.825,0.83,200,17612.949499
5747.384918,0.855,0.855,200,17617.582458
5657.577841,0.815,0.825,200,17622.176632
5739.38451,0.845,0.845,200,17626.730961
5740.42431,0.865,0.87,200,17631.335646
5672.01355,0.875,0.875,200,17635.946057
5714.818649,0.835,0.835,200,17640.493454
5771.833163,0.86,0.86,200,17645.145878
5788.779047,0.88,0.88,200,17649.858726
5746.727092,0.865,0.88,200,17656.753289
5780.769051,0.86,0.865,200,17661.392155
5532.056884,0.855,0.855,200,17666.027198
5704.968806,0.83,0.835,200,17670.548364
5651.004168,0.855,0.865,200,17674.989647
5697.632997,0.84,0.84,200,17679.517824
5780.902807,0.86,0.87,200,17684.163366
5780.590019,0.875,0.875,200,17688.802478
5531.462999,0.87,0.885,200,17693.542422
5779.222636,0.865,0.865,200,17698.211162
5711.285263,0.865,0.87,200,17704.94855
5781.119049,0.86,0.865,200,17709.539664
5769.923906,0.875,0.875,200,17713.988774
5627.354352,0.82,0.82,200,17718.625483
5774.944478,0.885,0.885,200,17723.141655
5776.000777,0.86,0.87,200,17727.690873
5505.151606,0.855,0.865,200,17732.167025
5709.809865,0.835,0.835,200,17736.752846
5407.881309,0.855,0.855,200,17741.276533
5778.191465,0.865,0.87,200,17745.637034
5781.382765,0.86,0.865,200,17752.304114
5683.480678,0.845,0.855,200,17756.893411
5765.148777,0.85,0.86,200,17761.491254
5596.618038,0.865,0.875,200,17765.959485
5578.946304,0.86,0.865,200,17770.496802
5716.136337,0.865,0.865,200,17774.90624
5698.806161,0.83,0.835,200,17779.522239
5704.141021,0.85,0.85,200,17784.177695
5690.845049,0.81,0.815,200,17788.751415
5779.038165,0.86,0.865,200,17793.342786
5678.89623,0.86,0.875,200,17800.136181
5703.48563,0.82,0.82,200,17804.756619
5698.031956,0.81,0.81,200,17809.388502
5782.243607,0.865,0.87,200,17813.927139
5519.221708,0.855,0.86,200,17818.464537
5775.308422,0.86,0.87,200,17822.980975
5085.494749,0.865,0.865,200,17827.621692
5759.90777,0.855,0.855,200,17832.177531
5778.938926,0.865,0.865,200,17836.835454
5648.915758,0.855,0.865,200,17841.279732
5706.863854,0.81,0.82,200,17848.021122
5768.183042,0.85,0.855,200,17852.491525
5330.346944,0.565,0.585,200,17856.972556
5780.451519,0.855,0.865,200,17861.433956
5202.420145,0.89,0.89,200,17865.964541
5345.918243,0.875,0.875,200,17870.5269
5732.700403,0.875,0.885,200,17875.051248
5751.953397,0.86,0.87,200,17879.705573
5687.858104,0.825,0.83,200,17884.161904
5767.19125,0.865,0.865,200,17888.703131
5761.957474,0.85,0.86,200,17895.303266
5689.843918,0.855,0.855,200,17899.879925
5669.947685,0.82,0.825,200,17904.46467
5299.240198,0.88,0.885,200,17908.989268
5613.283703,0.805,0.815,200,17913.441156
5288.60931,0.87,0.875,200,17917.974993
5775.81284,0.87,0.87,200,17922.634398
5737.804772,0.835,0.845,200,17927.223308
5760.414794,0.845,0.855,200,17931.681009
5524.507711,0.8,0.855,200,17936.168333
5782.580211,0.865,0.865,200,17942.955839
5780.171191,0.86,0.865,200,17947.433314
5777.992232,0.87,0.87,200,17951.973016
5676.027595,0.87,0.87,200,17956.52573
5700.387838,0.815,0.815,200,17961.112269
5699.926235,0.805,0.815,200,17965.755182
5735.341855,0.845,0.845,200,17970.440769
5719.426551,0.835,0.84,200,17975.048391
5716.644709,0.825,0.825,200,17979.486419
5791.362194,0.875,0.875,200,17984.01581
5710.538279,0.805,0.825,200,17990.815387
5692.178912,0.825,0.83,200,17995.322419
4994.81975,0.705,0.74,200,18000.035688
4726.228681,0.885,0.885,200,18004.638488
5577.861642,0.855,0.88,200,18009.339756
5700.581231,0.825,0.825,200,18014.016816
5753.018815,0.865,0.865,200,18018.611263
5699.070763,0.805,0.815,200,18023.035431
5198.093217,0.86,0.865,200,18027.558527
5695.892543,0.845,0.85,200,18031.971971
5750.43393,0.86,0.86,200,18038.77014
5693.882622,0.865,0.88,200,18043.436786
5734.000324,0.835,0.845,200,18048.02231
5707.570436,0.845,0.845,200,18052.558593
5718.791367,0.845,0.845,200,18057.060743
5771.109569,0.865,0.875,200,18061.638458
5337.944172,0.87,0.88,200,18066.205643
5634.598838,0.855,0.855,200,18070.675394
5695.789603,0.835,0.835,200,18075.121633
5740.087643,0.87,0.87,200,18079.664484
5686.766899,0.85,0.85,200,18086.241477
5780.519307,0.845,0.865,200,18090.673974
5157.89586,0.86,0.865,200,18095.062063
5653.699166,0.825,0.885,200,18099.233804
5700.210101,0.85,0.875,200,18103.382097
5788.838133,0.865,0.87,200,18107.706218
5412.874016,0.875,0.875,200,18112.214151
5750.59374,0.855,0.855,200,18116.84598
5692.568869,0.85,0.85,200,18121.518404
5733.582531,0.86,0.865,200,18126.227083
5788.471271,0.875,0.875,200,18133.287192
5790.073699,0.875,0.875,200,18137.858022
5690.352938,0.805,0.805,200,18142.364456
5744.795902,0.855,0.88,200,18146.873185
5780.540981,0.865,0.865,200,18151.452311
5633.248753,0.81,0.81,200,18156.063222
4726.679057,0.875,0.88,200,18160.65833
5636.823278,0.855,0.88,200,18165.166655
5753.48488,0.855,0.855,200,18169.59741
5309.1279,0.855,0.855,200,18174.113397
5673.873803,0.85,0.855,200,18180.848533
5650.373449,0.86,0.895,200,18185.38888
5698.21904,0.86,0.875,200,18189.906907
4787.824071,0.875,0.875,200,18194.369335
5632.635193,0.815,0.815,200,18198.818776
5546.072074,0.835,0.885,200,18203.035187
5710.180672,0.845,0.845,200,18207.364707
5169.056179,0.875,0.875,200,18211.618264
5766.618629,0.85,0.86,200,18216.175296
4928.283518,0.88,0.88,200,18220.717319
5690.566624,0.845,0.85,200,18227.60162
5634.526764,0.865,0.865,200,18232.221568
5366.906067,0.85,0.86,200,18236.812675
5779.312676,0.87,0.87,200,18241.484826
5506.338162,0.865,0.865,200,18246.024058
5733.608171,0.86,0.865,200,18250.531163
5664.056431,0.86,0.86,200,18255.213234
5708.455391,0.825,0.825,200,18259.795148
5660.485521,0.82,0.825,200,18264.489629
5744.615507,0.855,0.855,200,18269.107964
5725.646372,0.86,0.86,200,18275.691761
5591.464288,0.85,0.88,200,18280.268461
5702.077677,0.82,0.825,200,18284.89122
5715.765115,0.84,0.84,200,18289.536322
5683.992182,0.855,0.86,200,18294.238823
5677.870545,0.855,0.855,200,18298.923684
5710.296071,0.82,0.825,200,18303.605308
5771.639732,0.885,0.895,200,18308.159971
5644.829038,0.865,0.87,200,18312.782791
5649.644526,0.835,0.87,200,18317.481518
5736.996617,0.83,0.84,200,18324.374411
5763.659123,0.855,0.875,200,18329.042327
5758.034052,0.84,0.845,200,18333.614525
5706.568684,0.84,0.845,200,18338.302401
5697.979792,0.855,0.855,200,18342.959115
5793.264581,0.865,0.88,200,18347.578669
5779.058155,0.855,0.86,200,18352.365154
5736.295556,0.85,0.85,200,18357.162942
5705.630372,0.875,0.875,200,18361.809301
5647.76089,0.82,0.82,200,18366.533961
5693.922648,0.86,0.86,200,18373.514514
5760.194813,0.85,0.855,200,18378.112634
5368.15625,0.85,0.875,200,18382.887911
5644.691729,0.855,0.875,200,18387.692756
5795.491515,0.885,0.885,200,18392.447465
5785.142724,0.865,0.875,200,18397.293338
5701.750388,0.845,0.845,200,18401.877471
5495.683616,0.85,0.875,200,18406.504965
5704.607596,0.845,0.85,200,18411.14735
5707.560034,0.83,0.83,200,18415.853654
5742.063015,0.85,0.85,200,18422.59046
5760.530008,0.845,0.85,200,18427.062163
5752.091388,0.845,0.845,200,18431.613232
5696.595651,0.82,0.82,200,18436.251927
5770.289064,0.87,0.87,200,18440.927174
5788.415618,0.87,0.87,200,18445.588719
5745.312109,0.855,0.86,200,18450.286786
5769.787065,0.86,0.86,200,18454.926458
5700.299336,0.865,0.87,200,18459.731711
5711.359516,0.835,0.835,200,18464.417372
5787.781206,0.885,0.885,200,18471.202765
5784.288266,0.87,0.87,200,18475.847725
4532.006496,0.88,0.89,200,18480.558241
5683.725215,0.855,0.865,200,18485.321444
5796.959498,0.875,0.885,200,18490.012119
5699.994287,0.815,0.815,200,18494.762514
5408.986101,0.88,0.88,200,18499.433868
5678.365078,0.83,0.83,200,18504.14983
5590.027039,0.85,0.885,200,18508.754294
5698.355142,0.82,0.825,200,18513.385861
5798.438714,0.88,0.88,200,18520.274915
5753.250954,0.865,0.87,200,18524.933834
5713.514007,0.85,0.85,200,18529.70435
5608.971302,0.795,0.805,200,18534.453079
5727.143535,0.86,0.86,200,18539.059978
5787.253469,0.875,0.875,200,18543.681108
5738.026209,0.86,0.875,200,18548.27131
5788.360147,0.885,0.885,200,18552.844453
5714.821043,0.835,0.835,200,18557.327523
5711.756361,0.83,0.835,200,18561.631632
5692.6639,0.86,0.87,200,18568.44858
5710.425487,0.835,0.845,200,18573.014984
5715.380212,0.83,0.83,200,18577.678681
5702.442737,0.84,0.855,200,18582.285946
5699.116626,0.855,0.855,200,18586.925354
5759.478911,0.87,0.87,200,18591.694825
5772.112487,0.865,0.865,200,18596.354193
5635.576264,0.87,0.875,200,18601.106983
5750.774338,0.85,0.855,200,18605.756535
5784.747534,0.865,0.87,200,18610.303497
5735.965549,0.835,0.85,200,18617.204683
5329.912147,0.84,0.875,200,18621.931602
5730.376589,0.865,0.87,200,18626.627227
5705.827211,0.835,0.835,200,18631.292692
5755.691538,0.84,0.85,200,18636.077399
5749.073292,0.86,0.87,200,18640.745013
5591.987255,0.865,0.865,200,18645.350391
5682.481931,0.865,0.875,200,18649.878711
5738.81713,0.85,0.86,200,18654.292398
5768.289424,0.845,0.86,200,18658.729108
5778.531962,0.87,0.87,200,18665.311432
5697.45408,0.835,0.835,200,18669.774031
5718.351292,0.85,0.85,200,18674.243214
5759.28447,0.85,0.86,200,18678.596486
5721.550914,0.845,0.85,200,18683.080614
5771.352137,0.865,0.865,200,18687.572023
5406.451603,0.875,0.89,200,18692.063636
5703.836292,0.815,0.825,200,18696.678275
5767.558331,0.88,0.895,200,18701.228061
5731.087808,0.86,0.87,200,18705.748592
5634.474476,0.855,0.855,200,18712.531397
5395.817929,0.865,0.865,200,18717.084055
5791.802674,0.88,0.88,200,18721.57822
5694.127915,0.815,0.815,200,18726.068012
5711.139665,0.84,0.84,200,18730.534231
5719.072002,0.84,0.84,200,18735.209582
5811.042968,0.88,0.89,200,18739.930696
5571.143706,0.835,0.845,200,18744.471839
5742.744663,0.87,0.885,200,18749.152908
5740.019424,0.85,0.85,200,18753.74425
5221.154218,0.875,0.875,200,18760.33846
5616.600005,0.885,0.885,200,18765.038049
5794.036003,0.885,0.885,200,18769.607043
5736.616587,0.845,0.845,200,18774.275139
5663.742295,0.86,0.865,200,18778.796741
5721.32178,0.84,0.84,200,18783.425436
5691.621045,0.835,0.835,200,18788.112681
5713.167398,0.835,0.835,200,18792.570616
5763.741722,0.86,0.86,200,18797.002333
5679.616762,0.83,0.83,200,18801.367972
5696.152466,0.855,0.86,200,18807.910965
5719.650388,0.835,0.835,200,18812.327674
5771.850739,0.865,0.87,200,18816.820206
5763.897325,0.88,0.9,200,18821.39714
5288.250296,0.86,0.86,200,18825.873001
5585.875393,0.87,0.88,200,18830.299303
5802.036363,0.895,0.895,200,18834.773558
5423.248516,0.88,0.88,200,18839.2085
5654.646412,0.855,0.855,200,18843.643608
5715.839123,0.86,0.875,200,18848.135662
5764.544296,0.865,0.865,200,18855.113344
5594.359565,0.86,0.865,200,18859.826271
5739.197292,0.88,0.88,200,18864.318461
5707.677171,0.855,0.865,200,18868.801916
5718.667615,0.845,0.845,200,18873.397633
5710.668579,0.83,0.83,200,18877.810015
5601.718617,0.865,0.885,200,18882.273362
5688.865818,0.8,0.8,200,18886.641581
5770.004892,0.855,0.865,200,18891.17211
5778.590133,0.855,0.865,200,18895.745882
5780.768414,0.86,0.87,200,18902.592932
5665.788056,0.83,0.83,200,18907.311951
5708.724284,0.83,0.83,200,18911.751238
5740.25596,0.86,0.88,200,18916.217795
5699.207991,0.835,0.835,200,18920.692915
5655.789526,0.82,0.82,200,18925.215595
5752.422954,0.875,0.875,200,18929.720149
5745.815078,0.86,0.86,200,18934.236225
5754.67427,0.87,0.87,200,18938.727811
5760.990553,0.86,0.86,200,18943.240272
5667.933599,0.835,0.835,200,18949.845036
5633.93643,0.87,0.87,200,18954.325133
5745.523378,0.855,0.855,200,18958.815838
5748.056266,0.85,0.85,200,18963.516427
5798.230238,0.885,0.885,200,18968.297436
5717.743917,0.82,0.83,200,18973.024148
5546.180465,0.855,0.865,200,18977.720708
5759.511335,0.875,0.89,200,18982.504199
5265.276946,0.885,0.89,200,18987.055743
5682.695428,0.845,0.855,200,18991.558192
5787.038252,0.87,0.87,200,18998.423017
5335.341476,0.855,0.855,200,19002.960027
5692.995445,0.81,0.81,200,19007.527164
5698.651287,0.81,0.81,200,19012.01755
5760.317166,0.86,0.865,200,19016.601554
5699.904317,0.85,0.855,200,19021.195166
5716.818043,0.865,0.88,200,19025.737551
5325.80866,0.865,0.88,200,19030.301372
5784.287442,0.87,0.87,200,19034.964119
5564.99295,0.855,0.885,200,19039.466067
5706.004565,0.85,0.85,200,19046.458893
5651.681223,0.845,0.855,200,19050.982449
5704.696257,0.83,0.83,200,19055.511002
5704.412481,0.84,0.84,200,19060.179887
5715.833486,0.82,0.83,200,19064.939169
5743.022492,0.885,0.885,200,19069.397731
5092.25198,0.845,0.885,200,19073.886799
5802.190205,0.88,0.885,200,19078.40034
5798.527767,0.88,0.88,200,19082.918119
2672.719997,0.89,0.89,200,19087.484618
5755.853684,0.865,0.885,200,19094.170419
5615.780346,0.81,0.81,200,19098.699097
5690.473104,0.855,0.865,200,19103.230141
5731.746461,0.845,0.845,200,19107.70079
4502.508021,0.885,0.895,200,19112.174239
5453.370914,0.71,0.735,200,19116.668987
5704.409863,0.82,0.82,200,19121.044564
5725.657747,0.86,0.88,200,19125.487762
5797.712959,0.88,0.88,200,19130.122693
5724.079632,0.83,0.84,200,19134.574148
5796.502282,0.875,0.88,200,19141.188906
5748.296074,0.85,0.85,200,19145.729105
5730.783601,0.835,0.835,200,19150.281316
5788.374014,0.86,0.87,200,19154.7742
5768.155862,0.865,0.865,200,19159.326912
5722.140258,0.86,0.865,200,19163.881366
5711.143258,0.84,0.84,200,19168.407588
5692.255087,0.85,0.87,200,19172.868632
5701.610122,0.83,0.83,200,19177.434805
5775.882339,0.865,0.875,200,19182.039382
5685.199672,0.845,0.85,200,19188.934794
5781.611708,0.86,0.865,200,19193.446493
5708.596731,0.82,0.82,200,19197.915448
5691.342342,0.79,0.805,200,19202.562826
5763.242607,0.855,0.855,200,19207.024918
3391.831466,0.265,0.29,200,19211.761539
5775.682463,0.865,0.865,200,19216.27382
5797.841352,0.88,0.885,200,19220.890199
5749.483234,0.865,0.865,200,19225.424935
5660.468169,0.825,0.825,200,19229.946909
5321.512247,0.88,0.885,200,19236.776011
5688.59602,0.81,0.81,200,19241.288278
5792.28506,0.875,0.875,200,19245.859316
5671.760073,0.82,0.825,200,19250.343297
5780.525747,0.86,0.865,200,19254.880756
5774.097286,0.88,0.88,200,19259.451796
5657.405176,0.825,0.825,200,19264.051746
5618.508571,0.805,0.815,200,19268.6687
4920.804455,0.55,0.57,200,19273.244581
3597.079099,0.875,0.89,200,19277.923134
5737.690638,0.86,0.87,200,19284.69353
5698.35459,0.81,0.81,200,19289.259462
5620.601148,0.8,0.815,200,19293.871563
5123.852276,0.855,0.875,200,19298.495406
5649.380396,0.865,0.865,200,19303.10547
5135.060437,0.86,0.875,200,19307.609521
5788.102261,0.87,0.87,200,19311.987198
5782.928662,0.855,0.875,200,19316.41922
5771.846326,0.87,0.87,200,19320.845141
5697.809019,0.83,0.83,200,19325.355589
5701.203601,0.82,0.82,200,19332.028095
5782.688126,0.875,0.875,200,19336.558829
5292.506689,0.885,0.885,200,19341.115452
5783.414464,0.875,0.875,200,19345.749328
5461.190844,0.83,0.87,200,19350.294805
5747.650246,0.86,0.87,200,19354.88968
5736.027133,0.85,0.85,200,19359.211951
5744.868364,0.865,0.865,200,19363.839028
5723.515129,0.83,0.835,200,19368.395878
5337.364537,0.86,0.86,200,19372.876271
5674.44867,0.82,0.835,200,19379.575044
5439.740964,0.875,0.875,200,19384.029508
4240.666702,0.865,0.88,200,19388.564057
5354.440885,0.845,0.845,200,19393.206589
5228.189655,0.87,0.88,200,19397.85482
5691.557599,0.82,0.82,200,19402.474012
5618.675524,0.83,0.86,200,19407.028617
5769.646318,0.86,0.865,200,19411.450795
5737.40158,0.845,0.845,200,19416.189788
5742.019084,0.865,0.865,200,19420.817175
5587.79025,0.85,0.875,200,19427.599978
5776.919142,0.86,0.86,200,19432.14431
5690.043371,0.86,0.865,200,19436.813795
5776.275721,0.86,0.86,200,19441.459209
5269.244328,0.88,0.88,200,19446.101625
5733.123537,0.835,0.85,200,19450.778826
5722.6822,0.84,0.84,200,19455.475395
5744.284295,0.85,0.85,200,19460.005586
5660.361985,0.865,0.875,200,19464.503753
5739.958048,0.85,0.85,200,19469.173174
4676.925018,0.67,0.715,200,19476.174292
5525.875373,0.82,0.865,200,19480.854681
5784.185538,0.865,0.87,200,19485.498603
5793.115061,0.875,0.875,200,19490.214383
5437.773479,0.65,0.65,200,19494.840956
5787.121106,0.865,0.87,200,19499.453437
5706.195342,0.815,0.815,200,19504.119153
5736.262174,0.86,0.885,200,19508.846946
5642.338315,0.855,0.865,200,19513.456106
5523.692812,0.885,0.885,200,19518.151082
5214.81266,0.87,0.87,200,19525.018143
5785.852392,0.875,0.875,200,19529.696852
5763.966895,0.86,0.86,200,19534.212475
5779.648629,0.855,0.86,200,19538.89111
5685.152886,0.865,0.87,200,19543.537846
5782.80763,0.865,0.87,200,19548.185573
5732.672101,0.85,0.85,200,19552.850003
5712.375687,0.825,0.825,200,19557.394349
4729.33481,0.825,0.845,200,19561.966737
5647.253242,0.875,0.875,200,19566.550375
5797.77205,0.865,0.875,200,19573.130666
5677.736569,0.845,0.85,200,19577.764269
5712.800565,0.83,0.83,200,19582.314724
5763.110471,0.86,0.89,200,19586.904061
3979.244059,0.455,0.51,200,19591.53302
5738.469987,0.845,0.845,200,19596.299517
5716.75021,0.84,0.85,200,19600.952655
5788.547371,0.88,0.88,200,19605.544748
5180.76069,0.86,0.86,200,19610.235548
5267.245689,0.855,0.855,200,19615.02793
5763.060965,0.85,0.86,200,19621.917909
5183.858065,0.865,0.865,200,19626.403006
4814.865081,0.505,0.52,200,19631.090137
5720.682845,0.865,0.87,200,19635.657196
5723.119456,0.84,0.84,200,19640.411898
5698.833773,0.855,0.86,200,19645.022188
5698.646482,0.825,0.825,200,19649.701622
5410.358436,0.87,0.88,200,19654.405513
5767.934333,0.86,0.86,200,19659.136489
5668.86377,0.81,0.83,200,19663.786958
5716.72255,0.83,0.835,200,19670.627999
5470.48408,0.86,0.865,200,19675.353946
5632.106667,0.805,0.815,200,19679.996412
5718.911214,0.83,0.835,200,19684.575785
5740.666743,0.855,0.865,200,19689.076907
5756.646624,0.865,0.875,200,19693.713712
5793.796889,0.875,0.88,200,19698.227409
5645.967963,0.865,0.88,200,19702.82137
5772.517567,0.86,0.86,200,19707.472023
5794.107739,0.865,0.875,200,19712.057667
5776.109165,0.855,0.865,200,19718.847619
5698.935537,0.815,0.815,200,19723.474539
5720.973122,0.845,0.85,200,19727.989297
5705.40778,0.87,0.875,200,19732.692653
5686.006731,0.845,0.86,200,19737.194494
5344.369981,0.86,0.86,200,19741.750328
5644.077679,0.87,0.87,200,19746.308567
4418.562109,0.575,0.575,200,19751.025156
5641.656116,0.885,0.885,200,19755.616417
5708.793935,0.84,0.84,200,19760.314896
5677.986461,0.81,0.83,200,19767.187504
5724.295222,0.825,0.83,200,19771.754099
5714.516802,0.835,0.835,200,19776.492059
5715.673112,0.83,0.84,200,19781.191777
5721.146695,0.83,0.845,200,19785.794266
5791.155722,0.855,0.87,200,19790.332201
5687.713279,0.855,0.855,200,19794.964266
5797.893946,0.865,0.88,200,19799.575154
5694.482425,0.83,0.83,200,19804.326008
5708.8693,0.845,0.845,200,19809.018071
5697.179907,0.855,0.86,200,19816.104398
5531.437374,0.865,0.875,200,19820.904503
5711.501136,0.835,0.835,200,19825.613675
5683.310727,0.83,0.85,200,19830.25799
5786.942148,0.86,0.87,200,19834.977317
5314.622333,0.875,0.875,200,19839.630267
5716.533321,0.84,0.845,200,19844.206026
5772.50322,0.865,0.865,200,19848.909778
5713.637486,0.83,0.83,200,19853.518604
5782.723128,0.88,0.88,200,19858.231424
5754.911706,0.855,0.87,200,19864.826369
5688.217517,0.855,0.855,200,19869.238618
5665.733452,0.86,0.87,200,19873.843353
5721.26103,0.835,0.84,200,19878.311027
5716.177122,0.835,0.84,200,19882.694965
5780.074725,0.89,0.89,200,19887.152032
5794.129995,0.875,0.875,200,19891.709046
5786.948705,0.865,0.865,200,19896.277891
5697.385744,0.81,0.81,200,19900.856023
5781.638957,0.875,0.875,200,19905.498323
5707.691651,0.87,0.875,200,19912.408378
5715.731562,0.86,0.865,200,19916.858314
5722.212866,0.83,0.83,200,19921.419668
5795.934736,0.88,0.88,200,19925.86099
5598.415938,0.865,0.865,200,19930.525981
5775.690183,0.865,0.865,200,19935.197879
5757.464951,0.855,0.86,200,19939.950949
5713.47838,0.83,0.83,200,19944.632877
5692.152808,0.83,0.83,200,19949.298089
5776.987497,0.85,0.86,200,19953.927926
5671.841105,0.835,0.84,200,19960.854296
5756.665665,0.855,0.855,200,19965.594764
5765.419856,0.88,0.885,200,19970.361552
5465.329211,0.88,0.885,200,19975.05735
5779.936706,0.87,0.875,200,19979.761668
5639.390509,0.815,0.825,200,19984.404552
5631.56077,0.795,0.815,200,19988.921126
5678.066766,0.87,0.885,200,19993.623626
5714.258969,0.825,0.83,200,19998.163324
5342.246407,0.865,0.865,200,20002.844748
5205.689817,0.605,0.635,200,20009.700221
5645.744115,0.815,0.815,200,20014.209154
5746.882826,0.86,0.87,200,20018.952047
5792.743945,0.88,0.88,200,20023.684403
5783.284033,0.88,0.88,200,20028.26795
5055.893269,0.78,0.845,200,20032.941494
5750.461311,0.86,0.865,200,20037.530323
4596.348656,0.62,0.635,200,20042.180798
5701.378415,0.82,0.835,200,20046.783235
5257.863616,0.89,0.89,200,20051.225358
5073.233846,0.7,0.71,200,20057.86619
5718.606409,0.84,0.84,200,20062.498838
5700.180398,0.8,0.81,200,20067.046321
5780.992973,0.855,0.87,200,20071.641637
5712.70188,0.83,0.84,200,20076.253989
5621.207625,0.81,0.81,200,20080.845294
5659.881935,0.855,0.865,200,20085.563242
5739.810866,0.845,0.85,200,20090.078568
5703.653286,0.85,0.855,200,20094.555542
5705.840458,0.815,0.815,200,20099.108577
5717.520852,0.835,0.845,200,20105.972338
5689.436308,0.845,0.845,200,20110.473054
5790.433119,0.875,0.875,200,20115.111809
5786.650667,0.885,0.885,200,20119.842117
5567.88223,0.865,0.875,200,20124.460752
5790.265905,0.875,0.885,200,20129.135175
5756.131336,0.845,0.85,200,20133.611344
5752.748384,0.865,0.87,200,20137.8891
5737.661575,0.88,0.895,200,20142.4698
5755.19329,0.865,0.865,200,20147.022428
5728.828274,0.845,0.845,200,20153.866766
5745.601993,0.84,0.85,200,20158.312776
5707.241054,0.815,0.815,200,20162.84337
5679.073614,0.83,0.83,200,20167.330582
5720.560384,0.87,0.88,200,20171.930883
5473.243732,0.82,0.85,200,20176.539283
5774.498149,0.865,0.875,200,20181.178855
5763.57099,0.855,0.855,200,20185.816454
5702.36254,0.855,0.885,200,20190.411155
5800.839253,0.89,0.9,200,20195.031192
5607.597451,0.85,0.875,200,20202.006289
5680.746965,0.815,0.82,200,20206.576521
5673.22086,0.87,0.875,200,20210.997911
5494.288678,0.87,0.875,200,20215.46728
5075.832518,0.875,0.875,200,20220.102606
5788.49969,0.875,0.875,200,20224.67511
5783.274052,0.855,0.865,200,20229.345115
5716.751671,0.83,0.83,200,20233.899189
5713.444238,0.82,0.825,200,20238.456722
5586.004704,0.855,0.855,200,20242.97767
