# {"t_start": 1757073748.024798, "env_id": "graff-v0"} 
r,obj_lift,obj_grab,l,t
4578.498698,0.72,0.76,200,8.082657
5546.491746,0.795,0.8,200,12.69876
3178.99871,0.865,0.875,200,17.390014
5626.393084,0.79,0.81,200,22.064317
2692.89597,0.89,0.89,200,26.728991
5261.908978,0.65,0.65,200,31.408892
4725.465062,0.875,0.875,200,36.172796
4181.172086,0.84,0.85,200,40.918996
4272.61443,0.845,0.865,200,45.753321
5588.738161,0.8,0.8,200,50.576124
2610.019129,0.88,0.88,200,57.776921
5632.434397,0.8,0.81,200,62.607253
5769.943841,0.87,0.88,200,67.378796
4543.137788,0.09,0.1,200,72.076149
5676.284966,0.8,0.81,200,76.67677
5385.464099,0.72,0.725,200,81.485184
5667.970275,0.795,0.8,200,86.2734
5736.747714,0.85,0.865,200,91.044114
5230.997579,0.825,0.83,200,95.876578
4234.969692,0.31,0.32,200,100.592018
5720.952083,0.83,0.835,200,107.610677
5474.594432,0.825,0.84,200,112.5225
5740.709059,0.83,0.84,200,117.245506
5636.859854,0.805,0.805,200,122.039556
5085.357185,0.555,0.56,200,126.807711
2912.037312,0.885,0.885,200,131.654359
5517.52473,0.8,0.815,200,136.440303
4093.734677,0.85,0.865,200,141.031278
3312.301814,0.87,0.87,200,145.74845
5760.664514,0.86,0.865,200,150.292654
3621.630857,0.835,0.85,200,157.539723
4776.563949,0.435,0.435,200,162.224702
5665.77147,0.805,0.815,200,166.957736
3222.117502,0.86,0.865,200,171.651814
3798.290519,0.86,0.865,200,176.268155
5472.252951,0.765,0.775,200,180.995659
5744.259296,0.865,0.875,200,185.648602
5691.113332,0.825,0.83,200,190.300161
2802.599102,0.875,0.875,200,195.135695
5520.661636,0.785,0.785,200,199.979365
5565.151153,0.795,0.8,200,206.760473
5701.850904,0.82,0.825,200,211.529073
5741.043097,0.84,0.86,200,216.105019
5653.801426,0.81,0.82,200,220.803524
5672.711331,0.815,0.82,200,225.645823
2551.930984,0.875,0.875,200,230.395968
5636.110205,0.785,0.785,200,235.204877
5748.126527,0.835,0.845,200,239.919555
5429.898352,0.8,0.81,200,244.72217
5595.213881,0.8,0.81,200,249.508624
3508.610814,0.85,0.87,200,256.543337
5669.406826,0.79,0.815,200,261.319247
5753.280145,0.855,0.86,200,266.084226
2480.728824,0.885,0.885,200,270.851025
5605.050684,0.805,0.815,200,275.587212
4481.367642,0.84,0.86,200,280.227771
5122.168281,0.57,0.575,200,284.787169
5543.021844,0.815,0.82,200,289.47578
5715.554897,0.825,0.835,200,294.305026
5207.378826,0.61,0.615,200,299.220511
3031.910205,0.85,0.87,200,306.5934
5028.072379,0.79,0.825,200,311.385648
4817.426254,0.835,0.835,200,316.190907
2960.647081,0.88,0.88,200,321.042007
3407.794109,0.855,0.875,200,325.879118
3716.151279,0.855,0.875,200,330.716846
3076.958602,0.865,0.865,200,335.52775
5670.182081,0.81,0.81,200,340.399781
5070.174648,0.455,0.46,200,345.299548
5703.860836,0.82,0.825,200,350.088969
5221.097408,0.7,0.705,200,357.334212
4582.829401,0.84,0.85,200,362.132309
5573.136786,0.785,0.785,200,366.954772
5743.348428,0.855,0.86,200,371.767509
5605.934345,0.795,0.805,200,376.487297
5700.41589,0.84,0.855,200,381.29626
5653.313976,0.81,0.815,200,386.148077
3566.899706,0.84,0.86,200,390.809172
5540.129195,0.865,0.87,200,395.381358
4857.394493,0.825,0.84,200,400.122113
5661.253764,0.8,0.8,200,407.260548
4369.556547,0.86,0.86,200,412.140654
4894.519828,0.855,0.86,200,416.950109
2979.31851,0.88,0.88,200,421.799082
3094.454283,0.885,0.885,200,426.650171
4465.593898,0.005,0.005,200,431.472779
5152.007472,0.805,0.815,200,436.375149
5682.843487,0.82,0.825,200,441.207778
5515.569127,0.775,0.785,200,446.131198
4729.111845,0.82,0.85,200,450.892479
5742.52009,0.84,0.85,200,457.869442
4188.411289,0.89,0.89,200,462.759215
5548.940953,0.79,0.795,200,467.593436
5604.201301,0.8,0.81,200,472.421952
3818.716089,0.835,0.845,200,477.189478
5740.05806,0.85,0.85,200,482.048294
3034.042869,0.845,0.865,200,486.916708
5652.138411,0.795,0.805,200,491.76067
2977.685343,0.87,0.87,200,496.421022
5736.447553,0.835,0.845,200,501.171867
5742.744272,0.835,0.85,200,508.27216
5529.11267,0.79,0.795,200,513.143977
4453.631834,0.82,0.84,200,518.051212
5696.233767,0.82,0.825,200,522.838537
3792.601319,0.2,0.225,200,527.536927
5698.231772,0.825,0.825,200,532.325608
2680.036501,0.855,0.87,200,536.982302
5079.186564,0.665,0.665,200,541.711005
2849.10865,0.86,0.86,200,546.533731
4898.115708,0.515,0.525,200,551.387117
5565.261834,0.795,0.795,200,558.354663
3834.21524,0.845,0.855,200,563.133337
5246.518766,0.845,0.845,200,568.035497
4065.992337,0.825,0.85,200,572.799054
3991.403122,0.845,0.86,200,577.662843
3630.518686,0.635,0.64,200,582.234745
5656.928967,0.775,0.795,200,586.851126
5729.767548,0.85,0.865,200,591.652987
5737.700238,0.84,0.845,200,596.408195
3676.609034,0.845,0.855,200,601.109689
5737.618795,0.845,0.85,200,608.036457
5572.66528,0.785,0.8,200,612.859902
4871.448015,0.835,0.845,200,617.63298
2815.573617,0.87,0.87,200,622.301188
4253.118081,0.825,0.84,200,626.972211
3009.100403,0.875,0.885,200,631.842942
5743.791584,0.845,0.845,200,636.587364
5046.830083,0.835,0.835,200,641.235147
5520.449684,0.79,0.8,200,645.992901
3675.888265,0.825,0.855,200,650.824624
2992.852249,0.885,0.885,200,657.89733
5758.426632,0.845,0.855,200,662.727905
2912.530388,0.425,0.43,200,667.407484
3368.116904,0.85,0.875,200,672.207809
5633.392178,0.795,0.815,200,676.8737
5715.786216,0.87,0.89,200,681.644755
5592.357959,0.81,0.81,200,686.274782
4432.767474,0.725,0.73,200,690.959416
5762.134754,0.87,0.885,200,695.701447
5534.371613,0.79,0.8,200,700.411647
5719.768687,0.83,0.84,200,707.17451
5548.721682,0.795,0.8,200,711.93554
5739.59582,0.835,0.84,200,716.624479
3404.067196,0.87,0.87,200,721.437968
5741.113698,0.85,0.86,200,726.157711
5660.015677,0.82,0.82,200,730.999556
2645.630816,0.865,0.865,200,735.667148
2915.372903,0.855,0.865,200,740.434491
5723.18893,0.825,0.83,200,745.172501
5619.832995,0.835,0.845,200,749.960154
5487.087901,0.77,0.775,200,756.916459
5616.270205,0.79,0.79,200,761.66775
5741.610845,0.83,0.84,200,766.505131
4249.380234,0.85,0.86,200,771.217835
4962.896724,0.45,0.46,200,775.809828
5527.87826,0.79,0.8,200,780.428071
5493.234965,0.705,0.705,200,785.02627
5662.488384,0.825,0.825,200,789.820719
5632.433728,0.795,0.8,200,794.652309
5549.437987,0.79,0.805,200,799.495963
4008.461716,0.875,0.875,200,806.486109
5766.781086,0.855,0.865,200,811.345054
4594.238278,0.83,0.84,200,816.210149
5526.338697,0.795,0.795,200,821.093824
5368.993996,0.745,0.75,200,825.818329
5632.255584,0.815,0.83,200,830.570443
4971.777943,0.515,0.525,200,835.261963
5472.782579,0.805,0.82,200,840.101307
5618.322696,0.79,0.79,200,844.901388
3107.184509,0.85,0.865,200,849.694214
5732.166208,0.865,0.875,200,856.769684
5434.270958,0.825,0.83,200,861.497279
3142.356923,0.15,0.16,200,866.346447
5521.134273,0.815,0.815,200,871.099633
5755.32903,0.84,0.855,200,875.891346
2750.379817,0.88,0.885,200,880.723265
5657.24866,0.8,0.81,200,885.59604
5728.952757,0.83,0.84,200,890.397128
5699.831177,0.82,0.84,200,895.199262
5746.474317,0.84,0.845,200,900.014898
4229.467751,0.805,0.835,200,906.823362
5082.999095,0.545,0.545,200,911.454841
5351.095675,0.825,0.83,200,916.155207
5695.094041,0.81,0.835,200,920.986206
4041.029235,0.865,0.865,200,925.8295
2545.50097,0.555,0.58,200,930.560627
5608.599416,0.765,0.765,200,935.352344
5635.911137,0.77,0.78,200,940.130937
3844.569435,0.835,0.85,200,944.878564
3530.6312,0.83,0.85,200,949.766614
4963.480703,0.545,0.545,200,956.858885
4416.410164,0.825,0.83,200,961.644121
5600.630833,0.805,0.805,200,966.453494
5784.8237,0.87,0.89,200,971.280437
4786.455337,0.845,0.855,200,976.141102
2773.722845,0.86,0.865,200,980.881779
5739.816276,0.865,0.88,200,985.611793
3477.098205,0.89,0.9,200,990.235327
5663.551832,0.82,0.82,200,994.893489
5597.430396,0.8,0.805,200,999.609025
4353.615029,0.88,0.885,200,1006.618112
5740.553657,0.835,0.85,200,1011.365335
4653.357612,0.805,0.83,200,1016.241814
5644.844208,0.785,0.79,200,1020.91644
5732.203189,0.855,0.855,200,1025.536342
5671.692471,0.81,0.825,200,1030.210068
3714.356357,0.865,0.865,200,1034.925985
5757.333622,0.85,0.865,200,1039.64387
4407.840168,0.305,0.315,200,1044.336396
5753.097481,0.845,0.86,200,1049.226693
5693.238306,0.81,0.825,200,1056.246046
4287.884302,0.83,0.85,200,1060.965309
5634.087718,0.795,0.795,200,1065.681278
2658.374443,0.845,0.855,200,1070.406298
5722.099316,0.815,0.835,200,1075.15606
5643.676262,0.815,0.815,200,1079.971754
5746.133129,0.845,0.85,200,1084.705801
5755.346595,0.865,0.88,200,1089.432551
4764.421958,0.835,0.84,200,1094.239387
5746.021426,0.845,0.845,200,1098.992145
4352.487908,0.865,0.865,200,1105.925978
5545.781482,0.8,0.8,200,1110.683786
5704.22108,0.815,0.835,200,1115.501635
3951.559481,0.875,0.875,200,1120.396855
5754.003285,0.865,0.87,200,1125.31081
5751.748305,0.845,0.855,200,1130.111706
5106.315655,0.82,0.825,200,1134.732242
5591.801015,0.795,0.81,200,1139.432706
3299.624308,0.88,0.88,200,1144.177387
3288.860842,0.85,0.865,200,1149.030281
5750.975555,0.865,0.875,200,1156.208978
5659.618194,0.795,0.8,200,1160.97788
4087.181809,0.825,0.855,200,1165.588441
5693.419643,0.82,0.835,200,1170.361752
5738.835065,0.86,0.87,200,1175.082536
4561.95498,0.825,0.845,200,1179.884463
3101.899864,0.86,0.865,200,1184.660791
4494.960028,0.825,0.835,200,1189.508525
5751.947019,0.855,0.875,200,1194.181732
5429.386168,0.805,0.815,200,1199.095195
3540.772174,0.46,0.46,200,1206.266203
5633.324648,0.82,0.825,200,1211.01086
5769.092261,0.865,0.87,200,1215.749128
5599.825597,0.8,0.815,200,1220.4724
5718.061897,0.835,0.835,200,1225.278552
5743.809682,0.845,0.85,200,1229.92333
2856.061877,0.88,0.88,200,1234.722664
5724.31197,0.85,0.85,200,1239.51115
5715.623897,0.83,0.83,200,1244.291274
5166.021814,0.81,0.81,200,1249.062923
4287.197474,0.83,0.845,200,1256.093016
5133.518108,0.8,0.805,200,1260.96264
5753.664369,0.855,0.855,200,1265.660991
4768.162482,0.8,0.82,200,1270.27958
2879.508289,0.88,0.88,200,1275.108446
5584.50314,0.725,0.725,200,1279.820363
4271.11783,0.87,0.87,200,1284.49972
5696.78953,0.83,0.83,200,1289.263258
4789.536785,0.82,0.835,200,1293.878855
3134.651706,0.845,0.85,200,1298.494816
2756.623101,0.555,0.56,200,1305.532256
4158.96736,0.855,0.86,200,1310.323573
4361.669176,0.82,0.845,200,1315.024462
4781.669467,0.8,0.83,200,1319.912614
2713.949853,0.86,0.865,200,1324.82541
4810.549401,0.815,0.82,200,1329.626116
4207.014589,0.365,0.395,200,1334.420585
5728.368385,0.83,0.84,200,1339.302699
5563.066083,0.77,0.77,200,1344.148583
3784.605585,0.86,0.865,200,1348.895796
5733.322733,0.82,0.84,200,1355.718034
5756.823818,0.835,0.855,200,1360.386721
5752.853432,0.85,0.855,200,1365.044089
5721.250526,0.83,0.845,200,1369.807419
5748.439587,0.84,0.855,200,1374.568237
4290.72885,0.7,0.735,200,1379.232356
4917.756176,0.835,0.84,200,1384.049722
5550.153245,0.79,0.805,200,1388.924055
5741.999723,0.845,0.845,200,1393.785931
3180.494494,0.3,0.325,200,1398.664406
5743.668546,0.855,0.86,200,1405.650678
5743.176053,0.845,0.85,200,1410.498507
5746.296848,0.855,0.86,200,1415.254591
5652.83238,0.87,0.875,200,1420.011792
5698.375735,0.825,0.825,200,1424.743092
4432.849706,0.815,0.84,200,1429.586154
5630.820189,0.785,0.785,200,1434.374608
5355.970869,0.675,0.68,200,1439.088997
5467.822073,0.785,0.785,200,1443.784494
5724.005791,0.825,0.835,200,1448.623557
5640.171255,0.79,0.805,200,1455.621304
3764.377207,0.875,0.875,200,1460.371224
3981.019788,0.875,0.875,200,1465.230466
5753.874763,0.85,0.855,200,1469.980352
4856.576905,0.665,0.665,200,1474.663586
5659.071254,0.815,0.82,200,1479.523282
5736.688584,0.865,0.875,200,1484.354258
5727.568926,0.82,0.845,200,1489.142723
5650.832803,0.82,0.82,200,1493.977775
5617.726829,0.795,0.795,200,1498.793419
3915.06922,0.815,0.84,200,1505.983414
5478.246177,0.775,0.79,200,1510.738571
4257.156283,0.825,0.86,200,1515.51974
5505.703267,0.785,0.79,200,1520.27301
5646.931806,0.79,0.79,200,1525.035699
5675.499101,0.815,0.825,200,1529.748382
4329.998063,0.88,0.885,200,1534.411467
4551.465267,0.855,0.855,200,1539.191553
5670.581601,0.795,0.8,200,1543.965703
3262.322358,0.88,0.88,200,1548.719438
4738.863123,0.825,0.835,200,1555.681603
5726.191329,0.83,0.84,200,1560.472188
2560.270608,0.875,0.88,200,1565.283565
3201.664956,0.835,0.85,200,1569.937397
5479.570422,0.79,0.79,200,1574.601594
2730.505452,0.88,0.88,200,1579.413054
5704.036392,0.825,0.825,200,1584.29166
5563.116453,0.795,0.795,200,1588.919282
5747.206669,0.865,0.88,200,1593.668766
5655.131117,0.79,0.8,200,1598.585835
5620.181729,0.78,0.78,200,1605.405513
5407.291346,0.765,0.765,200,1610.063148
5600.875024,0.805,0.815,200,1614.865087
3214.151686,0.865,0.87,200,1619.660318
4651.632962,0.81,0.835,200,1624.456486
4151.060011,0.52,0.545,200,1629.389241
3040.750243,0.86,0.86,200,1634.164348
5644.515413,0.825,0.825,200,1638.94375
5560.935898,0.79,0.795,200,1643.706604
2596.146026,0.85,0.87,200,1648.380181
3374.750608,0.85,0.85,200,1655.323039
4632.984951,0.83,0.84,200,1660.026584
5716.846819,0.83,0.835,200,1664.644356
5728.274177,0.835,0.84,200,1669.475749
5742.613478,0.83,0.85,200,1674.164189
5570.805754,0.83,0.835,200,1679.060814
5749.303044,0.845,0.855,200,1683.884322
5746.728037,0.855,0.875,200,1688.602577
5731.423729,0.84,0.84,200,1693.418975
5688.93281,0.86,0.865,200,1698.1289
2694.507522,0.865,0.865,200,1705.220246
4331.603132,0.805,0.83,200,1710.096476
4285.20221,0.81,0.835,200,1715.008353
5750.400506,0.86,0.875,200,1720.027547
4267.694366,0.875,0.875,200,1724.860565
5706.247112,0.83,0.83,200,1729.747885
4410.789199,0.84,0.865,200,1734.572618
5232.670269,0.42,0.42,200,1739.350452
5629.399504,0.8,0.8,200,1744.178735
5528.77063,0.795,0.795,200,1748.900977
5714.645382,0.835,0.835,200,1756.267931
3616.319599,0.87,0.87,200,1761.01419
5471.003565,0.775,0.775,200,1765.907087
5748.084031,0.83,0.85,200,1770.654362
4800.265828,0.815,0.835,200,1775.453233
5761.461627,0.85,0.86,200,1780.234697
5671.63551,0.815,0.815,200,1785.009176
4284.575029,0.83,0.855,200,1789.825046
2624.963077,0.86,0.875,200,1794.543433
5573.106165,0.865,0.87,200,1799.354523
3697.208045,0.885,0.885,200,1806.072867
2847.130602,0.885,0.89,200,1810.808632
5634.976172,0.785,0.785,200,1815.581671
3010.514658,0.855,0.87,200,1820.433208
5711.632387,0.855,0.855,200,1825.248275
5669.556784,0.8,0.805,200,1830.062254
2509.639863,0.87,0.875,200,1834.90402
5742.933199,0.85,0.85,200,1839.598348
5758.653507,0.84,0.865,200,1844.342697
5624.366316,0.81,0.82,200,1849.065722
5725.581476,0.855,0.875,200,1856.080403
5734.205434,0.84,0.845,200,1860.924259
5755.907533,0.84,0.86,200,1865.628398
4811.59619,0.81,0.84,200,1870.418074
2802.355517,0.84,0.85,200,1875.188665
4667.836062,0.8,0.835,200,1879.970471
5627.224235,0.775,0.775,200,1884.709532
4829.086109,0.745,0.75,200,1889.501336
2579.5536,0.87,0.87,200,1894.296561
5547.726641,0.8,0.8,200,1899.09774
5632.962848,0.815,0.82,200,1906.153446
3849.783625,0.325,0.355,200,1910.810407
4481.833235,0.835,0.845,200,1915.482067
5685.137718,0.81,0.83,200,1920.176739
5483.590306,0.77,0.785,200,1924.732273
3301.742651,0.86,0.87,200,1929.502288
5321.836231,0.795,0.805,200,1934.182658
5706.713727,0.83,0.835,200,1938.875859
5199.224337,0.78,0.78,200,1943.451675
4710.482534,0.875,0.88,200,1947.988584
4076.162259,0.815,0.84,200,1954.950298
5734.92267,0.835,0.84,200,1959.427294
5743.715802,0.84,0.85,200,1964.135721
5624.90152,0.815,0.815,200,1968.935979
4999.296046,0.805,0.825,200,1973.625265
5466.069249,0.82,0.83,200,1978.358288
5674.156326,0.79,0.81,200,1983.027027
5657.479591,0.81,0.815,200,1987.65953
3440.334338,0.86,0.865,200,1992.504966
5641.791716,0.795,0.795,200,1997.221543
3871.955433,0.875,0.875,200,2004.272212
3950.418715,0.83,0.86,200,2008.961964
4770.291868,0.81,0.825,200,2013.826353
5173.000403,0.82,0.82,200,2018.648408
4576.959881,0.875,0.88,200,2023.551023
5032.519611,0.81,0.83,200,2028.401107
5673.289114,0.79,0.8,200,2033.294186
5705.589884,0.83,0.83,200,2038.165185
4448.085636,0.83,0.855,200,2043.167294
5750.207667,0.855,0.86,200,2048.036124
5682.958642,0.805,0.825,200,2055.037452
5539.6983,0.795,0.795,200,2059.767703
5713.552365,0.85,0.855,200,2064.556103
5732.70239,0.86,0.875,200,2069.378389
5630.539469,0.805,0.815,200,2074.218156
5755.963649,0.85,0.855,200,2079.120209
5510.131049,0.795,0.795,200,2083.986483
5470.698875,0.78,0.79,200,2088.668059
3695.341096,0.85,0.855,200,2093.319383
4352.188426,0.85,0.865,200,2098.029643
5698.630549,0.825,0.835,200,2105.291904
2892.895898,0.865,0.865,200,2110.119163
4548.142601,0.83,0.835,200,2114.913896
5740.484547,0.855,0.855,200,2119.795283
4372.327172,0.815,0.845,200,2124.540313
5725.694039,0.83,0.84,200,2129.401922
5508.894378,0.82,0.825,200,2134.286701
5021.602314,0.795,0.8,200,2139.072635
4463.152577,0.83,0.835,200,2143.878867
5558.17857,0.795,0.795,200,2148.59523
5755.304562,0.86,0.86,200,2155.602591
5536.202932,0.835,0.835,200,2160.393538
4344.17013,0.84,0.855,200,2165.070093
5739.419827,0.86,0.865,200,2169.795639
4003.165784,0.76,0.77,200,2174.608425
5648.655711,0.775,0.775,200,2179.413118
5638.607736,0.81,0.81,200,2184.217924
3294.160662,0.845,0.845,200,2189.16526
5464.552682,0.78,0.78,200,2194.074056
5630.982362,0.805,0.815,200,2198.921915
5722.948946,0.835,0.835,200,2206.106103
5496.991769,0.79,0.79,200,2210.767662
2989.262151,0.865,0.865,200,2215.603003
5513.465553,0.805,0.805,200,2220.386495
4515.198053,0.835,0.84,200,2225.128365
5666.774415,0.825,0.825,200,2229.88478
5659.544851,0.79,0.79,200,2234.682994
5756.622224,0.845,0.865,200,2239.429842
5034.498083,0.815,0.825,200,2244.271434
5750.741349,0.86,0.875,200,2249.188751
5528.324426,0.835,0.835,200,2256.151165
2523.219941,0.89,0.89,200,2260.869467
5081.978718,0.825,0.835,200,2265.670236
5633.751759,0.82,0.82,200,2270.458796
5721.095619,0.845,0.885,200,2275.151413
5722.424156,0.835,0.84,200,2279.957851
4841.145873,0.845,0.85,200,2284.737446
5603.392904,0.805,0.82,200,2289.409634
4970.693286,0.795,0.825,200,2294.133697
5649.056444,0.81,0.82,200,2298.84461
5741.740545,0.845,0.855,200,2305.883234
5664.785158,0.795,0.795,200,2310.751891
4367.385654,0.845,0.86,200,2315.594611
5196.792947,0.6,0.6,200,2320.394195
5657.960086,0.785,0.79,200,2325.313522
5431.767074,0.82,0.84,200,2330.217048
5574.77441,0.83,0.83,200,2334.953052
5645.758226,0.81,0.81,200,2339.665052
5670.274998,0.83,0.83,200,2344.430904
5638.890098,0.815,0.82,200,2349.156128
5748.171641,0.84,0.85,200,2356.559745
5649.145955,0.8,0.81,200,2361.51495
4805.792066,0.8,0.82,200,2366.282657
4280.804035,0.865,0.865,200,2370.967632
5688.558172,0.8,0.81,200,2375.714415
5540.520417,0.78,0.785,200,2380.498659
5660.51024,0.8,0.825,200,2385.329205
5625.648162,0.805,0.81,200,2390.003983
5674.707513,0.815,0.815,200,2394.783566
5438.957454,0.81,0.81,200,2399.447491
5636.557058,0.81,0.815,200,2406.669282
5736.241443,0.845,0.865,200,2411.463305
3937.310678,0.84,0.865,200,2416.233492
5691.438699,0.835,0.835,200,2421.096853
5605.451796,0.8,0.82,200,2425.866477
4894.835943,0.835,0.845,200,2430.777935
4412.023385,0.87,0.875,200,2435.545265
5648.293976,0.815,0.825,200,2440.33588
5563.171608,0.795,0.8,200,2444.971976
5585.90678,0.805,0.815,200,2449.776404
5738.920759,0.845,0.845,200,2456.540483
5669.592482,0.825,0.83,200,2461.294359
5654.964904,0.775,0.79,200,2466.04019
5760.053323,0.86,0.86,200,2470.734465
2698.985337,0.88,0.88,200,2475.443916
5514.51558,0.845,0.845,200,2480.104867
4232.001442,0.865,0.865,200,2484.85098
4905.96004,0.81,0.835,200,2489.632387
5501.965687,0.82,0.83,200,2494.465328
5735.127639,0.835,0.84,200,2499.28324
5714.081275,0.83,0.835,200,2506.370175
4212.501483,0.585,0.585,200,2510.946619
4762.91555,0.83,0.83,200,2515.544858
4333.652133,0.78,0.79,200,2520.137676
5651.914495,0.805,0.805,200,2524.797161
5660.184201,0.805,0.805,200,2529.601681
5588.199304,0.79,0.81,200,2534.311542
5745.858647,0.85,0.85,200,2538.961012
5637.751287,0.83,0.83,200,2543.843596
5649.439521,0.82,0.82,200,2548.72152
5713.5911,0.835,0.835,200,2555.922741
5659.417674,0.805,0.815,200,2560.771121
5738.07848,0.855,0.865,200,2565.528088
5098.429092,0.465,0.47,200,2570.299494
5671.237553,0.815,0.82,200,2575.058015
5755.552223,0.85,0.855,200,2579.835031
5658.310872,0.79,0.79,200,2584.712904
5685.24362,0.82,0.825,200,2589.619071
5743.961141,0.835,0.845,200,2594.515574
5639.474217,0.81,0.82,200,2599.437091
4837.019883,0.8,0.825,200,2606.593109
5606.244588,0.815,0.82,200,2611.633646
5753.71118,0.845,0.86,200,2616.583425
5718.367302,0.885,0.9,200,2621.395722
5719.438089,0.855,0.875,200,2626.232412
5685.892563,0.815,0.815,200,2631.07992
3087.529099,0.86,0.865,200,2635.844075
5745.351589,0.855,0.86,200,2640.719086
5692.61687,0.825,0.83,200,2645.428906
4223.170696,0.875,0.885,200,2650.299967
3571.236222,0.85,0.85,200,2657.363995
5747.28244,0.855,0.865,200,2662.277495
5670.30683,0.845,0.885,200,2667.062284
5757.779793,0.855,0.855,200,2671.968451
5652.669723,0.785,0.785,200,2676.646561
5739.145368,0.845,0.845,200,2681.505886
5140.375876,0.7,0.7,200,2686.4331
5347.091128,0.545,0.55,200,2691.281049
4944.650416,0.835,0.835,200,2696.118181
5760.931435,0.865,0.865,200,2700.872011
5413.866599,0.82,0.83,200,2708.05004
5628.732607,0.82,0.825,200,2712.807278
5760.429584,0.845,0.86,200,2717.610049
5682.746567,0.82,0.83,200,2722.312438
5739.35068,0.845,0.845,200,2727.091578
5659.32695,0.815,0.83,200,2731.89723
3968.780393,0.835,0.845,200,2736.653458
5612.950035,0.81,0.81,200,2741.409166
5626.762421,0.81,0.825,200,2746.180166
5732.941254,0.85,0.85,200,2750.950707
5656.550534,0.8,0.8,200,2757.851967
2977.722669,0.835,0.865,200,2762.634733
5736.361713,0.835,0.84,200,2767.555422
5515.82033,0.795,0.805,200,2772.430511
5645.761729,0.795,0.805,200,2777.178379
4148.847609,0.835,0.86,200,2781.950082
5749.293309,0.845,0.855,200,2786.71946
5668.48336,0.855,0.86,200,2791.426135
5650.012333,0.82,0.825,200,2796.263114
4229.21664,0.82,0.85,200,2800.993485
5658.512189,0.815,0.82,200,2807.980374
5626.92519,0.755,0.755,200,2812.748788
2967.013217,0.865,0.865,200,2817.461821
5744.93664,0.84,0.845,200,2822.355356
5706.715909,0.86,0.875,200,2827.098667
5750.087415,0.85,0.85,200,2831.852229
5728.790919,0.85,0.85,200,2836.823363
5617.951096,0.765,0.775,200,2841.621349
5739.498349,0.85,0.85,200,2846.610245
4635.012245,0.84,0.85,200,2851.410269
5734.415953,0.87,0.875,200,2858.482133
5742.16797,0.845,0.845,200,2863.48507
5744.363065,0.86,0.87,200,2868.408974
5773.247423,0.865,0.87,200,2873.226698
5667.556876,0.795,0.805,200,2878.071327
5452.810592,0.8,0.8,200,2882.850613
5653.120615,0.795,0.81,200,2887.606417
5654.409705,0.82,0.83,200,2892.495846
5745.107602,0.845,0.85,200,2897.28906
5701.543655,0.825,0.84,200,2902.042696
4543.955794,0.83,0.845,200,2909.330546
3115.981698,0.33,0.33,200,2914.127796
3586.416448,0.885,0.885,200,2918.905865
5505.922171,0.79,0.79,200,2923.651763
4562.925763,0.84,0.845,200,2928.315231
5525.113717,0.87,0.875,200,2932.986157
5301.80663,0.83,0.84,200,2937.832318
5660.496923,0.785,0.795,200,2942.588658
5742.194596,0.87,0.88,200,2947.2842
5758.167394,0.845,0.85,200,2951.960001
3540.710275,0.47,0.49,200,2958.809823
5728.434118,0.86,0.86,200,2963.571964
3223.634908,0.865,0.87,200,2968.327392
5438.234769,0.78,0.78,200,2973.030517
5752.271314,0.85,0.855,200,2977.8689
5760.366116,0.855,0.87,200,2982.571063
5588.125172,0.81,0.82,200,2987.224342
5613.115666,0.81,0.815,200,2991.993985
5719.776661,0.855,0.86,200,2996.678626
5668.495933,0.805,0.815,200,3001.497468
3482.745,0.165,0.17,200,3008.719555
5096.184939,0.83,0.84,200,3013.471468
4302.448208,0.875,0.88,200,3018.183047
4550.981875,0.815,0.84,200,3022.968764
2934.604963,0.865,0.865,200,3027.659165
5722.683374,0.81,0.84,200,3032.470085
5731.990835,0.86,0.87,200,3037.280017
5752.21356,0.84,0.85,200,3042.157077
5647.313099,0.815,0.815,200,3047.348837
5675.272361,0.805,0.805,200,3052.31292
5726.8777,0.86,0.87,200,3059.263048
2710.224641,0.76,0.765,200,3064.052422
5753.773009,0.845,0.86,200,3068.686823
5667.035883,0.815,0.82,200,3073.553198
2704.901636,0.115,0.13,200,3078.347319
5727.850454,0.83,0.835,200,3083.050469
5666.410989,0.8,0.81,200,3087.83081
5497.368183,0.79,0.79,200,3092.754914
5746.095334,0.855,0.86,200,3097.630626
5667.818924,0.805,0.81,200,3102.626518
5718.507881,0.85,0.865,200,3109.512569
5730.516932,0.835,0.84,200,3114.419524
3418.558854,0.87,0.87,200,3119.262459
5668.108086,0.815,0.815,200,3124.112684
5675.246248,0.795,0.8,200,3128.947119
5679.752316,0.83,0.835,200,3133.802057
5589.15236,0.82,0.835,200,3138.61041
5738.971564,0.845,0.845,200,3143.334552
5745.52058,0.855,0.855,200,3148.060582
5518.913566,0.84,0.84,200,3152.941031
5746.825502,0.855,0.86,200,3159.747136
5670.960196,0.805,0.805,200,3164.645182
5734.750605,0.84,0.845,200,3169.62148
2171.868982,0.055,0.07,200,3174.49634
5767.400551,0.865,0.875,200,3179.258981
5651.193947,0.825,0.83,200,3184.188633
5715.260693,0.84,0.84,200,3189.010238
4861.424547,0.835,0.835,200,3193.92711
5637.540642,0.82,0.82,200,3198.797689
4439.764678,0.83,0.835,200,3203.607269
5758.333013,0.845,0.865,200,3210.881629
5465.319676,0.875,0.875,200,3215.791898
5566.234199,0.785,0.82,200,3220.810155
5631.489348,0.81,0.82,200,3225.736876
5581.872593,0.835,0.845,200,3230.653557
3817.809803,0.84,0.855,200,3235.544669
5751.286351,0.845,0.855,200,3240.314549
5755.750601,0.86,0.87,200,3245.066502
5716.533476,0.84,0.85,200,3249.885586
5244.532931,0.815,0.82,200,3254.609803
5637.390198,0.785,0.785,200,3261.968899
3004.50485,0.865,0.88,200,3266.784168
5713.034669,0.83,0.835,200,3271.567835
5748.823572,0.85,0.85,200,3276.483345
5560.426414,0.8,0.805,200,3281.349461
5000.049652,0.825,0.84,200,3286.25504
5153.999146,0.605,0.61,200,3291.019851
5601.056435,0.825,0.83,200,3295.923334
5749.314651,0.86,0.86,200,3300.835449
5669.002551,0.85,0.86,200,3305.734879
5500.898742,0.795,0.795,200,3312.784905
5617.872396,0.81,0.815,200,3317.660179
5726.495827,0.855,0.855,200,3322.508573
5304.591938,0.83,0.84,200,3327.505204
4890.438348,0.81,0.82,200,3332.366892
4150.120937,0.85,0.87,200,3337.194776
5614.370527,0.815,0.815,200,3341.889697
5691.700147,0.855,0.875,200,3346.636305
4226.833661,0.825,0.85,200,3351.422754
5742.410157,0.85,0.85,200,3356.012738
5476.492465,0.835,0.84,200,3363.245994
5754.831557,0.845,0.85,200,3368.017284
4517.142369,0.85,0.855,200,3372.840282
5377.233927,0.835,0.835,200,3377.709586
5722.800676,0.855,0.87,200,3382.643253
5655.050576,0.815,0.815,200,3387.407683
3081.0207,0.865,0.875,200,3392.288121
3989.040186,0.86,0.865,200,3397.145184
5667.76937,0.825,0.825,200,3401.985493
5583.716471,0.81,0.815,200,3406.720642
5534.638404,0.805,0.82,200,3413.614403
3388.321472,0.855,0.865,200,3418.4676
4846.918691,0.825,0.855,200,3423.355247
5207.4602,0.835,0.84,200,3428.108614
5491.859908,0.79,0.79,200,3432.880717
4642.165478,0.845,0.86,200,3437.750425
5474.307671,0.79,0.79,200,3442.706543
5640.162524,0.81,0.815,200,3447.585263
5689.414664,0.86,0.86,200,3452.374143
5718.33369,0.845,0.845,200,3457.082916
2905.441428,0.845,0.87,200,3464.314277
5632.433264,0.815,0.815,200,3469.115432
5654.698449,0.81,0.81,200,3473.900282
5617.30249,0.81,0.815,200,3478.669959
5686.872807,0.83,0.83,200,3483.381913
2548.18505,0.87,0.87,200,3488.208327
4775.517732,0.375,0.385,200,3492.910268
5654.472038,0.815,0.82,200,3497.640669
5140.772228,0.81,0.83,200,3502.474313
5660.692574,0.795,0.795,200,3507.327888
4763.745267,0.84,0.84,200,3514.418929
4439.184496,0.82,0.84,200,3519.211933
2804.912889,0.06,0.06,200,3523.969048
5742.347935,0.85,0.855,200,3528.649567
5667.727398,0.805,0.825,200,3533.345107
5756.31919,0.84,0.855,200,3537.91638
5704.942141,0.87,0.89,200,3542.764718
4053.911464,0.84,0.865,200,3547.603734
4402.108837,0.845,0.85,200,3552.303583
5760.654478,0.86,0.875,200,3556.975565
5666.36362,0.815,0.825,200,3564.032085
4264.103436,0.855,0.855,200,3568.818551
3708.939878,0.67,0.685,200,3573.619988
5675.23961,0.815,0.815,200,3578.516471
5368.592404,0.825,0.825,200,3583.477567
5676.578079,0.805,0.805,200,3588.209083
5746.202137,0.86,0.87,200,3592.968416
5734.043408,0.835,0.84,200,3597.828554
5626.300835,0.815,0.815,200,3602.582824
5709.307413,0.82,0.82,200,3607.342909
5577.446458,0.8,0.8,200,3614.156559
5639.410612,0.775,0.775,200,3618.875417
5665.80217,0.81,0.81,200,3623.50739
5740.775057,0.845,0.845,200,3628.124328
5648.007385,0.805,0.81,200,3632.801163
4870.449826,0.835,0.845,200,3637.438389
4390.294837,0.855,0.855,200,3642.1471
5686.737826,0.805,0.825,200,3646.789296
5686.08381,0.805,0.805,200,3651.448705
5739.363774,0.835,0.845,200,3656.120317
5762.907489,0.86,0.87,200,3663.151927
3674.137307,0.875,0.88,200,3667.832486
5378.982245,0.83,0.84,200,3672.569933
5493.82504,0.78,0.795,200,3677.222681
4192.327754,0.88,0.88,200,3681.96674
4011.333773,0.865,0.87,200,3686.691789
3922.021973,0.845,0.86,200,3691.344636
5668.238952,0.79,0.79,200,3696.045104
2593.600604,0.865,0.87,200,3700.780205
5761.215114,0.845,0.86,200,3705.416939
4263.310679,0.835,0.84,200,3712.575654
4775.296967,0.835,0.845,200,3717.346291
5622.871837,0.82,0.82,200,3722.03418
4545.801889,0.84,0.84,200,3726.845953
5758.635417,0.845,0.855,200,3731.60911
5725.03764,0.835,0.835,200,3736.405016
4419.959934,0.85,0.85,200,3741.175339
5760.825675,0.84,0.855,200,3745.857538
3616.503848,0.26,0.265,200,3750.463594
2392.628867,0.04,0.04,200,3755.067473
5643.886109,0.815,0.815,200,3762.046038
4751.659602,0.175,0.175,200,3766.656836
4387.896465,0.855,0.855,200,3771.413855
4111.374844,0.88,0.88,200,3776.143991
4803.949442,0.825,0.835,200,3780.909983
5725.496563,0.855,0.89,200,3785.630904
5670.537035,0.81,0.815,200,3790.353433
5784.807409,0.87,0.875,200,3795.069627
5505.073182,0.795,0.795,200,3799.867777
4141.985113,0.865,0.865,200,3804.601276
5718.13845,0.83,0.835,200,3811.642502
5422.74726,0.825,0.825,200,3816.367656
2687.090407,0.875,0.875,200,3820.997534
5730.53544,0.845,0.845,200,3825.650033
5665.436319,0.81,0.81,200,3830.356515
5686.140963,0.805,0.805,200,3835.130421
5600.475872,0.79,0.8,200,3839.907657
4763.109643,0.835,0.85,200,3844.660881
3328.757546,0.84,0.865,200,3849.387825
4370.418372,0.865,0.875,200,3854.230828
5593.078706,0.85,0.865,200,3861.461479
5635.974732,0.83,0.83,200,3866.366349
5762.981257,0.855,0.855,200,3871.231842
5700.557984,0.83,0.83,200,3875.989303
5742.104703,0.85,0.85,200,3880.789587
5590.771373,0.81,0.81,200,3885.440682
4516.562632,0.605,0.63,200,3890.117151
3525.265633,0.835,0.855,200,3894.930542
5746.459166,0.87,0.875,200,3899.689878
3289.053984,0.875,0.875,200,3904.410942
2900.691204,0.88,0.885,200,3911.236298
5746.365209,0.855,0.87,200,3915.93764
5741.758231,0.855,0.86,200,3920.774272
5751.645875,0.835,0.855,200,3925.515695
5649.619084,0.825,0.825,200,3930.19655
5636.579212,0.825,0.835,200,3934.847637
5680.418926,0.8,0.81,200,3939.74374
5756.026577,0.845,0.86,200,3944.535934
5634.35983,0.81,0.82,200,3949.317029
4692.150633,0.87,0.87,200,3954.229889
5666.092999,0.795,0.795,200,3961.34103
5753.944286,0.875,0.88,200,3966.083564
5685.531453,0.805,0.805,200,3971.025404
5546.144529,0.82,0.82,200,3975.861409
5613.209237,0.82,0.825,200,3980.64941
5670.058476,0.855,0.88,200,3985.476135
5043.634077,0.66,0.675,200,3990.273059
5599.507926,0.825,0.83,200,3995.059625
5352.272819,0.83,0.84,200,3999.760349
4279.196219,0.855,0.865,200,4004.54969
5273.324599,0.875,0.9,200,4011.699483
5747.39569,0.86,0.87,200,4016.423703
4740.483127,0.74,0.745,200,4021.413047
4689.959262,0.835,0.855,200,4026.275315
5105.234708,0.83,0.835,200,4031.168348
5670.917523,0.805,0.81,200,4036.035125
5710.508234,0.865,0.88,200,4040.789673
5756.218208,0.855,0.855,200,4045.75064
5641.761191,0.77,0.77,200,4050.707575
5747.636413,0.84,0.855,200,4055.466891
5721.888951,0.865,0.865,200,4062.622663
5611.682864,0.805,0.81,200,4067.493453
5666.962206,0.825,0.825,200,4072.236944
4139.584565,0.85,0.865,200,4077.044261
4053.614084,0.855,0.865,200,4081.884383
4481.724485,0.85,0.855,200,4086.801708
5572.38417,0.79,0.8,200,4091.639563
4109.86067,0.87,0.88,200,4096.488201
5751.43885,0.85,0.875,200,4101.350548
3564.505609,0.87,0.87,200,4106.074776
5677.394444,0.825,0.835,200,4112.994525
5430.69263,0.83,0.83,200,4117.60407
5724.466219,0.845,0.845,200,4122.281697
5691.198452,0.825,0.83,200,4127.035887
4462.048783,0.835,0.85,200,4131.759745
4526.300754,0.605,0.605,200,4136.392747
5606.256755,0.88,0.89,200,4141.135247
5711.022256,0.835,0.835,200,4145.933239
5714.079174,0.835,0.845,200,4150.854629
4014.361579,0.855,0.865,200,4155.855856
5158.38567,0.83,0.83,200,4163.084712
5575.414905,0.81,0.825,200,4167.750435
5763.614698,0.86,0.86,200,4172.440832
5732.176823,0.85,0.86,200,4177.226196
5752.659851,0.835,0.855,200,4182.078376
5744.152501,0.85,0.85,200,4186.61393
4408.625501,0.865,0.865,200,4191.30988
5683.612406,0.8,0.8,200,4196.026109
5661.8747,0.82,0.825,200,4200.85197
3285.990634,0.515,0.52,200,4205.672643
5521.067776,0.78,0.795,200,4212.66725
5750.373183,0.855,0.855,200,4217.507342
5590.826389,0.8,0.805,200,4222.252906
2770.156997,0.335,0.375,200,4226.967565
5714.811088,0.865,0.87,200,4231.698382
3076.746128,0.85,0.875,200,4236.428281
5646.95866,0.785,0.785,200,4241.291146
5754.511441,0.845,0.845,200,4246.106535
2818.178927,0.64,0.65,200,4250.940264
5737.568445,0.865,0.865,200,4255.696705
5009.772813,0.69,0.7,200,4262.80266
5767.409401,0.86,0.86,200,4267.59403
5748.164562,0.845,0.85,200,4272.443537
5759.463102,0.845,0.855,200,4277.088372
5686.36923,0.805,0.805,200,4281.809787
5675.912361,0.825,0.825,200,4286.477026
3587.590621,0.865,0.875,200,4291.282078
5745.597849,0.86,0.87,200,4296.055214
5205.571846,0.6,0.61,200,4300.759025
3466.071274,0.87,0.87,200,4305.562354
5739.778616,0.86,0.86,200,4312.492047
5746.195396,0.855,0.86,200,4317.316997
3417.272434,0.87,0.87,200,4322.179883
5250.243188,0.825,0.83,200,4326.891985
5631.579857,0.85,0.86,200,4331.579264
5165.434046,0.835,0.835,200,4336.389584
5745.46082,0.85,0.85,200,4341.277947
5752.798595,0.855,0.865,200,4345.957968
5747.0763,0.855,0.86,200,4350.786831
5677.437907,0.815,0.815,200,4355.526105
5732.76805,0.86,0.87,200,4362.727838
5739.669152,0.84,0.84,200,4367.401615
5415.596666,0.845,0.845,200,4372.181804
4448.375138,0.86,0.86,200,4377.00955
5681.654539,0.82,0.82,200,4381.684852
5683.111296,0.82,0.825,200,4386.39507
5643.309878,0.805,0.805,200,4391.130976
5452.368002,0.81,0.825,200,4395.903451
5693.866249,0.855,0.87,200,4400.709201
3413.966723,0.86,0.87,200,4405.474624
4426.2251,0.845,0.86,200,4412.405863
5716.805048,0.85,0.85,200,4417.227126
5760.594586,0.865,0.88,200,4421.995247
5666.461069,0.825,0.83,200,4426.832152
5747.722379,0.855,0.86,200,4431.704838
5760.294588,0.865,0.865,200,4436.453786
5746.547193,0.86,0.86,200,4441.309384
5667.287203,0.815,0.815,200,4446.086565
4580.720407,0.71,0.73,200,4450.973989
5606.5055,0.845,0.86,200,4455.84094
5000.257725,0.835,0.835,200,4462.901131
5688.044193,0.82,0.83,200,4467.627966
3897.844123,0.855,0.855,200,4472.273051
5715.953277,0.845,0.865,200,4476.918086
5691.416888,0.815,0.835,200,4481.722533
5510.321378,0.815,0.84,200,4486.434951
5712.731108,0.825,0.825,200,4491.152775
5545.938965,0.81,0.81,200,4495.912657
5713.952636,0.83,0.835,200,4500.666932
3967.923878,0.825,0.825,200,4505.45797
5754.352237,0.85,0.85,200,4512.24528
3302.373394,0.87,0.875,200,4517.127383
5737.77861,0.845,0.845,200,4521.933753
5662.191402,0.82,0.82,200,4526.755281
5732.227177,0.84,0.84,200,4531.612648
5320.484843,0.875,0.875,200,4536.361516
5659.222148,0.805,0.805,200,4541.253454
5668.146368,0.805,0.805,200,4546.111546
5684.94255,0.865,0.87,200,4550.906372
5673.189171,0.79,0.805,200,4555.653677
5688.664964,0.835,0.835,200,4562.970484
4782.865987,0.82,0.825,200,4567.805532
5618.236399,0.81,0.81,200,4572.472482
5676.441442,0.8,0.8,200,4577.339508
5757.682435,0.85,0.86,200,4582.297501
5704.140424,0.865,0.87,200,4587.048806
5578.936377,0.79,0.81,200,4591.858486
5346.152516,0.825,0.835,200,4596.6579
2306.214237,0.22,0.25,200,4601.428934
5748.90745,0.855,0.86,200,4606.170205
5713.769311,0.81,0.815,200,4613.243684
5324.789977,0.825,0.825,200,4617.938913
5684.545775,0.81,0.81,200,4622.591353
5731.047693,0.845,0.845,200,4627.47812
5743.897976,0.845,0.845,200,4632.289191
5683.288966,0.82,0.825,200,4637.105674
5690.759308,0.815,0.825,200,4641.882687
5756.53348,0.85,0.85,200,4646.608234
5761.319288,0.87,0.875,200,4651.336445
5701.871736,0.855,0.855,200,4655.961493
5645.194678,0.81,0.81,200,4663.096633
5333.250036,0.855,0.855,200,4667.921956
5688.992225,0.82,0.82,200,4672.775987
5664.582583,0.81,0.825,200,4677.482506
5679.512845,0.825,0.835,200,4682.27295
5743.617698,0.845,0.845,200,4686.971335
5756.156504,0.885,0.885,200,4691.785315
5732.794626,0.835,0.845,200,4696.607181
5667.620848,0.83,0.83,200,4701.404857
5648.459492,0.825,0.825,200,4706.214516
5676.675787,0.8,0.81,200,4713.325239
5726.157266,0.85,0.855,200,4718.026608
5757.485301,0.845,0.855,200,4722.869797
5737.988971,0.85,0.85,200,4727.731995
5654.12119,0.84,0.84,200,4732.527347
5199.302583,0.835,0.835,200,4737.245915
5757.270933,0.84,0.85,200,4741.994931
5747.902862,0.85,0.86,200,4746.734197
5682.331762,0.82,0.82,200,4751.406385
4367.301901,0.85,0.855,200,4756.20169
5612.156685,0.815,0.825,200,4763.236603
5751.189742,0.87,0.89,200,4767.862689
5679.686195,0.86,0.885,200,4772.625555
5666.704583,0.83,0.83,200,4777.3239
5163.583209,0.525,0.525,200,4781.98786
3992.489982,0.655,0.655,200,4786.640277
5749.405139,0.855,0.87,200,4791.462246
5538.474684,0.8,0.805,200,4796.387091
5771.383807,0.865,0.87,200,4801.04274
5671.140133,0.82,0.82,200,4805.903207
5525.615491,0.8,0.805,200,4812.676274
4809.072482,0.83,0.83,200,4817.473529
5743.060959,0.86,0.875,200,4822.27252
5695.618438,0.81,0.825,200,4827.008022
5685.10077,0.79,0.8,200,4831.672062
5055.754812,0.635,0.65,200,4836.345003
5612.069361,0.82,0.835,200,4841.052615
5649.363361,0.815,0.825,200,4845.680312
3328.257869,0.855,0.865,200,4850.479254
5766.019565,0.87,0.87,200,4855.135882
5660.79962,0.82,0.82,200,4862.079578
5745.816797,0.865,0.87,200,4866.728095
5734.364579,0.87,0.875,200,4871.492711
5741.213177,0.84,0.845,200,4876.32724
5427.257464,0.82,0.835,200,4881.168911
4508.334781,0.85,0.865,200,4885.908599
5744.182451,0.865,0.88,200,4890.59118
5615.102901,0.805,0.815,200,4895.106899
5758.207948,0.86,0.86,200,4899.711347
4577.861383,0.85,0.855,200,4904.334977
4516.492707,0.84,0.855,200,4911.458081
5737.857521,0.85,0.855,200,4916.141519
5691.087736,0.81,0.81,200,4920.942984
5646.202532,0.82,0.83,200,4925.601976
5590.702099,0.8,0.8,200,4930.420003
4352.060386,0.845,0.855,200,4935.039239
5183.02088,0.84,0.84,200,4939.734609
5726.336732,0.825,0.845,200,4944.626756
5656.592376,0.84,0.84,200,4949.198195
5667.03567,0.81,0.81,200,4953.905732
5606.643677,0.81,0.81,200,4960.731432
5754.875431,0.85,0.855,200,4965.488796
5746.082909,0.85,0.855,200,4970.230268
5655.922212,0.82,0.825,200,4974.829182
5754.518592,0.855,0.86,200,4979.710725
5765.444781,0.855,0.87,200,4984.397089
5644.219449,0.815,0.815,200,4989.068807
5173.929095,0.88,0.88,200,4993.641528
2817.504005,0.88,0.88,200,4998.379801
4972.136048,0.84,0.855,200,5003.174469
5765.38999,0.855,0.86,200,5009.942293
5636.439945,0.815,0.815,200,5014.615109
5663.991723,0.805,0.81,200,5019.394262
5712.183767,0.815,0.83,200,5024.086788
5646.077063,0.83,0.835,200,5028.772593
5532.32164,0.8,0.8,200,5033.477628
5733.983878,0.855,0.87,200,5038.156181
5686.314912,0.835,0.835,200,5042.943613
5628.702931,0.845,0.86,200,5047.600013
5739.575312,0.855,0.865,200,5052.333456
4327.773084,0.815,0.85,200,5059.124892
5692.310507,0.865,0.87,200,5063.805915
4007.092768,0.85,0.865,200,5068.519019
5755.838839,0.85,0.855,200,5073.286479
5638.806237,0.815,0.82,200,5077.986265
4763.463755,0.83,0.855,200,5082.629396
3861.619271,0.88,0.88,200,5087.195423
5742.569151,0.845,0.85,200,5091.873807
5755.257207,0.855,0.855,200,5096.660626
5137.079728,0.835,0.835,200,5101.462359
5640.712381,0.81,0.825,200,5108.38869
5723.751642,0.855,0.855,200,5113.193591
3296.185288,0.855,0.875,200,5118.033914
5494.776458,0.79,0.795,200,5122.780472
5660.777688,0.835,0.835,200,5127.565454
5635.920729,0.86,0.88,200,5132.366611
5773.248008,0.855,0.865,200,5137.104165
5653.506002,0.825,0.825,200,5141.958967
5640.630332,0.82,0.82,200,5146.771672
4577.892359,0.825,0.835,200,5151.707398
4341.797354,0.51,0.525,200,5159.015908
5691.575639,0.815,0.815,200,5163.924833
5060.131962,0.835,0.845,200,5168.897639
5621.816675,0.805,0.81,200,5173.695484
5598.842403,0.815,0.83,200,5178.452073
5668.642603,0.815,0.83,200,5183.231952
5749.552656,0.84,0.84,200,5188.104985
5756.95263,0.855,0.855,200,5192.87646
5621.355423,0.865,0.87,200,5197.605934
5747.035169,0.85,0.86,200,5202.454277
5754.99947,0.865,0.865,200,5209.289454
4747.894098,0.845,0.855,200,5214.182142
5737.648354,0.86,0.875,200,5219.002466
3913.098232,0.86,0.86,200,5223.895024
4584.980868,0.745,0.755,200,5228.686327
5696.685191,0.82,0.835,200,5233.455215
5698.722752,0.855,0.865,200,5238.336228
5650.488954,0.83,0.835,200,5243.104025
5312.149259,0.685,0.69,200,5247.826662
5711.111815,0.86,0.86,200,5252.650125
2721.937917,0.09,0.105,200,5259.857685
5722.789201,0.87,0.87,200,5264.548159
5694.032612,0.835,0.84,200,5269.295189
5219.165908,0.84,0.85,200,5274.196658
5524.499921,0.8,0.8,200,5279.075462
5740.272429,0.855,0.86,200,5283.909065
5689.835334,0.81,0.81,200,5288.755995
5545.879604,0.805,0.805,200,5293.578387
5629.439793,0.825,0.83,200,5298.37881
5480.125923,0.785,0.79,200,5303.194576
5706.557735,0.835,0.835,200,5310.262613
5541.468157,0.8,0.8,200,5315.13092
5602.582245,0.825,0.825,200,5319.876153
5780.165662,0.865,0.87,200,5324.72284
5751.530707,0.86,0.875,200,5329.463134
5758.754452,0.855,0.86,200,5334.226329
4673.135384,0.835,0.85,200,5338.960921
5726.217943,0.85,0.86,200,5343.819448
5751.979361,0.855,0.86,200,5348.630557
5472.184139,0.83,0.835,200,5353.385766
5421.502214,0.83,0.83,200,5360.44848
4001.202929,0.845,0.845,200,5365.379578
5764.947523,0.85,0.855,200,5370.247743
5749.446147,0.85,0.86,200,5375.076589
5739.36008,0.845,0.855,200,5379.877607
5365.808115,0.485,0.49,200,5384.603094
5744.601927,0.84,0.85,200,5389.465598
4596.862658,0.865,0.865,200,5394.123893
5578.037464,0.785,0.8,200,5398.843898
4972.203898,0.595,0.62,200,5403.672562
5591.171935,0.8,0.8,200,5410.724546
5662.280544,0.815,0.825,200,5415.647566
5687.630409,0.82,0.825,200,5420.419217
4341.203777,0.845,0.855,200,5425.105922
4727.772086,0.84,0.85,200,5429.763361
4799.446922,0.84,0.84,200,5434.510324
5538.92619,0.795,0.81,200,5439.262024
5752.508206,0.845,0.85,200,5444.141895
5383.212991,0.81,0.825,200,5448.919831
5687.309477,0.82,0.82,200,5453.647003
5753.406657,0.86,0.86,200,5460.484036
4691.042783,0.835,0.84,200,5465.20035
5766.034711,0.855,0.865,200,5469.956396
5755.161742,0.86,0.86,200,5474.750902
5091.809723,0.75,0.765,200,5479.579355
5748.030378,0.84,0.85,200,5484.475145
5639.961115,0.815,0.815,200,5489.320073
4107.062903,0.86,0.865,200,5494.048826
5762.111172,0.855,0.86,200,5498.787218
5653.478418,0.8,0.815,200,5503.53292
5670.479922,0.825,0.825,200,5510.685298
5627.527143,0.845,0.845,200,5515.409403
4247.746975,0.66,0.67,200,5520.117827
5743.673615,0.835,0.84,200,5524.876846
5703.468115,0.835,0.835,200,5529.778281
5742.186931,0.84,0.845,200,5534.507952
5731.250064,0.84,0.865,200,5539.25696
3042.910247,0.885,0.885,200,5544.026161
4879.209227,0.48,0.48,200,5548.881107
4155.708782,0.76,0.77,200,5553.638748
2722.986615,0.875,0.875,200,5560.729255
5685.695494,0.8,0.8,200,5565.565225
5484.179172,0.78,0.785,200,5570.259535
5690.222237,0.82,0.82,200,5575.029164
4704.626812,0.85,0.85,200,5579.839121
5688.558844,0.805,0.805,200,5584.687613
5625.507658,0.815,0.815,200,5589.369255
5671.576568,0.81,0.82,200,5594.217097
5614.759074,0.81,0.82,200,5599.028476
5703.264561,0.815,0.815,200,5603.766635
5755.467013,0.85,0.855,200,5610.949208
4109.724715,0.73,0.735,200,5615.751364
5651.618366,0.825,0.825,200,5620.615441
5686.512574,0.82,0.82,200,5625.389427
5651.79614,0.83,0.835,200,5630.131998
5609.312907,0.815,0.815,200,5634.94546
5769.138135,0.865,0.865,200,5639.660791
4276.453719,0.735,0.75,200,5644.458347
5729.347003,0.85,0.85,200,5649.333447
5741.613424,0.84,0.845,200,5654.172702
5708.45312,0.805,0.825,200,5661.010571
5528.749497,0.835,0.835,200,5665.746102
5750.977545,0.86,0.875,200,5670.460257
5577.554483,0.805,0.815,200,5675.116189
5508.635113,0.78,0.785,200,5679.88646
5726.659221,0.865,0.89,200,5684.638109
5637.349679,0.81,0.815,200,5689.366753
2593.923843,0.01,0.015,200,5694.073961
5761.415341,0.875,0.88,200,5698.782074
5671.437249,0.805,0.82,200,5703.622806
5791.415492,0.87,0.88,200,5710.659866
5764.706226,0.86,0.86,200,5715.401953
5567.751579,0.805,0.805,200,5720.169862
4556.607807,0.855,0.855,200,5724.945288
5765.943706,0.855,0.86,200,5729.640967
4289.800864,0.885,0.885,200,5734.294914
5748.00715,0.845,0.85,200,5739.148897
5122.74005,0.535,0.555,200,5743.875712
5751.512955,0.845,0.85,200,5748.761243
4610.819503,0.835,0.845,200,5753.529873
5734.555712,0.85,0.85,200,5760.910094
4452.376629,0.855,0.865,200,5765.625818
5660.745546,0.815,0.825,200,5770.407161
4449.754327,0.835,0.85,200,5775.160867
5655.696807,0.835,0.835,200,5779.960187
5639.138223,0.825,0.825,200,5784.69732
5606.116786,0.815,0.815,200,5789.488159
5677.477269,0.82,0.82,200,5794.240288
5757.932213,0.85,0.855,200,5799.068582
5657.361158,0.795,0.795,200,5803.848659
5093.465274,0.855,0.855,200,5810.846503
5566.666789,0.85,0.855,200,5815.637557
5744.719537,0.86,0.86,200,5820.499195
5670.703096,0.865,0.865,200,5825.405404
4632.516987,0.835,0.85,200,5830.322004
5652.973661,0.82,0.82,200,5835.16559
4934.583842,0.845,0.85,200,5840.043862
4709.92143,0.84,0.86,200,5844.851231
5745.447134,0.835,0.845,200,5849.738905
5684.394947,0.825,0.825,200,5854.646492
3550.653914,0.87,0.87,200,5861.682473
5601.917378,0.855,0.875,200,5866.286927
5742.988759,0.855,0.86,200,5870.908365
5654.083513,0.815,0.815,200,5875.612478
5687.619682,0.825,0.83,200,5880.409619
5659.584013,0.805,0.82,200,5885.217124
2628.730011,0.63,0.635,200,5889.966358
4492.041263,0.8,0.8,200,5894.719198
3404.610672,0.87,0.87,200,5899.426878
5748.434625,0.84,0.855,200,5904.211159
5546.588175,0.79,0.8,200,5911.258223
5668.623116,0.86,0.87,200,5915.891492
5674.741486,0.81,0.825,200,5920.425647
5655.169037,0.835,0.835,200,5925.112131
4667.052851,0.73,0.73,200,5929.980174
5457.967113,0.84,0.85,200,5934.722256
5580.646506,0.805,0.805,200,5939.50294
4900.77729,0.83,0.85,200,5944.118881
2758.628943,0.24,0.26,200,5948.960993
5746.946073,0.845,0.845,200,5953.565582
5726.29779,0.835,0.84,200,5960.435885
4895.663305,0.635,0.65,200,5965.256793
5749.221984,0.845,0.85,200,5970.030196
5692.164189,0.81,0.815,200,5974.77704
4979.342373,0.83,0.845,200,5979.390048
5713.373219,0.825,0.825,200,5984.225558
5780.435697,0.88,0.885,200,5989.02984
2801.530079,0.015,0.015,200,5993.657128
5749.213628,0.845,0.85,200,5998.314447
5748.114486,0.86,0.865,200,6003.015709
5755.224799,0.85,0.86,200,6010.012858
5731.075582,0.855,0.865,200,6014.631315
5700.740597,0.855,0.87,200,6019.229985
5771.632923,0.86,0.865,200,6023.855814
4021.142189,0.725,0.74,200,6028.437506
4361.877835,0.86,0.865,200,6033.160853
5626.0362,0.865,0.875,200,6037.888042
5620.467339,0.855,0.86,200,6042.642487
4902.491951,0.835,0.85,200,6047.438181
5651.079024,0.81,0.82,200,6052.193153
4537.165734,0.84,0.85,200,6059.012663
5680.659558,0.865,0.875,200,6063.57034
5750.208788,0.845,0.85,200,6068.15106
5728.74739,0.83,0.84,200,6072.823478
5570.165088,0.83,0.835,200,6077.386852
5675.023102,0.805,0.805,200,6082.031378
5615.691782,0.835,0.84,200,6086.90766
5667.746751,0.82,0.82,200,6091.656211
5649.094057,0.82,0.825,200,6096.39783
5642.092549,0.805,0.815,200,6100.928604
4195.456633,0.875,0.885,200,6107.750831
5745.350278,0.87,0.88,200,6112.458054
4119.252548,0.87,0.87,200,6117.20791
5727.917145,0.855,0.865,200,6121.857744
4330.043264,0.85,0.85,200,6126.43228
5693.407254,0.82,0.82,200,6131.052815
5631.13554,0.81,0.81,200,6135.590598
5656.292936,0.825,0.835,200,6140.264099
5679.506043,0.83,0.83,200,6144.734335
5649.367358,0.825,0.835,200,6149.364676
5660.297415,0.86,0.865,200,6156.032551
5691.433317,0.81,0.815,200,6160.6559
5452.155219,0.84,0.845,200,6165.225307
5680.753743,0.825,0.825,200,6169.993094
3715.981838,0.6,0.605,200,6174.721327
5688.337183,0.805,0.81,200,6179.457139
5709.463867,0.82,0.82,200,6184.038645
5675.768806,0.82,0.82,200,6188.679747
4454.102411,0.85,0.85,200,6193.288541
5759.874915,0.855,0.865,200,6197.782953
5677.148074,0.855,0.875,200,6204.558159
5736.96352,0.88,0.88,200,6209.111293
5184.847313,0.845,0.855,200,6213.766716
4763.457987,0.845,0.845,200,6218.450927
5681.860643,0.805,0.805,200,6223.038618
5735.07444,0.83,0.845,200,6227.671578
5547.436647,0.845,0.845,200,6232.255769
5286.199072,0.84,0.845,200,6236.763924
5735.57621,0.845,0.855,200,6241.261244
4484.593068,0.83,0.855,200,6245.675672
4851.078134,0.84,0.845,200,6252.39124
5715.903678,0.84,0.84,200,6256.979852
5614.722099,0.82,0.825,200,6261.529845
2437.594725,0.885,0.89,200,6266.244726
5771.12324,0.86,0.87,200,6270.784267
5655.121021,0.79,0.79,200,6275.332875
5747.493353,0.845,0.85,200,6279.890548
5671.02528,0.815,0.815,200,6284.506803
5134.448984,0.675,0.715,200,6289.152564
5679.235006,0.85,0.875,200,6293.767313
4005.815909,0.855,0.86,200,6300.514199
5680.257211,0.825,0.825,200,6305.108564
5567.839502,0.795,0.8,200,6309.587443
5699.909882,0.86,0.86,200,6314.068505
5755.486824,0.845,0.86,200,6318.674768
5752.089251,0.855,0.855,200,6323.2674
5644.440582,0.845,0.845,200,6327.982766
3412.600003,0.81,0.81,200,6332.475861
5660.238866,0.8,0.8,200,6337.063935
5540.291769,0.79,0.795,200,6341.754032
5676.486939,0.81,0.82,200,6348.366746
5750.245412,0.85,0.87,200,6353.039112
5459.695253,0.845,0.845,200,6357.507908
5632.416007,0.76,0.76,200,6362.079233
2998.435913,0.88,0.88,200,6366.75588
2571.703642,0.6,0.605,200,6371.251688
5094.227527,0.875,0.875,200,6375.854572
3476.712308,0.335,0.35,200,6380.452709
4461.61425,0.855,0.86,200,6385.003696
2927.493116,0.5,0.5,200,6389.677612
5763.050328,0.85,0.86,200,6396.473657
4895.346767,0.845,0.845,200,6400.985787
5689.721411,0.805,0.81,200,6405.447095
5748.296709,0.84,0.85,200,6409.864216
5703.195373,0.835,0.835,200,6414.458218
5662.905404,0.79,0.79,200,6418.996908
5615.196116,0.805,0.815,200,6423.612995
5622.849252,0.825,0.825,200,6428.232292
5669.153139,0.805,0.805,200,6432.692037
5677.886985,0.805,0.81,200,6437.256259
2840.077327,0.86,0.865,200,6444.252955
5562.155221,0.79,0.8,200,6449.049244
5527.73048,0.79,0.79,200,6453.762037
2975.907694,0.86,0.86,200,6458.335129
5703.428126,0.845,0.86,200,6462.874024
5761.464539,0.86,0.86,200,6467.575682
5653.308932,0.82,0.825,200,6472.286322
4944.568452,0.84,0.84,200,6476.999554
5686.913215,0.82,0.82,200,6481.610876
5760.964899,0.855,0.855,200,6486.274426
5759.674251,0.855,0.855,200,6493.159894
5742.045196,0.845,0.845,200,6497.696867
4268.964716,0.865,0.88,200,6502.316102
5738.876932,0.84,0.84,200,6506.964639
5688.320781,0.82,0.835,200,6511.420241
5724.489746,0.855,0.86,200,6515.928108
4506.146742,0.85,0.85,200,6520.597824
5708.68082,0.825,0.845,200,6525.242965
5170.685773,0.645,0.665,200,6529.955451
5657.586951,0.86,0.88,200,6534.51204
5027.979225,0.845,0.845,200,6541.115736
5739.812929,0.85,0.87,200,6545.821141
5622.688741,0.8,0.82,200,6550.623
5537.683912,0.795,0.805,200,6555.134224
5715.178548,0.85,0.88,200,6559.929393
5757.34341,0.855,0.86,200,6564.517384
5736.515239,0.84,0.84,200,6569.300006
5590.333761,0.8,0.8,200,6573.999968
5702.608036,0.87,0.87,200,6578.624055
5646.157944,0.835,0.835,200,6583.147313
5703.067878,0.825,0.83,200,6589.803907
5765.548648,0.87,0.87,200,6594.412146
5764.103866,0.85,0.86,200,6599.025142
5563.908124,0.85,0.89,200,6603.540064
3978.236437,0.395,0.415,200,6608.185379
5655.749662,0.805,0.805,200,6612.844191
4884.546135,0.845,0.85,200,6617.663446
5670.992981,0.82,0.835,200,6622.270752
5754.237929,0.855,0.875,200,6626.734158
5603.578573,0.805,0.81,200,6631.235163
5663.199085,0.815,0.82,200,6638.055597
5688.784117,0.815,0.815,200,6642.641271
5650.626461,0.815,0.815,200,6647.269975
5756.481505,0.855,0.865,200,6651.910645
5679.693646,0.825,0.825,200,6656.55705
5431.733387,0.835,0.845,200,6661.181005
5210.674696,0.835,0.845,200,6665.837602
5679.870244,0.82,0.83,200,6670.439182
5725.355865,0.855,0.86,200,6675.041178
5768.594699,0.86,0.865,200,6679.533499
5533.816102,0.795,0.8,200,6686.360263
5776.655772,0.865,0.865,200,6690.965733
5771.157632,0.84,0.87,200,6695.524121
5694.190868,0.835,0.835,200,6700.107698
4656.92594,0.655,0.66,200,6704.560666
5703.48428,0.86,0.865,200,6709.085816
5583.51371,0.815,0.815,200,6713.815344
5627.607238,0.86,0.87,200,6718.331488
5639.726489,0.865,0.88,200,6723.011703
5766.649343,0.87,0.87,200,6727.498503
4053.454479,0.83,0.85,200,6734.323426
5551.682654,0.85,0.85,200,6738.807412
5746.517497,0.85,0.85,200,6743.355623
4132.074942,0.86,0.86,200,6748.049601
5584.264326,0.795,0.8,200,6752.721679
5602.16499,0.805,0.81,200,6757.396695
5053.249867,0.495,0.495,200,6762.181145
5705.625224,0.825,0.825,200,6766.803312
5405.555163,0.845,0.845,200,6771.370592
5733.855185,0.835,0.84,200,6776.031399
4462.726234,0.875,0.875,200,6782.886546
4078.628997,0.595,0.62,200,6787.4583
5625.415391,0.815,0.815,200,6792.338819
4773.253468,0.85,0.855,200,6797.014974
5693.951082,0.825,0.83,200,6801.665505
5692.753192,0.805,0.815,200,6806.331824
4297.818419,0.74,0.755,200,6811.011246
5761.30778,0.87,0.875,200,6815.653184
5610.778984,0.84,0.86,200,6820.374793
5751.864948,0.845,0.85,200,6824.701969
5727.873626,0.85,0.85,200,6831.298979
4007.492307,0.245,0.255,200,6835.821505
5726.944613,0.84,0.85,200,6840.453896
5707.818131,0.825,0.83,200,6844.987082
5770.178564,0.86,0.86,200,6849.622762
5597.392625,0.81,0.81,200,6854.165293
4396.907145,0.85,0.865,200,6858.667508
5173.067558,0.84,0.85,200,6863.339095
4925.343646,0.855,0.855,200,6868.007962
5669.965507,0.815,0.815,200,6872.547085
4738.661344,0.845,0.86,200,6879.536002
5712.133139,0.83,0.84,200,6884.215548
5125.702547,0.565,0.58,200,6888.670092
5664.103064,0.785,0.785,200,6893.376792
4330.487328,0.865,0.865,200,6897.774828
5652.198458,0.88,0.89,200,6902.372331
5754.017717,0.86,0.865,200,6906.872655
5734.419252,0.855,0.86,200,6911.359514
5667.015061,0.815,0.815,200,6915.76981
5734.594469,0.83,0.84,200,6920.347874
5724.062893,0.835,0.835,200,6926.79284
4439.715465,0.74,0.75,200,6930.951777
5686.025604,0.86,0.88,200,6935.41289
5582.727199,0.84,0.84,200,6939.793884
4384.909315,0.855,0.855,200,6944.319633
5495.574183,0.78,0.785,200,6948.847775
5612.879406,0.8,0.8,200,6953.367949
5734.920095,0.835,0.84,200,6957.772519
5605.533648,0.815,0.815,200,6962.227519
5665.586609,0.82,0.83,200,6966.934271
5552.53241,0.775,0.795,200,6973.593766
5619.311165,0.82,0.835,200,6978.307807
3814.620665,0.88,0.88,200,6982.922637
5697.245203,0.815,0.815,200,6987.54644
5670.187997,0.795,0.795,200,6992.016584
4216.764494,0.865,0.865,200,6996.657627
5700.271413,0.81,0.82,200,7001.254838
5753.987193,0.835,0.845,200,7005.692431
3839.887332,0.865,0.865,200,7010.20569
5231.176727,0.84,0.84,200,7014.662397
4786.4882,0.85,0.85,200,7021.387855
5304.313329,0.84,0.84,200,7026.145562
5714.916198,0.85,0.87,200,7030.759292
4222.896545,0.57,0.595,200,7035.323252
4790.972604,0.835,0.85,200,7039.806993
5682.079071,0.83,0.83,200,7044.271213
5582.429754,0.8,0.8,200,7048.920912
5622.581654,0.795,0.815,200,7053.544108
5726.220673,0.845,0.845,200,7058.018331
5158.535743,0.835,0.84,200,7062.636225
5687.563665,0.805,0.805,200,7069.515037
5638.805549,0.84,0.84,200,7074.173087
5754.438396,0.845,0.855,200,7078.802038
5688.071809,0.815,0.815,200,7083.422716
5655.457354,0.825,0.825,200,7088.102493
4749.353728,0.84,0.85,200,7092.750628
5665.668785,0.815,0.815,200,7097.32515
5728.130764,0.87,0.875,200,7101.948777
5651.857026,0.835,0.835,200,7106.659436
5612.863358,0.815,0.82,200,7111.463898
5678.087104,0.8,0.8,200,7118.190445
5766.338386,0.865,0.875,200,7122.773094
5579.579698,0.835,0.845,200,7127.45789
5637.996923,0.84,0.84,200,7132.190959
5682.30047,0.805,0.805,200,7136.795793
5698.763167,0.81,0.81,200,7141.367465
5710.908609,0.835,0.835,200,7146.202159
5704.281728,0.83,0.83,200,7150.901546
4667.874638,0.565,0.575,200,7155.571606
5576.573355,0.725,0.735,200,7160.288387
4292.111822,0.855,0.855,200,7167.246441
5634.641801,0.81,0.815,200,7171.918904
5529.373758,0.675,0.675,200,7176.498019
5695.779505,0.81,0.81,200,7181.159987
4226.940571,0.865,0.865,200,7185.864656
5710.286122,0.825,0.825,200,7190.595831
5678.569008,0.8,0.8,200,7195.318851
4857.071835,0.835,0.86,200,7200.003528
5637.732673,0.83,0.83,200,7204.698144
5665.579025,0.82,0.825,200,7209.322081
5685.82791,0.805,0.805,200,7215.893831
5695.130854,0.84,0.87,200,7220.375903
5132.687268,0.845,0.845,200,7224.902175
5710.370345,0.835,0.835,200,7229.507678
5689.247253,0.85,0.87,200,7233.980014
5756.565366,0.855,0.86,200,7238.463119
4298.805302,0.87,0.87,200,7243.018221
5693.956198,0.815,0.82,200,7247.544832
5689.584438,0.815,0.815,200,7252.033651
5052.426316,0.735,0.755,200,7256.632573
5757.12838,0.865,0.865,200,7263.429065
5635.066562,0.82,0.82,200,7268.233979
5715.22196,0.855,0.855,200,7272.884749
5573.344845,0.79,0.805,200,7277.444704
5656.018429,0.83,0.835,200,7282.150629
5696.58538,0.835,0.835,200,7286.598631
5747.230522,0.85,0.85,200,7291.103345
5756.994852,0.865,0.865,200,7295.651209
5744.633027,0.855,0.875,200,7300.170273
5596.699549,0.795,0.81,200,7304.822825
5681.915624,0.805,0.805,200,7311.771641
5643.229855,0.82,0.82,200,7316.508722
5752.200379,0.86,0.865,200,7321.294638
5573.478697,0.825,0.855,200,7325.975489
2570.702756,0.675,0.675,200,7330.535549
5647.499805,0.83,0.83,200,7335.254521
5722.625803,0.86,0.86,200,7339.730997
5264.630893,0.74,0.74,200,7344.563715
5699.645833,0.875,0.895,200,7349.386424
5782.491158,0.88,0.88,200,7354.110227
5729.548404,0.84,0.86,200,7361.129657
5758.419747,0.855,0.855,200,7365.945
5675.810681,0.84,0.84,200,7370.713287
5642.581495,0.845,0.845,200,7375.504771
5695.287097,0.83,0.835,200,7380.213498
5621.910308,0.805,0.805,200,7384.979613
5741.761619,0.855,0.865,200,7389.436875
4798.988721,0.845,0.85,200,7394.084238
5751.895404,0.86,0.87,200,7398.728296
5734.462267,0.83,0.85,200,7403.378841
5728.540348,0.87,0.875,200,7410.128202
5781.38534,0.87,0.87,200,7414.691258
5750.615214,0.855,0.865,200,7419.281881
4562.851342,0.855,0.86,200,7423.817582
5275.610931,0.85,0.85,200,7428.325195
5689.812429,0.81,0.81,200,7432.987479
5667.585338,0.83,0.835,200,7437.550253
5666.234683,0.835,0.84,200,7442.118701
5469.65796,0.83,0.84,200,7446.7833
5644.029385,0.835,0.845,200,7451.459634
3511.532991,0.86,0.865,200,7457.999617
5765.377628,0.855,0.86,200,7462.585112
5675.079601,0.84,0.85,200,7467.185519
5666.300746,0.825,0.825,200,7471.707235
5723.87707,0.84,0.84,200,7476.218065
5742.606562,0.865,0.875,200,7480.762492
5572.925247,0.84,0.85,200,7485.345662
5699.389608,0.83,0.835,200,7489.944019
5021.413053,0.845,0.855,200,7494.518882
5770.927407,0.865,0.865,200,7499.180893
5560.411883,0.785,0.795,200,7505.952192
5681.420322,0.8,0.8,200,7510.569925
5745.877072,0.855,0.855,200,7515.15026
5621.192095,0.815,0.815,200,7519.871872
5476.370844,0.84,0.84,200,7524.442506
5693.206995,0.83,0.83,200,7529.122689
5721.890919,0.835,0.845,200,7533.738603
5727.270351,0.85,0.86,200,7538.266304
4578.974901,0.865,0.865,200,7542.84398
5732.660716,0.865,0.865,200,7547.524916
5552.537458,0.8,0.8,200,7554.577413
5693.110277,0.81,0.81,200,7559.147024
4176.539862,0.865,0.865,200,7563.562092
5718.287626,0.835,0.835,200,7568.144524
5766.085551,0.845,0.86,200,7572.689255
5683.837083,0.85,0.85,200,7577.106548
5706.8231,0.855,0.87,200,7581.793561
5699.527634,0.835,0.835,200,7586.319623
5691.660498,0.85,0.85,200,7591.098432
5764.691703,0.87,0.87,200,7595.689471
5680.002093,0.825,0.825,200,7602.491122
5692.344944,0.835,0.835,200,7606.986023
5661.633008,0.83,0.845,200,7611.511545
5688.24117,0.8,0.805,200,7616.024268
5665.132232,0.86,0.87,200,7620.602712
5717.58407,0.84,0.84,200,7624.971134
5776.023591,0.865,0.865,200,7629.43427
5672.129012,0.79,0.79,200,7633.907852
5651.190742,0.82,0.82,200,7638.545549
5758.875515,0.855,0.855,200,7643.196188
5694.716935,0.825,0.825,200,7649.989995
5770.207233,0.86,0.86,200,7654.644982
5682.048755,0.79,0.79,200,7659.24561
4562.931251,0.86,0.86,200,7663.787748
5706.170098,0.835,0.845,200,7668.31778
5574.508863,0.79,0.79,200,7672.945991
5645.921245,0.835,0.835,200,7677.47234
5718.51024,0.84,0.84,200,7682.062021
5695.854287,0.81,0.81,200,7686.748585
5742.785797,0.86,0.88,200,7691.481483
5676.526993,0.8,0.8,200,7698.511446
5491.821623,0.77,0.77,200,7703.287501
4047.02721,0.87,0.88,200,7708.00777
5754.254246,0.87,0.885,200,7712.425541
5673.728493,0.785,0.785,200,7717.033999
5703.019854,0.82,0.82,200,7721.663021
5010.575098,0.85,0.855,200,7726.150672
5772.092831,0.86,0.865,200,7730.741906
4124.731165,0.775,0.785,200,7735.321309
5698.697017,0.815,0.815,200,7739.923346
4851.545051,0.835,0.85,200,7746.926708
4783.200498,0.83,0.86,200,7751.450377
5754.266181,0.85,0.855,200,7756.05764
5566.73269,0.86,0.865,200,7760.611888
5744.180927,0.835,0.84,200,7765.172011
4996.49113,0.855,0.855,200,7769.701988
5180.656912,0.575,0.575,200,7774.299684
5765.653877,0.865,0.865,200,7778.930541
5708.960779,0.86,0.86,200,7783.510299
5747.209856,0.84,0.84,200,7788.089129
5729.624626,0.83,0.83,200,7794.788029
4294.426134,0.845,0.845,200,7799.527386
5770.027843,0.855,0.865,200,7804.116649
5695.785759,0.82,0.82,200,7808.717711
5282.681673,0.8,0.815,200,7813.286525
4368.543089,0.85,0.86,200,7817.884353
5657.664531,0.86,0.865,200,7822.531179
4357.547145,0.86,0.86,200,7827.113158
5581.272242,0.835,0.835,200,7831.81575
5773.734295,0.855,0.865,200,7836.418191
5779.800247,0.875,0.885,200,7843.337229
5686.647384,0.805,0.805,200,7847.986057
5492.614793,0.835,0.845,200,7852.6222
5753.000203,0.84,0.85,200,7857.306672
4772.819592,0.115,0.12,200,7861.849705
5749.590765,0.835,0.84,200,7866.483582
5686.768448,0.815,0.815,200,7871.208773
5115.177768,0.835,0.855,200,7875.895568
5681.649593,0.805,0.805,200,7880.580278
4806.249085,0.825,0.855,200,7885.192604
5772.926215,0.865,0.865,200,7891.999145
5674.419366,0.825,0.825,200,7896.52515
5704.374302,0.82,0.82,200,7901.227989
5482.792361,0.84,0.84,200,7905.857412
5011.154613,0.84,0.855,200,7910.654989
5686.209738,0.82,0.825,200,7915.366426
4040.438404,0.875,0.875,200,7919.982882
5325.777693,0.645,0.645,200,7924.652836
5703.587119,0.825,0.825,200,7929.299836
5685.75775,0.83,0.84,200,7933.906728
5627.31515,0.82,0.83,200,7940.547832
5674.439993,0.835,0.835,200,7945.224923
5605.621568,0.805,0.82,200,7949.953375
4466.920152,0.74,0.76,200,7954.484445
4858.441827,0.85,0.86,200,7958.968045
5667.306451,0.795,0.795,200,7963.573272
5698.330545,0.83,0.835,200,7968.279582
5781.826535,0.855,0.86,200,7972.910414
4760.219662,0.865,0.865,200,7977.415396
5753.418373,0.845,0.85,200,7982.035974
5725.843673,0.84,0.84,200,7988.757563
5678.45464,0.82,0.82,200,7993.270441
5664.414176,0.83,0.83,200,7997.895591
5748.947987,0.855,0.86,200,8002.489648
5742.107153,0.86,0.87,200,8007.322772
5674.161484,0.855,0.865,200,8012.008911
5005.616699,0.835,0.855,200,8016.516273
5686.988908,0.8,0.8,200,8021.033902
5748.152715,0.85,0.85,200,8025.682718
4401.399521,0.865,0.865,200,8030.28934
5677.398174,0.855,0.86,200,8037.217452
5235.405487,0.845,0.85,200,8041.877157
5767.152499,0.86,0.86,200,8046.575084
3801.885641,0.755,0.755,200,8051.30107
5581.061865,0.79,0.795,200,8056.010172
5625.034184,0.8,0.815,200,8060.726007
5726.395062,0.865,0.88,200,8065.348672
5753.868167,0.84,0.845,200,8069.85567
5668.797223,0.845,0.845,200,8074.416232
5706.505381,0.835,0.835,200,8078.974257
5765.175138,0.86,0.86,200,8085.781925
5614.95159,0.8,0.81,200,8090.448417
5728.801778,0.84,0.84,200,8095.045446
3796.374371,0.705,0.72,200,8099.666357
5670.288633,0.795,0.805,200,8104.417413
4370.555767,0.855,0.865,200,8109.058401
5703.066263,0.825,0.835,200,8113.6317
5674.98025,0.805,0.805,200,8118.197896
4353.063246,0.865,0.87,200,8122.847916
5775.501819,0.85,0.865,200,8127.489488
4761.837556,0.835,0.845,200,8134.238051
5741.410751,0.835,0.84,200,8138.952086
5590.784359,0.795,0.805,200,8143.667818
5079.481383,0.85,0.85,200,8148.204234
5490.027439,0.845,0.845,200,8152.902277
4759.804374,0.15,0.18,200,8157.438335
5739.784746,0.835,0.84,200,8162.196867
5770.3114,0.845,0.865,200,8166.823984
5731.41378,0.84,0.84,200,8171.365531
5764.039544,0.85,0.855,200,8176.052821
5655.462337,0.845,0.845,200,8182.894129
5680.124075,0.83,0.84,200,8187.662467
5662.371242,0.8,0.8,200,8192.266402
5733.72312,0.825,0.84,200,8196.941099
5698.55535,0.855,0.875,200,8201.709543
5650.078347,0.835,0.835,200,8206.50176
5732.738991,0.85,0.87,200,8211.08693
5700.681022,0.83,0.835,200,8215.868187
5633.555402,0.82,0.825,200,8220.671018
5663.202303,0.845,0.845,200,8225.291577
5156.676686,0.845,0.855,200,8232.221489
5679.367773,0.8,0.8,200,8237.031675
3692.611497,0.3,0.345,200,8241.723446
5751.765388,0.845,0.845,200,8246.381016
5765.892942,0.855,0.86,200,8251.105114
5699.059346,0.83,0.835,200,8255.823037
5690.714427,0.85,0.865,200,8260.448145
5670.515743,0.83,0.83,200,8265.108717
5724.018915,0.825,0.83,200,8269.879184
5736.785144,0.875,0.875,200,8274.565131
5697.246743,0.82,0.82,200,8281.509731
5749.604108,0.85,0.865,200,8286.204022
5579.881467,0.835,0.835,200,8291.102259
4902.213289,0.83,0.85,200,8295.93229
5673.488725,0.805,0.805,200,8300.549203
5714.155542,0.835,0.835,200,8305.310602
5655.228751,0.82,0.82,200,8309.961404
5746.628933,0.86,0.88,200,8314.732489
5782.811058,0.87,0.87,200,8319.455333
5683.773686,0.81,0.81,200,8324.07055
5602.824073,0.865,0.865,200,8330.737923
5766.289498,0.86,0.86,200,8335.217891
5724.456963,0.875,0.885,200,8339.738918
5166.915641,0.825,0.85,200,8344.356972
5486.457003,0.84,0.84,200,8348.966226
5685.71034,0.83,0.83,200,8353.663477
5670.310898,0.825,0.825,200,8358.215729
5698.431331,0.815,0.815,200,8362.827104
5749.841715,0.85,0.855,200,8367.562445
4846.848027,0.855,0.86,200,8372.233559
5744.840658,0.845,0.845,200,8379.087487
5380.867013,0.845,0.85,200,8383.785819
5664.896956,0.84,0.86,200,8388.475786
5721.355117,0.845,0.845,200,8393.053154
5702.283102,0.86,0.865,200,8397.567553
5702.872531,0.815,0.815,200,8402.173434
4404.128448,0.87,0.87,200,8406.88639
5720.316841,0.835,0.835,200,8411.512339
5696.920344,0.82,0.82,200,8416.175833
5733.67931,0.855,0.865,200,8420.955144
3898.625292,0.865,0.865,200,8427.883772
5683.715364,0.815,0.835,200,8432.45735
5753.736828,0.845,0.87,200,8437.140084
5743.962492,0.85,0.865,200,8441.781526
5663.679812,0.84,0.845,200,8446.428947
4616.150131,0.86,0.86,200,8451.079128
4069.880751,0.72,0.75,200,8455.62805
5659.21036,0.835,0.835,200,8460.296019
5637.611731,0.83,0.83,200,8464.971894
5577.714772,0.79,0.795,200,8469.592878
5742.907598,0.84,0.84,200,8476.663435
5740.069058,0.845,0.845,200,8481.416041
5757.112058,0.865,0.88,200,8486.15101
5775.296089,0.85,0.865,200,8490.731408
4147.368459,0.875,0.885,200,8495.38015
5651.104828,0.825,0.83,200,8500.072318
4573.998418,0.865,0.865,200,8504.73683
5754.363873,0.835,0.845,200,8509.371087
5623.297356,0.865,0.88,200,8514.119149
3666.461059,0.865,0.865,200,8518.881663
5180.313865,0.85,0.85,200,8525.613418
5674.690687,0.81,0.835,200,8530.32264
3935.884615,0.55,0.57,200,8534.986642
5651.555972,0.865,0.88,200,8539.540438
5640.026963,0.805,0.825,200,8544.195221
5607.530077,0.815,0.815,200,8548.88042
5714.984633,0.825,0.825,200,8553.494916
5627.215729,0.8,0.81,200,8558.162448
5703.2912,0.82,0.82,200,8562.882583
3887.730044,0.585,0.62,200,8567.446077
5687.352924,0.82,0.825,200,8574.375528
4818.616003,0.835,0.85,200,8579.008833
5762.26201,0.86,0.86,200,8583.484341
5632.822371,0.86,0.88,200,8588.077595
5655.539016,0.84,0.84,200,8592.716414
4152.799551,0.675,0.7,200,8597.328706
5756.243533,0.85,0.855,200,8601.995269
5668.447242,0.825,0.825,200,8606.618048
5677.24794,0.855,0.86,200,8611.353866
4419.309968,0.82,0.835,200,8616.063583
5749.394146,0.865,0.875,200,8622.919172
5764.486186,0.845,0.85,200,8627.511102
5694.882555,0.825,0.825,200,8632.178255
5704.095629,0.82,0.82,200,8636.867819
5531.924043,0.845,0.855,200,8641.494795
5750.365084,0.87,0.875,200,8646.22681
5683.114524,0.81,0.81,200,8650.849258
5318.386804,0.845,0.85,200,8655.419012
5598.15885,0.81,0.81,200,8660.22624
5692.963837,0.82,0.83,200,8664.873053
5376.721916,0.84,0.84,200,8671.861016
5760.936353,0.84,0.85,200,8676.472049
5678.010291,0.84,0.84,200,8681.064424
5762.425057,0.86,0.865,200,8685.69939
5738.529606,0.85,0.85,200,8690.380231
5758.460727,0.85,0.865,200,8694.935047
5589.145709,0.815,0.835,200,8699.478101
5721.40096,0.82,0.825,200,8704.15976
5612.475654,0.81,0.815,200,8708.757769
5676.954339,0.855,0.87,200,8713.343211
5759.807783,0.855,0.87,200,8720.316868
5674.856295,0.845,0.845,200,8725.081348
5722.231296,0.84,0.84,200,8729.804925
5646.761526,0.835,0.845,200,8734.401217
5521.08959,0.84,0.84,200,8739.12551
5689.769007,0.815,0.815,200,8743.693266
4537.373597,0.28,0.28,200,8748.298532
5759.979658,0.855,0.855,200,8752.903454
5661.970082,0.85,0.855,200,8757.593762
4034.085887,0.89,0.89,200,8762.228508
5752.046594,0.86,0.865,200,8769.05162
5692.493322,0.81,0.81,200,8773.783546
5770.895037,0.855,0.875,200,8778.494607
5747.388988,0.84,0.85,200,8783.181406
5740.155724,0.85,0.85,200,8787.90367
5690.73882,0.82,0.82,200,8792.577735
5169.227725,0.83,0.83,200,8797.446497
5683.799802,0.81,0.81,200,8802.147965
5695.548657,0.83,0.83,200,8806.814878
5261.461629,0.845,0.855,200,8811.619847
5390.82798,0.84,0.85,200,8818.407116
5658.391235,0.805,0.815,200,8823.113821
5672.64788,0.795,0.795,200,8827.767588
5556.440166,0.8,0.8,200,8832.582762
5730.517692,0.865,0.87,200,8837.306382
5687.343332,0.795,0.8,200,8841.949171
5760.637334,0.855,0.86,200,8846.62042
5762.152977,0.87,0.885,200,8851.200196
5778.267146,0.855,0.87,200,8855.709693
5752.984741,0.85,0.86,200,8860.315837
5684.63105,0.83,0.83,200,8867.259214
5519.044462,0.845,0.87,200,8872.063043
5280.835461,0.83,0.85,200,8876.788188
5703.291281,0.81,0.81,200,8881.245152
5728.94557,0.87,0.88,200,8885.797672
5542.432294,0.79,0.79,200,8890.408672
5744.434592,0.865,0.87,200,8894.985959
5705.232517,0.825,0.825,200,8899.662297
4529.834806,0.825,0.84,200,8904.189259
5683.725505,0.815,0.815,200,8908.708498
5608.261751,0.86,0.875,200,8915.49462
5763.555913,0.86,0.86,200,8920.160012
5572.423744,0.785,0.785,200,8924.758982
5677.902649,0.835,0.835,200,8929.48407
5530.451515,0.85,0.855,200,8934.188697
5623.503452,0.805,0.81,200,8938.846759
4911.548568,0.86,0.86,200,8943.492117
5200.761845,0.785,0.785,200,8947.979445
5694.403267,0.81,0.81,200,8952.658662
4899.191899,0.845,0.855,200,8957.078322
5688.022172,0.84,0.84,200,8964.042197
5750.952723,0.855,0.88,200,8968.721099
5709.268657,0.87,0.875,200,8973.370461
5697.166089,0.82,0.82,200,8977.864219
5561.063526,0.8,0.8,200,8982.252162
5693.77027,0.805,0.805,200,8986.724803
4327.179425,0.81,0.81,200,8991.132002
5528.789919,0.84,0.84,200,8995.567302
5747.232122,0.84,0.85,200,8999.978322
5650.218744,0.835,0.835,200,9004.458265
5757.687828,0.86,0.86,200,9011.024992
4741.559232,0.655,0.665,200,9015.730372
3608.645701,0.305,0.315,200,9020.053879
4986.102411,0.845,0.845,200,9024.519126
5422.288453,0.825,0.825,200,9028.847129
5753.811293,0.84,0.855,200,9033.278891
5707.3521,0.84,0.84,200,9037.984226
5690.26986,0.825,0.825,200,9042.682127
5707.43841,0.81,0.825,200,9047.187132
5098.487323,0.85,0.86,200,9051.733169
5677.089612,0.84,0.84,200,9058.41941
5490.215605,0.84,0.845,200,9063.149451
5770.748738,0.86,0.865,200,9067.737207
5739.287841,0.86,0.875,200,9072.284443
5773.05682,0.85,0.865,200,9076.966997
5120.419088,0.845,0.86,200,9081.602017
5578.104757,0.785,0.805,200,9086.310406
5758.48394,0.875,0.885,200,9091.012959
5680.152563,0.825,0.825,200,9095.627874
5693.163704,0.815,0.815,200,9100.228236
5735.842251,0.845,0.845,200,9107.072266
5754.252939,0.85,0.85,200,9111.812458
5574.396058,0.785,0.8,200,9116.54241
3385.272577,0.88,0.885,200,9121.157645
5495.004449,0.835,0.845,200,9125.783487
5747.900655,0.86,0.87,200,9130.442167
5734.956305,0.85,0.855,200,9135.067623
5776.367941,0.86,0.87,200,9139.619982
5697.281972,0.855,0.87,200,9144.247145
5684.795847,0.81,0.81,200,9148.865067
5779.462584,0.865,0.875,200,9155.645446
5670.945802,0.8,0.8,200,9160.08688
5717.482282,0.825,0.83,200,9164.502682
4647.529902,0.83,0.845,200,9169.055007
5740.274366,0.84,0.84,200,9173.65341
5683.047503,0.825,0.83,200,9178.191928
5382.075231,0.84,0.845,200,9182.881183
5591.924459,0.795,0.8,200,9187.46252
5691.840769,0.805,0.805,200,9192.213269
5653.441146,0.81,0.82,200,9196.876723
4837.585838,0.845,0.85,200,9203.637513
5697.238662,0.815,0.815,200,9208.240791
5756.38747,0.845,0.855,200,9212.895264
4856.830783,0.86,0.86,200,9217.658364
5327.919642,0.825,0.845,200,9222.253964
5737.742198,0.85,0.855,200,9226.837458
5701.221768,0.855,0.875,200,9231.442535
5666.677177,0.8,0.8,200,9235.915006
5643.316087,0.805,0.805,200,9240.522886
5687.042667,0.835,0.835,200,9245.109859
5689.2043,0.84,0.84,200,9251.822601
5727.594004,0.83,0.845,200,9256.476114
5645.810834,0.865,0.885,200,9261.058447
5753.947518,0.855,0.855,200,9265.637307
5697.900698,0.86,0.86,200,9270.0933
5757.189731,0.845,0.855,200,9274.651828
5747.064926,0.85,0.85,200,9279.24672
5711.403897,0.885,0.885,200,9283.981662
5788.248639,0.875,0.885,200,9288.521785
5762.394882,0.865,0.875,200,9293.023302
5745.544848,0.84,0.84,200,9299.807507
5667.635339,0.805,0.81,200,9304.460185
5617.018909,0.815,0.815,200,9309.055045
5239.241712,0.835,0.85,200,9313.779101
4695.689041,0.84,0.85,200,9318.282911
3802.788871,0.38,0.4,200,9322.706949
5690.689979,0.835,0.835,200,9327.235077
5591.211739,0.795,0.795,200,9331.85301
4753.840916,0.875,0.875,200,9336.468984
4899.643586,0.845,0.845,200,9341.084203
5582.588868,0.83,0.835,200,9348.057109
5714.090334,0.86,0.865,200,9352.77002
5689.752032,0.815,0.82,200,9357.456415
5657.455098,0.84,0.85,200,9361.897329
5761.431569,0.855,0.86,200,9366.391147
5289.153721,0.865,0.88,200,9371.041645
5709.350256,0.825,0.825,200,9375.746919
5692.328198,0.83,0.835,200,9380.465487
5702.861937,0.83,0.83,200,9385.137079
5698.387303,0.815,0.815,200,9389.82921
5696.509651,0.835,0.835,200,9396.764477
5761.064756,0.855,0.86,200,9401.476439
5754.304157,0.855,0.865,200,9406.106293
5574.470416,0.855,0.855,200,9410.818255
5692.454161,0.815,0.815,200,9415.487723
5685.839024,0.83,0.83,200,9419.975683
5688.875178,0.825,0.825,200,9424.646909
4643.812053,0.87,0.875,200,9429.108301
4969.03479,0.84,0.845,200,9433.652145
5682.129792,0.83,0.83,200,9438.36214
5724.684917,0.86,0.86,200,9444.891692
5694.21338,0.81,0.81,200,9449.560949
5764.091895,0.86,0.86,200,9454.310597
5580.843998,0.805,0.815,200,9458.983654
5771.813299,0.855,0.87,200,9463.749591
4272.438458,0.86,0.875,200,9468.430264
5759.70563,0.865,0.87,200,9473.043098
5724.411827,0.825,0.85,200,9477.797422
4862.225345,0.655,0.67,200,9482.569567
4939.61502,0.7,0.705,200,9487.386967
5752.437921,0.83,0.845,200,9494.309211
5697.037701,0.81,0.81,200,9499.093967
5706.946548,0.84,0.84,200,9503.94133
5736.715766,0.865,0.865,200,9508.744156
5678.67923,0.82,0.82,200,9513.440955
5697.490343,0.835,0.835,200,9518.100705
5688.883057,0.825,0.825,200,9522.663039
5732.290571,0.835,0.835,200,9527.284768
5713.409367,0.855,0.855,200,9532.011999
4491.542022,0.83,0.85,200,9536.824927
5696.094421,0.835,0.86,200,9543.905285
5723.448102,0.85,0.86,200,9548.486464
5322.770354,0.845,0.855,200,9553.209425
5656.384658,0.83,0.84,200,9557.96879
5725.033852,0.835,0.84,200,9562.556102
5648.798945,0.87,0.89,200,9567.14112
5713.820931,0.825,0.825,200,9571.79868
5767.620587,0.865,0.875,200,9576.299872
5625.385032,0.81,0.81,200,9580.840639
5740.288375,0.85,0.85,200,9585.566756
5732.901129,0.85,0.85,200,9592.47172
5722.314856,0.875,0.885,200,9597.154067
5274.148943,0.85,0.85,200,9601.832664
5328.04957,0.84,0.84,200,9606.483879
5045.832841,0.85,0.85,200,9611.195174
5624.944363,0.855,0.87,200,9615.772915
4789.816702,0.635,0.635,200,9620.34417
5352.038001,0.84,0.845,200,9624.90727
5603.581201,0.845,0.845,200,9629.465865
5307.915808,0.84,0.875,200,9634.054859
5739.704657,0.84,0.84,200,9640.7375
4727.98202,0.35,0.355,200,9645.192229
5693.435582,0.87,0.87,200,9649.626362
5684.191371,0.815,0.825,200,9654.298103
5685.618452,0.815,0.815,200,9658.994831
5738.203682,0.845,0.85,200,9663.600439
5445.176516,0.86,0.87,200,9668.192459
5544.921542,0.77,0.78,200,9672.812739
5687.030999,0.83,0.835,200,9677.49654
5786.32777,0.86,0.88,200,9682.280655
5664.032847,0.82,0.82,200,9689.311683
2329.09733,0.08,0.105,200,9693.797985
5768.974931,0.86,0.865,200,9698.269299
3791.422094,0.455,0.49,200,9702.733135
5700.008656,0.815,0.815,200,9707.437703
4462.96272,0.85,0.865,200,9712.099325
5698.383322,0.8,0.805,200,9716.892556
5769.976804,0.865,0.875,200,9721.616385
4325.453678,0.585,0.585,200,9726.280324
5653.98269,0.815,0.82,200,9730.981784
5605.620139,0.795,0.81,200,9737.758679
4794.121419,0.84,0.85,200,9742.351842
5688.886269,0.835,0.835,200,9746.867764
5764.656614,0.85,0.855,200,9751.381288
5645.776639,0.84,0.845,200,9755.820396
5686.438813,0.825,0.825,200,9760.347149
5319.558146,0.83,0.85,200,9764.886901
5751.283348,0.85,0.85,200,9769.591329
4503.327977,0.845,0.86,200,9774.005974
5736.502725,0.865,0.87,200,9778.525595
5767.974358,0.855,0.86,200,9785.265179
4864.449942,0.835,0.85,200,9789.874957
5729.213841,0.835,0.835,200,9794.220797
5747.496696,0.835,0.84,200,9798.499253
5062.420471,0.835,0.855,200,9802.826661
5679.38333,0.84,0.84,200,9807.278012
5733.568608,0.855,0.865,200,9811.634476
5770.913495,0.86,0.865,200,9816.140141
5765.118681,0.84,0.87,200,9820.733837
5738.168558,0.86,0.88,200,9825.27869
5687.601184,0.82,0.82,200,9832.072845
5693.404703,0.805,0.805,200,9836.381539
5393.981651,0.835,0.85,200,9840.919073
5321.201823,0.84,0.845,200,9845.196213
5513.110008,0.835,0.835,200,9849.548723
5786.669178,0.86,0.87,200,9854.04247
4805.664763,0.865,0.865,200,9858.58789
5765.424001,0.84,0.855,200,9863.271102
5713.671957,0.835,0.835,200,9867.724809
5644.77913,0.86,0.875,200,9872.336971
5640.580905,0.825,0.825,200,9879.201038
5662.109193,0.82,0.82,200,9883.7393
5652.904783,0.84,0.84,200,9888.453142
5670.777297,0.82,0.82,200,9892.90753
5685.614796,0.825,0.825,200,9897.343799
5754.992775,0.845,0.85,200,9901.909185
5711.244299,0.825,0.825,200,9906.335703
5683.751406,0.815,0.825,200,9911.006737
5702.887612,0.83,0.83,200,9915.513652
5259.843996,0.83,0.83,200,9920.009844
5309.041828,0.84,0.845,200,9926.628668
5760.698321,0.855,0.855,200,9931.068222
5578.368012,0.8,0.8,200,9935.468237
4578.646932,0.855,0.855,200,9939.927074
5606.386226,0.81,0.81,200,9944.343832
5663.834852,0.835,0.835,200,9948.797031
5690.234748,0.84,0.84,200,9953.424075
5783.049689,0.87,0.88,200,9957.80498
5744.689483,0.865,0.875,200,9962.430424
5767.78497,0.85,0.855,200,9966.881175
5662.283284,0.79,0.79,200,9973.639205
5753.156337,0.845,0.87,200,9978.117682
5767.09811,0.86,0.86,200,9982.508632
5654.799558,0.87,0.88,200,9986.795612
5004.675684,0.845,0.845,200,9991.138526
4662.879532,0.87,0.87,200,9995.51462
5771.452397,0.87,0.88,200,10000.039032
5763.149459,0.86,0.86,200,10004.49962
4704.581484,0.84,0.855,200,10008.874737
4628.211048,0.815,0.85,200,10013.330829
5648.431113,0.865,0.885,200,10019.999134
5780.853637,0.86,0.865,200,10024.531573
5699.193509,0.815,0.815,200,10029.062247
5663.635299,0.865,0.865,200,10033.593515
5711.334361,0.83,0.83,200,10038.122197
5738.782591,0.825,0.83,200,10042.72848
5639.129234,0.865,0.87,200,10047.333967
5710.61977,0.88,0.88,200,10052.036838
5757.535466,0.86,0.86,200,10056.597421
5772.415894,0.855,0.865,200,10061.180872
3516.966617,0.87,0.875,200,10068.143906
5685.423663,0.83,0.835,200,10072.693869
5659.1461,0.83,0.83,200,10077.438566
5717.400242,0.83,0.845,200,10082.168214
5604.229181,0.8,0.805,200,10086.663764
5660.202438,0.835,0.835,200,10091.202891
5719.904676,0.84,0.85,200,10095.758521
4148.250344,0.61,0.63,200,10100.315609
5694.791552,0.815,0.815,200,10104.89029
5730.632036,0.825,0.84,200,10109.584203
5704.665018,0.86,0.865,200,10116.350591
5774.320276,0.855,0.865,200,10120.952759
5757.916142,0.835,0.845,200,10125.437941
5682.3606,0.82,0.83,200,10130.121251
5689.031119,0.825,0.825,200,10134.709729
4759.266055,0.86,0.86,200,10139.336766
5682.982217,0.825,0.825,200,10143.760463
5772.2295,0.855,0.875,200,10148.423186
5337.065075,0.84,0.845,200,10153.138747
5485.604417,0.85,0.86,200,10157.782906
5649.272803,0.835,0.84,200,10164.611032
5019.931975,0.84,0.845,200,10169.264833
5739.901404,0.84,0.845,200,10174.02075
5750.206199,0.835,0.85,200,10178.684533
5642.503212,0.815,0.815,200,10183.271394
5761.825894,0.85,0.86,200,10187.92541
4607.426285,0.845,0.85,200,10192.625898
5761.483678,0.845,0.86,200,10197.121777
5734.870418,0.84,0.84,200,10201.740509
5667.910758,0.83,0.835,200,10206.357692
4834.120323,0.84,0.85,200,10213.161669
5684.348317,0.805,0.815,200,10217.80415
5783.600988,0.87,0.875,200,10222.419573
5668.706142,0.86,0.875,200,10226.999314
5697.559014,0.84,0.84,200,10231.612765
4345.88851,0.54,0.58,200,10236.261092
5572.294393,0.795,0.8,200,10240.778541
5749.880245,0.85,0.85,200,10245.597447
5585.382844,0.875,0.88,200,10250.153014
5759.459701,0.845,0.88,200,10254.659099
4537.880579,0.69,0.715,200,10261.303367
5411.629871,0.845,0.855,200,10265.864323
5538.782259,0.83,0.855,200,10270.479849
5723.734854,0.84,0.84,200,10275.124422
5748.283436,0.86,0.87,200,10279.68134
5785.237764,0.855,0.87,200,10284.266936
5682.361879,0.805,0.805,200,10288.872873
5716.438481,0.85,0.86,200,10293.585936
5777.328367,0.865,0.865,200,10298.202988
5651.642989,0.8,0.815,200,10302.730901
4865.387856,0.59,0.615,200,10309.311192
5535.556469,0.83,0.855,200,10313.768647
5700.090952,0.81,0.815,200,10318.410745
5682.493646,0.82,0.82,200,10323.115579
5693.591911,0.865,0.875,200,10327.787352
5760.380341,0.845,0.855,200,10332.559408
5770.517213,0.86,0.87,200,10337.112544
4790.795078,0.855,0.86,200,10341.726363
5691.726847,0.815,0.815,200,10346.500869
5717.14615,0.835,0.835,200,10351.189455
5745.560278,0.865,0.87,200,10357.944737
5228.683633,0.565,0.565,200,10362.530976
5563.999436,0.82,0.85,200,10367.205538
5769.275232,0.845,0.855,200,10371.770209
5703.588836,0.83,0.83,200,10376.209441
5736.83786,0.85,0.85,200,10380.915696
5632.687506,0.83,0.84,200,10385.606842
5748.26391,0.835,0.835,200,10390.217484
5769.065814,0.855,0.865,200,10394.805475
5694.629174,0.835,0.835,200,10399.405616
5667.401155,0.835,0.845,200,10406.210963
5678.630052,0.825,0.825,200,10410.795029
5583.942895,0.85,0.855,200,10415.430116
5672.223014,0.825,0.825,200,10420.031888
5687.56991,0.805,0.805,200,10424.746573
5686.904752,0.84,0.84,200,10429.458644
5745.04389,0.855,0.86,200,10434.069433
4634.079008,0.875,0.875,200,10438.70611
5742.902545,0.86,0.87,200,10443.450856
5164.464387,0.825,0.84,200,10448.116347
5001.921021,0.85,0.855,200,10454.936468
5784.950687,0.86,0.87,200,10459.477876
5600.425478,0.81,0.81,200,10464.160524
2715.427221,0.34,0.345,200,10468.55741
5759.278899,0.85,0.85,200,10473.130443
5769.183855,0.845,0.855,200,10477.558959
5751.71832,0.845,0.855,200,10482.050654
5760.781763,0.855,0.855,200,10486.433199
5698.890238,0.83,0.835,200,10490.963209
5673.460846,0.835,0.84,200,10495.652312
5275.827265,0.855,0.86,200,10502.47404
5685.643199,0.825,0.825,200,10507.154447
5187.343289,0.835,0.84,200,10511.620336
5670.190553,0.795,0.795,200,10516.139791
5554.931001,0.85,0.855,200,10520.809798
5617.338957,0.805,0.815,200,10525.32679
5688.051202,0.84,0.86,200,10530.10655
5681.34313,0.81,0.81,200,10534.759413
5740.66938,0.855,0.855,200,10539.513008
5692.044742,0.805,0.805,200,10544.0647
5694.326152,0.83,0.835,200,10551.027142
5588.268316,0.845,0.855,200,10555.54727
5660.045334,0.84,0.845,200,10560.155175
5680.471036,0.845,0.845,200,10564.774607
5680.321673,0.81,0.815,200,10569.538519
5772.762377,0.855,0.865,200,10574.258829
5523.884123,0.855,0.865,200,10578.85853
5763.00897,0.865,0.88,200,10583.584403
5686.897049,0.83,0.83,200,10588.23233
5591.891344,0.815,0.815,200,10592.935264
5590.125354,0.8,0.8,200,10599.847713
5677.348156,0.82,0.82,200,10604.452075
5734.483987,0.875,0.885,200,10609.111319
5703.889896,0.84,0.84,200,10613.767641
5641.497126,0.83,0.835,200,10618.465071
5687.612472,0.815,0.815,200,10623.165567
5701.880519,0.82,0.82,200,10627.745264
4754.985544,0.855,0.865,200,10632.481382
5693.849825,0.815,0.815,200,10637.177063
5688.434028,0.82,0.82,200,10641.893152
5763.110192,0.845,0.85,200,10648.854263
4926.869198,0.85,0.86,200,10653.606739
5648.672154,0.84,0.84,200,10658.24223
5738.588665,0.86,0.865,200,10662.941446
4231.89703,0.87,0.875,200,10667.4957
5677.852083,0.815,0.815,200,10672.162949
5779.564293,0.855,0.86,200,10676.975127
5594.897166,0.86,0.89,200,10681.494469
5705.962024,0.82,0.82,200,10686.073502
5694.076334,0.81,0.81,200,10690.797342
3904.955255,0.875,0.875,200,10697.783353
5702.295536,0.825,0.825,200,10702.571206
5769.471045,0.855,0.865,200,10707.291242
5771.734142,0.855,0.865,200,10711.987003
5550.884361,0.785,0.785,200,10716.67304
5730.174223,0.825,0.83,200,10721.333028
5710.111761,0.835,0.84,200,10725.970436
5716.007636,0.865,0.875,200,10730.665948
4838.367926,0.855,0.86,200,10735.395482
5555.831693,0.855,0.875,200,10740.071307
4461.134233,0.83,0.845,200,10747.191365
5579.186478,0.79,0.79,200,10751.947485
5692.285699,0.8,0.805,200,10756.627182
5695.17975,0.825,0.825,200,10761.349494
5605.194402,0.805,0.805,200,10766.084587
4425.876866,0.86,0.86,200,10770.791766
5752.579381,0.865,0.865,200,10775.428823
5695.694838,0.805,0.805,200,10780.059839
4963.972689,0.845,0.855,200,10784.857631
5733.372722,0.85,0.865,200,10789.490417
5768.623888,0.845,0.855,200,10796.23185
5512.373479,0.87,0.875,200,10800.946046
5588.175632,0.795,0.795,200,10805.686353
5686.186364,0.8,0.8,200,10810.398692
5784.92221,0.86,0.875,200,10815.05241
5723.055466,0.83,0.83,200,10819.717989
4801.700468,0.86,0.865,200,10824.477222
3507.034226,0.43,0.455,200,10829.171017
5686.825634,0.825,0.83,200,10833.836843
5772.59217,0.845,0.855,200,10838.534662
5704.401908,0.83,0.83,200,10845.584785
5730.011524,0.845,0.845,200,10850.236747
5758.596311,0.845,0.855,200,10854.878111
5708.560167,0.83,0.835,200,10859.454536
5649.019648,0.87,0.875,200,10864.098169
5770.880174,0.865,0.865,200,10868.946564
5686.13872,0.805,0.82,200,10873.613095
4503.052891,0.87,0.87,200,10878.235814
5767.621108,0.845,0.85,200,10882.915794
5771.81137,0.86,0.865,200,10887.683815
5697.720664,0.835,0.84,200,10894.749161
5633.541752,0.84,0.845,200,10899.497971
5605.330857,0.81,0.81,200,10904.3048
5737.452972,0.87,0.89,200,10909.001114
5716.870725,0.86,0.865,200,10913.622648
5765.320207,0.865,0.87,200,10918.411438
5567.85637,0.785,0.79,200,10923.242193
5727.524793,0.845,0.845,200,10927.894031
5679.285436,0.83,0.83,200,10932.57316
5689.750406,0.835,0.835,200,10937.200509
5760.72417,0.845,0.845,200,10943.964939
3580.283221,0.34,0.355,200,10948.616865
5769.927961,0.855,0.86,200,10953.249889
4788.108603,0.845,0.86,200,10957.878625
5746.705991,0.84,0.855,200,10962.329302
5021.668354,0.84,0.855,200,10966.949697
4830.90965,0.845,0.845,200,10971.478917
5670.061803,0.82,0.82,200,10976.106849
5000.009707,0.87,0.87,200,10980.690728
5401.061397,0.84,0.845,200,10985.377649
5771.408523,0.86,0.86,200,10992.149601
5060.018306,0.84,0.845,200,10996.760605
5736.077837,0.85,0.855,200,11001.383452
4891.981684,0.87,0.87,200,11006.11523
4809.643975,0.835,0.855,200,11010.783311
5732.513083,0.83,0.835,200,11015.353853
5410.67676,0.81,0.81,200,11019.877876
5766.79482,0.86,0.86,200,11024.469405
5637.845997,0.8,0.815,200,11029.192921
5768.245649,0.845,0.855,200,11033.682442
5674.638453,0.865,0.885,200,11040.549336
5743.364079,0.865,0.865,200,11045.124723
5616.111955,0.86,0.865,200,11049.868078
5126.696341,0.81,0.81,200,11054.613673
5703.558656,0.83,0.83,200,11059.491999
5676.170424,0.815,0.815,200,11064.232537
5624.987291,0.83,0.83,200,11068.91939
5703.785803,0.86,0.87,200,11073.591393
5589.277538,0.855,0.88,200,11078.363095
5721.394655,0.85,0.86,200,11082.98666
5672.103382,0.815,0.82,200,11089.678914
5649.416086,0.835,0.835,200,11094.279512
5198.397512,0.835,0.85,200,11098.837384
5688.160212,0.815,0.825,200,11103.555727
5728.4685,0.87,0.875,200,11108.31498
5677.60762,0.82,0.82,200,11112.948932
5486.758025,0.845,0.87,200,11117.705447
2429.768874,0.03,0.03,200,11122.402559
5747.663152,0.86,0.865,200,11127.095171
5783.334869,0.87,0.875,200,11131.879063
5727.248176,0.835,0.845,200,11138.899801
5771.221551,0.865,0.89,200,11143.560659
5593.417253,0.79,0.79,200,11148.16599
5579.020937,0.84,0.86,200,11152.890279
5754.125972,0.85,0.865,200,11157.639055
5718.522838,0.865,0.87,200,11162.427232
5710.727785,0.86,0.865,200,11167.050305
5699.305597,0.805,0.81,200,11171.663371
5724.60006,0.86,0.865,200,11176.284372
4559.647389,0.875,0.875,200,11180.85537
5581.601379,0.835,0.865,200,11187.599198
5717.478263,0.855,0.865,200,11192.310297
5760.884414,0.87,0.87,200,11196.816568
5762.062993,0.85,0.855,200,11201.586443
5698.496376,0.805,0.81,200,11206.210111
5656.847125,0.82,0.82,200,11210.752679
5689.571627,0.845,0.85,200,11215.191869
5431.502736,0.845,0.845,200,11219.870189
5762.146236,0.865,0.87,200,11224.465524
5020.627199,0.85,0.86,200,11229.097319
5457.558372,0.85,0.85,200,11235.849818
5713.295399,0.855,0.87,200,11240.386241
5685.519159,0.81,0.825,200,11244.97598
4693.471676,0.69,0.715,200,11249.487073
5700.494675,0.815,0.82,200,11253.902762
5544.718624,0.85,0.86,200,11258.400358
5033.553672,0.83,0.85,200,11262.923562
5755.940094,0.85,0.855,200,11267.473743
5643.522544,0.81,0.82,200,11271.975186
5647.636307,0.82,0.82,200,11276.667699
5597.620211,0.83,0.85,200,11283.298972
5223.627206,0.84,0.85,200,11287.700685
5650.72531,0.865,0.885,200,11292.234164
5601.027904,0.805,0.81,200,11296.795958
5767.561946,0.87,0.87,200,11301.472575
5722.006773,0.86,0.875,200,11305.998175
5693.133205,0.81,0.815,200,11310.434822
5704.460637,0.81,0.82,200,11315.046629
5771.324501,0.86,0.86,200,11319.647515
5577.293941,0.79,0.81,200,11324.312526
4847.853967,0.86,0.875,200,11331.195732
4942.202814,0.865,0.865,200,11335.962385
5695.225856,0.82,0.825,200,11340.662984
5687.157035,0.835,0.835,200,11345.225059
5758.921606,0.85,0.85,200,11349.916669
4778.774363,0.87,0.87,200,11354.491773
5221.693278,0.85,0.855,200,11359.139053
5566.840338,0.865,0.875,200,11363.842662
5690.87962,0.805,0.805,200,11368.429869
5708.229827,0.855,0.86,200,11373.065398
5727.138598,0.84,0.84,200,11380.208084
5759.33159,0.855,0.86,200,11384.89237
4542.799476,0.855,0.865,200,11389.355227
5691.01435,0.84,0.84,200,11393.952177
4639.004842,0.85,0.85,200,11398.655405
5670.560919,0.83,0.835,200,11403.43238
5089.362679,0.86,0.86,200,11408.042404
5719.351172,0.825,0.825,200,11412.83734
5722.782189,0.845,0.86,200,11417.59584
5787.702192,0.865,0.875,200,11422.283808
5694.114193,0.825,0.825,200,11429.044252
5692.373556,0.81,0.81,200,11433.692794
5763.823118,0.845,0.85,200,11438.400046
5690.46397,0.865,0.88,200,11443.075085
5303.155049,0.86,0.865,200,11447.727879
5642.540331,0.84,0.84,200,11452.282368
5730.966574,0.865,0.875,200,11456.657645
5666.417647,0.825,0.825,200,11461.138597
5706.189569,0.825,0.825,200,11465.651824
5052.139498,0.835,0.855,200,11470.086684
5758.520773,0.86,0.875,200,11476.845223
5691.070744,0.815,0.815,200,11481.439854
4828.868887,0.84,0.85,200,11486.079649
5763.752064,0.855,0.865,200,11490.735638
5654.696732,0.84,0.84,200,11495.512197
5718.943347,0.83,0.84,200,11500.218437
5235.078553,0.85,0.85,200,11504.789019
5697.795558,0.815,0.84,200,11509.359128
5755.64476,0.835,0.845,200,11514.104316
5575.468366,0.84,0.845,200,11518.835945
4896.978664,0.84,0.845,200,11525.824313
5705.089511,0.83,0.83,200,11530.424124
5777.429551,0.86,0.86,200,11535.074895
5778.793937,0.86,0.865,200,11539.701303
5769.682899,0.85,0.855,200,11544.230067
5650.571968,0.815,0.825,200,11548.985446
5569.062928,0.725,0.725,200,11553.616133
5762.073529,0.845,0.85,200,11558.224885
5305.402562,0.835,0.84,200,11562.913907
5281.319104,0.84,0.84,200,11567.710431
5669.271003,0.855,0.865,200,11574.740588
5781.3378,0.855,0.875,200,11579.377593
5680.346782,0.815,0.815,200,11584.053376
5738.721257,0.835,0.845,200,11588.709333
5693.038711,0.815,0.815,200,11593.41674
5685.596566,0.835,0.84,200,11598.122686
5598.737897,0.8,0.8,200,11602.954551
5753.446611,0.845,0.85,200,11607.603644
5772.907247,0.865,0.87,200,11612.318361
5681.033741,0.84,0.84,200,11616.962623
5716.189042,0.83,0.83,200,11623.711963
5725.571431,0.83,0.84,200,11628.461838
5701.780588,0.855,0.865,200,11633.090126
4838.772317,0.84,0.86,200,11637.664901
4847.271136,0.865,0.865,200,11642.258186
5748.322046,0.84,0.845,200,11646.809921
5687.304554,0.81,0.81,200,11651.467859
5647.924512,0.835,0.835,200,11656.144193
5654.943675,0.845,0.845,200,11660.841142
5697.778679,0.81,0.815,200,11665.57793
5623.247613,0.81,0.815,200,11672.342582
5595.901597,0.8,0.805,200,11677.027369
5646.060527,0.84,0.84,200,11681.65432
5640.062868,0.825,0.825,200,11686.253533
5230.467949,0.87,0.87,200,11690.865883
5760.337498,0.855,0.875,200,11695.499474
5711.091001,0.835,0.835,200,11700.242698
5591.736503,0.86,0.885,200,11704.97679
5726.511805,0.85,0.85,200,11709.606743
5689.246081,0.855,0.875,200,11714.319431
5579.302204,0.795,0.795,200,11721.311068
5732.935881,0.855,0.87,200,11725.852364
5719.047895,0.83,0.835,200,11730.397335
5652.564762,0.815,0.82,200,11735.016193
5691.289804,0.835,0.835,200,11739.740298
5270.736827,0.84,0.855,200,11744.334581
5612.024468,0.845,0.845,200,11749.045452
5767.645277,0.845,0.86,200,11753.900462
5740.012802,0.86,0.865,200,11758.560801
5778.261614,0.855,0.865,200,11763.401707
5724.517293,0.83,0.835,200,11770.329045
5680.360392,0.83,0.835,200,11775.212149
5757.823301,0.865,0.87,200,11779.946949
5350.594359,0.83,0.835,200,11784.664009
5726.537813,0.84,0.855,200,11789.437766
5632.185358,0.84,0.845,200,11794.262251
5775.163878,0.855,0.865,200,11798.981334
5759.068404,0.86,0.86,200,11803.698798
5770.102362,0.845,0.86,200,11808.446729
5604.56533,0.84,0.845,200,11813.307144
5759.939319,0.85,0.86,200,11820.3008
5587.852914,0.795,0.8,200,11824.974477
5756.007761,0.845,0.865,200,11829.755432
5684.111335,0.825,0.825,200,11834.493139
5759.136007,0.85,0.85,200,11839.324793
5693.356589,0.825,0.83,200,11844.165906
5768.659431,0.855,0.86,200,11848.84646
5692.905079,0.825,0.825,200,11853.619221
5543.780051,0.795,0.795,200,11858.301382
5705.822272,0.815,0.82,200,11863.142797
5658.90371,0.855,0.875,200,11870.22743
5329.408742,0.865,0.865,200,11874.935514
5007.003181,0.84,0.855,200,11879.539527
5744.967048,0.84,0.845,200,11884.259542
5645.533628,0.82,0.845,200,11889.030689
5612.926125,0.84,0.84,200,11893.792927
5713.895231,0.88,0.885,200,11898.691615
5676.206159,0.82,0.82,200,11903.357281
5742.293543,0.855,0.87,200,11908.228923
5671.292489,0.84,0.84,200,11913.042921
5787.089377,0.86,0.875,200,11920.023512
5761.760655,0.855,0.855,200,11924.700052
5033.079045,0.87,0.87,200,11929.523178
4664.953911,0.875,0.875,200,11934.415944
5748.350664,0.84,0.845,200,11939.205564
5614.031999,0.87,0.88,200,11944.003569
5237.481551,0.845,0.85,200,11948.724566
5651.930566,0.84,0.845,200,11953.435957
5652.423866,0.835,0.835,200,11958.310042
4835.758912,0.83,0.845,200,11962.988001
5176.016739,0.84,0.84,200,11969.916452
5714.84854,0.865,0.875,200,11974.639513
5756.577658,0.85,0.87,200,11979.33173
5669.80981,0.815,0.83,200,11984.179514
5623.406315,0.805,0.805,200,11988.953181
5641.788392,0.83,0.835,200,11993.592811
5735.93755,0.84,0.84,200,11998.301446
5621.359725,0.81,0.81,200,12003.07268
5775.534767,0.855,0.865,200,12007.721854
5001.662038,0.87,0.87,200,12012.273172
5764.027566,0.85,0.85,200,12019.185845
5672.524763,0.82,0.82,200,12023.656671
5672.560823,0.845,0.85,200,12028.314676
5774.788409,0.835,0.855,200,12032.96542
5731.290885,0.84,0.84,200,12037.549232
5733.87173,0.865,0.885,200,12042.218053
5733.481684,0.855,0.865,200,12046.914997
5684.228867,0.84,0.84,200,12051.614307
5768.293591,0.85,0.855,200,12056.243917
4939.327656,0.835,0.86,200,12060.86099
5626.004944,0.805,0.81,200,12067.791477
5767.622184,0.86,0.86,200,12072.375374
5682.328299,0.815,0.815,200,12077.068256
5685.401991,0.82,0.83,200,12081.58755
5744.644644,0.845,0.845,200,12086.132799
5766.643614,0.855,0.855,200,12090.579509
5340.895902,0.855,0.86,200,12095.128781
4923.569505,0.66,0.685,200,12099.445987
4764.298687,0.87,0.87,200,12103.942822
5744.141262,0.87,0.87,200,12108.499318
5777.996749,0.87,0.87,200,12115.179522
5723.08158,0.86,0.87,200,12119.63496
5724.610546,0.82,0.83,200,12124.196322
5689.873943,0.805,0.81,200,12128.776376
5751.191289,0.845,0.845,200,12133.328276
5707.904555,0.855,0.855,200,12137.913787
5692.132657,0.855,0.855,200,12142.383413
5691.846221,0.81,0.81,200,12146.930289
5728.407169,0.85,0.85,200,12151.616556
5784.303079,0.86,0.88,200,12156.084837
5750.625925,0.865,0.87,200,12162.776804
5688.344402,0.83,0.835,200,12167.402353
5787.50666,0.86,0.87,200,12172.201406
5725.821778,0.855,0.86,200,12176.695287
4638.136789,0.58,0.59,200,12181.217442
5007.00461,0.87,0.87,200,12185.801556
5655.820223,0.83,0.835,200,12190.476258
5480.101986,0.74,0.75,200,12194.992001
5749.486651,0.85,0.85,200,12199.59417
5676.736344,0.83,0.83,200,12204.368811
5695.537872,0.83,0.835,200,12211.444044
5685.788652,0.82,0.82,200,12216.067868
5760.948819,0.84,0.85,200,12220.56948
5663.133915,0.85,0.88,200,12225.085657
5609.770809,0.82,0.82,200,12229.622612
5659.983109,0.84,0.84,200,12234.020263
5699.32948,0.83,0.83,200,12238.578026
5759.60764,0.855,0.855,200,12243.136798
5753.828059,0.855,0.855,200,12247.770362
5689.888969,0.82,0.83,200,12252.436332
5470.702135,0.85,0.855,200,12259.27563
3017.619108,0.365,0.38,200,12263.909251
5753.762867,0.845,0.85,200,12268.588052
5749.648785,0.88,0.885,200,12273.129557
5712.308246,0.815,0.825,200,12277.684336
4980.242163,0.835,0.85,200,12282.111947
5775.919363,0.865,0.865,200,12286.831409
5747.329785,0.845,0.845,200,12291.555309
5689.052174,0.815,0.815,200,12296.240031
5696.302596,0.82,0.82,200,12300.801702
5139.073875,0.835,0.85,200,12307.491986
5655.61502,0.85,0.85,200,12312.121524
5269.924737,0.85,0.85,200,12316.690573
5498.865004,0.845,0.85,200,12321.357688
5633.385232,0.85,0.85,200,12326.116549
5709.569628,0.825,0.825,200,12330.673562
5701.087213,0.83,0.83,200,12335.346011
5598.021368,0.84,0.845,200,12340.064459
5667.549388,0.835,0.835,200,12344.829411
5647.4466,0.855,0.86,200,12349.452919
5751.7886,0.85,0.85,200,12356.331424
5693.199254,0.82,0.83,200,12361.127002
5668.212707,0.825,0.825,200,12365.884653
5709.485943,0.855,0.865,200,12370.443647
5736.762911,0.835,0.84,200,12374.997285
5597.152386,0.79,0.81,200,12379.390585
5589.329156,0.85,0.85,200,12383.917065
5689.031722,0.815,0.815,200,12388.588378
5693.744484,0.845,0.88,200,12393.266132
4728.117034,0.61,0.61,200,12397.86351
5742.141279,0.865,0.865,200,12404.651129
5496.801069,0.845,0.86,200,12409.176168
5783.774846,0.875,0.875,200,12413.900799
5666.336904,0.83,0.83,200,12418.439991
5684.600889,0.81,0.81,200,12423.033923
5630.007493,0.86,0.875,200,12427.51985
5466.036031,0.835,0.845,200,12432.173604
5736.686876,0.85,0.86,200,12436.861217
5757.0277,0.855,0.86,200,12441.451582
5749.644343,0.855,0.86,200,12446.097631
5741.507805,0.845,0.845,200,12452.968308
5037.446826,0.865,0.875,200,12457.490523
5769.382148,0.855,0.855,200,12462.061764
5699.188087,0.805,0.815,200,12466.570843
5763.820299,0.85,0.855,200,12471.22475
4683.601112,0.37,0.38,200,12475.858835
5693.626261,0.835,0.835,200,12480.444148
5621.020004,0.795,0.815,200,12485.065712
5733.464861,0.85,0.855,200,12489.661615
5741.120327,0.84,0.84,200,12494.413082
5674.207787,0.835,0.84,200,12501.077608
5687.83423,0.83,0.835,200,12505.657096
5716.565327,0.865,0.88,200,12510.320218
5745.016804,0.84,0.845,200,12514.987421
5680.114306,0.84,0.84,200,12519.714552
5757.770786,0.84,0.845,200,12524.389123
5661.346546,0.845,0.86,200,12529.00438
5712.363485,0.825,0.83,200,12533.622756
5759.95123,0.85,0.86,200,12538.150616
5706.469806,0.86,0.865,200,12542.816251
5766.203883,0.86,0.865,200,12549.576355
5706.996197,0.815,0.82,200,12554.180561
5695.610594,0.85,0.875,200,12558.712304
5691.311424,0.835,0.835,200,12563.350612
5763.880088,0.86,0.865,200,12567.873837
5672.1519,0.815,0.825,200,12572.467363
5699.067594,0.82,0.82,200,12577.127118
5695.559098,0.815,0.815,200,12581.81713
5684.693986,0.845,0.845,200,12586.526258
5770.258495,0.855,0.86,200,12591.099246
5779.446464,0.865,0.865,200,12597.934098
5174.616986,0.855,0.86,200,12602.465008
5696.161449,0.805,0.805,200,12607.03877
5718.8503,0.86,0.865,200,12611.544173
5780.547966,0.86,0.87,200,12616.046836
5617.485933,0.8,0.8,200,12620.434518
4706.782683,0.55,0.565,200,12624.970313
5688.075236,0.835,0.84,200,12629.289454
4794.456237,0.86,0.865,200,12633.74821
5737.879852,0.86,0.86,200,12638.294754
5782.268678,0.86,0.865,200,12644.985725
5790.736968,0.865,0.875,200,12649.239446
5689.811782,0.82,0.82,200,12653.725613
5604.790847,0.8,0.81,200,12658.407769
5777.39527,0.85,0.86,200,12662.949382
5657.960093,0.875,0.875,200,12667.528055
5710.045378,0.825,0.825,200,12672.175506
5676.456763,0.825,0.825,200,12676.766788
5071.242733,0.86,0.86,200,12681.570832
5719.445861,0.86,0.865,200,12686.231262
5729.30373,0.875,0.875,200,12693.087432
5753.81401,0.86,0.865,200,12697.727636
2872.803632,0.72,0.74,200,12702.326647
5736.07402,0.855,0.855,200,12706.861541
5690.104904,0.805,0.805,200,12711.225416
5736.578255,0.86,0.865,200,12715.847478
5785.753776,0.87,0.875,200,12720.266789
5763.136696,0.86,0.86,200,12724.910043
5649.494167,0.84,0.84,200,12729.639719
5732.772909,0.85,0.865,200,12734.243478
5679.220675,0.82,0.84,200,12741.168108
5589.102317,0.84,0.85,200,12745.827423
5693.178804,0.805,0.81,200,12750.261992
5665.933532,0.8,0.81,200,12754.766028
5692.397412,0.82,0.835,200,12759.411425
5724.770197,0.875,0.875,200,12763.981428
5714.385642,0.845,0.845,200,12768.650309
5687.435759,0.85,0.855,200,12773.211791
5676.306878,0.84,0.84,200,12777.698982
5725.830662,0.83,0.83,200,12782.187948
5583.317652,0.79,0.81,200,12788.816782
5648.759757,0.81,0.82,200,12793.44633
5769.122096,0.845,0.85,200,12798.103204
5687.804419,0.825,0.835,200,12802.711819
5695.922092,0.825,0.825,200,12807.207716
5786.048575,0.855,0.87,200,12811.751085
4595.819347,0.875,0.875,200,12816.377009
5749.367983,0.825,0.84,200,12821.037033
5715.696957,0.825,0.835,200,12825.54454
5172.108498,0.85,0.86,200,12830.059942
5693.536712,0.855,0.855,200,12836.784218
5765.774812,0.86,0.86,200,12841.358514
5704.57934,0.84,0.84,200,12845.861588
4901.651179,0.63,0.65,200,12850.368894
5692.408694,0.81,0.81,200,12854.766421
5738.16773,0.855,0.865,200,12859.26163
5217.895593,0.85,0.85,200,12863.912852
5723.272131,0.87,0.885,200,12868.364682
5747.636689,0.865,0.865,200,12873.040204
5641.9289,0.865,0.875,200,12877.540417
5227.719661,0.835,0.855,200,12884.27096
5657.83839,0.825,0.825,200,12888.860106
5632.307509,0.815,0.815,200,12893.374261
5688.773807,0.845,0.855,200,12897.869581
5703.43579,0.825,0.825,200,12902.391505
5746.914107,0.855,0.855,200,12907.034732
5765.854568,0.85,0.85,200,12911.571939
5755.202194,0.84,0.85,200,12916.134299
4844.605516,0.86,0.865,200,12920.570017
5778.09788,0.87,0.875,200,12925.138891
5689.266802,0.81,0.81,200,12931.911215
5670.257451,0.84,0.845,200,12936.502357
5779.462484,0.855,0.87,200,12941.063541
5758.869634,0.845,0.845,200,12945.706647
5737.330119,0.83,0.83,200,12950.192616
5770.805132,0.855,0.865,200,12954.720625
5744.149055,0.87,0.875,200,12959.253763
3363.551324,0.295,0.34,200,12963.968126
5778.948215,0.845,0.865,200,12968.655531
5693.017027,0.835,0.835,200,12973.46132
4232.475044,0.575,0.575,200,12980.337991
5697.672767,0.835,0.835,200,12985.112266
5691.889275,0.82,0.835,200,12989.861472
5716.965645,0.875,0.885,200,12994.471993
5627.345911,0.85,0.865,200,12999.003165
5341.674152,0.83,0.855,200,13003.634185
5715.581119,0.86,0.87,200,13008.325396
5370.180744,0.835,0.855,200,13013.080636
5764.386054,0.845,0.85,200,13017.704452
4988.167481,0.67,0.71,200,13022.4303
5649.032043,0.85,0.865,200,13029.298234
5676.795937,0.825,0.825,200,13033.983479
5751.804553,0.86,0.865,200,13038.604689
5710.833829,0.85,0.855,200,13043.258955
5685.845739,0.835,0.835,200,13047.949944
4590.052221,0.855,0.855,200,13052.591476
5701.902969,0.815,0.815,200,13057.254165
5765.604938,0.86,0.865,200,13062.024084
5705.190883,0.84,0.845,200,13066.803093
5714.673988,0.82,0.83,200,13071.552995
5709.606518,0.835,0.84,200,13078.410194
5706.501659,0.855,0.87,200,13083.027548
5774.274114,0.845,0.865,200,13087.796206
5335.954429,0.85,0.855,200,13092.500788
5691.121421,0.825,0.835,200,13097.178626
5755.909224,0.85,0.85,200,13101.860662
5168.777994,0.825,0.845,200,13106.501022
5777.651866,0.865,0.865,200,13111.112159
5728.315229,0.86,0.875,200,13115.915509
5723.040823,0.87,0.875,200,13120.515955
5672.296537,0.815,0.83,200,13127.49338
5770.640733,0.85,0.85,200,13132.105988
5716.688022,0.86,0.86,200,13136.812443
5281.632548,0.845,0.855,200,13141.548453
5592.624317,0.855,0.87,200,13146.210317
5633.188177,0.805,0.81,200,13150.946224
5617.453118,0.83,0.845,200,13155.745783
5695.865232,0.84,0.84,200,13160.495101
5747.326893,0.855,0.865,200,13165.219472
5682.276719,0.815,0.825,200,13170.06231
5678.227559,0.85,0.875,200,13176.79916
5159.288402,0.86,0.865,200,13181.525723
5782.850125,0.865,0.865,200,13186.358909
5738.619105,0.86,0.865,200,13191.001303
5753.959514,0.86,0.87,200,13195.679339
5708.582601,0.82,0.825,200,13200.43558
5694.468711,0.82,0.825,200,13205.095016
5704.504169,0.83,0.83,200,13209.6461
4610.872758,0.87,0.875,200,13214.250752
5712.667225,0.84,0.84,200,13218.990462
5737.982254,0.85,0.855,200,13225.833299
5643.252562,0.815,0.82,200,13230.593501
5786.55657,0.86,0.875,200,13235.28099
5724.101436,0.83,0.83,200,13239.984344
5762.08221,0.87,0.88,200,13244.633858
5710.173556,0.835,0.84,200,13249.347611
5595.132644,0.835,0.85,200,13254.118593
5736.176018,0.86,0.865,200,13258.818323
5700.935569,0.82,0.82,200,13263.627799
5699.452847,0.83,0.83,200,13268.37122
5726.438786,0.85,0.855,200,13275.317055
5742.364826,0.84,0.84,200,13279.870442
5699.476125,0.83,0.83,200,13284.35076
5609.956041,0.8,0.8,200,13289.054842
5789.782206,0.87,0.87,200,13293.629529
5657.040279,0.85,0.85,200,13298.215466
5761.503267,0.855,0.86,200,13302.747265
5321.097048,0.84,0.84,200,13307.402494
5688.358903,0.82,0.82,200,13312.125795
5740.541827,0.835,0.84,200,13316.787656
5696.881475,0.81,0.81,200,13323.774949
5742.496566,0.86,0.865,200,13328.416316
5705.932173,0.835,0.84,200,13333.153825
5286.197699,0.845,0.85,200,13337.793898
5613.31758,0.84,0.84,200,13342.652349
5654.575478,0.84,0.84,200,13347.264332
5677.429809,0.79,0.79,200,13351.794666
5700.284613,0.815,0.82,200,13356.400316
5721.907759,0.835,0.84,200,13361.096292
5691.783309,0.805,0.805,200,13365.697953
3246.561117,0.7,0.7,200,13372.496136
5680.401642,0.795,0.795,200,13377.233664
5107.371809,0.835,0.86,200,13381.941708
5704.194814,0.815,0.82,200,13386.558066
5715.894498,0.865,0.885,200,13391.176743
5748.733121,0.86,0.875,200,13395.944876
5717.886901,0.8,0.8,200,13400.667978
5687.480216,0.845,0.86,200,13405.412161
5660.667341,0.855,0.86,200,13410.296285
4744.507275,0.87,0.87,200,13414.966553
5614.768485,0.835,0.86,200,13421.786853
4150.730029,0.735,0.74,200,13426.46397
5733.838557,0.865,0.865,200,13431.00893
5667.05919,0.855,0.86,200,13435.661488
5696.160338,0.86,0.865,200,13440.199475
5542.728662,0.83,0.845,200,13444.788551
5764.682774,0.86,0.86,200,13449.463235
5699.255071,0.825,0.825,200,13454.196459
4380.726005,0.725,0.725,200,13458.748117
5753.629746,0.85,0.85,200,13463.484287
4649.356263,0.745,0.76,200,13470.477614
5691.259958,0.805,0.81,200,13475.185791
5367.373518,0.83,0.855,200,13479.85258
5689.23591,0.825,0.835,200,13484.51052
5761.184534,0.855,0.86,200,13489.100525
5657.588608,0.855,0.855,200,13493.643544
5680.466449,0.83,0.83,200,13498.339103
5663.491269,0.85,0.85,200,13503.003531
5680.848521,0.83,0.845,200,13507.625321
5675.302261,0.815,0.83,200,13512.095727
5730.41181,0.84,0.84,200,13518.946312
5699.490924,0.82,0.82,200,13523.614763
5706.61511,0.84,0.855,200,13528.245509
4252.324617,0.655,0.655,200,13532.948994
5686.864462,0.81,0.83,200,13537.692759
5688.463851,0.795,0.8,200,13542.370163
5570.552735,0.85,0.86,200,13546.979606
5700.776449,0.815,0.815,200,13551.625765
5574.897152,0.78,0.78,200,13556.279489
5650.072275,0.795,0.81,200,13560.722867
5696.423645,0.835,0.835,200,13567.70568
5617.784461,0.81,0.815,200,13572.395975
5725.475145,0.855,0.865,200,13576.985233
5697.452902,0.825,0.825,200,13581.658634
5714.21582,0.845,0.855,200,13586.31516
5742.206517,0.85,0.855,200,13591.100561
5760.033551,0.85,0.85,200,13595.848503
5672.402275,0.815,0.825,200,13600.675048
5736.703329,0.825,0.85,200,13605.228446
5710.042902,0.865,0.87,200,13609.91208
5099.12526,0.875,0.875,200,13616.743631
5704.012534,0.825,0.825,200,13621.427237
5678.931293,0.845,0.855,200,13626.163458
5333.86434,0.83,0.83,200,13630.890782
5636.443256,0.82,0.82,200,13635.531438
4332.150798,0.655,0.675,200,13640.225719
5684.896993,0.83,0.835,200,13644.867303
5696.603933,0.84,0.845,200,13649.323408
5738.788492,0.865,0.885,200,13653.958395
2989.718915,0.36,0.395,200,13658.492825
4775.439922,0.86,0.865,200,13665.284808
5732.206499,0.83,0.835,200,13669.929707
3393.647284,0.625,0.645,200,13674.490592
5654.705283,0.845,0.845,200,13678.958948
5753.145947,0.84,0.85,200,13683.477484
5660.040538,0.85,0.85,200,13688.008483
4715.056497,0.865,0.865,200,13692.617047
5772.299545,0.875,0.885,200,13697.228072
5742.487334,0.86,0.86,200,13701.741704
5697.139708,0.81,0.81,200,13706.229953
5509.663547,0.855,0.865,200,13713.030547
5719.37444,0.825,0.83,200,13717.54143
4964.616322,0.82,0.875,200,13722.108607
4355.495799,0.66,0.665,200,13726.58174
5726.296038,0.85,0.85,200,13731.146251
5200.192214,0.835,0.86,200,13735.686269
5759.327608,0.85,0.86,200,13740.175804
5773.30449,0.88,0.885,200,13744.653203
5032.644418,0.855,0.87,200,13749.329881
5788.618618,0.86,0.87,200,13753.886336
5688.298994,0.825,0.825,200,13760.564102
5743.36861,0.84,0.845,200,13765.170376
5742.497628,0.85,0.85,200,13769.77945
5691.099721,0.875,0.875,200,13774.422443
5662.269797,0.865,0.885,200,13779.172161
5683.160056,0.835,0.84,200,13783.792075
5629.665414,0.805,0.815,200,13788.265744
4180.571604,0.865,0.87,200,13792.943145
5762.20185,0.85,0.85,200,13797.632649
5685.320709,0.83,0.83,200,13802.322308
5668.353702,0.83,0.83,200,13809.167936
5787.655711,0.86,0.87,200,13813.830004
5076.788085,0.53,0.53,200,13818.469417
5415.667946,0.8,0.8,200,13823.118869
5708.074222,0.83,0.83,200,13827.783467
5603.279062,0.805,0.815,200,13832.453732
5748.646491,0.84,0.845,200,13836.956517
5762.533084,0.835,0.855,200,13841.65657
5698.67573,0.825,0.83,200,13846.262065
5749.773456,0.84,0.85,200,13850.949507
5777.896253,0.88,0.88,200,13857.885578
5736.023825,0.835,0.84,200,13862.569417
5474.98229,0.855,0.855,200,13867.221922
5781.110748,0.865,0.87,200,13871.786702
5719.599742,0.85,0.855,200,13876.359485
5674.200696,0.855,0.86,200,13881.114507
4800.619946,0.72,0.745,200,13885.661302
5760.015101,0.85,0.855,200,13890.347783
5033.394743,0.865,0.88,200,13894.995992
3722.583838,0.86,0.86,200,13899.559409
5689.400263,0.855,0.87,200,13906.225604
5739.243882,0.85,0.85,200,13910.87064
5706.199396,0.825,0.825,200,13915.456177
5745.818217,0.855,0.865,200,13920.066464
5240.641547,0.77,0.82,200,13924.823647
5759.417486,0.85,0.86,200,13929.379882
5688.560033,0.805,0.81,200,13933.914979
5730.986004,0.83,0.845,200,13938.566684
5681.558742,0.795,0.795,200,13943.308713
5705.141301,0.815,0.815,200,13947.897146
5537.247894,0.85,0.87,200,13954.690443
5729.409863,0.86,0.86,200,13959.062862
5698.641748,0.81,0.815,200,13963.651766
5658.708454,0.84,0.875,200,13968.252218
5721.06647,0.88,0.89,200,13972.969624
5623.555865,0.835,0.85,200,13977.417921
5015.268754,0.845,0.855,200,13982.02023
5686.259654,0.83,0.835,200,13986.714422
4050.434722,0.87,0.87,200,13991.245886
5696.794304,0.83,0.83,200,13995.927685
4657.183473,0.86,0.86,200,14002.7443
5599.636409,0.805,0.805,200,14007.551449
5714.436346,0.83,0.83,200,14012.225951
5682.353748,0.835,0.84,200,14016.857941
4809.548139,0.875,0.875,200,14021.464798
5725.650514,0.83,0.845,200,14026.238883
5631.382469,0.84,0.84,200,14030.952289
5686.735253,0.815,0.815,200,14035.684354
5691.749234,0.84,0.84,200,14040.242777
3889.237271,0.695,0.695,200,14044.928133
5048.008672,0.85,0.86,200,14051.85335
5715.851836,0.865,0.88,200,14056.328277
4970.209055,0.855,0.855,200,14060.965626
5676.064462,0.85,0.855,200,14065.611523
5638.807026,0.86,0.875,200,14070.120775
5612.155484,0.81,0.81,200,14074.838719
5729.320511,0.855,0.865,200,14079.479861
5760.015149,0.865,0.875,200,14084.09105
5768.437353,0.855,0.855,200,14088.791243
5704.105241,0.84,0.84,200,14093.313759
5679.302049,0.84,0.845,200,14100.021571
5697.67475,0.83,0.83,200,14104.670649
5698.568749,0.81,0.81,200,14109.276806
5768.152272,0.855,0.855,200,14113.939199
5714.140134,0.825,0.825,200,14118.608947
5716.721876,0.82,0.825,200,14123.174507
5788.488043,0.885,0.885,200,14127.757372
5770.661861,0.855,0.86,200,14132.510242
5714.438133,0.85,0.865,200,14137.084325
5630.343137,0.865,0.87,200,14141.638502
5684.705315,0.84,0.84,200,14148.367763
5737.196975,0.84,0.85,200,14153.027328
5690.024495,0.83,0.835,200,14157.628517
5782.520833,0.87,0.875,200,14162.264184
5738.564966,0.855,0.86,200,14166.986565
5777.947225,0.865,0.865,200,14171.672169
5723.835141,0.835,0.835,200,14176.269432
5680.87498,0.82,0.825,200,14181.103225
5703.789931,0.8,0.815,200,14185.66429
5778.141288,0.865,0.865,200,14190.19598
5731.154538,0.85,0.85,200,14197.030277
5732.274954,0.825,0.845,200,14201.69189
5728.246148,0.855,0.855,200,14206.366486
5699.876539,0.81,0.81,200,14211.110828
5747.059802,0.84,0.85,200,14215.735509
5699.485317,0.865,0.875,200,14220.426446
4154.669265,0.87,0.87,200,14225.147786
5613.183579,0.795,0.805,200,14229.78409
5735.156557,0.865,0.89,200,14234.442777
5768.553776,0.855,0.865,200,14239.210399
5321.938305,0.84,0.855,200,14246.078754
5699.739923,0.83,0.83,200,14250.758638
5715.91453,0.875,0.875,200,14255.42755
5663.859817,0.845,0.845,200,14260.142749
5727.483984,0.855,0.875,200,14264.898711
5644.296572,0.82,0.82,200,14269.56862
5730.187528,0.855,0.865,200,14274.156942
5192.545322,0.84,0.845,200,14278.824997
5166.295624,0.855,0.86,200,14283.511662
5718.625137,0.85,0.865,200,14288.187793
5790.268707,0.88,0.88,200,14294.924035
5785.166948,0.87,0.875,200,14299.659814
4933.517486,0.835,0.84,200,14304.317261
5697.69315,0.84,0.84,200,14309.052184
5670.931616,0.85,0.85,200,14313.68194
5756.035475,0.855,0.86,200,14318.334874
5707.20787,0.83,0.835,200,14322.939595
5588.071106,0.85,0.86,200,14327.530551
5027.583732,0.865,0.87,200,14332.205457
5703.865952,0.815,0.815,200,14336.821729
5772.724736,0.875,0.875,200,14343.730496
5715.665201,0.825,0.825,200,14348.409961
5760.520185,0.855,0.86,200,14353.05391
5708.395829,0.84,0.84,200,14357.791247
5666.249907,0.845,0.845,200,14362.416531
5701.914102,0.82,0.82,200,14367.091623
5772.294085,0.865,0.88,200,14371.769646
5751.341299,0.86,0.87,200,14376.334699
5615.181331,0.81,0.82,200,14381.067132
5763.586075,0.865,0.865,200,14385.78261
5426.940863,0.85,0.855,200,14392.662438
5700.348205,0.81,0.81,200,14397.426832
5775.354245,0.87,0.87,200,14402.15659
5715.007824,0.84,0.845,200,14406.860553
5764.74377,0.855,0.855,200,14411.667499
4425.016901,0.345,0.355,200,14416.288357
5753.422551,0.85,0.87,200,14420.916241
5750.50646,0.84,0.845,200,14425.661842
5764.134015,0.86,0.865,200,14430.302352
5714.15683,0.835,0.835,200,14434.996898
5658.714324,0.85,0.85,200,14441.911366
5729.60735,0.86,0.87,200,14446.577949
5734.950904,0.84,0.84,200,14451.183206
5715.378391,0.835,0.845,200,14455.830588
4446.148597,0.86,0.865,200,14460.543297
5699.032548,0.81,0.815,200,14465.203412
5685.241658,0.84,0.84,200,14469.877223
5764.67843,0.85,0.85,200,14474.501084
5697.760762,0.845,0.845,200,14479.107606
5745.836265,0.84,0.845,200,14483.80911
5700.135117,0.865,0.87,200,14490.451743
5737.031461,0.86,0.87,200,14494.989923
5697.831303,0.815,0.815,200,14499.581894
5714.633731,0.83,0.84,200,14504.123086
5173.833564,0.85,0.86,200,14508.682084
5674.258636,0.87,0.875,200,14513.261046
5688.23274,0.83,0.83,200,14517.70582
4744.239541,0.6,0.64,200,14522.391366
5685.640888,0.835,0.845,200,14527.077654
5716.515295,0.845,0.865,200,14531.646142
5698.510687,0.83,0.84,200,14538.588033
5699.463932,0.81,0.815,200,14543.237894
5596.121048,0.8,0.805,200,14547.82134
5713.681256,0.84,0.845,200,14552.346229
5757.224109,0.85,0.85,200,14556.965469
4366.656881,0.88,0.88,200,14561.42188
5440.243481,0.86,0.885,200,14566.007913
5725.803256,0.88,0.88,200,14570.552369
5653.893254,0.825,0.825,200,14575.209277
5132.563316,0.86,0.865,200,14579.779278
5596.270547,0.8,0.805,200,14586.658018
5737.648605,0.835,0.845,200,14591.312016
5596.094102,0.845,0.865,200,14595.85017
5784.749193,0.87,0.87,200,14600.369916
5783.310942,0.865,0.865,200,14604.980157
5663.489827,0.84,0.84,200,14609.716086
5719.714481,0.865,0.865,200,14614.334117
5778.017736,0.86,0.87,200,14619.066372
5703.260569,0.825,0.825,200,14623.654455
5176.904664,0.865,0.865,200,14628.129081
5694.49077,0.81,0.81,200,14635.126464
5474.164923,0.85,0.85,200,14639.856532
5523.168498,0.835,0.835,200,14644.549212
5743.184359,0.855,0.865,200,14649.280325
5773.97233,0.86,0.87,200,14653.903922
5701.981997,0.81,0.83,200,14658.668235
5664.462904,0.82,0.82,200,14663.398247
5688.427673,0.835,0.835,200,14667.933282
5718.164861,0.84,0.87,200,14672.589391
5770.304116,0.85,0.86,200,14677.154258
5759.840297,0.85,0.85,200,14683.873159
5705.882984,0.825,0.825,200,14688.597993
5152.458507,0.845,0.85,200,14693.291878
5767.499199,0.865,0.885,200,14697.874909
5649.859967,0.82,0.82,200,14702.551394
5769.704535,0.87,0.89,200,14707.12974
5775.513793,0.885,0.885,200,14711.679326
5669.671174,0.835,0.84,200,14716.415007
5586.074699,0.8,0.805,200,14721.045439
5682.130638,0.85,0.85,200,14725.804657
5711.020498,0.84,0.84,200,14732.692718
5707.646209,0.835,0.835,200,14737.332366
5752.444182,0.84,0.845,200,14742.049845
5748.922444,0.85,0.86,200,14746.602882
5776.705328,0.86,0.865,200,14751.240464
5715.567841,0.865,0.875,200,14755.932517
5769.299305,0.85,0.86,200,14760.557252
5714.997083,0.85,0.855,200,14765.126852
5678.259633,0.855,0.855,200,14769.620808
5671.704143,0.84,0.88,200,14774.354096
5772.975213,0.855,0.865,200,14781.094116
5673.775312,0.825,0.83,200,14785.677037
5126.504,0.855,0.86,200,14790.335682
5667.613063,0.81,0.83,200,14794.860716
5769.142247,0.845,0.86,200,14799.494702
5731.310832,0.86,0.865,200,14804.201534
5702.266929,0.85,0.88,200,14808.931423
5550.400191,0.86,0.87,200,14813.571645
5732.000493,0.865,0.875,200,14818.2464
5698.145836,0.84,0.85,200,14822.942008
5676.916477,0.825,0.83,200,14829.873842
5707.228578,0.84,0.84,200,14834.468048
4774.418827,0.865,0.87,200,14839.009817
5565.885466,0.85,0.86,200,14843.545935
5538.814383,0.865,0.865,200,14848.109233
5780.114413,0.875,0.875,200,14852.889377
5647.853685,0.805,0.805,200,14857.333658
5613.14,0.815,0.815,200,14861.817196
5734.672856,0.86,0.87,200,14866.422561
5713.983993,0.83,0.83,200,14871.100699
4255.214938,0.725,0.74,200,14877.733778
5698.071143,0.815,0.835,200,14882.26728
5737.933354,0.835,0.84,200,14886.797167
5775.208161,0.865,0.865,200,14891.238169
5766.980643,0.85,0.86,200,14895.780961
5651.303005,0.825,0.825,200,14900.226893
4119.72331,0.52,0.56,200,14904.625638
4817.145043,0.86,0.86,200,14909.143922
5685.762251,0.85,0.86,200,14913.508811
5711.207104,0.825,0.825,200,14917.933971
5778.770499,0.87,0.87,200,14924.658721
5725.940688,0.845,0.855,200,14929.08298
5729.082038,0.87,0.87,200,14933.554894
5679.576374,0.845,0.855,200,14938.068231
5677.83053,0.845,0.845,200,14942.691495
5703.266929,0.835,0.84,200,14947.398568
5520.764093,0.845,0.865,200,14951.903918
5210.779318,0.845,0.845,200,14956.492164
5200.682751,0.84,0.84,200,14960.923854
5716.848915,0.835,0.835,200,14965.299671
5241.481846,0.86,0.86,200,14971.79564
4906.274605,0.865,0.865,200,14976.338101
5086.070555,0.875,0.875,200,14980.979127
5777.943318,0.86,0.87,200,14985.462378
5723.985291,0.835,0.845,200,14990.031671
5436.950172,0.815,0.865,200,14994.545096
5646.566539,0.845,0.85,200,14998.890519
5655.413157,0.895,0.895,200,15003.456659
5760.60555,0.855,0.855,200,15007.99914
5788.425364,0.87,0.875,200,15012.444227
5753.977019,0.845,0.845,200,15019.289916
5770.381523,0.86,0.86,200,15023.585256
5762.70323,0.85,0.85,200,15028.012848
5713.942163,0.84,0.84,200,15032.733757
5705.403464,0.82,0.82,200,15037.253259
5747.299931,0.85,0.85,200,15041.835248
5688.501881,0.805,0.805,200,15046.508416
5579.135691,0.845,0.845,200,15051.103138
5720.085703,0.83,0.84,200,15055.567208
5778.207942,0.875,0.88,200,15060.090993
5670.639781,0.845,0.845,200,15067.111742
5699.493656,0.81,0.81,200,15071.622923
5700.656729,0.86,0.865,200,15076.244387
5700.76312,0.825,0.825,200,15080.793655
5701.855708,0.855,0.86,200,15085.481673
5700.963809,0.835,0.84,200,15090.300239
5386.996627,0.86,0.86,200,15095.021772
5610.004327,0.8,0.81,200,15099.627387
5387.205054,0.85,0.855,200,15104.121815
5684.956363,0.83,0.83,200,15108.718059
5651.839426,0.81,0.825,200,15115.206171
5771.242191,0.86,0.88,200,15119.652872
5585.641489,0.845,0.865,200,15124.046952
5611.046674,0.85,0.87,200,15128.340228
5710.337879,0.82,0.83,200,15132.643112
5746.206685,0.86,0.87,200,15137.160859
5149.379719,0.88,0.88,200,15141.465467
5629.642491,0.815,0.82,200,15145.946656
5745.481753,0.855,0.87,200,15150.46299
5769.458768,0.86,0.86,200,15155.071646
5678.69236,0.825,0.835,200,15161.639261
5728.49387,0.87,0.87,200,15165.980579
5265.030981,0.88,0.88,200,15170.609441
4991.267588,0.87,0.87,200,15175.101437
5703.42459,0.86,0.865,200,15179.797141
5791.157824,0.865,0.875,200,15184.45253
5718.155084,0.865,0.87,200,15188.982755
5213.812438,0.855,0.855,200,15193.570201
5564.901489,0.865,0.865,200,15198.112935
5761.408189,0.86,0.86,200,15202.631164
5722.461086,0.865,0.87,200,15209.490707
5786.087621,0.88,0.88,200,15213.961083
5691.277566,0.805,0.805,200,15218.51581
5781.732909,0.86,0.87,200,15222.949512
5693.480067,0.835,0.845,200,15227.414013
5697.120984,0.845,0.845,200,15231.910652
5777.164309,0.855,0.865,200,15236.360086
5693.978523,0.815,0.815,200,15240.790925
5698.236337,0.83,0.83,200,15245.248118
5761.413772,0.875,0.875,200,15249.683026
4388.887836,0.87,0.87,200,15256.032918
5693.259416,0.83,0.835,200,15260.26014
5786.524147,0.875,0.875,200,15264.790473
5706.904892,0.82,0.825,200,15269.306429
5706.796101,0.815,0.82,200,15273.87809
5577.213497,0.8,0.805,200,15278.199251
5612.445203,0.79,0.805,200,15282.626406
5604.866082,0.81,0.81,200,15287.150088
5684.163622,0.85,0.85,200,15291.794317
5703.698394,0.825,0.825,200,15296.492948
5688.480234,0.82,0.84,200,15303.142012
5770.838816,0.85,0.86,200,15307.787835
5777.536473,0.88,0.88,200,15312.456527
5639.749046,0.86,0.86,200,15316.969492
5701.460849,0.825,0.825,200,15321.496967
5738.985689,0.85,0.85,200,15326.115944
5777.469191,0.875,0.88,200,15330.8101
5632.315906,0.815,0.815,200,15335.516577
5704.00151,0.875,0.88,200,15340.20477
4276.284565,0.88,0.88,200,15344.93617
4822.132347,0.86,0.865,200,15351.939616
5221.546102,0.87,0.87,200,15356.64725
4307.237533,0.72,0.72,200,15361.427984
5686.220311,0.835,0.84,200,15366.190445
5791.764024,0.875,0.875,200,15370.83713
5450.755987,0.855,0.86,200,15375.565322
5673.216097,0.83,0.83,200,15380.311185
5771.191442,0.865,0.865,200,15385.0634
5718.785465,0.83,0.83,200,15389.548383
5679.695886,0.815,0.825,200,15394.317095
5768.858521,0.87,0.87,200,15400.761779
5712.556209,0.815,0.83,200,15405.411017
5790.581024,0.87,0.88,200,15410.08585
5641.610795,0.825,0.825,200,15414.777546
5724.929882,0.835,0.85,200,15419.2843
5731.718314,0.85,0.85,200,15423.888148
5727.144426,0.845,0.845,200,15428.263813
5623.433966,0.815,0.82,200,15432.915813
5792.427249,0.88,0.89,200,15437.619007
5695.369272,0.825,0.825,200,15442.239642
5712.488734,0.82,0.825,200,15449.172648
5621.11296,0.8,0.82,200,15453.898811
5661.449977,0.86,0.87,200,15458.513925
5677.656976,0.865,0.875,200,15463.147764
5701.965223,0.815,0.815,200,15467.864782
5648.32202,0.825,0.825,200,15472.519679
5633.083108,0.82,0.82,200,15477.278821
5748.935258,0.88,0.885,200,15481.973061
4470.417701,0.88,0.885,200,15486.728698
5613.205041,0.85,0.875,200,15491.500937
5109.056937,0.855,0.855,200,15498.428723
5703.343679,0.8,0.815,200,15502.982707
5776.217962,0.88,0.88,200,15507.634394
5705.28468,0.815,0.82,200,15512.318983
5733.429878,0.87,0.875,200,15517.062597
5778.471326,0.855,0.87,200,15521.737077
5790.845669,0.875,0.885,200,15526.525579
5784.443004,0.87,0.87,200,15531.27235
5767.974357,0.86,0.86,200,15536.033724
5777.09999,0.875,0.88,200,15540.725936
5610.141611,0.805,0.805,200,15547.629715
5628.581078,0.845,0.85,200,15552.283669
5110.541145,0.875,0.875,200,15557.041974
5749.723917,0.86,0.87,200,15561.855845
5772.786488,0.885,0.885,200,15566.582497
5693.193543,0.825,0.845,200,15571.415863
5761.815441,0.845,0.85,200,15576.226938
5075.464094,0.865,0.865,200,15581.017628
5737.700637,0.865,0.865,200,15585.733835
5734.893156,0.855,0.865,200,15590.362398
5601.336493,0.86,0.87,200,15597.031961
5685.889987,0.835,0.85,200,15601.737755
5702.276429,0.83,0.85,200,15606.415454
5607.50522,0.835,0.855,200,15611.079274
5700.063559,0.825,0.835,200,15615.912057
5794.655333,0.88,0.885,200,15620.613821
5703.482093,0.85,0.85,200,15625.313088
5781.695095,0.87,0.87,200,15630.053557
5736.707109,0.84,0.84,200,15634.744581
5590.33542,0.835,0.855,200,15639.553978
5791.784182,0.865,0.875,200,15646.564602
5110.183121,0.875,0.875,200,15651.298398
5774.169621,0.855,0.865,200,15656.018087
5767.19442,0.855,0.865,200,15660.802579
4856.399171,0.88,0.88,200,15665.533868
5586.985866,0.81,0.815,200,15670.262272
5776.170257,0.865,0.865,200,15674.941486
5698.091717,0.845,0.85,200,15679.658084
5687.756896,0.835,0.845,200,15684.284579
5697.222977,0.82,0.835,200,15688.959152
5782.706523,0.86,0.87,200,15695.906926
5004.940362,0.85,0.86,200,15700.689039
5696.575638,0.855,0.855,200,15705.359491
5758.145144,0.86,0.87,200,15710.012205
5260.953611,0.845,0.845,200,15714.753901
4402.274412,0.805,0.82,200,15719.413963
5791.018912,0.875,0.875,200,15724.097883
5689.448916,0.8,0.805,200,15728.790669
5684.818852,0.855,0.855,200,15733.525021
5723.983232,0.82,0.84,200,15738.230029
5711.635627,0.84,0.84,200,15745.162199
5720.469101,0.835,0.845,200,15749.883488
5764.106337,0.875,0.88,200,15754.681219
5222.635261,0.84,0.85,200,15759.358046
5707.699378,0.82,0.82,200,15764.017996
5745.460936,0.86,0.875,200,15768.84047
4729.707713,0.84,0.84,200,15773.543951
5760.10998,0.855,0.855,200,15778.231273
4727.176126,0.59,0.62,200,15782.889804
5768.651729,0.845,0.86,200,15787.524442
5734.507356,0.845,0.85,200,15794.469712
4702.100377,0.87,0.875,200,15799.094343
4852.519132,0.88,0.88,200,15803.747198
5689.195765,0.845,0.855,200,15808.516876
5781.562745,0.865,0.865,200,15813.197236
5688.517148,0.865,0.885,200,15817.960913
5791.411803,0.88,0.88,200,15822.764914
5785.738769,0.865,0.87,200,15827.411201
5716.173513,0.835,0.84,200,15832.113001
5704.976972,0.825,0.835,200,15836.877096
5707.652884,0.82,0.82,200,15843.824883
5700.507738,0.81,0.815,200,15848.681202
5701.35649,0.815,0.82,200,15853.340816
5176.180045,0.855,0.865,200,15857.984083
5687.615985,0.805,0.81,200,15862.784752
4377.554038,0.87,0.87,200,15867.323245
5698.02976,0.84,0.84,200,15872.07463
5733.037815,0.87,0.885,200,15876.86135
5777.074685,0.87,0.87,200,15881.670453
5692.052221,0.85,0.855,200,15886.417254
5710.163291,0.83,0.83,200,15893.204362
5779.69434,0.865,0.87,200,15897.963749
5694.270794,0.83,0.83,200,15902.768105
5760.982827,0.875,0.875,200,15907.418561
5779.925901,0.86,0.87,200,15912.161759
5742.34253,0.885,0.885,200,15916.859411
4900.262756,0.85,0.85,200,15921.634614
5785.431178,0.865,0.88,200,15926.352812
5686.480687,0.845,0.855,200,15931.018113
5744.271022,0.865,0.865,200,15935.815968
5436.683443,0.85,0.86,200,15942.68163
5708.691754,0.845,0.875,200,15947.328669
5749.742491,0.865,0.865,200,15952.062197
5635.889088,0.805,0.805,200,15956.976582
5696.992335,0.815,0.82,200,15961.664566
5129.344117,0.86,0.87,200,15966.412937
5748.620853,0.85,0.85,200,15971.049233
5700.259424,0.81,0.81,200,15975.804273
5695.688476,0.855,0.855,200,15980.610519
5787.381718,0.87,0.88,200,15985.310696
5734.381751,0.845,0.85,200,15992.399401
5702.326303,0.81,0.815,200,15997.143621
5746.224763,0.86,0.87,200,16001.938821
5768.348281,0.87,0.875,200,16006.683752
4956.751733,0.875,0.875,200,16011.417623
5789.954142,0.87,0.87,200,16016.076834
5785.947373,0.885,0.885,200,16020.67054
5716.114892,0.825,0.825,200,16025.386279
5446.710499,0.825,0.84,200,16030.156458
5770.921612,0.855,0.86,200,16034.872983
5740.375436,0.875,0.875,200,16041.906972
5682.81656,0.85,0.85,200,16046.648993
5761.288269,0.85,0.855,200,16051.329887
4979.930703,0.875,0.875,200,16056.004286
5468.123145,0.855,0.855,200,16060.781018
5753.509774,0.86,0.86,200,16065.502796
5705.725986,0.835,0.835,200,16070.372262
5698.502378,0.815,0.815,200,16075.107725
5773.981219,0.87,0.875,200,16079.854084
5710.213754,0.835,0.835,200,16084.491492
5767.644813,0.865,0.875,200,16091.214684
5717.022847,0.83,0.835,200,16095.855834
5712.642742,0.83,0.83,200,16100.620956
5702.856199,0.81,0.815,200,16105.281539
5675.415258,0.855,0.87,200,16110.076768
5780.803265,0.86,0.87,200,16114.872883
5761.753858,0.855,0.855,200,16119.601058
5556.662913,0.865,0.87,200,16124.32994
5707.97364,0.84,0.84,200,16128.994911
5798.830773,0.87,0.88,200,16133.694462
5615.513701,0.845,0.865,200,16140.896687
5559.695364,0.865,0.87,200,16145.697648
5386.969058,0.6,0.605,200,16150.470824
5790.749688,0.88,0.885,200,16155.314962
5769.501145,0.865,0.875,200,16160.009989
4413.27948,0.87,0.87,200,16164.901507
3936.768821,0.51,0.515,200,16169.602628
5719.27889,0.84,0.84,200,16174.42539
5776.465871,0.865,0.865,200,16179.257876
5794.720964,0.875,0.875,200,16184.018917
5801.972841,0.865,0.885,200,16191.010765
5756.529425,0.84,0.855,200,16195.763823
5791.809598,0.875,0.88,200,16200.507685
4856.541998,0.88,0.88,200,16205.340484
5283.235667,0.865,0.87,200,16210.087515
5715.966136,0.845,0.845,200,16214.918352
5416.447716,0.855,0.855,200,16219.667806
5791.26808,0.88,0.88,200,16224.520581
5683.265763,0.805,0.805,200,16229.24155
5729.146997,0.86,0.865,200,16234.041799
5437.779906,0.86,0.86,200,16241.074764
5747.033849,0.86,0.865,200,16245.84815
5708.986544,0.815,0.825,200,16250.568993
5713.257962,0.85,0.85,200,16255.304529
5748.206492,0.865,0.87,200,16259.923475
5684.779088,0.82,0.825,200,16264.577671
5688.887689,0.825,0.83,200,16269.198185
5697.808235,0.855,0.855,200,16273.813753
5301.095393,0.855,0.86,200,16278.463942
5696.813926,0.835,0.845,200,16283.162318
5748.971146,0.875,0.88,200,16290.072778
5743.304779,0.86,0.86,200,16294.889733
5783.058325,0.865,0.87,200,16299.731793
5454.026511,0.845,0.85,200,16304.505234
5591.631602,0.855,0.875,200,16309.211844
5784.201336,0.885,0.885,200,16313.871216
5788.699856,0.87,0.87,200,16318.693121
5689.562273,0.85,0.86,200,16323.355093
5793.720793,0.88,0.88,200,16327.938363
5637.449717,0.855,0.865,200,16332.58379
5651.724237,0.85,0.86,200,16339.445787
5719.483685,0.825,0.845,200,16344.132559
3657.847403,0.46,0.47,200,16348.766509
5777.259783,0.86,0.88,200,16353.39733
5723.217589,0.84,0.84,200,16358.026021
4970.762334,0.885,0.885,200,16362.776835
5794.958941,0.875,0.88,200,16367.531476
5467.080135,0.87,0.87,200,16372.246454
5793.086458,0.87,0.875,200,16376.790586
5692.391746,0.845,0.845,200,16381.473456
5686.107425,0.845,0.865,200,16388.4318
5498.89798,0.86,0.86,200,16393.112195
5749.790071,0.85,0.85,200,16397.917354
5726.592746,0.875,0.885,200,16402.600054
5767.667446,0.855,0.855,200,16407.405473
5704.858773,0.815,0.835,200,16412.12084
5678.237678,0.86,0.875,200,16416.892757
5705.153141,0.835,0.84,200,16421.604664
5719.730354,0.86,0.865,200,16426.273135
5337.245051,0.875,0.875,200,16431.103626
5067.488496,0.885,0.89,200,16438.021329
5751.114418,0.875,0.885,200,16442.8645
5696.525504,0.825,0.825,200,16447.605155
5690.993795,0.855,0.86,200,16452.247313
5687.462837,0.84,0.845,200,16456.871602
5758.441295,0.835,0.85,200,16461.536664
5688.738076,0.82,0.825,200,16466.225068
5717.93018,0.83,0.835,200,16470.97042
5688.21028,0.81,0.81,200,16475.634908
5775.019897,0.85,0.86,200,16480.223834
5759.369457,0.855,0.87,200,16486.999728
4969.842582,0.855,0.865,200,16491.721015
5760.751288,0.86,0.87,200,16496.361763
5737.645462,0.845,0.86,200,16501.028574
5780.486302,0.87,0.87,200,16505.727351
5700.152308,0.81,0.81,200,16510.415395
5770.124531,0.87,0.87,200,16515.056253
5767.254117,0.85,0.855,200,16519.798295
5675.968352,0.855,0.855,200,16524.426988
5171.437698,0.87,0.875,200,16529.078967
5683.674939,0.825,0.825,200,16536.022867
5727.43319,0.87,0.875,200,16540.792031
5741.781166,0.85,0.85,200,16545.475873
5759.912041,0.845,0.855,200,16550.202213
5755.701715,0.875,0.875,200,16554.904137
5658.396415,0.86,0.875,200,16559.507662
5748.80306,0.85,0.85,200,16564.172902
5671.229303,0.86,0.86,200,16568.785625
5799.339716,0.88,0.88,200,16573.58794
5676.596587,0.82,0.82,200,16578.370334
4957.653436,0.73,0.73,200,16585.522383
5536.17124,0.875,0.875,200,16590.357821
5704.903763,0.87,0.87,200,16595.225286
5644.195924,0.86,0.875,200,16599.916251
5711.273013,0.825,0.835,200,16604.751287
5577.445532,0.84,0.875,200,16609.508548
5768.52169,0.855,0.87,200,16614.185822
5782.335155,0.86,0.87,200,16618.899819
5707.626207,0.84,0.84,200,16623.572438
5687.378675,0.795,0.805,200,16628.288331
5618.689184,0.81,0.81,200,16635.178303
5646.583709,0.86,0.86,200,16639.958642
5677.753821,0.86,0.88,200,16644.707256
5790.637775,0.88,0.885,200,16649.311722
5700.036965,0.83,0.83,200,16654.051076
5702.989539,0.835,0.835,200,16658.63453
5748.538291,0.855,0.855,200,16663.276203
5742.519248,0.85,0.85,200,16667.937102
4782.567545,0.875,0.875,200,16672.687746
5779.117167,0.865,0.87,200,16677.324584
5172.174871,0.865,0.875,200,16684.084603
5635.143102,0.855,0.875,200,16688.781732
5702.846817,0.84,0.84,200,16693.513485
5700.581873,0.82,0.82,200,16698.144126
2686.406678,0.755,0.755,200,16702.764275
5700.1127,0.845,0.865,200,16707.529429
5010.876881,0.7,0.72,200,16712.238257
5692.465792,0.815,0.82,200,16716.957128
5780.2153,0.85,0.87,200,16721.653121
5794.42855,0.89,0.89,200,16726.226366
5707.302581,0.86,0.865,200,16733.176532
5582.402368,0.845,0.865,200,16737.904364
5709.59144,0.83,0.83,200,16742.617977
5756.081687,0.88,0.885,200,16747.362879
5072.754685,0.525,0.53,200,16752.147014
5709.955125,0.83,0.83,200,16756.812228
5695.884334,0.835,0.84,200,16761.527868
5693.34877,0.85,0.85,200,16766.180056
5719.316403,0.87,0.87,200,16770.835539
5315.578185,0.885,0.885,200,16775.665403
5628.203954,0.85,0.885,200,16782.552234
5703.69853,0.85,0.85,200,16787.445622
5670.267458,0.825,0.825,200,16792.149144
5696.306711,0.835,0.845,200,16796.758077
5090.442657,0.875,0.88,200,16801.356222
5553.18154,0.855,0.86,200,16806.199367
5713.282269,0.835,0.835,200,16810.8927
5403.493587,0.87,0.87,200,16815.66968
5692.685482,0.865,0.88,200,16820.438737
5739.934889,0.865,0.88,200,16825.202492
5777.3319,0.865,0.87,200,16832.076817
5690.477048,0.84,0.84,200,16836.852478
5708.845975,0.82,0.82,200,16841.434457
5707.809775,0.83,0.835,200,16846.182412
5772.042942,0.85,0.865,200,16850.857446
5732.241298,0.86,0.875,200,16855.501071
5712.976575,0.86,0.875,200,16860.296505
5660.990438,0.85,0.855,200,16864.920965
5760.703203,0.855,0.855,200,16869.448623
5671.960159,0.84,0.86,200,16874.140381
5306.943611,0.87,0.87,200,16881.115669
5705.693471,0.825,0.83,200,16885.750639
5786.883487,0.87,0.88,200,16890.369432
5749.540258,0.865,0.865,200,16895.130324
5764.828806,0.875,0.875,200,16899.936923
5681.086936,0.865,0.885,200,16904.688438
5730.847187,0.84,0.85,200,16909.452014
5560.182962,0.855,0.86,200,16914.109549
5703.296542,0.875,0.875,200,16918.857631
5788.612285,0.885,0.89,200,16923.432145
5662.127875,0.855,0.87,200,16930.329862
5757.413077,0.865,0.87,200,16935.026513
5700.341616,0.84,0.84,200,16939.57706
5705.783503,0.82,0.825,200,16944.188099
4697.481488,0.875,0.875,200,16948.918612
5698.376582,0.84,0.845,200,16953.670941
5357.594184,0.885,0.885,200,16958.470537
5383.556233,0.865,0.865,200,16963.160179
5629.237472,0.815,0.815,200,16967.842705
5790.130292,0.89,0.89,200,16972.609916
5700.788649,0.82,0.825,200,16979.229761
5771.701201,0.865,0.87,200,16983.920736
5624.924464,0.81,0.82,200,16988.486734
5556.326934,0.855,0.865,200,16993.077414
5654.850464,0.85,0.86,200,16997.647478
5668.429536,0.86,0.86,200,17002.211566
5756.657406,0.835,0.85,200,17006.945122
5679.565252,0.855,0.87,200,17011.444726
4992.337088,0.865,0.865,200,17015.953093
5679.231343,0.865,0.865,200,17020.502167
5788.41697,0.86,0.875,200,17027.379339
5663.244007,0.86,0.885,200,17031.82043
5714.279477,0.84,0.84,200,17036.336488
5702.855658,0.835,0.84,200,17040.835036
5715.951009,0.85,0.88,200,17045.408875
5573.59907,0.87,0.88,200,17049.926346
5720.327358,0.87,0.87,200,17054.423105
5337.587105,0.86,0.86,200,17058.868519
5795.058919,0.88,0.88,200,17063.302296
5715.611364,0.875,0.88,200,17067.883482
5706.26965,0.83,0.83,200,17074.687992
5699.421494,0.825,0.825,200,17079.167554
5707.72599,0.82,0.82,200,17083.760357
5576.521002,0.835,0.85,200,17088.202953
5666.417721,0.855,0.855,200,17092.685041
5359.767902,0.875,0.875,200,17097.362622
5279.609121,0.855,0.87,200,17102.010267
5695.218556,0.82,0.82,200,17106.662125
5566.355438,0.855,0.855,200,17111.152323
5551.302046,0.85,0.855,200,17115.657693
5709.16347,0.825,0.835,200,17122.521282
5744.055551,0.865,0.865,200,17127.214712
5704.255901,0.815,0.82,200,17131.82101
5772.980778,0.885,0.885,200,17136.400698
5752.583213,0.87,0.87,200,17141.011047
5700.840461,0.835,0.835,200,17145.712194
5701.551709,0.825,0.825,200,17150.176034
5609.11731,0.81,0.815,200,17154.788361
5734.680664,0.84,0.85,200,17159.328321
5794.892187,0.87,0.87,200,17163.886594
5210.624128,0.85,0.865,200,17170.526454
5664.729343,0.86,0.865,200,17175.081179
5662.752166,0.855,0.86,200,17179.712532
5671.464406,0.845,0.845,200,17184.295817
5773.577395,0.855,0.86,200,17188.957617
5692.744598,0.845,0.845,200,17193.620083
5017.888857,0.57,0.57,200,17198.032904
5782.879395,0.875,0.875,200,17202.779601
5759.902504,0.855,0.855,200,17207.59521
5689.073239,0.845,0.855,200,17212.419665
5770.772068,0.875,0.885,200,17219.311621
5697.030304,0.835,0.845,200,17224.017712
5759.900407,0.87,0.875,200,17228.732647
5690.439981,0.825,0.825,200,17233.475807
4500.690917,0.86,0.875,200,17238.158696
5521.495571,0.85,0.855,200,17242.948223
5708.204106,0.85,0.87,200,17247.677783
5649.307538,0.85,0.85,200,17252.497388
5297.309431,0.85,0.855,200,17257.224093
5729.953864,0.855,0.86,200,17261.924321
5647.58333,0.84,0.87,200,17269.031851
5763.877092,0.855,0.855,200,17273.768811
5719.154276,0.86,0.875,200,17278.499718
5805.804231,0.88,0.885,200,17283.119112
5703.642494,0.8,0.815,200,17287.79227
5320.762651,0.865,0.865,200,17292.54984
5752.814043,0.86,0.89,200,17297.374928
5752.101026,0.855,0.865,200,17302.122864
5787.613667,0.87,0.875,200,17306.904826
4916.908068,0.88,0.89,200,17311.55221
5765.399948,0.85,0.86,200,17318.523374
4595.345473,0.87,0.885,200,17323.278945
4270.174166,0.885,0.885,200,17327.834012
5715.474974,0.84,0.84,200,17332.584233
5704.398167,0.82,0.825,200,17337.334226
5781.481457,0.87,0.88,200,17342.030313
5764.811748,0.86,0.86,200,17346.843709
5557.23874,0.865,0.865,200,17351.601995
5765.430234,0.87,0.885,200,17356.304114
5796.592885,0.86,0.88,200,17361.039463
5681.602263,0.85,0.85,200,17367.944973
5690.500848,0.865,0.865,200,17372.533231
5631.764739,0.815,0.82,200,17377.137538
5719.839421,0.85,0.855,200,17381.694936
5744.331693,0.865,0.87,200,17386.393801
5266.400203,0.86,0.865,200,17391.023479
5695.634408,0.845,0.85,200,17395.668138
5402.374651,0.855,0.86,200,17400.332861
5771.264402,0.865,0.865,200,17404.798078
5645.948707,0.855,0.855,200,17409.507318
5697.027896,0.855,0.855,200,17416.10618
5748.130747,0.855,0.865,200,17420.65895
5681.311406,0.845,0.85,200,17425.308078
5714.297442,0.84,0.845,200,17429.856885
5799.042635,0.895,0.895,200,17434.511971
5661.446924,0.815,0.835,200,17438.981561
5607.757756,0.805,0.805,200,17443.576002
5702.837542,0.855,0.865,200,17448.013482
5691.490294,0.795,0.805,200,17452.449949
5669.441339,0.81,0.825,200,17456.84316
5414.443617,0.815,0.88,200,17463.617446
5745.415008,0.86,0.87,200,17468.236082
5008.928536,0.725,0.735,200,17472.670194
5785.56458,0.875,0.88,200,17477.254201
5736.549164,0.84,0.84,200,17481.803281
5546.673131,0.845,0.88,200,17486.236619
5705.127788,0.84,0.84,200,17490.833827
5787.201923,0.87,0.87,200,17495.243205
5525.707343,0.87,0.875,200,17499.777914
5630.124221,0.845,0.855,200,17504.143013
5721.658009,0.87,0.875,200,17510.775163
5771.180967,0.87,0.88,200,17515.272743
5771.795705,0.86,0.87,200,17519.868706
5591.253318,0.85,0.875,200,17524.475275
5778.621912,0.865,0.87,200,17529.026881
5584.518752,0.865,0.865,200,17533.638644
4572.968993,0.665,0.67,200,17538.211581
5328.48692,0.85,0.865,200,17542.801607
5679.621434,0.855,0.865,200,17547.38219
5700.395312,0.83,0.84,200,17552.066069
5784.480799,0.87,0.88,200,17558.830909
5784.424793,0.86,0.87,200,17563.450605
5784.806929,0.875,0.875,200,17568.085296
2411.552009,0.05,0.05,200,17572.654759
5320.837915,0.865,0.87,200,17577.344292
5679.317967,0.84,0.885,200,17581.836174
5704.838741,0.835,0.835,200,17586.417117
5702.172114,0.835,0.835,200,17591.10318
5802.690936,0.88,0.88,200,17595.585639
5632.260647,0.875,0.875,200,17600.273826
5675.093618,0.83,0.83,200,17607.159731
5758.471431,0.85,0.855,200,17611.805117
5756.610159,0.855,0.855,200,17616.445627
5782.04372,0.86,0.87,200,17621.03537
5677.611327,0.82,0.83,200,17625.590207
5767.904813,0.88,0.88,200,17630.192899
5417.607848,0.82,0.85,200,17634.804029
5737.210537,0.84,0.85,200,17639.35055
5702.512806,0.845,0.85,200,17644.001609
5343.889363,0.865,0.865,200,17648.720031
5789.108218,0.87,0.875,200,17655.611056
5685.642068,0.84,0.84,200,17660.257037
5788.692619,0.88,0.88,200,17664.882383
5640.598239,0.855,0.89,200,17669.41034
5762.199085,0.86,0.87,200,17673.851382
5691.272047,0.865,0.885,200,17678.381422
5701.176093,0.84,0.84,200,17683.025431
5697.096926,0.845,0.85,200,17687.662151
5463.983968,0.85,0.87,200,17692.403691
5659.487605,0.805,0.825,200,17697.068788
5788.795418,0.885,0.885,200,17703.810122
5754.041028,0.855,0.87,200,17708.391685
5647.939469,0.825,0.825,200,17712.850429
5723.719236,0.855,0.875,200,17717.481097
5612.814305,0.795,0.805,200,17722.005422
5530.013507,0.875,0.88,200,17726.547881
5708.648624,0.845,0.845,200,17731.028771
5751.691621,0.865,0.875,200,17735.61367
5788.550475,0.875,0.88,200,17740.130956
5704.040945,0.8,0.825,200,17744.502246
5714.154559,0.85,0.875,200,17751.160728
5786.265087,0.86,0.87,200,17755.75259
5696.782947,0.83,0.83,200,17760.350912
5667.835826,0.825,0.825,200,17764.820039
5641.583745,0.805,0.815,200,17769.355932
5545.249839,0.83,0.855,200,17773.767235
5728.094086,0.84,0.84,200,17778.383784
2445.922991,0.475,0.485,200,17783.041358
5611.120492,0.855,0.87,200,17787.609888
5694.112063,0.84,0.845,200,17792.204269
5653.653369,0.805,0.82,200,17798.996656
5754.246438,0.865,0.87,200,17803.615649
5521.805756,0.82,0.875,200,17808.248419
5692.682182,0.84,0.85,200,17812.787331
5765.930359,0.85,0.855,200,17817.325112
5673.571567,0.805,0.81,200,17821.836436
5786.210081,0.855,0.87,200,17826.480902
5553.413854,0.865,0.865,200,17831.037667
5722.177651,0.825,0.845,200,17835.695016
5764.177896,0.86,0.87,200,17840.135515
5710.159661,0.845,0.845,200,17846.879473
5675.00252,0.86,0.86,200,17851.351342
5616.207702,0.81,0.81,200,17855.826368
5450.032913,0.875,0.875,200,17860.293902
5792.780546,0.885,0.885,200,17864.823908
5671.129335,0.845,0.88,200,17869.380174
5701.65988,0.835,0.835,200,17873.907495
5744.953178,0.875,0.875,200,17878.559643
5789.173708,0.89,0.895,200,17883.025941
5714.810134,0.815,0.83,200,17887.568388
5688.768667,0.855,0.88,200,17894.155972
5781.497568,0.87,0.87,200,17898.737359
5718.438426,0.88,0.88,200,17903.321668
5701.40946,0.81,0.81,200,17907.848534
5646.027236,0.865,0.865,200,17912.304014
5781.168278,0.87,0.87,200,17916.837614
5640.513585,0.85,0.865,200,17921.493177
5700.080538,0.865,0.875,200,17926.08182
5763.380545,0.865,0.88,200,17930.537841
5763.510543,0.855,0.86,200,17935.03101
5513.576255,0.86,0.89,200,17941.805852
5774.15651,0.875,0.88,200,17946.286094
5671.68885,0.86,0.86,200,17950.830862
5782.875641,0.865,0.865,200,17955.382587
5789.097818,0.86,0.875,200,17959.974249
5773.32248,0.875,0.88,200,17964.607688
5786.098783,0.86,0.875,200,17969.295755
5668.701253,0.825,0.825,200,17973.907895
5722.081323,0.855,0.86,200,17978.340209
5781.416867,0.875,0.88,200,17982.877274
5688.808483,0.85,0.85,200,17989.673426
5717.196141,0.825,0.835,200,17994.178358
5795.227684,0.875,0.875,200,17998.89395
5795.592091,0.885,0.885,200,18003.493759
5681.401923,0.87,0.87,200,18008.19328
5703.307286,0.815,0.815,200,18012.877689
5682.913769,0.855,0.855,200,18017.475593
5775.154077,0.855,0.865,200,18021.89524
5700.372571,0.845,0.865,200,18026.413947
5760.754033,0.85,0.86,200,18030.829194
5692.606642,0.83,0.83,200,18037.632317
5566.247269,0.85,0.87,200,18042.296363
5777.282485,0.87,0.88,200,18046.880072
5725.850091,0.84,0.84,200,18051.420327
5717.069466,0.85,0.885,200,18055.914376
5692.765183,0.84,0.845,200,18060.507276
5731.881686,0.85,0.865,200,18065.061279
5725.397223,0.86,0.86,200,18069.533043
5764.342592,0.86,0.86,200,18073.983342
5695.356007,0.81,0.81,200,18078.51655
5346.594241,0.855,0.86,200,18085.099664
5687.584401,0.865,0.865,200,18089.532881
4889.46761,0.89,0.89,200,18093.917095
5794.115076,0.875,0.875,200,18098.087149
5685.360921,0.845,0.85,200,18102.235807
5664.069614,0.845,0.855,200,18106.558235
4917.083985,0.89,0.89,200,18111.068655
5703.504941,0.825,0.835,200,18115.703664
5713.586337,0.83,0.835,200,18120.376642
5718.820535,0.85,0.85,200,18125.083874
5698.903057,0.845,0.855,200,18132.146327
5682.337232,0.8,0.805,200,18136.712931
5772.187928,0.855,0.86,200,18141.222003
5773.749726,0.865,0.865,200,18145.729082
5741.083392,0.85,0.85,200,18150.306948
5657.756003,0.84,0.85,200,18154.924834
5701.214207,0.86,0.86,200,18159.514871
5788.651753,0.88,0.885,200,18164.023633
5719.553346,0.86,0.87,200,18168.456364
5679.2419,0.85,0.85,200,18172.97125
5698.147325,0.84,0.84,200,18179.710321
5693.201774,0.845,0.845,200,18184.247047
5780.510307,0.865,0.865,200,18188.766957
5775.26599,0.865,0.865,200,18193.225624
5679.278939,0.825,0.825,200,18197.682363
5800.886055,0.885,0.89,200,18201.885955
5704.968591,0.82,0.82,200,18206.231259
5722.973572,0.855,0.865,200,18210.477461
5539.199721,0.855,0.865,200,18215.028938
5746.198248,0.845,0.85,200,18219.574188
5725.620908,0.865,0.865,200,18226.457139
5765.379968,0.865,0.875,200,18231.078568
5694.905207,0.855,0.855,200,18235.675111
5700.402035,0.81,0.815,200,18240.342736
5709.612544,0.835,0.835,200,18244.883862
5607.966036,0.85,0.87,200,18249.388238
5748.439495,0.86,0.88,200,18254.072166
5512.441546,0.865,0.87,200,18258.656794
5754.592608,0.85,0.85,200,18263.349106
5753.642282,0.855,0.86,200,18267.972285
5800.115888,0.87,0.885,200,18274.54692
5781.689553,0.875,0.88,200,18279.126639
5726.877301,0.83,0.835,200,18283.753281
5693.076836,0.855,0.855,200,18288.390097
5743.459455,0.855,0.855,200,18293.091453
5091.30686,0.725,0.75,200,18297.781174
5737.582216,0.85,0.85,200,18302.46209
5671.824439,0.83,0.83,200,18307.015445
5698.376912,0.81,0.81,200,18311.645143
5648.473032,0.805,0.825,200,18316.343917
5758.216687,0.85,0.85,200,18323.230782
5706.858508,0.835,0.835,200,18327.894587
5639.959047,0.825,0.825,200,18332.479322
5757.742795,0.85,0.855,200,18337.163345
5733.967677,0.86,0.87,200,18341.816313
5733.689141,0.845,0.845,200,18346.433213
5389.929238,0.85,0.87,200,18351.220205
5682.949116,0.855,0.865,200,18356.015173
5765.681218,0.86,0.86,200,18360.663654
5709.264943,0.84,0.845,200,18365.396382
5779.747463,0.86,0.86,200,18372.372943
5782.116815,0.855,0.87,200,18376.9621
5608.296408,0.835,0.86,200,18381.74608
5738.227638,0.855,0.855,200,18386.55231
5740.350333,0.85,0.85,200,18391.310612
5771.948867,0.86,0.88,200,18396.151787
5699.056649,0.835,0.835,200,18400.737873
5699.958904,0.855,0.855,200,18405.36719
5765.265607,0.86,0.86,200,18410.010028
5685.360184,0.83,0.83,200,18414.710437
5775.074858,0.86,0.865,200,18421.452117
5680.019018,0.845,0.845,200,18425.92415
5461.132482,0.87,0.87,200,18430.475855
5729.027555,0.845,0.845,200,18435.113132
5524.784252,0.85,0.875,200,18439.794282
5770.23314,0.85,0.855,200,18444.445325
5659.069303,0.87,0.88,200,18449.141144
5775.020855,0.875,0.88,200,18453.783985
5703.523607,0.855,0.855,200,18458.59228
5724.020335,0.87,0.87,200,18463.277999
5715.243071,0.84,0.84,200,18470.063973
5796.208625,0.88,0.88,200,18474.712039
5394.092364,0.875,0.875,200,18479.41847
5715.60273,0.855,0.86,200,18484.179436
5698.717814,0.85,0.85,200,18488.870734
5788.993718,0.865,0.87,200,18493.618351
5719.385461,0.825,0.83,200,18498.293355
5758.399364,0.87,0.875,200,18503.002595
5735.878044,0.855,0.87,200,18507.616299
5651.308654,0.845,0.855,200,18512.24309
5697.045384,0.815,0.815,200,18519.126673
5695.714221,0.815,0.815,200,18523.797976
5792.194962,0.87,0.875,200,18528.568011
5661.606132,0.865,0.865,200,18533.31951
5721.872302,0.845,0.845,200,18537.911979
5782.293858,0.855,0.865,200,18542.546191
5713.084989,0.835,0.84,200,18547.134227
5794.222861,0.87,0.875,200,18551.701668
5081.901677,0.87,0.89,200,18556.182428
5711.191012,0.84,0.84,200,18560.487962
5494.821492,0.875,0.875,200,18567.310416
5487.844188,0.86,0.86,200,18571.876738
5788.900767,0.86,0.875,200,18576.539792
5744.102343,0.845,0.85,200,18581.13873
5538.249553,0.87,0.875,200,18585.786239
5733.255048,0.87,0.87,200,18590.55734
5767.323994,0.86,0.87,200,18595.216341
5702.208135,0.805,0.82,200,18599.963873
5720.868628,0.86,0.87,200,18604.612356
5609.57075,0.865,0.865,200,18609.16162
5691.293363,0.81,0.81,200,18616.056665
5722.608261,0.855,0.885,200,18620.788138
5675.770201,0.775,0.8,200,18625.486727
5701.819155,0.83,0.835,200,18630.150841
5664.556848,0.855,0.855,200,18634.938787
5705.699854,0.83,0.83,200,18639.60549
5791.307173,0.885,0.885,200,18644.21289
5665.431271,0.86,0.89,200,18648.739721
5109.102043,0.685,0.735,200,18653.149449
5769.966966,0.855,0.86,200,18657.59105
5636.503626,0.865,0.88,200,18664.172042
5702.769903,0.82,0.82,200,18668.633332
5711.616587,0.845,0.845,200,18673.102237
5777.033559,0.855,0.865,200,18677.454734
5716.291777,0.84,0.845,200,18681.937535
5683.366081,0.835,0.835,200,18686.430936
5698.85379,0.875,0.89,200,18690.924721
5710.976396,0.82,0.825,200,18695.531332
5517.291902,0.84,0.875,200,18700.089622
5740.920555,0.86,0.86,200,18704.60574
5795.357134,0.865,0.875,200,18711.390296
4875.032896,0.885,0.885,200,18715.94321
5164.928225,0.875,0.875,200,18720.437013
5763.489456,0.87,0.88,200,18724.926433
5588.693053,0.865,0.865,200,18729.394776
5720.266545,0.845,0.845,200,18734.065372
5712.745861,0.845,0.845,200,18738.786247
5697.214313,0.815,0.815,200,18743.333804
5790.981687,0.885,0.885,200,18748.011583
5725.238024,0.845,0.845,200,18752.59808
5784.066386,0.85,0.87,200,18759.196023
5750.734179,0.86,0.88,200,18763.898633
5768.853658,0.87,0.875,200,18768.468318
5719.195463,0.835,0.845,200,18773.135881
5667.424263,0.83,0.83,200,18777.652723
5766.895536,0.84,0.86,200,18782.2793
5596.616508,0.86,0.86,200,18786.969412
5457.845308,0.87,0.87,200,18791.427663
5653.0633,0.815,0.825,200,18795.859291
5677.603966,0.83,0.83,200,18800.226966
5779.281027,0.855,0.86,200,18806.768338
5675.580809,0.815,0.83,200,18811.185425
5696.543174,0.81,0.81,200,18815.678428
5711.187438,0.82,0.82,200,18820.252513
5766.938689,0.855,0.855,200,18824.733199
5771.004666,0.86,0.865,200,18829.156162
5698.490093,0.815,0.815,200,18833.620997
5709.304511,0.825,0.825,200,18838.06308
5712.812273,0.84,0.84,200,18842.509422
4706.532888,0.61,0.63,200,18846.997775
5794.377946,0.88,0.88,200,18853.972085
5282.170854,0.895,0.895,200,18858.67921
5737.141168,0.85,0.85,200,18863.175251
5715.267232,0.83,0.835,200,18867.661694
5761.436233,0.855,0.855,200,18872.257432
5695.533565,0.88,0.885,200,18876.671234
5785.257915,0.865,0.865,200,18881.132304
5706.120081,0.85,0.85,200,18885.497559
5719.564058,0.85,0.855,200,18890.033932
5596.097162,0.86,0.875,200,18894.612033
5747.798157,0.855,0.855,200,18901.452164
5733.499291,0.855,0.855,200,18906.166184
5790.387548,0.875,0.875,200,18910.60842
5713.13954,0.85,0.865,200,18915.079243
5704.649333,0.84,0.855,200,18919.551093
5766.236325,0.88,0.89,200,18924.073725
5791.41175,0.88,0.88,200,18928.582546
5640.815813,0.82,0.82,200,18933.099245
5764.090736,0.85,0.86,200,18937.588728
5736.831201,0.835,0.84,200,18942.100233
5707.109409,0.86,0.865,200,18948.704691
5363.225329,0.87,0.87,200,18953.182906
5710.278613,0.82,0.82,200,18957.676729
5680.451939,0.855,0.855,200,18962.374204
5529.686044,0.85,0.86,200,18967.158855
5636.417284,0.825,0.825,200,18971.883584
5712.171333,0.875,0.9,200,18976.584238
5338.243809,0.88,0.88,200,18981.365307
5692.234857,0.865,0.87,200,18985.914223
5021.732234,0.805,0.855,200,18990.414232
5699.041614,0.83,0.83,200,18997.286567
5786.485391,0.87,0.88,200,19001.816139
5786.661092,0.87,0.875,200,19006.381965
5722.147533,0.845,0.845,200,19010.870998
5706.941478,0.84,0.84,200,19015.461233
5641.337033,0.845,0.875,200,19020.051821
3618.798301,0.345,0.405,200,19024.599783
5712.719912,0.83,0.835,200,19029.159694
5618.228517,0.845,0.845,200,19033.827334
5464.506525,0.87,0.87,200,19038.333413
5707.127713,0.825,0.835,200,19045.314615
5717.258506,0.84,0.84,200,19049.844263
5260.272825,0.89,0.89,200,19054.371009
5660.37413,0.855,0.855,200,19059.040924
5700.163442,0.815,0.815,200,19063.802238
5702.698549,0.855,0.86,200,19068.251529
5674.330605,0.83,0.83,200,19072.749743
5675.493738,0.855,0.865,200,19077.265524
5715.33586,0.84,0.84,200,19081.778245
4044.068878,0.51,0.555,200,19086.34573
5736.217921,0.84,0.845,200,19093.032106
5708.300546,0.86,0.86,200,19097.557177
5800.411116,0.88,0.88,200,19102.086101
5789.079947,0.88,0.88,200,19106.559075
5710.821077,0.815,0.83,200,19111.040486
5667.067114,0.855,0.855,200,19115.529036
5755.181779,0.86,0.86,200,19119.905605
5711.737519,0.835,0.84,200,19124.346807
5784.278479,0.87,0.87,200,19128.979023
5734.068239,0.875,0.875,200,19133.427172
5724.214558,0.86,0.865,200,19140.044385
5222.005244,0.85,0.855,200,19144.590226
5776.531773,0.87,0.87,200,19149.143816
5615.686473,0.805,0.815,200,19153.63577
5705.356623,0.85,0.87,200,19158.188519
5766.704486,0.875,0.875,200,19162.748277
5797.843002,0.875,0.89,200,19167.261692
5679.362612,0.8,0.805,200,19171.725039
5682.637706,0.835,0.835,200,19176.294268
5705.21484,0.85,0.875,200,19180.898408
4553.249632,0.66,0.71,200,19187.793232
5737.150898,0.845,0.845,200,19192.301316
5707.511275,0.815,0.83,200,19196.778703
5785.75712,0.87,0.87,200,19201.420179
5772.310787,0.86,0.86,200,19205.894161
5729.888891,0.85,0.85,200,19210.621553
5720.059715,0.83,0.83,200,19215.142122
5710.482417,0.855,0.875,200,19219.751415
4854.33848,0.665,0.665,200,19224.294043
5730.028433,0.84,0.84,200,19228.806303
5805.941931,0.875,0.89,200,19235.636273
5707.741272,0.83,0.83,200,19240.144908
5713.600833,0.835,0.835,200,19244.711625
5679.457818,0.855,0.855,200,19249.200159
5734.096749,0.845,0.845,200,19253.737909
5765.233099,0.865,0.88,200,19258.307929
5724.933312,0.815,0.84,200,19262.908724
5743.144348,0.87,0.89,200,19267.525834
5639.908929,0.855,0.855,200,19272.102451
5731.018236,0.865,0.87,200,19276.786049
5783.309403,0.865,0.865,200,19283.553102
5753.433641,0.87,0.87,200,19288.114617
5783.680558,0.855,0.87,200,19292.73296
5686.636238,0.865,0.865,200,19297.363441
5144.025972,0.575,0.59,200,19301.965085
5709.422287,0.845,0.845,200,19306.463703
5776.529477,0.86,0.865,200,19310.843339
5664.960917,0.855,0.885,200,19315.280568
5697.73058,0.86,0.87,200,19319.702358
5707.082784,0.82,0.83,200,19324.217978
5771.933514,0.86,0.86,200,19330.885768
5445.611362,0.87,0.875,200,19335.418885
5729.782279,0.855,0.86,200,19339.974329
5620.132477,0.85,0.86,200,19344.601429
5315.582518,0.875,0.875,200,19349.154141
5716.176874,0.845,0.85,200,19353.745328
5779.511016,0.87,0.87,200,19358.066101
5785.126003,0.865,0.87,200,19362.703094
5532.051436,0.87,0.87,200,19367.248903
5741.624186,0.865,0.875,200,19371.734955
5768.329099,0.86,0.86,200,19378.432546
5737.638621,0.855,0.865,200,19382.890244
5768.516193,0.84,0.85,200,19387.423517
5606.421293,0.81,0.81,200,19392.06368
5772.119665,0.865,0.865,200,19396.712402
5732.635288,0.87,0.875,200,19401.324956
5675.199478,0.86,0.87,200,19405.887435
5790.821729,0.87,0.87,200,19410.313303
5776.142808,0.865,0.865,200,19415.048306
5770.880522,0.85,0.865,200,19419.680864
5493.843425,0.85,0.88,200,19426.467544
5322.717272,0.715,0.725,200,19430.998182
5415.580789,0.875,0.875,200,19435.664083
5715.030876,0.835,0.84,200,19440.316878
5771.665511,0.86,0.87,200,19444.957054
5689.521273,0.81,0.81,200,19449.639491
5772.707395,0.855,0.855,200,19454.334261
5788.930919,0.87,0.875,200,19458.861107
5701.75659,0.815,0.815,200,19463.361608
5625.567577,0.86,0.86,200,19468.029546
5723.513779,0.84,0.84,200,19475.029902
5752.986888,0.855,0.855,200,19479.713413
5737.335221,0.84,0.845,200,19484.355676
5765.851096,0.83,0.86,200,19489.068423
5703.950036,0.815,0.825,200,19493.695655
5723.054678,0.845,0.845,200,19498.312867
5775.514365,0.87,0.87,200,19502.976269
5721.975811,0.83,0.83,200,19507.706143
5792.757193,0.87,0.875,200,19512.317393
5789.158538,0.875,0.875,200,19517.011688
5408.368348,0.87,0.875,200,19523.878883
5702.458955,0.86,0.875,200,19528.556473
5728.670963,0.835,0.85,200,19533.071837
5783.093743,0.86,0.865,200,19537.748482
5799.686838,0.885,0.885,200,19542.390828
5782.06879,0.855,0.87,200,19547.043303
5762.649737,0.86,0.86,200,19551.713303
5623.236833,0.86,0.86,200,19556.252191
5789.883732,0.86,0.875,200,19560.820832
4966.370028,0.89,0.89,200,19565.406143
5690.877151,0.83,0.83,200,19571.993871
5680.615478,0.855,0.88,200,19576.620674
5668.022368,0.81,0.825,200,19581.176216
5789.469726,0.88,0.88,200,19585.762887
5697.696726,0.845,0.85,200,19590.391518
5699.198893,0.815,0.815,200,19595.154457
5698.459736,0.82,0.82,200,19599.812929
5705.726437,0.84,0.84,200,19604.406782
5720.885119,0.855,0.875,200,19609.097156
5739.224462,0.845,0.845,200,19613.886965
5714.419508,0.82,0.84,200,19620.781883
5673.789236,0.855,0.88,200,19625.257078
5739.747419,0.855,0.865,200,19629.943964
5692.837037,0.8,0.81,200,19634.517886
5586.193038,0.86,0.88,200,19639.267309
5795.238169,0.875,0.875,200,19643.870089
5796.569809,0.875,0.88,200,19648.564576
5781.120397,0.865,0.87,200,19653.266243
5719.320349,0.865,0.875,200,19657.993305
5742.106249,0.845,0.85,200,19662.649689
5681.186625,0.805,0.805,200,19669.486673
5778.288333,0.86,0.865,200,19674.212569
5465.358151,0.845,0.865,200,19678.855107
5718.35256,0.885,0.9,200,19683.436791
5745.31273,0.865,0.875,200,19687.938464
4997.342978,0.87,0.885,200,19692.583094
5699.297857,0.835,0.835,200,19697.082624
5627.064419,0.865,0.865,200,19701.683352
5727.111412,0.875,0.885,200,19706.332095
5658.217985,0.82,0.82,200,19710.918421
5769.777221,0.88,0.88,200,19717.7072
5700.601931,0.845,0.845,200,19722.332407
5720.336648,0.835,0.835,200,19726.850209
5137.315933,0.86,0.875,200,19731.551033
5704.067906,0.81,0.82,200,19736.049946
5777.867883,0.865,0.88,200,19740.605884
5309.269912,0.86,0.865,200,19745.168666
5788.272324,0.87,0.88,200,19749.884596
5450.742748,0.86,0.875,200,19754.475039
5807.654948,0.89,0.89,200,19759.172665
5716.920892,0.835,0.84,200,19766.048533
5421.632998,0.86,0.86,200,19770.610497
5800.132656,0.885,0.885,200,19775.352245
5714.140043,0.82,0.82,200,19780.050122
5749.223471,0.84,0.85,200,19784.651283
5762.675237,0.865,0.87,200,19789.190095
5607.119363,0.85,0.88,200,19793.823084
5787.919436,0.86,0.87,200,19798.440886
5798.840896,0.875,0.88,200,19803.185158
5771.413905,0.85,0.86,200,19807.875535
5788.385173,0.85,0.87,200,19814.963528
5737.27578,0.86,0.87,200,19819.763317
5671.668777,0.85,0.87,200,19824.471532
5705.237308,0.865,0.885,200,19829.10256
5680.101881,0.83,0.83,200,19833.832936
5676.527642,0.86,0.895,200,19838.491597
5776.994675,0.87,0.87,200,19843.074763
5756.794057,0.875,0.875,200,19847.771342
5723.839157,0.84,0.84,200,19852.372448
5773.849269,0.865,0.875,200,19857.090155
5707.631983,0.84,0.84,200,19863.686041
5806.41322,0.865,0.885,200,19868.095774
5668.281,0.82,0.825,200,19872.705757
5670.776204,0.855,0.86,200,19877.168451
5720.11628,0.83,0.835,200,19881.556651
5686.752421,0.805,0.805,200,19886.014783
5658.333737,0.865,0.88,200,19890.569165
5712.329619,0.85,0.855,200,19895.138453
5439.28374,0.795,0.845,200,19899.719444
5712.820233,0.83,0.83,200,19904.357404
5685.176232,0.825,0.83,200,19911.265477
5617.36983,0.825,0.87,200,19915.716678
5692.067168,0.83,0.83,200,19920.284032
5783.834113,0.865,0.865,200,19924.720933
5525.792199,0.865,0.87,200,19929.377195
5696.417441,0.86,0.86,200,19934.050467
5717.539702,0.845,0.845,200,19938.804306
5736.376066,0.86,0.875,200,19943.487094
5723.104872,0.845,0.86,200,19948.150117
4727.552315,0.885,0.885,200,19952.789386
5674.567388,0.855,0.855,200,19959.718488
5715.219659,0.87,0.885,200,19964.453956
5777.256277,0.87,0.875,200,19969.22109
5666.985181,0.86,0.885,200,19973.916621
5672.233344,0.82,0.82,200,19978.625963
5472.281456,0.855,0.855,200,19983.26204
5732.641405,0.86,0.865,200,19987.782079
5772.885042,0.875,0.88,200,19992.48093
5713.488548,0.825,0.835,200,19997.023237
5699.928305,0.875,0.875,200,20001.709212
5662.784784,0.825,0.825,200,20008.562626
5719.566452,0.84,0.84,200,20013.064637
5748.314107,0.86,0.875,200,20017.815712
5765.216881,0.875,0.885,200,20022.546587
5707.258445,0.87,0.875,200,20027.127447
5433.399601,0.88,0.88,200,20031.796759
5717.512362,0.84,0.84,200,20036.390672
5630.05338,0.855,0.855,200,20041.039604
5710.206869,0.845,0.845,200,20045.6438
5794.891577,0.885,0.885,200,20050.087169
5369.226729,0.865,0.87,200,20056.731024
5712.324855,0.845,0.845,200,20061.34831
5036.89291,0.86,0.87,200,20065.903161
5759.589708,0.845,0.85,200,20070.50669
5776.614368,0.88,0.88,200,20075.108645
5717.008176,0.835,0.835,200,20079.702375
5773.427204,0.865,0.865,200,20084.423306
5757.534101,0.865,0.865,200,20088.929549
5411.138183,0.87,0.87,200,20093.411657
5653.75309,0.825,0.825,200,20097.967243
5783.547552,0.855,0.87,200,20104.830796
5725.204995,0.825,0.835,200,20109.335399
5704.159818,0.81,0.815,200,20113.972976
5692.284885,0.85,0.86,200,20118.702265
5689.085168,0.835,0.835,200,20123.308525
5587.96536,0.865,0.87,200,20127.99097
5783.30782,0.865,0.865,200,20132.473437
5725.105825,0.83,0.845,200,20136.748032
5705.332285,0.865,0.87,200,20141.32927
5784.946924,0.87,0.89,200,20145.87759
5768.835994,0.86,0.87,200,20152.728898
5779.34441,0.86,0.865,200,20157.173752
5711.57049,0.855,0.855,200,20161.704045
5783.494336,0.87,0.875,200,20166.186829
5610.058533,0.845,0.855,200,20170.788757
5757.016118,0.85,0.855,200,20175.397944
5711.608822,0.855,0.855,200,20180.037308
5675.996751,0.85,0.9,200,20184.672843
5722.050065,0.845,0.855,200,20189.271127
5798.948361,0.895,0.895,200,20193.884901
5685.628663,0.835,0.835,200,20200.861519
5696.746077,0.845,0.85,200,20205.430769
5707.009837,0.805,0.82,200,20209.860029
5709.120814,0.83,0.84,200,20214.328945
5730.669625,0.845,0.845,200,20218.953997
5705.141578,0.835,0.835,200,20223.529752
5723.394409,0.86,0.865,200,20228.201922
5670.149517,0.87,0.87,200,20232.75753
5793.93892,0.88,0.885,200,20237.320892
5450.720865,0.835,0.865,200,20241.838164
