# {"t_start": 1757073748.1518228, "env_id": "graff-v0"} 
r,obj_lift,obj_grab,l,t
5746.894261,0.85,0.855,200,7.948703
5735.79728,0.845,0.845,200,12.573306
5724.920046,0.865,0.875,200,17.266968
2743.295852,0.875,0.875,200,21.936208
4202.718284,0.845,0.855,200,26.602269
3974.343378,0.885,0.885,200,31.289674
5748.12357,0.825,0.85,200,36.040576
5649.761167,0.795,0.81,200,40.79444
5044.863603,0.81,0.835,200,45.625282
5713.22383,0.855,0.86,200,50.448556
4493.145348,0.87,0.87,200,57.650936
2741.321285,0.86,0.87,200,62.481286
5579.383401,0.785,0.79,200,67.248058
5654.877241,0.78,0.79,200,71.950267
5687.951169,0.825,0.83,200,76.550042
5736.955797,0.835,0.84,200,81.364529
5526.843103,0.79,0.795,200,86.15161
5118.204259,0.52,0.52,200,90.913664
3257.780205,0.835,0.86,200,95.747868
5744.374415,0.845,0.85,200,100.465136
5750.398628,0.865,0.87,200,107.483706
4338.281141,0.845,0.865,200,112.394306
5679.239088,0.815,0.815,200,117.12365
3967.660883,0.875,0.875,200,121.915446
5322.87523,0.755,0.765,200,126.684917
3808.670943,0.605,0.605,200,131.527436
4875.088336,0.845,0.855,200,136.309004
5756.789907,0.845,0.86,200,140.908821
5554.240137,0.79,0.795,200,145.623587
4895.303134,0.81,0.82,200,150.165003
5725.697288,0.815,0.83,200,157.404276
5743.210663,0.845,0.85,200,162.095463
5667.290895,0.8,0.805,200,166.832011
5566.370751,0.78,0.795,200,171.523498
5743.570337,0.85,0.85,200,176.141227
5740.931946,0.835,0.84,200,180.864416
5673.324979,0.78,0.795,200,185.527089
5171.732825,0.805,0.83,200,190.167757
4319.197869,0.84,0.86,200,195.008638
3696.032053,0.87,0.87,200,199.848577
3045.668688,0.865,0.875,200,206.634704
5236.673665,0.635,0.64,200,211.399509
3526.158175,0.135,0.235,200,215.975737
3163.039815,0.625,0.655,200,220.678477
4321.127251,0.86,0.86,200,225.518781
5456.883989,0.775,0.78,200,230.265702
4457.674045,0.835,0.855,200,235.077762
3612.100126,0.875,0.875,200,239.793122
4518.787018,0.83,0.855,200,244.590523
5673.913489,0.81,0.81,200,249.381552
5643.705376,0.78,0.78,200,256.418897
5577.787427,0.815,0.82,200,261.196107
3858.521587,0.17,0.215,200,265.960572
4061.533972,0.865,0.88,200,270.719793
5724.980803,0.835,0.835,200,275.456416
5648.485674,0.78,0.785,200,280.100103
5523.832251,0.695,0.695,200,284.65024
2693.429786,0.055,0.075,200,289.34779
5638.174812,0.84,0.85,200,294.178413
5009.77583,0.79,0.815,200,299.09227
5750.103059,0.865,0.875,200,306.466643
4671.880796,0.705,0.705,200,311.255351
2750.319145,0.885,0.89,200,316.060792
5627.435735,0.8,0.805,200,320.917894
5726.204225,0.845,0.845,200,325.749371
5660.464989,0.82,0.83,200,330.599386
4831.50767,0.82,0.83,200,335.400884
5499.415379,0.835,0.835,200,340.272998
5571.14482,0.785,0.8,200,345.172483
5368.189027,0.685,0.69,200,349.963085
2755.816428,0.585,0.585,200,357.205816
5348.832706,0.725,0.745,200,362.001153
2645.052268,0.875,0.875,200,366.827672
5282.128233,0.815,0.825,200,371.641634
4210.567747,0.175,0.19,200,376.358218
4442.378595,0.84,0.855,200,381.169414
2666.526709,0.835,0.86,200,386.02986
4525.906956,0.82,0.84,200,390.680975
5391.95914,0.745,0.76,200,395.253961
3811.579245,0.745,0.745,200,399.990816
5603.935603,0.8,0.8,200,407.130313
3951.803266,0.885,0.885,200,412.014534
2697.375182,0.88,0.88,200,416.821861
5724.335765,0.855,0.855,200,421.677289
5576.578571,0.78,0.78,200,426.518176
5697.438112,0.825,0.83,200,431.344336
5747.140539,0.87,0.87,200,436.250706
5738.141091,0.87,0.87,200,441.081879
4468.995274,0.83,0.845,200,446.001764
5751.685235,0.87,0.88,200,450.769364
2903.858121,0.86,0.865,200,457.742862
4021.617963,0.87,0.875,200,462.629912
5074.490638,0.815,0.815,200,467.466473
5174.620131,0.75,0.765,200,472.295615
4570.604385,0.835,0.845,200,477.060403
4200.91003,0.85,0.855,200,481.925121
3337.970741,0.875,0.89,200,486.792575
5685.057608,0.795,0.8,200,491.62956
4759.458455,0.415,0.425,200,496.290075
5678.81488,0.795,0.8,200,501.042515
4097.397154,0.84,0.85,200,508.148582
5060.527167,0.84,0.85,200,513.017786
4377.702249,0.865,0.875,200,517.921993
5431.926238,0.77,0.775,200,522.706269
5745.611175,0.845,0.855,200,527.413754
5746.63109,0.86,0.875,200,532.198838
5164.692476,0.825,0.825,200,536.854223
3842.473997,0.745,0.75,200,541.584232
5408.602161,0.805,0.81,200,546.407578
4229.754604,0.07,0.085,200,551.257342
5581.404862,0.87,0.87,200,558.226973
4095.36626,0.83,0.855,200,563.008843
5034.062848,0.825,0.85,200,567.912225
5733.771491,0.88,0.88,200,572.672156
5612.627382,0.805,0.805,200,577.535388
3867.712665,0.03,0.03,200,582.10664
5678.83818,0.815,0.815,200,586.719926
2745.973876,0.845,0.865,200,591.522985
3501.012058,0.895,0.895,200,596.287363
5652.215632,0.815,0.815,200,600.984552
5658.826907,0.785,0.795,200,607.908016
3276.932709,0.86,0.87,200,612.730686
3536.077109,0.85,0.855,200,617.505268
4367.712816,0.83,0.85,200,622.174192
3006.05984,0.53,0.56,200,626.844654
5009.147397,0.15,0.16,200,631.715919
5742.550597,0.845,0.85,200,636.465146
5747.708094,0.84,0.845,200,641.105592
4814.646866,0.81,0.835,200,645.86685
5254.121674,0.81,0.825,200,650.697693
5657.135964,0.845,0.855,200,657.763324
5591.098088,0.805,0.805,200,662.614293
5723.36091,0.86,0.86,200,667.282115
2877.843481,0.875,0.875,200,672.078936
5492.080847,0.78,0.785,200,676.749471
5676.434716,0.82,0.82,200,681.519895
5652.463942,0.805,0.82,200,686.150033
5715.331149,0.845,0.855,200,690.83253
2836.38705,0.875,0.875,200,695.576189
5744.716972,0.84,0.85,200,700.283729
5631.918261,0.79,0.795,200,707.047571
5120.159478,0.82,0.825,200,711.810884
5393.525077,0.68,0.68,200,716.492922
5099.435419,0.675,0.675,200,721.302666
5651.026064,0.79,0.795,200,726.041161
5522.739078,0.785,0.79,200,730.87441
5533.801901,0.8,0.8,200,735.541449
5642.354806,0.795,0.805,200,740.310914
4261.037871,0.835,0.86,200,745.047616
5511.660599,0.78,0.78,200,749.836965
2713.236761,0.855,0.86,200,756.789544
5503.006295,0.785,0.79,200,761.540584
3062.156616,0.855,0.87,200,766.378577
4348.679314,0.83,0.845,200,771.090814
2624.547707,0.855,0.87,200,775.688129
3530.055862,0.455,0.455,200,780.300328
5735.360057,0.865,0.875,200,784.90157
2858.178055,0.865,0.865,200,789.698508
3130.738467,0.865,0.875,200,794.519773
4726.02768,0.83,0.835,200,799.369017
5728.533097,0.855,0.855,200,806.359282
5092.700886,0.815,0.82,200,811.218228
4884.855877,0.825,0.835,200,816.080361
4788.346565,0.82,0.835,200,820.966629
4054.289944,0.805,0.835,200,825.694485
5653.792318,0.79,0.805,200,830.443512
5636.096021,0.81,0.81,200,835.132613
5609.840226,0.795,0.795,200,839.972969
5740.700171,0.845,0.845,200,844.769588
2643.162307,0.325,0.325,200,849.575999
5745.399015,0.855,0.86,200,856.648287
5703.354547,0.83,0.83,200,861.371384
5730.516118,0.84,0.84,200,866.220262
5073.427611,0.29,0.29,200,870.967546
5468.249925,0.77,0.79,200,875.766225
5733.892215,0.84,0.84,200,880.596896
5739.082665,0.85,0.85,200,885.469472
5719.941551,0.82,0.835,200,890.26848
5621.348683,0.76,0.765,200,895.071565
5672.861766,0.805,0.81,200,899.894526
5437.274703,0.765,0.78,200,906.686057
5123.650421,0.805,0.81,200,911.322238
5648.771417,0.805,0.815,200,916.033833
5752.644852,0.835,0.855,200,920.861839
2630.513147,0.87,0.87,200,925.698909
2775.34303,0.88,0.88,200,930.442791
2929.314315,0.855,0.865,200,935.222411
4167.950679,0.845,0.855,200,940.003909
5650.997938,0.81,0.82,200,944.751591
5643.59694,0.8,0.81,200,949.634167
5649.963188,0.825,0.825,200,956.728752
5718.651711,0.825,0.83,200,961.514566
4245.424053,0.83,0.85,200,966.32632
5753.96548,0.835,0.865,200,971.155158
3627.776589,0.85,0.86,200,976.01054
2813.010934,0.87,0.87,200,980.754356
5617.006882,0.8,0.8,200,985.486027
5490.351815,0.78,0.79,200,990.108131
5615.268183,0.78,0.78,200,994.766286
4471.62139,0.35,0.36,200,999.480407
2552.137239,0.85,0.865,200,1006.487524
3004.464331,0.87,0.87,200,1011.234736
4930.493224,0.815,0.83,200,1016.113751
5694.288325,0.835,0.84,200,1020.784592
2699.641983,0.04,0.04,200,1025.4059
5611.428895,0.77,0.77,200,1030.084682
5608.635377,0.81,0.81,200,1034.80073
5561.923951,0.79,0.79,200,1039.515568
5635.705567,0.82,0.82,200,1044.211082
5673.963552,0.815,0.825,200,1049.098222
5492.061303,0.79,0.795,200,1056.113952
3065.076926,0.85,0.865,200,1060.838272
2685.231085,0.84,0.855,200,1065.556104
5746.276655,0.855,0.86,200,1070.272867
4857.007487,0.51,0.515,200,1075.036885
5744.747493,0.85,0.85,200,1079.842719
4568.78865,0.84,0.85,200,1084.57884
4118.627029,0.825,0.845,200,1089.305702
5425.71007,0.75,0.765,200,1094.112317
3275.625055,0.875,0.875,200,1098.860774
2863.139151,0.04,0.04,200,1105.799594
5632.493896,0.805,0.81,200,1110.56058
5008.696068,0.82,0.82,200,1115.378372
5645.182639,0.815,0.815,200,1120.268643
3737.200834,0.84,0.855,200,1125.187538
5758.800055,0.86,0.875,200,1129.989638
5740.143425,0.855,0.865,200,1134.604578
5748.055136,0.845,0.85,200,1139.306139
3940.397275,0.885,0.885,200,1144.057941
5094.94821,0.8,0.81,200,1148.890682
5612.956747,0.8,0.81,200,1156.079383
5666.400326,0.82,0.82,200,1160.840594
5707.636399,0.825,0.825,200,1165.461129
5766.174859,0.85,0.865,200,1170.233085
3418.990508,0.36,0.375,200,1174.955276
5616.788285,0.81,0.825,200,1179.761446
3789.289037,0.835,0.855,200,1184.537437
2498.834275,0.875,0.875,200,1189.379263
5772.19576,0.86,0.88,200,1194.065222
5660.758679,0.81,0.81,200,1198.967118
5714.527516,0.815,0.835,200,1206.139288
5463.571058,0.825,0.83,200,1210.888377
5597.692317,0.755,0.76,200,1215.627712
5658.792478,0.815,0.82,200,1220.349549
5718.83809,0.865,0.865,200,1225.150844
2496.607879,0.865,0.865,200,1229.799172
5703.390182,0.83,0.83,200,1234.599561
5564.177592,0.805,0.805,200,1239.383152
5623.211247,0.8,0.8,200,1244.164269
5671.279345,0.8,0.805,200,1248.934458
4215.294019,0.82,0.85,200,1255.95644
5483.150626,0.78,0.785,200,1260.832804
5552.840242,0.795,0.81,200,1265.533914
5209.512641,0.8,0.81,200,1270.152657
5499.087446,0.78,0.795,200,1274.979545
5619.720099,0.78,0.805,200,1279.693401
2468.687352,0.865,0.865,200,1284.378881
5630.674297,0.815,0.815,200,1289.136333
5703.659147,0.82,0.83,200,1293.748189
2720.968279,0.865,0.87,200,1298.36795
4809.245327,0.81,0.83,200,1305.403402
4366.306409,0.805,0.84,200,1310.196716
5450.432074,0.775,0.78,200,1314.902408
5332.005506,0.825,0.825,200,1319.787024
5744.999314,0.87,0.87,200,1324.705936
5665.672229,0.79,0.81,200,1329.504604
5756.112197,0.85,0.865,200,1334.293218
5746.299011,0.87,0.87,200,1339.173017
5751.811446,0.85,0.855,200,1344.025195
5643.936716,0.79,0.8,200,1348.76928
4561.142458,0.375,0.375,200,1355.588116
5004.478559,0.81,0.82,200,1360.259622
5534.587504,0.815,0.815,200,1364.920401
5720.937654,0.835,0.84,200,1369.676706
5665.88631,0.81,0.83,200,1374.443599
3510.325025,0.84,0.855,200,1379.113861
5654.543966,0.795,0.795,200,1383.925175
5769.234877,0.86,0.875,200,1388.794718
4838.370805,0.815,0.825,200,1393.657938
4510.351104,0.83,0.85,200,1398.533637
5198.487877,0.625,0.635,200,1405.522172
2495.614763,0.87,0.875,200,1410.371604
5703.966764,0.865,0.87,200,1415.129295
5681.210849,0.815,0.83,200,1419.889238
5537.469314,0.81,0.815,200,1424.621255
5594.864607,0.865,0.885,200,1429.458776
4453.206913,0.835,0.86,200,1434.244218
3828.456723,0.74,0.74,200,1438.961877
4620.498612,0.82,0.845,200,1443.661487
5589.039105,0.795,0.8,200,1448.506154
5728.476921,0.835,0.835,200,1455.494406
5619.152667,0.805,0.81,200,1460.244318
4460.004987,0.835,0.845,200,1465.101358
4301.663984,0.82,0.835,200,1469.850703
5483.929237,0.78,0.785,200,1474.534028
5504.66791,0.775,0.8,200,1479.394157
5755.579334,0.845,0.865,200,1484.229317
4722.810603,0.84,0.84,200,1489.013772
2518.884674,0.84,0.86,200,1493.848969
5760.947453,0.855,0.865,200,1498.670286
5748.709133,0.865,0.875,200,1505.85326
5378.149507,0.735,0.75,200,1510.611759
5618.856342,0.79,0.795,200,1515.391364
5594.385425,0.81,0.815,200,1520.143377
5725.072673,0.87,0.875,200,1524.907633
3981.447084,0.845,0.86,200,1529.622429
5499.85799,0.75,0.75,200,1534.275345
5626.808342,0.815,0.815,200,1539.06265
4897.438545,0.8,0.805,200,1543.836779
4952.520481,0.22,0.25,200,1548.587207
5742.446331,0.845,0.845,200,1555.55137
5629.894732,0.81,0.815,200,1560.345205
5508.329675,0.805,0.825,200,1565.154259
2787.684245,0.505,0.535,200,1569.814871
5654.298495,0.8,0.82,200,1574.475079
4891.30492,0.825,0.845,200,1579.290096
4682.547138,0.81,0.825,200,1584.164752
5636.804194,0.785,0.785,200,1588.783551
5716.256695,0.83,0.83,200,1593.541345
3303.154061,0.885,0.885,200,1598.456288
5371.636213,0.805,0.825,200,1605.281052
5737.96142,0.84,0.845,200,1609.937867
5631.404289,0.805,0.805,200,1614.734285
3440.351909,0.85,0.865,200,1619.531589
3627.492693,0.735,0.745,200,1624.327497
3083.406927,0.69,0.695,200,1629.266629
4920.01561,0.81,0.835,200,1634.040973
4884.568297,0.405,0.415,200,1638.816198
5646.604349,0.83,0.83,200,1643.572704
5469.426717,0.72,0.735,200,1648.250045
5408.590894,0.815,0.825,200,1655.194738
3032.961615,0.875,0.875,200,1659.901126
5415.777091,0.775,0.775,200,1664.517236
5711.694652,0.865,0.885,200,1669.348051
5574.620727,0.805,0.81,200,1674.035038
4319.163457,0.87,0.89,200,1678.929738
4845.922936,0.825,0.835,200,1683.760269
5703.946036,0.83,0.83,200,1688.471453
5671.425065,0.815,0.82,200,1693.290689
4354.877151,0.815,0.835,200,1698.004963
5728.882477,0.835,0.84,200,1705.093299
5667.108748,0.825,0.825,200,1709.963182
5372.111919,0.815,0.825,200,1714.876266
2713.318837,0.855,0.87,200,1719.895778
3688.467548,0.125,0.15,200,1724.730105
3765.298654,0.305,0.315,200,1729.619844
5600.221842,0.81,0.815,200,1734.445755
5264.818047,0.81,0.835,200,1739.227162
4631.726787,0.81,0.82,200,1744.051582
2467.003439,0.875,0.875,200,1748.768459
5736.018326,0.84,0.84,200,1756.141067
4052.1119,0.85,0.865,200,1760.892309
5671.112706,0.785,0.795,200,1765.777057
5488.007652,0.78,0.78,200,1770.530078
5667.928467,0.815,0.815,200,1775.325632
2558.801818,0.84,0.845,200,1780.110222
5754.142766,0.85,0.85,200,1784.883831
4947.820495,0.82,0.82,200,1789.704053
5693.386622,0.855,0.87,200,1794.417827
3918.674306,0.865,0.865,200,1799.220226
5755.962935,0.85,0.855,200,1805.946098
5760.861028,0.855,0.865,200,1810.678191
5643.755736,0.805,0.825,200,1815.445025
4429.407301,0.81,0.83,200,1820.3095
5318.859574,0.81,0.81,200,1825.125409
5301.46208,0.82,0.83,200,1829.940776
5693.379119,0.83,0.83,200,1834.774276
4732.843091,0.81,0.83,200,1839.470615
5758.328955,0.855,0.87,200,1844.221815
2977.448778,0.87,0.87,200,1848.942395
5472.593234,0.78,0.785,200,1855.95233
5600.278054,0.8,0.8,200,1860.797238
2964.203278,0.87,0.87,200,1865.504121
5747.846697,0.88,0.89,200,1870.29318
5755.178665,0.85,0.85,200,1875.059179
3187.579403,0.865,0.865,200,1879.846736
5733.230632,0.84,0.84,200,1884.587777
5752.997227,0.85,0.86,200,1889.374157
4499.947811,0.82,0.845,200,1894.16409
4325.726751,0.815,0.84,200,1898.973482
5663.527511,0.8,0.805,200,1906.026548
5751.458759,0.85,0.855,200,1910.68543
5750.546196,0.86,0.865,200,1915.353511
5483.944905,0.77,0.79,200,1920.050772
4019.970252,0.835,0.86,200,1924.602118
5577.3736,0.84,0.875,200,1929.373521
5715.028027,0.835,0.835,200,1934.057227
4545.240068,0.825,0.84,200,1938.747544
5679.090488,0.82,0.82,200,1943.336284
4647.444089,0.825,0.845,200,1947.858801
5740.473317,0.84,0.85,200,1954.824592
5737.42803,0.84,0.85,200,1959.304551
5570.14317,0.79,0.8,200,1964.010298
5711.643936,0.83,0.84,200,1968.809646
5441.07557,0.77,0.78,200,1973.500539
5577.539707,0.8,0.81,200,1978.23378
3185.390508,0.87,0.87,200,1982.90161
4793.47737,0.835,0.845,200,1987.533543
3121.253367,0.865,0.865,200,1992.380532
5710.874064,0.855,0.865,200,1997.093737
5675.411262,0.81,0.815,200,2004.142964
4356.178931,0.83,0.83,200,2008.838363
5661.165328,0.8,0.805,200,2013.699419
5265.98145,0.575,0.575,200,2018.520594
5727.114346,0.875,0.885,200,2023.421531
4701.471394,0.815,0.82,200,2028.274604
3845.5268,0.815,0.85,200,2033.166162
2889.48291,0.86,0.86,200,2038.031994
5616.420871,0.8,0.82,200,2043.041546
5630.148799,0.855,0.855,200,2047.902172
5753.492799,0.84,0.855,200,2054.912265
5547.09407,0.795,0.8,200,2059.640559
5726.037217,0.845,0.845,200,2064.426045
5213.140511,0.815,0.825,200,2069.248104
5741.9967,0.865,0.875,200,2074.094082
5725.96164,0.845,0.845,200,2078.993574
3803.485514,0.88,0.88,200,2083.859617
5742.479231,0.855,0.865,200,2088.540066
4256.88967,0.83,0.85,200,2093.191466
5712.916045,0.84,0.84,200,2097.901586
5230.876532,0.81,0.825,200,2105.159426
5045.87419,0.82,0.825,200,2109.988668
5547.398865,0.8,0.8,200,2114.791773
4543.654333,0.83,0.845,200,2119.671911
5752.228535,0.85,0.855,200,2124.413416
5576.762888,0.795,0.795,200,2129.267335
5688.169402,0.835,0.835,200,2134.148398
3566.865663,0.865,0.865,200,2138.942859
5746.319907,0.86,0.86,200,2143.745246
5664.911148,0.795,0.795,200,2148.474414
5671.066779,0.865,0.88,200,2155.471531
5652.271386,0.8,0.8,200,2160.266922
2593.832514,0.875,0.885,200,2164.938781
4433.798995,0.825,0.845,200,2169.674659
5402.082255,0.715,0.72,200,2174.47849
5750.101629,0.85,0.85,200,2179.294399
5629.113326,0.825,0.825,200,2184.094404
5739.272536,0.835,0.85,200,2189.042084
5427.868321,0.77,0.78,200,2193.946821
5111.000221,0.81,0.82,200,2198.794624
5746.838077,0.855,0.855,200,2205.980856
5462.904836,0.775,0.775,200,2210.640651
5456.584171,0.81,0.815,200,2215.479065
4474.858269,0.875,0.88,200,2220.256459
5761.57161,0.86,0.87,200,2225.003828
5589.812072,0.81,0.815,200,2229.75194
5538.260278,0.815,0.825,200,2234.556118
5619.026099,0.81,0.815,200,2239.304568
3457.9492,0.855,0.855,200,2244.145183
4997.104987,0.87,0.885,200,2249.061603
5707.052385,0.85,0.87,200,2256.02112
5592.97759,0.795,0.81,200,2260.741893
5584.136852,0.82,0.825,200,2265.539871
5748.811894,0.85,0.87,200,2270.331907
3383.261498,0.865,0.865,200,2275.021825
5612.032824,0.81,0.815,200,2279.830112
5468.903815,0.78,0.78,200,2284.610493
4928.250588,0.66,0.67,200,2289.278716
2543.672497,0.89,0.89,200,2294.016905
4186.867199,0.84,0.855,200,2298.724689
5078.501923,0.835,0.835,200,2305.753275
5662.402106,0.79,0.795,200,2310.621856
5735.427934,0.835,0.84,200,2315.47923
3889.059532,0.875,0.875,200,2320.270798
3112.054816,0.835,0.86,200,2325.185127
5648.244553,0.8,0.81,200,2330.088388
4809.174153,0.815,0.83,200,2334.835096
5779.804421,0.865,0.875,200,2339.53533
5642.397809,0.82,0.83,200,2344.30311
4323.598501,0.815,0.83,200,2349.029909
5576.683004,0.795,0.805,200,2356.432784
5697.019574,0.83,0.83,200,2361.386248
5390.001389,0.815,0.83,200,2366.15593
5741.795517,0.845,0.845,200,2370.841188
5536.116354,0.785,0.795,200,2375.580908
5731.518556,0.825,0.835,200,2380.36897
4358.213009,0.83,0.845,200,2385.201082
3803.69939,0.85,0.865,200,2389.871203
5617.452579,0.795,0.795,200,2394.653238
5742.368726,0.835,0.84,200,2399.32979
5745.99463,0.86,0.87,200,2406.54292
5525.659683,0.775,0.805,200,2411.342373
3006.13933,0.87,0.89,200,2416.1048
2873.934091,0.12,0.13,200,2420.966825
5491.26092,0.78,0.795,200,2425.733257
5557.011551,0.8,0.805,200,2430.649417
5599.112668,0.805,0.805,200,2435.418897
4208.333658,0.245,0.25,200,2440.207019
3833.379202,0.84,0.86,200,2444.847527
4653.712571,0.83,0.845,200,2449.651075
5682.111621,0.805,0.805,200,2456.410486
5759.464466,0.85,0.86,200,2461.161452
5747.399164,0.85,0.855,200,2465.914303
5646.422182,0.81,0.81,200,2470.612372
4407.096583,0.83,0.845,200,2475.315761
5619.691561,0.805,0.805,200,2479.982831
5165.31014,0.805,0.805,200,2484.725094
5620.212234,0.805,0.805,200,2489.50463
4215.196328,0.83,0.85,200,2494.335315
4184.540311,0.835,0.855,200,2499.156294
5040.513211,0.695,0.7,200,2506.243158
5617.533817,0.805,0.81,200,2510.815189
5064.009167,0.815,0.825,200,2515.418543
4075.017509,0.86,0.87,200,2520.007726
5633.150685,0.805,0.825,200,2524.662009
2773.11851,0.89,0.89,200,2529.473055
5642.213265,0.805,0.805,200,2534.186735
5643.986005,0.815,0.815,200,2538.832581
5760.063673,0.845,0.86,200,2543.716
5490.638724,0.78,0.78,200,2548.59338
5682.043822,0.82,0.83,200,2555.801465
5619.917857,0.8,0.815,200,2560.644926
5448.094342,0.775,0.785,200,2565.392163
5674.603592,0.83,0.83,200,2570.172252
5734.896063,0.845,0.85,200,2574.937319
2884.534588,0.595,0.605,200,2579.705562
5665.280628,0.805,0.825,200,2584.585994
5669.988394,0.86,0.86,200,2589.488639
5608.734362,0.805,0.815,200,2594.390393
5746.621608,0.85,0.85,200,2599.310953
3043.465099,0.84,0.86,200,2606.463834
4099.46573,0.855,0.87,200,2611.506801
4467.304309,0.74,0.78,200,2616.460534
2693.727609,0.55,0.55,200,2621.272602
5613.552161,0.8,0.82,200,2626.111289
4375.62703,0.825,0.83,200,2630.955896
4423.675295,0.84,0.845,200,2635.714653
4160.442367,0.85,0.86,200,2640.594714
5736.543628,0.86,0.875,200,2645.29942
5614.25873,0.81,0.81,200,2650.174412
5634.954107,0.79,0.795,200,2657.243439
5723.863638,0.845,0.845,200,2662.153556
5751.994528,0.87,0.875,200,2666.935428
5503.197613,0.785,0.795,200,2671.843385
2564.699041,0.85,0.86,200,2676.515206
5747.227652,0.855,0.875,200,2681.375396
5165.948289,0.83,0.83,200,2686.301434
5746.94163,0.85,0.865,200,2691.154305
5557.957633,0.79,0.8,200,2695.987959
5761.820152,0.87,0.87,200,2700.738034
5200.373138,0.81,0.825,200,2707.923229
5660.2619,0.785,0.785,200,2712.680403
5603.863328,0.815,0.815,200,2717.481902
5697.580897,0.835,0.84,200,2722.187013
5729.493817,0.85,0.85,200,2726.964598
5480.864286,0.78,0.79,200,2731.770329
4859.277812,0.825,0.85,200,2736.523621
5754.753627,0.855,0.865,200,2741.282037
5607.389983,0.785,0.79,200,2746.054068
5624.452754,0.805,0.805,200,2750.823091
5756.854906,0.86,0.86,200,2757.729078
5750.852317,0.84,0.845,200,2762.505401
5621.458617,0.825,0.84,200,2767.432444
5203.780033,0.775,0.775,200,2772.305957
3319.772044,0.865,0.865,200,2777.047672
4189.892435,0.455,0.47,200,2781.817902
5274.810321,0.83,0.83,200,2786.597605
5747.085207,0.865,0.865,200,2791.298747
4739.964597,0.845,0.845,200,2796.139861
4884.302954,0.82,0.84,200,2800.866594
5679.064288,0.815,0.825,200,2807.842948
5748.650392,0.86,0.865,200,2812.626609
5217.004896,0.61,0.615,200,2817.33482
5747.932076,0.86,0.865,200,2822.229719
5634.807583,0.82,0.82,200,2826.977813
5757.9636,0.855,0.855,200,2831.724823
4082.51024,0.87,0.87,200,2836.699577
2763.422115,0.88,0.88,200,2841.501618
4182.536789,0.825,0.855,200,2846.486313
5662.366737,0.8,0.8,200,2851.293262
5734.357056,0.85,0.85,200,2858.351364
5735.029107,0.85,0.865,200,2863.358844
5616.659387,0.82,0.825,200,2868.279594
5647.423218,0.78,0.78,200,2873.099825
5606.517134,0.81,0.81,200,2877.938765
5711.79379,0.825,0.835,200,2882.721041
5680.272891,0.8,0.805,200,2887.479289
4168.699802,0.82,0.845,200,2892.367699
5496.914914,0.825,0.84,200,2897.16402
4519.45353,0.85,0.87,200,2901.924905
5290.403365,0.835,0.835,200,2909.203676
5667.875149,0.825,0.825,200,2914.004404
3965.808037,0.825,0.855,200,2918.779045
5704.847924,0.825,0.835,200,2923.525347
5663.968713,0.815,0.825,200,2928.186979
4338.014504,0.865,0.865,200,2932.863965
5643.191646,0.805,0.825,200,2937.706669
5758.906138,0.88,0.885,200,2942.459366
4348.070566,0.845,0.86,200,2947.159696
5498.019185,0.815,0.815,200,2951.83313
5652.836849,0.785,0.79,200,2958.6851
5740.498386,0.83,0.85,200,2963.447217
5672.975357,0.79,0.795,200,2968.204769
5741.91699,0.84,0.84,200,2972.901899
5759.42946,0.855,0.86,200,2977.744733
5749.523081,0.845,0.855,200,2982.441834
5626.932593,0.775,0.78,200,2987.096825
4501.261079,0.59,0.62,200,2991.867341
5652.55582,0.79,0.795,200,2996.554635
5684.791818,0.835,0.835,200,3001.373783
4483.471094,0.835,0.865,200,3008.590808
5725.421203,0.835,0.835,200,3013.341935
5636.97506,0.8,0.815,200,3018.058305
5635.717207,0.815,0.815,200,3022.846489
4595.937159,0.82,0.835,200,3027.534293
3013.758219,0.855,0.865,200,3032.341302
5740.584901,0.865,0.88,200,3037.141705
5722.858766,0.845,0.845,200,3042.038498
5019.010535,0.83,0.835,200,3047.225889
5690.166903,0.835,0.835,200,3052.189812
4160.731791,0.875,0.875,200,3059.136752
5743.141492,0.87,0.875,200,3063.919407
5654.103743,0.79,0.805,200,3068.562823
2610.004875,0.88,0.885,200,3073.424926
4283.239347,0.835,0.835,200,3078.219104
5670.437774,0.79,0.79,200,3082.923644
4370.011123,0.84,0.855,200,3087.704092
3021.545534,0.845,0.855,200,3092.63414
2531.71401,0.87,0.87,200,3097.501964
5623.909519,0.815,0.815,200,3102.505353
5579.35101,0.795,0.805,200,3109.38851
4864.325605,0.83,0.85,200,3114.291013
5752.511004,0.845,0.855,200,3119.13839
3591.846223,0.885,0.89,200,3123.984816
5273.321178,0.835,0.845,200,3128.822723
5669.918811,0.79,0.79,200,3133.675203
5629.407692,0.85,0.86,200,3138.483576
2633.544704,0.135,0.16,200,3143.205909
5187.000713,0.835,0.84,200,3147.933582
3826.784626,0.88,0.88,200,3152.812221
3280.559844,0.485,0.49,200,3159.622323
5732.716414,0.84,0.84,200,3164.508276
5668.616929,0.8,0.805,200,3169.493489
5749.00491,0.84,0.85,200,3174.37041
4718.044394,0.83,0.845,200,3179.125906
2958.429337,0.35,0.36,200,3184.058538
3819.648814,0.425,0.44,200,3188.881952
5622.18802,0.805,0.82,200,3193.795734
4458.901419,0.835,0.85,200,3198.673668
4486.975758,0.77,0.77,200,3203.478384
5753.387617,0.85,0.85,200,3210.755692
3293.096881,0.585,0.595,200,3215.662399
5747.493401,0.845,0.845,200,3220.680822
5736.652506,0.845,0.845,200,3225.600578
2621.554706,0.04,0.05,200,3230.530535
4583.151148,0.83,0.845,200,3235.412945
5693.706975,0.835,0.835,200,3240.190294
5770.654416,0.87,0.885,200,3244.937048
4326.855706,0.845,0.86,200,3249.757896
5757.04265,0.86,0.885,200,3254.482873
5616.036068,0.815,0.815,200,3261.836347
4982.584488,0.825,0.84,200,3266.658458
5629.288815,0.81,0.81,200,3271.436418
4148.074804,0.85,0.865,200,3276.354498
5751.363316,0.85,0.85,200,3281.222926
5677.896963,0.82,0.83,200,3286.131842
5705.86447,0.85,0.85,200,3290.893095
5111.2343,0.82,0.835,200,3295.788128
5568.105426,0.795,0.81,200,3300.708737
5753.754751,0.84,0.85,200,3305.613459
5639.370102,0.805,0.82,200,3312.657961
5655.503158,0.815,0.825,200,3317.533084
5723.647137,0.855,0.855,200,3322.381671
5635.827559,0.815,0.815,200,3327.373895
5732.838017,0.84,0.845,200,3332.236991
5658.932486,0.82,0.825,200,3337.06923
5636.923971,0.82,0.82,200,3341.76333
2891.59279,0.865,0.865,200,3346.50868
4375.549615,0.825,0.835,200,3351.29592
4460.105251,0.845,0.85,200,3355.881834
5754.510235,0.855,0.86,200,3363.1166
5755.083404,0.85,0.85,200,3367.890136
5514.317091,0.83,0.83,200,3372.711961
5735.918243,0.845,0.845,200,3377.585618
5750.068292,0.835,0.85,200,3382.522949
4530.329147,0.835,0.84,200,3387.28029
5629.792146,0.815,0.815,200,3392.158622
5650.287441,0.78,0.78,200,3397.021485
5562.314174,0.81,0.81,200,3401.862093
5751.487601,0.85,0.865,200,3406.591485
3920.106174,0.855,0.86,200,3413.490855
5545.218795,0.8,0.8,200,3418.34417
5751.841354,0.86,0.86,200,3423.228688
3000.939597,0.365,0.37,200,3427.979292
5661.197924,0.805,0.815,200,3432.762943
5626.620955,0.82,0.825,200,3437.623462
3996.258362,0.865,0.865,200,3442.575345
5740.518908,0.84,0.84,200,3447.450374
3046.045321,0.885,0.885,200,3452.245662
5664.485485,0.82,0.83,200,3456.949854
4855.471804,0.68,0.7,200,3464.19199
3566.016679,0.86,0.87,200,3468.992739
4209.00279,0.85,0.865,200,3473.774817
5768.838385,0.86,0.88,200,3478.546287
5516.645273,0.805,0.81,200,3483.260743
5653.137855,0.785,0.785,200,3488.080607
2913.10053,0.86,0.865,200,3492.78538
5248.526005,0.82,0.83,200,3497.51348
5653.906376,0.765,0.785,200,3502.344155
5181.840153,0.78,0.78,200,3507.197098
5636.788422,0.815,0.82,200,3514.295845
5771.472429,0.865,0.865,200,3519.082136
4171.446844,0.88,0.89,200,3523.846029
3182.781318,0.875,0.875,200,3528.518829
3248.179502,0.29,0.315,200,3533.216039
5597.263798,0.81,0.81,200,3537.789933
5593.025094,0.79,0.8,200,3542.637733
5704.386058,0.85,0.88,200,3547.4713
5728.150428,0.86,0.875,200,3552.185973
5699.106447,0.87,0.89,200,3556.85103
5651.129066,0.8,0.805,200,3563.905042
5723.891451,0.84,0.84,200,3568.693701
5642.506488,0.82,0.82,200,3573.493543
5158.286765,0.835,0.85,200,3578.387741
5738.056266,0.85,0.85,200,3583.348868
3544.205546,0.245,0.27,200,3588.07853
5741.455451,0.855,0.87,200,3592.840364
3109.627808,0.86,0.875,200,3597.704169
5212.493886,0.825,0.835,200,3602.461026
4165.107698,0.855,0.865,200,3607.217799
5495.985776,0.785,0.785,200,3614.026209
5728.992805,0.83,0.835,200,3618.750816
5569.469481,0.82,0.82,200,3623.374815
4119.748048,0.47,0.52,200,3627.99804
4461.209663,0.835,0.855,200,3632.671196
4033.482875,0.845,0.86,200,3637.311487
4498.617218,0.835,0.845,200,3642.016006
5540.230825,0.8,0.8,200,3646.66463
5605.433101,0.82,0.82,200,3651.324713
3501.633858,0.875,0.875,200,3655.995037
2606.696234,0.86,0.86,200,3663.024607
5650.141673,0.805,0.805,200,3667.700563
5166.44674,0.81,0.82,200,3672.441572
5614.799384,0.805,0.81,200,3677.091001
5707.152581,0.84,0.84,200,3681.839811
5318.93475,0.81,0.82,200,3686.565646
5773.684318,0.865,0.87,200,3691.225394
5748.365248,0.855,0.86,200,3695.918995
5661.312607,0.815,0.815,200,3700.648924
3849.618236,0.845,0.86,200,3705.285284
5513.681471,0.82,0.82,200,3712.450074
5623.614064,0.795,0.815,200,3717.216989
5756.57178,0.85,0.86,200,3721.907077
5679.70999,0.82,0.82,200,3726.715457
5753.734059,0.855,0.86,200,3731.48342
5524.492619,0.82,0.82,200,3736.278455
5563.065489,0.82,0.84,200,3741.045569
5723.382369,0.84,0.84,200,3745.720425
5759.941718,0.85,0.865,200,3750.336607
5753.969636,0.85,0.87,200,3754.942693
5543.314881,0.83,0.835,200,3761.918246
5761.523442,0.845,0.855,200,3766.53055
5767.584629,0.855,0.87,200,3771.28669
3385.61631,0.875,0.875,200,3776.017444
5675.311033,0.85,0.865,200,3780.782627
5744.928901,0.845,0.85,200,3785.505881
5748.637941,0.85,0.85,200,3790.226456
5299.429171,0.66,0.66,200,3794.94156
3022.041249,0.715,0.725,200,3799.738169
5771.499253,0.865,0.87,200,3804.473844
5653.821569,0.815,0.815,200,3811.508549
5639.838583,0.815,0.825,200,3816.240618
4527.471064,0.845,0.86,200,3820.870583
5422.244567,0.805,0.81,200,3825.526132
5672.641106,0.805,0.82,200,3830.23206
5670.677519,0.795,0.8,200,3835.008394
5753.735156,0.86,0.87,200,3839.778268
2789.365417,0.875,0.885,200,3844.533393
5654.494677,0.825,0.825,200,3849.264986
5665.54827,0.82,0.82,200,3854.104093
4184.751983,0.83,0.86,200,3861.330606
5707.75963,0.825,0.84,200,3866.240391
5732.738881,0.825,0.83,200,3871.10375
5613.608562,0.805,0.81,200,3875.858415
5759.560291,0.855,0.86,200,3880.670413
5601.36844,0.81,0.81,200,3885.316043
5508.760017,0.79,0.8,200,3889.994618
5661.242557,0.825,0.825,200,3894.804152
5754.222713,0.845,0.85,200,3899.561575
5756.665097,0.855,0.865,200,3904.281044
5750.855155,0.85,0.865,200,3911.105462
5654.811499,0.81,0.81,200,3915.811842
5642.363527,0.81,0.82,200,3920.647943
5684.861611,0.815,0.82,200,3925.387932
4671.771973,0.825,0.845,200,3930.06228
5689.195041,0.8,0.805,200,3934.713627
5772.883924,0.86,0.865,200,3939.614982
2779.905514,0.84,0.865,200,3944.402862
3207.936742,0.85,0.85,200,3949.19237
2580.502171,0.87,0.875,200,3954.100246
4425.893804,0.855,0.855,200,3961.212413
5642.847115,0.815,0.815,200,3965.959745
5667.328606,0.815,0.83,200,3970.897351
5729.19994,0.835,0.85,200,3975.737196
4008.656913,0.885,0.89,200,3980.522501
5589.666153,0.805,0.805,200,3985.358673
4172.83725,0.845,0.855,200,3990.148301
2975.843654,0.885,0.895,200,3994.935529
4827.627847,0.82,0.835,200,3999.631505
5746.975148,0.855,0.855,200,4004.423106
5749.173676,0.845,0.845,200,4011.569904
5752.67397,0.855,0.855,200,4016.296786
5729.456585,0.86,0.86,200,4021.287616
5721.030614,0.835,0.835,200,4026.150075
4502.376618,0.82,0.84,200,4031.038106
5735.899447,0.84,0.845,200,4035.908293
5458.789574,0.815,0.825,200,4040.659046
5743.120904,0.845,0.85,200,4045.612584
5762.95733,0.86,0.86,200,4050.578375
5443.104159,0.815,0.83,200,4055.343981
4832.715064,0.855,0.86,200,4062.497909
4220.577547,0.875,0.89,200,4067.366684
5763.644026,0.875,0.88,200,4072.107502
5662.060153,0.795,0.8,200,4076.91954
3157.496136,0.875,0.875,200,4081.759403
5664.779671,0.84,0.865,200,4086.674714
5661.423064,0.82,0.82,200,4091.511657
5677.438781,0.81,0.81,200,4096.357639
4904.101875,0.825,0.845,200,4101.218768
5692.780421,0.81,0.81,200,4105.947678
5748.749384,0.845,0.85,200,4112.872683
3634.080115,0.335,0.36,200,4117.4771
5734.56723,0.84,0.84,200,4122.157881
5654.854596,0.81,0.825,200,4126.908918
5700.005727,0.84,0.84,200,4131.63519
5771.994988,0.87,0.87,200,4136.269263
5753.587718,0.86,0.865,200,4141.006454
4487.986704,0.72,0.72,200,4145.7998
5741.980736,0.84,0.84,200,4150.726958
5576.842862,0.795,0.81,200,4155.724443
5763.562678,0.855,0.86,200,4162.965996
5356.328165,0.825,0.84,200,4167.625135
5714.834908,0.825,0.84,200,4172.313942
5651.747268,0.815,0.82,200,4177.102684
5772.621961,0.87,0.87,200,4181.95015
5732.945005,0.855,0.855,200,4186.486412
5635.954391,0.76,0.76,200,4191.180594
5677.177142,0.79,0.79,200,4195.900134
5051.032042,0.87,0.875,200,4200.726458
5745.644427,0.85,0.85,200,4205.546062
4605.952672,0.71,0.725,200,4212.538904
5753.842701,0.845,0.855,200,4217.383047
5644.65314,0.795,0.795,200,4222.128182
5574.684115,0.805,0.805,200,4226.850919
4923.47585,0.83,0.845,200,4231.571461
5593.178046,0.805,0.81,200,4236.305672
5662.612019,0.82,0.82,200,4241.164253
3258.338841,0.485,0.485,200,4245.977606
2728.263843,0.89,0.89,200,4250.815455
5466.144983,0.78,0.785,200,4255.573997
5601.11663,0.81,0.81,200,4262.671646
5577.128734,0.875,0.875,200,4267.463542
5082.463127,0.84,0.84,200,4272.319635
2689.732734,0.88,0.88,200,4276.961371
5645.107093,0.815,0.82,200,4281.684499
5691.437468,0.86,0.865,200,4286.353773
5744.7303,0.845,0.845,200,4291.159604
5670.484526,0.815,0.83,200,4295.928442
5638.608942,0.815,0.815,200,4300.637089
5612.42976,0.785,0.8,200,4305.439232
5758.919314,0.855,0.855,200,4312.35816
5638.907039,0.82,0.82,200,4317.189098
5727.471403,0.845,0.845,200,4322.055044
5752.975131,0.85,0.85,200,4326.762486
5733.513204,0.835,0.84,200,4331.451169
5494.40572,0.835,0.84,200,4336.260003
5726.309103,0.855,0.86,200,4341.156343
5714.540926,0.82,0.825,200,4345.836226
5689.534847,0.84,0.865,200,4350.656407
4732.104085,0.84,0.845,200,4355.398172
5372.667752,0.845,0.845,200,4362.5993
5301.622603,0.835,0.845,200,4367.273465
5633.324915,0.825,0.83,200,4372.047717
3994.883508,0.885,0.885,200,4376.883029
5705.400564,0.865,0.875,200,4381.555592
5759.627995,0.85,0.86,200,4386.269375
5765.43347,0.85,0.86,200,4390.998907
4718.452253,0.825,0.85,200,4395.786067
5687.915202,0.83,0.83,200,4400.584209
5500.949933,0.81,0.82,200,4405.342301
5749.161686,0.85,0.855,200,4412.274004
5752.968285,0.86,0.87,200,4417.096568
5740.056112,0.87,0.89,200,4421.86746
3135.738215,0.45,0.45,200,4426.695349
5737.64946,0.87,0.885,200,4431.576077
4796.94831,0.845,0.855,200,4436.327245
3157.939262,0.855,0.865,200,4441.180704
2474.287217,0.085,0.09,200,4445.955505
5663.613843,0.825,0.83,200,4450.845272
3591.735043,0.855,0.865,200,4455.713472
4606.734601,0.845,0.85,200,4462.768831
3170.386349,0.225,0.235,200,4467.498238
4181.985009,0.855,0.865,200,4472.149004
5720.200306,0.855,0.865,200,4476.791162
5677.090166,0.8,0.8,200,4481.595604
5635.377204,0.82,0.825,200,4486.309176
5738.838338,0.85,0.855,200,4491.030218
3685.572645,0.865,0.865,200,4495.783149
5659.384939,0.82,0.82,200,4500.540385
5728.918034,0.855,0.855,200,4505.330719
5590.14184,0.815,0.815,200,4512.113635
5581.075632,0.795,0.815,200,4517.00307
4676.29783,0.85,0.85,200,4521.805173
4280.264914,0.865,0.89,200,4526.625576
5691.284204,0.82,0.82,200,4531.487396
5685.945213,0.795,0.805,200,4536.238213
5736.053369,0.865,0.885,200,4541.126082
5378.682357,0.825,0.84,200,4545.992108
5655.361494,0.855,0.855,200,4550.776599
5698.921649,0.82,0.82,200,4555.53445
4437.710627,0.85,0.855,200,4562.84067
5676.034579,0.795,0.795,200,4567.677866
4256.225722,0.675,0.69,200,4572.342421
5695.865288,0.825,0.825,200,4577.209587
5362.884611,0.83,0.83,200,4582.173912
4766.199033,0.77,0.785,200,4586.922473
5738.410587,0.845,0.845,200,4591.736953
5589.282451,0.805,0.805,200,4596.531874
4330.627171,0.835,0.85,200,4601.308211
5541.74547,0.795,0.8,200,4606.040987
3409.595589,0.855,0.855,200,4613.127933
5648.73257,0.825,0.825,200,4617.811407
5688.948639,0.815,0.815,200,4622.463471
4939.431705,0.68,0.695,200,4627.347968
4364.32539,0.61,0.625,200,4632.162122
5105.425731,0.84,0.84,200,4636.978786
5764.870565,0.85,0.86,200,4641.753432
5434.086699,0.825,0.835,200,4646.482045
5655.906116,0.8,0.8,200,4651.208584
5642.636799,0.82,0.825,200,4655.837547
5724.012685,0.86,0.875,200,4662.969717
5725.438384,0.835,0.845,200,4667.797825
5680.669649,0.79,0.8,200,4672.648472
5692.276123,0.835,0.835,200,4677.358613
5302.359861,0.675,0.68,200,4682.144428
3352.982443,0.675,0.675,200,4686.844392
5648.236285,0.825,0.83,200,4691.655394
5664.809091,0.815,0.82,200,4696.480387
5703.351491,0.83,0.835,200,4701.27762
5642.999869,0.81,0.81,200,4706.089849
4828.128179,0.85,0.855,200,4713.196213
5603.786551,0.83,0.83,200,4717.904968
5652.094086,0.815,0.815,200,4722.744239
5746.355591,0.855,0.86,200,4727.605185
5713.525047,0.835,0.845,200,4732.400094
5751.251314,0.855,0.865,200,4737.111054
5516.031738,0.815,0.815,200,4741.873267
5723.832718,0.83,0.84,200,4746.608209
5669.194505,0.805,0.805,200,4751.279453
2786.997094,0.255,0.26,200,4756.074363
5705.99569,0.855,0.855,200,4763.109788
5386.442948,0.625,0.625,200,4767.737012
3115.469454,0.88,0.88,200,4772.508754
4142.941304,0.87,0.87,200,4777.195105
4092.876528,0.75,0.755,200,4781.866598
5720.812302,0.855,0.855,200,4786.518405
5711.073137,0.855,0.87,200,4791.333686
5259.214372,0.785,0.785,200,4796.258927
5177.811734,0.845,0.845,200,4800.91715
5554.904559,0.795,0.805,200,4805.779691
5721.135308,0.835,0.84,200,4812.548459
4310.626365,0.85,0.855,200,4817.341013
4266.979415,0.84,0.85,200,4822.14756
5691.328911,0.81,0.81,200,4826.878715
5029.057462,0.63,0.655,200,4831.541183
3060.597821,0.86,0.865,200,4836.213944
4780.712322,0.84,0.84,200,4840.919887
5694.784597,0.82,0.825,200,4845.551208
4841.289222,0.81,0.845,200,4850.352095
5577.378753,0.81,0.81,200,4855.012228
5728.335579,0.885,0.89,200,4861.948789
5579.551804,0.81,0.81,200,4866.611239
5698.97563,0.825,0.825,200,4871.364734
5327.634922,0.85,0.85,200,4876.203087
3845.421935,0.87,0.88,200,4881.046055
5320.312183,0.885,0.885,200,4885.780671
5712.923894,0.86,0.86,200,4890.467232
5748.192319,0.855,0.855,200,4894.984798
4315.307317,0.845,0.85,200,4899.587548
5276.226727,0.79,0.8,200,4904.208232
5750.34211,0.84,0.845,200,4911.329213
5685.758871,0.82,0.83,200,4916.018778
5708.832642,0.83,0.83,200,4920.815822
5392.800461,0.845,0.845,200,4925.475052
4381.182712,0.865,0.865,200,4930.293143
4548.996879,0.85,0.85,200,4934.908852
5723.788893,0.865,0.88,200,4939.608002
5674.089267,0.795,0.795,200,4944.493516
5756.346723,0.87,0.885,200,4949.067525
5691.832664,0.825,0.83,200,4953.779942
5737.245552,0.84,0.84,200,4960.604755
5395.140259,0.855,0.855,200,4965.35882
4323.701071,0.865,0.865,200,4970.093138
3162.56498,0.88,0.88,200,4974.70253
5730.402068,0.845,0.845,200,4979.585693
5748.52995,0.87,0.87,200,4984.267548
5676.253231,0.825,0.825,200,4988.943006
5720.824916,0.85,0.85,200,4993.515411
3363.738915,0.44,0.44,200,4998.256593
5713.890784,0.825,0.835,200,5003.037563
5742.029831,0.84,0.85,200,5009.810304
5090.027665,0.835,0.835,200,5014.487173
5747.167736,0.855,0.855,200,5019.26466
5675.13827,0.8,0.8,200,5023.968671
5684.930712,0.825,0.825,200,5028.649535
5384.721813,0.84,0.845,200,5033.352998
5651.834289,0.815,0.82,200,5038.027288
4172.497289,0.865,0.865,200,5042.821153
4785.300658,0.845,0.845,200,5047.476266
5168.027656,0.82,0.84,200,5052.208937
5731.899033,0.85,0.86,200,5058.998447
5691.14982,0.815,0.815,200,5063.679137
5756.825362,0.85,0.87,200,5068.39155
5763.34213,0.855,0.86,200,5073.160794
5690.924017,0.8,0.815,200,5077.861416
2773.440923,0.88,0.885,200,5082.502681
5718.165659,0.86,0.86,200,5087.07206
5664.282679,0.81,0.82,200,5091.746777
5758.594766,0.85,0.855,200,5096.530226
5729.668767,0.85,0.855,200,5101.336814
5668.263085,0.82,0.82,200,5108.258936
5640.67569,0.81,0.815,200,5113.074914
5008.71257,0.875,0.9,200,5117.90573
5580.391885,0.835,0.855,200,5122.643658
5600.844312,0.805,0.81,200,5127.438517
5704.101861,0.835,0.84,200,5132.235575
3780.759716,0.53,0.53,200,5136.97518
5666.346144,0.795,0.795,200,5141.839458
5771.316368,0.87,0.87,200,5146.639937
4801.896201,0.82,0.845,200,5151.580504
5698.341877,0.83,0.83,200,5158.888891
5672.46164,0.82,0.825,200,5163.796311
5669.447807,0.82,0.825,200,5168.770738
4317.574771,0.855,0.855,200,5173.568562
5735.775966,0.845,0.85,200,5178.325112
5491.627083,0.8,0.8,200,5183.097087
5750.70207,0.845,0.865,200,5187.976541
5737.297462,0.835,0.835,200,5192.7513
5462.410183,0.75,0.75,200,5197.475449
5681.239613,0.815,0.83,200,5202.329621
5694.402714,0.81,0.81,200,5209.16256
4353.794341,0.865,0.865,200,5214.056145
5699.500837,0.81,0.825,200,5218.880231
5152.101785,0.835,0.835,200,5223.770474
4798.279673,0.595,0.595,200,5228.562826
5212.983132,0.84,0.84,200,5233.331701
5750.964102,0.855,0.855,200,5238.202235
5688.436909,0.82,0.82,200,5242.980787
5756.249279,0.855,0.855,200,5247.703633
5609.854009,0.81,0.815,200,5252.526696
5577.046351,0.835,0.855,200,5259.728325
5651.25995,0.84,0.845,200,5264.421078
5738.767866,0.86,0.875,200,5269.166219
5621.41409,0.835,0.835,200,5274.075443
3690.419789,0.67,0.68,200,5278.951178
3854.771116,0.875,0.885,200,5283.788917
5674.681658,0.805,0.805,200,5288.628896
5345.16771,0.575,0.58,200,5293.448556
5614.173311,0.865,0.88,200,5298.249637
5677.373216,0.8,0.8,200,5303.076715
5752.818343,0.845,0.85,200,5310.136175
5683.611445,0.845,0.845,200,5315.001302
5745.316502,0.85,0.85,200,5319.745074
4562.913073,0.775,0.79,200,5324.597327
5643.822753,0.82,0.82,200,5329.336715
5742.95621,0.865,0.87,200,5334.098058
5704.785649,0.84,0.84,200,5338.836044
5692.756729,0.865,0.88,200,5343.694883
5579.76164,0.84,0.855,200,5348.502446
4662.759365,0.595,0.605,200,5353.257047
5598.971035,0.835,0.835,200,5360.319917
5705.146327,0.835,0.845,200,5365.25571
5641.651998,0.82,0.82,200,5370.124282
5721.446414,0.86,0.865,200,5374.947687
5718.099203,0.855,0.875,200,5379.754313
5700.877537,0.8,0.815,200,5384.476146
3762.90167,0.88,0.885,200,5389.335971
5737.779339,0.835,0.85,200,5394.000736
4706.875725,0.845,0.845,200,5398.71032
5710.267678,0.835,0.835,200,5403.55011
5240.522511,0.835,0.835,200,5410.594266
5011.24172,0.84,0.84,200,5415.520311
5757.456255,0.855,0.855,200,5420.295102
5713.222732,0.825,0.825,200,5424.982153
5593.951539,0.855,0.88,200,5429.636704
4211.687536,0.845,0.855,200,5434.383439
4815.182638,0.835,0.855,200,5439.137065
5684.835185,0.815,0.815,200,5444.018366
5693.116963,0.865,0.87,200,5448.788789
5678.205482,0.83,0.83,200,5453.521895
5637.432307,0.825,0.825,200,5460.357087
5756.065438,0.855,0.86,200,5465.073869
5681.558955,0.81,0.815,200,5469.830298
5748.844637,0.845,0.845,200,5474.623993
5730.189871,0.835,0.84,200,5479.454717
2847.825159,0.875,0.875,200,5484.348379
4444.810459,0.82,0.84,200,5489.197717
5680.187829,0.82,0.825,200,5493.922142
5532.807953,0.86,0.87,200,5498.661754
5659.573676,0.83,0.83,200,5503.407837
5754.119144,0.85,0.85,200,5510.556378
5454.930273,0.825,0.83,200,5515.278411
5673.243013,0.805,0.81,200,5519.991662
5688.563414,0.805,0.805,200,5524.749975
4314.550002,0.85,0.855,200,5529.643568
5672.710541,0.825,0.825,200,5534.380348
5642.758121,0.805,0.81,200,5539.127232
5751.871794,0.855,0.865,200,5543.90293
5724.181642,0.85,0.87,200,5548.753182
5687.872795,0.82,0.82,200,5553.511556
5303.67656,0.83,0.835,200,5560.602408
5737.551077,0.84,0.84,200,5565.43831
5749.700407,0.845,0.845,200,5570.129435
5299.347159,0.835,0.84,200,5574.902426
5752.386775,0.845,0.855,200,5579.709103
3742.528065,0.87,0.87,200,5584.561074
5516.620686,0.815,0.815,200,5589.242415
5581.661848,0.805,0.81,200,5594.090184
5461.493049,0.83,0.83,200,5598.90551
5641.909331,0.86,0.865,200,5603.639729
5756.884798,0.84,0.85,200,5610.825999
5695.04939,0.81,0.815,200,5615.625675
5747.273334,0.85,0.85,200,5620.491716
4436.679423,0.85,0.865,200,5625.262533
5693.43946,0.825,0.83,200,5630.011037
5688.868357,0.815,0.815,200,5634.814597
5254.633207,0.82,0.83,200,5639.538443
5774.6165,0.86,0.87,200,5644.331253
5762.990735,0.855,0.865,200,5649.208493
5744.744289,0.855,0.865,200,5654.046191
5768.128058,0.86,0.865,200,5660.883853
3663.417039,0.865,0.87,200,5665.62406
5762.157358,0.86,0.87,200,5670.329474
5654.521339,0.835,0.835,200,5674.985308
5773.904182,0.85,0.86,200,5679.759577
5752.148035,0.86,0.87,200,5684.512113
5691.358741,0.825,0.825,200,5689.237993
5633.525727,0.815,0.815,200,5693.944573
5757.137704,0.845,0.845,200,5698.659647
5683.470026,0.81,0.81,200,5703.493661
5769.122022,0.86,0.865,200,5710.537029
5537.563689,0.785,0.8,200,5715.276914
5347.895496,0.58,0.58,200,5720.042077
4625.323997,0.84,0.85,200,5724.813448
5692.087839,0.825,0.825,200,5729.508332
5232.231816,0.845,0.85,200,5734.169812
5537.64281,0.785,0.785,200,5739.02311
5750.052711,0.845,0.85,200,5743.749226
5562.011469,0.815,0.815,200,5748.630081
5537.708159,0.83,0.835,200,5753.400264
4472.277114,0.825,0.85,200,5760.779744
5672.240138,0.825,0.835,200,5765.496682
5685.228926,0.81,0.81,200,5770.281303
4495.624307,0.48,0.485,200,5775.030946
4603.966974,0.8,0.805,200,5779.827284
5695.889571,0.825,0.825,200,5784.567098
4700.561366,0.645,0.655,200,5789.354814
4389.809108,0.765,0.765,200,5794.105427
5676.244823,0.8,0.8,200,5798.942945
5535.852987,0.79,0.8,200,5803.721235
5020.379153,0.83,0.85,200,5810.720033
3638.180732,0.395,0.405,200,5815.510722
5740.698717,0.84,0.84,200,5820.372647
5720.6787,0.85,0.865,200,5825.274614
3855.027124,0.87,0.87,200,5830.19587
5739.415269,0.835,0.845,200,5835.03879
5303.901278,0.83,0.84,200,5839.921916
3321.342225,0.88,0.88,200,5844.727765
5689.837071,0.805,0.805,200,5849.608128
5725.784177,0.835,0.84,200,5854.519759
5764.82118,0.845,0.86,200,5861.555415
3851.302816,0.715,0.725,200,5866.158838
5435.240079,0.84,0.84,200,5870.785759
5570.257003,0.82,0.82,200,5875.490372
4453.598852,0.855,0.855,200,5880.277262
5669.247088,0.855,0.86,200,5885.093154
3516.210765,0.875,0.875,200,5889.837973
5743.515087,0.85,0.85,200,5894.591506
4578.425809,0.87,0.87,200,5899.303617
5500.885594,0.795,0.795,200,5904.086134
5755.664062,0.84,0.85,200,5911.130735
5731.171218,0.84,0.84,200,5915.769193
5754.518005,0.85,0.855,200,5920.302019
4848.589213,0.84,0.855,200,5924.985192
5644.785364,0.82,0.82,200,5929.854889
5748.332112,0.845,0.855,200,5934.603294
5620.904991,0.855,0.87,200,5939.377473
5561.211031,0.805,0.805,200,5943.995901
5119.752073,0.85,0.85,200,5948.831685
5057.122176,0.535,0.535,200,5953.435807
5751.121859,0.845,0.85,200,5960.311553
5751.166919,0.845,0.845,200,5965.133003
5769.465107,0.86,0.865,200,5969.903383
3848.890432,0.875,0.875,200,5974.650072
5668.289281,0.83,0.83,200,5979.259141
5740.859679,0.82,0.845,200,5984.098665
5387.691871,0.835,0.845,200,5988.906994
5649.315321,0.81,0.815,200,5993.529401
4315.008929,0.855,0.855,200,5998.189617
5738.790002,0.84,0.84,200,6002.888679
5760.904776,0.85,0.87,200,6009.888958
4146.14949,0.85,0.855,200,6014.506389
5766.423515,0.855,0.86,200,6019.096471
5756.505953,0.855,0.86,200,6023.718854
5769.76937,0.855,0.87,200,6028.310769
5742.270929,0.84,0.85,200,6033.03883
5783.38387,0.87,0.88,200,6037.758729
5749.822185,0.845,0.86,200,6042.521257
5577.050415,0.815,0.82,200,6047.314252
5000.082991,0.83,0.85,200,6052.067441
2871.629853,0.34,0.36,200,6058.881342
5685.724609,0.825,0.825,200,6063.440019
5421.4311,0.84,0.84,200,6068.024733
5394.708788,0.62,0.625,200,6072.699226
5533.8549,0.845,0.875,200,6077.258786
4793.337419,0.85,0.85,200,6081.904455
4034.0707,0.535,0.565,200,6086.777706
5639.977621,0.81,0.82,200,6091.529271
5680.178551,0.82,0.82,200,6096.269489
5770.126747,0.87,0.88,200,6100.803883
5724.2639,0.83,0.845,200,6107.627037
4858.631768,0.835,0.84,200,6112.328727
5736.176332,0.85,0.85,200,6117.07976
4273.212532,0.87,0.87,200,6121.729843
5731.099661,0.855,0.865,200,6126.307146
4159.73451,0.855,0.855,200,6130.922452
5755.074372,0.855,0.865,200,6135.463012
5756.397585,0.845,0.855,200,6140.132229
5684.998837,0.825,0.825,200,6144.60499
5677.660853,0.81,0.82,200,6149.235293
5742.102287,0.845,0.845,200,6155.908092
4313.143259,0.575,0.595,200,6160.5305
4208.306072,0.67,0.675,200,6165.095938
5670.183361,0.785,0.785,200,6169.871451
5759.36921,0.85,0.855,200,6174.592129
5643.466026,0.835,0.84,200,6179.324753
5766.296804,0.86,0.86,200,6183.909685
5730.280754,0.86,0.865,200,6188.554998
5671.458558,0.81,0.815,200,6193.162007
5614.770709,0.815,0.815,200,6197.653883
4522.520926,0.835,0.85,200,6204.431116
4303.553053,0.86,0.86,200,6208.982651
5601.307936,0.81,0.815,200,6213.641971
5703.718962,0.86,0.86,200,6218.32318
5732.174204,0.855,0.875,200,6222.917341
5759.777817,0.85,0.85,200,6227.541353
5629.704688,0.81,0.81,200,6232.132401
5720.562059,0.845,0.845,200,6236.641012
5690.217367,0.82,0.835,200,6241.128604
5697.290357,0.81,0.81,200,6245.550998
5681.927107,0.805,0.805,200,6252.259474
5709.674893,0.87,0.88,200,6256.84567
5758.542995,0.845,0.855,200,6261.403205
5777.114966,0.87,0.87,200,6266.11822
4247.527153,0.865,0.875,200,6270.654857
4175.18657,0.865,0.865,200,6275.208824
5771.305077,0.865,0.88,200,6279.76516
4424.613837,0.855,0.86,200,6284.380455
5659.134556,0.82,0.83,200,6289.022785
5736.586246,0.865,0.87,200,6293.63692
4332.012078,0.855,0.855,200,6300.39049
5738.293939,0.835,0.835,200,6304.97766
5688.920754,0.82,0.825,200,6309.45923
5756.164804,0.87,0.87,200,6313.940392
5641.614168,0.82,0.82,200,6318.548683
5762.04575,0.855,0.87,200,6323.13859
5692.999253,0.83,0.83,200,6327.851249
5743.911245,0.865,0.875,200,6332.35288
5708.782162,0.83,0.84,200,6336.938571
5419.119754,0.835,0.845,200,6341.629507
2374.321287,0.07,0.07,200,6348.234926
5681.286972,0.8,0.805,200,6352.916506
4198.653787,0.86,0.86,200,6357.380593
5720.377621,0.835,0.845,200,6361.95411
2768.307643,0.875,0.875,200,6366.626303
5355.453977,0.84,0.84,200,6371.122828
5749.502323,0.85,0.85,200,6375.724512
5516.390318,0.835,0.855,200,6380.326204
5645.571678,0.845,0.845,200,6384.877555
5719.862299,0.855,0.88,200,6389.550236
5690.352588,0.805,0.805,200,6396.349831
5642.250077,0.815,0.82,200,6400.859808
5577.921049,0.8,0.805,200,6405.330583
5689.903463,0.83,0.83,200,6409.736543
5750.854785,0.84,0.84,200,6414.331963
5608.271135,0.805,0.81,200,6418.868043
5659.65704,0.815,0.815,200,6423.486072
5544.451868,0.785,0.79,200,6428.10978
5754.549754,0.835,0.855,200,6432.566503
5731.378112,0.84,0.845,200,6437.119982
4585.538705,0.575,0.58,200,6444.122449
4527.879318,0.87,0.87,200,6448.921281
5602.230751,0.845,0.845,200,6453.637185
5543.166917,0.79,0.795,200,6458.209702
5680.04218,0.81,0.81,200,6462.747479
3194.988814,0.69,0.69,200,6467.450201
5401.177242,0.83,0.83,200,6472.159406
5460.968439,0.825,0.83,200,6476.877939
5650.378727,0.835,0.835,200,6481.480977
5259.407575,0.845,0.85,200,6486.148689
5725.429251,0.835,0.835,200,6493.030371
5645.905642,0.855,0.865,200,6497.567501
5654.520351,0.815,0.815,200,6502.188508
5291.592601,0.86,0.86,200,6506.834553
5663.598594,0.82,0.825,200,6511.286987
4734.528591,0.835,0.845,200,6515.800139
5657.198329,0.815,0.815,200,6520.474226
5757.904152,0.85,0.85,200,6525.119576
5717.86208,0.84,0.84,200,6529.829949
5683.425706,0.815,0.815,200,6534.380565
5682.672389,0.8,0.805,200,6540.985175
5671.488736,0.815,0.825,200,6545.696165
5747.238394,0.835,0.84,200,6550.494408
5765.601419,0.86,0.865,200,6555.007298
5669.730714,0.84,0.85,200,6559.79892
5715.183015,0.84,0.84,200,6564.391881
5640.332911,0.835,0.835,200,6569.176971
5727.083917,0.84,0.85,200,6573.869471
5681.930143,0.825,0.825,200,6578.496367
5706.488724,0.835,0.84,200,6583.021634
5709.595599,0.84,0.84,200,6589.679119
5231.450301,0.56,0.56,200,6594.2831
5495.431451,0.835,0.835,200,6598.898076
5680.816984,0.835,0.835,200,6603.406929
5511.717865,0.79,0.79,200,6608.058465
5630.95895,0.805,0.82,200,6612.713117
4456.255735,0.845,0.85,200,6617.539043
5649.458952,0.83,0.83,200,6622.145378
4452.674301,0.845,0.855,200,6626.609755
5727.162934,0.84,0.84,200,6631.10269
5569.156737,0.795,0.795,200,6637.928665
4274.66662,0.85,0.85,200,6642.508456
5765.876481,0.86,0.87,200,6647.146361
5749.277081,0.87,0.885,200,6651.788073
5757.579032,0.855,0.855,200,6656.427778
5543.241555,0.79,0.795,200,6661.051492
5659.881982,0.83,0.83,200,6665.702361
5725.073613,0.85,0.85,200,6670.313358
5665.372488,0.83,0.83,200,6674.915416
4133.996419,0.875,0.88,200,6679.415888
5679.465163,0.835,0.835,200,6686.229502
5636.396911,0.825,0.825,200,6690.841425
5665.378863,0.805,0.81,200,6695.388874
5728.161808,0.855,0.865,200,6699.977129
5605.460597,0.815,0.815,200,6704.431485
4474.177103,0.84,0.84,200,6708.960841
5286.226412,0.85,0.85,200,6713.688598
5439.032927,0.825,0.83,200,6718.205365
5668.426842,0.825,0.835,200,6722.883428
5754.673411,0.855,0.855,200,6727.371603
4973.709722,0.83,0.85,200,6734.198003
5645.108617,0.855,0.855,200,6738.677943
5749.46531,0.85,0.855,200,6743.231062
5750.864723,0.855,0.855,200,6747.919025
2519.033228,0.005,0.005,200,6752.594792
5761.41548,0.86,0.865,200,6757.272031
5624.981818,0.815,0.815,200,6762.056824
5535.888872,0.785,0.8,200,6766.676754
5726.932553,0.865,0.865,200,6771.247066
4062.492561,0.88,0.88,200,6775.899978
4422.874414,0.87,0.875,200,6782.759734
5757.953599,0.87,0.87,200,6787.333942
5748.808325,0.85,0.86,200,6792.207433
5708.106265,0.835,0.845,200,6796.895272
5755.159482,0.865,0.88,200,6801.536199
5762.742495,0.85,0.855,200,6806.200459
3539.965746,0.585,0.585,200,6810.887888
5677.18819,0.795,0.795,200,6815.524943
5706.194404,0.83,0.83,200,6820.246917
5763.182214,0.86,0.88,200,6824.578747
5748.478031,0.85,0.87,200,6831.174187
5641.015694,0.855,0.865,200,6835.697904
5697.247993,0.825,0.83,200,6840.327065
4515.438999,0.85,0.865,200,6844.861478
5561.474573,0.805,0.805,200,6849.499273
4881.143192,0.835,0.845,200,6854.038435
5650.287073,0.86,0.87,200,6858.543737
5225.604637,0.84,0.85,200,6863.207886
5681.527445,0.83,0.84,200,6867.885421
5753.472944,0.845,0.85,200,6872.423888
5594.983629,0.8,0.81,200,6879.410497
5768.096198,0.855,0.86,200,6884.091301
5758.042346,0.85,0.86,200,6888.538344
5736.074551,0.855,0.86,200,6893.246217
5768.279695,0.86,0.86,200,6897.647934
4468.903755,0.85,0.86,200,6902.245417
5659.065599,0.82,0.825,200,6906.749844
5773.07702,0.865,0.865,200,6911.229708
5682.683966,0.825,0.825,200,6915.645091
5312.205542,0.85,0.85,200,6920.225991
5645.03249,0.82,0.82,200,6926.676636
5683.078712,0.82,0.82,200,6930.834362
5659.559526,0.84,0.84,200,6935.288286
5763.329301,0.85,0.855,200,6939.665815
5678.063068,0.81,0.81,200,6944.192097
5664.269294,0.825,0.825,200,6948.719815
5693.724841,0.83,0.83,200,6953.242829
2386.631868,0.015,0.015,200,6957.641317
5735.955009,0.84,0.84,200,6962.091317
5553.495927,0.79,0.805,200,6966.803126
5352.165035,0.835,0.85,200,6973.466021
5536.148343,0.84,0.84,200,6978.182234
5754.009137,0.865,0.87,200,6982.802466
5129.217143,0.85,0.855,200,6987.419025
3625.949586,0.875,0.875,200,6991.892239
5750.246304,0.865,0.875,200,6996.525009
4049.988878,0.875,0.88,200,7001.126435
5772.11776,0.865,0.865,200,7005.573139
5325.576314,0.85,0.85,200,7010.079117
5664.080962,0.805,0.825,200,7014.535839
5762.870986,0.865,0.865,200,7021.259767
5676.93585,0.805,0.805,200,7026.018641
5336.157429,0.85,0.85,200,7030.635816
5702.330858,0.81,0.815,200,7035.195463
5675.92738,0.83,0.83,200,7039.682587
5310.486768,0.835,0.835,200,7044.143369
5624.453048,0.87,0.87,200,7048.783336
4066.377715,0.88,0.88,200,7053.417218
5739.918287,0.86,0.875,200,7057.895337
5639.221094,0.84,0.84,200,7062.509262
5730.102824,0.845,0.845,200,7069.388127
5578.131054,0.795,0.8,200,7074.049402
5189.912841,0.845,0.85,200,7078.673104
5763.39645,0.85,0.86,200,7083.292855
5730.7771,0.835,0.84,200,7087.972459
4458.600419,0.755,0.77,200,7092.618715
5656.14716,0.81,0.815,200,7097.19872
5666.331004,0.83,0.83,200,7101.821762
5772.951447,0.86,0.865,200,7106.528908
5689.428556,0.81,0.81,200,7111.337699
5469.381845,0.78,0.79,200,7118.061648
4490.070212,0.845,0.86,200,7122.645287
5750.614719,0.83,0.845,200,7127.32534
5745.582693,0.85,0.855,200,7132.059455
5669.545053,0.835,0.835,200,7136.675071
5681.527192,0.83,0.83,200,7141.240618
5762.303779,0.85,0.855,200,7146.075276
2956.438456,0.56,0.565,200,7150.773778
5652.348511,0.835,0.835,200,7155.445942
5698.006011,0.825,0.825,200,7160.164849
5695.457152,0.82,0.82,200,7167.116283
4610.486749,0.855,0.855,200,7171.790552
5687.215684,0.8,0.8,200,7176.37762
5779.352864,0.87,0.88,200,7181.029361
5769.753204,0.86,0.865,200,7185.737712
4228.138897,0.45,0.455,200,7190.457865
5740.140596,0.84,0.84,200,7195.188055
5755.868387,0.855,0.86,200,7199.876503
5550.835887,0.845,0.845,200,7204.568472
5695.507991,0.825,0.835,200,7209.192641
5748.599189,0.855,0.87,200,7215.763459
5751.544973,0.84,0.845,200,7220.254687
5691.939938,0.815,0.835,200,7224.771334
5544.178369,0.795,0.805,200,7229.384779
5738.948642,0.83,0.845,200,7233.850376
5740.287371,0.845,0.845,200,7238.334421
5658.047162,0.8,0.8,200,7242.892413
5684.87006,0.82,0.825,200,7247.419811
5755.289593,0.855,0.855,200,7251.901064
4652.713761,0.86,0.86,200,7256.505009
5765.602554,0.86,0.86,200,7263.299183
5669.992682,0.83,0.84,200,7268.111363
4090.863686,0.555,0.565,200,7272.749822
5673.395309,0.82,0.83,200,7277.316416
5757.139244,0.855,0.865,200,7282.028645
5738.601421,0.845,0.85,200,7286.460332
5683.73658,0.86,0.875,200,7290.979388
4121.154837,0.875,0.875,200,7295.527144
5675.928242,0.8,0.805,200,7300.046665
5715.67666,0.855,0.855,200,7304.696072
4732.570227,0.855,0.855,200,7311.632828
5754.476973,0.845,0.85,200,7316.382664
5670.99469,0.8,0.8,200,7321.16705
5741.467776,0.855,0.865,200,7325.848282
5722.758512,0.83,0.845,200,7330.411886
5739.599603,0.865,0.87,200,7335.122035
5705.895143,0.82,0.82,200,7339.596683
5650.450004,0.83,0.835,200,7344.435322
5680.683751,0.805,0.805,200,7349.264477
5704.978795,0.865,0.865,200,7353.983233
5626.413308,0.815,0.815,200,7361.006582
5751.701468,0.865,0.87,200,7365.821061
4644.431546,0.87,0.87,200,7370.58181
5193.521752,0.845,0.845,200,7375.367688
5712.211886,0.855,0.86,200,7380.083805
5556.165268,0.8,0.8,200,7384.852522
4999.529064,0.675,0.725,200,7389.305243
5672.810298,0.795,0.795,200,7393.956123
4302.082179,0.85,0.86,200,7398.60241
5709.736063,0.83,0.83,200,7403.251873
5054.057706,0.295,0.295,200,7410.005547
5747.361374,0.845,0.85,200,7414.564298
5555.903008,0.825,0.84,200,7419.158003
5667.745064,0.825,0.84,200,7423.690077
5774.886148,0.86,0.865,200,7428.197867
5648.787588,0.845,0.845,200,7432.859989
5755.972154,0.85,0.85,200,7437.419886
5725.595394,0.84,0.84,200,7441.991837
5715.738002,0.865,0.87,200,7446.650966
5758.724065,0.855,0.87,200,7451.336504
5699.992901,0.81,0.81,200,7457.868618
5772.182899,0.86,0.865,200,7462.452678
4784.109617,0.845,0.855,200,7467.058701
5267.275382,0.825,0.845,200,7471.580706
5694.871954,0.81,0.81,200,7476.082617
5636.23377,0.815,0.82,200,7480.637939
5654.905115,0.815,0.825,200,7485.220558
5681.717484,0.825,0.825,200,7489.817267
5748.608262,0.85,0.85,200,7494.394169
5614.768284,0.8,0.8,200,7499.063928
5694.281265,0.855,0.87,200,7505.829666
5695.085902,0.815,0.815,200,7510.443316
5679.016299,0.83,0.835,200,7515.021946
4261.353328,0.535,0.585,200,7519.742631
5736.852271,0.83,0.83,200,7524.311437
5738.402889,0.83,0.84,200,7528.990134
5752.028314,0.845,0.85,200,7533.611892
5708.566152,0.835,0.84,200,7538.140832
5626.738132,0.8,0.805,200,7542.716365
5691.731001,0.82,0.82,200,7547.394063
5607.344797,0.8,0.8,200,7554.456551
5731.394431,0.845,0.845,200,7559.015132
5622.196722,0.815,0.82,200,7563.439986
5745.1036,0.865,0.875,200,7568.018607
5680.820563,0.805,0.805,200,7572.560052
4886.647888,0.83,0.855,200,7576.984416
5769.922442,0.86,0.86,200,7581.669727
5642.947132,0.81,0.815,200,7586.187815
5610.387525,0.81,0.81,200,7590.974025
5725.786949,0.86,0.88,200,7595.566121
5430.713119,0.83,0.855,200,7602.363918
3532.014442,0.87,0.87,200,7606.853113
5713.645486,0.865,0.875,200,7611.384898
5688.328468,0.825,0.835,200,7615.895555
5714.463659,0.855,0.875,200,7620.475773
5732.992181,0.85,0.855,200,7624.843801
4411.982415,0.855,0.865,200,7629.309473
5622.883338,0.83,0.83,200,7633.780916
5677.250997,0.79,0.79,200,7638.416648
5756.472571,0.845,0.85,200,7643.069258
4623.007946,0.85,0.86,200,7649.862935
5738.308628,0.85,0.86,200,7654.515889
5259.409516,0.825,0.845,200,7659.127012
5679.895507,0.8,0.8,200,7663.660468
4728.108674,0.855,0.86,200,7668.192968
5758.547593,0.84,0.855,200,7672.819925
5627.234406,0.825,0.84,200,7677.345439
5692.914673,0.82,0.82,200,7681.931243
5740.129798,0.835,0.845,200,7686.623073
5697.665009,0.815,0.815,200,7691.350777
5669.548973,0.82,0.82,200,7698.384206
5691.807188,0.815,0.835,200,7703.160631
5669.826962,0.83,0.835,200,7707.878593
5579.410101,0.795,0.805,200,7712.289302
5344.584073,0.835,0.845,200,7716.900687
5562.027575,0.8,0.8,200,7721.536106
5695.824777,0.815,0.815,200,7726.013637
4526.771307,0.865,0.9,200,7730.616023
5709.171882,0.83,0.83,200,7735.193146
5667.358024,0.825,0.825,200,7739.79376
3479.796516,0.87,0.875,200,7746.797914
5748.413208,0.835,0.84,200,7751.322096
5678.12313,0.825,0.835,200,7755.929726
5748.572157,0.84,0.845,200,7760.483776
5601.389814,0.83,0.86,200,7765.046889
4316.494924,0.855,0.855,200,7769.578299
5770.351552,0.87,0.87,200,7774.169128
5763.294779,0.855,0.86,200,7778.800784
5751.109353,0.84,0.845,200,7783.382718
5657.52744,0.825,0.825,200,7787.961136
3839.693736,0.435,0.445,200,7794.665366
4441.04253,0.685,0.685,200,7799.397398
5727.033704,0.86,0.86,200,7803.99261
5698.816891,0.85,0.86,200,7808.589986
5756.067527,0.855,0.855,200,7813.160654
5704.624265,0.845,0.875,200,7817.756215
5699.943035,0.825,0.825,200,7822.405495
4368.948825,0.605,0.62,200,7826.987828
5567.586295,0.8,0.8,200,7831.686703
5767.514836,0.86,0.86,200,7836.29072
5706.208397,0.83,0.83,200,7843.210497
5663.736427,0.82,0.82,200,7847.858069
5761.695404,0.86,0.86,200,7852.497513
5711.529002,0.85,0.87,200,7857.18249
5367.750848,0.83,0.83,200,7861.725923
5648.711648,0.82,0.83,200,7866.360963
5692.676697,0.815,0.835,200,7871.081715
5768.866381,0.865,0.865,200,7875.768004
5019.399308,0.83,0.845,200,7880.455173
5707.877795,0.85,0.86,200,7885.066168
3140.580382,0.865,0.875,200,7891.868898
5610.185181,0.82,0.825,200,7896.398057
5735.797274,0.85,0.855,200,7901.099602
5781.205309,0.87,0.88,200,7905.729801
4922.690834,0.825,0.845,200,7910.525816
5658.041992,0.83,0.84,200,7915.235067
4800.708128,0.83,0.845,200,7919.858409
5733.727641,0.83,0.84,200,7924.53124
5617.860903,0.8,0.81,200,7929.169989
5765.483441,0.86,0.87,200,7933.77981
5738.175817,0.855,0.865,200,7940.413167
4856.78071,0.855,0.855,200,7945.098202
3956.846788,0.84,0.85,200,7949.82409
5694.303051,0.83,0.83,200,7954.358794
5688.152973,0.815,0.815,200,7958.837436
5374.358031,0.835,0.855,200,7963.448949
5735.919502,0.855,0.865,200,7968.151079
5671.323661,0.795,0.795,200,7972.780342
5742.812523,0.845,0.845,200,7977.287729
5676.795918,0.815,0.825,200,7981.912225
4580.886039,0.865,0.865,200,7988.62752
5692.001077,0.815,0.815,200,7993.142759
5711.669527,0.85,0.87,200,7997.768516
5771.481497,0.86,0.865,200,8002.354802
4859.315922,0.835,0.855,200,8007.199183
4635.476157,0.86,0.86,200,8011.877707
3970.7621,0.245,0.265,200,8016.388324
5713.073531,0.825,0.83,200,8020.905601
5730.683092,0.835,0.84,200,8025.556532
5688.158163,0.82,0.82,200,8030.157882
5766.010853,0.85,0.86,200,8037.089482
5708.246692,0.825,0.825,200,8041.745444
5652.588402,0.815,0.815,200,8046.449976
5767.649935,0.85,0.855,200,8051.17487
5676.650687,0.82,0.82,200,8055.883412
5692.112126,0.85,0.85,200,8060.595498
5704.143105,0.835,0.835,200,8065.226067
4819.860782,0.85,0.86,200,8069.7323
5732.977328,0.84,0.84,200,8074.291049
4094.326747,0.86,0.865,200,8078.850429
5726.601363,0.83,0.85,200,8085.651865
5686.282191,0.82,0.82,200,8090.320125
5603.739589,0.825,0.825,200,8094.922475
5576.519737,0.835,0.835,200,8099.538534
5756.58184,0.84,0.855,200,8104.28817
5704.05555,0.86,0.875,200,8108.935493
4905.184825,0.81,0.825,200,8113.502476
5632.639053,0.83,0.83,200,8118.071831
5640.552751,0.84,0.84,200,8122.721061
5745.30079,0.86,0.865,200,8127.354315
5744.330123,0.855,0.86,200,8134.113919
5734.995269,0.85,0.86,200,8138.824993
5711.046222,0.855,0.87,200,8143.540888
4362.945395,0.655,0.66,200,8148.078323
2498.998378,0.025,0.025,200,8152.777745
5762.489168,0.865,0.88,200,8157.314157
5712.496713,0.83,0.835,200,8162.06328
5638.198224,0.82,0.82,200,8166.695413
5697.514458,0.83,0.83,200,8171.241219
5776.813783,0.87,0.88,200,8175.916316
5651.896917,0.835,0.835,200,8182.762686
5717.586049,0.84,0.85,200,8187.540494
5132.477414,0.845,0.855,200,8192.137519
5705.105056,0.82,0.82,200,8196.816055
5639.853258,0.795,0.815,200,8201.579695
4501.209679,0.845,0.855,200,8206.371453
5718.355631,0.85,0.86,200,8210.956864
5757.240147,0.855,0.865,200,8215.742938
4918.612569,0.85,0.855,200,8220.544103
4742.885416,0.5,0.525,200,8225.158851
5668.637716,0.83,0.83,200,8232.098222
3797.043227,0.315,0.33,200,8236.907659
5711.435343,0.845,0.86,200,8241.593399
5681.968668,0.87,0.87,200,8246.254077
5690.846407,0.815,0.815,200,8250.981799
5641.984236,0.84,0.855,200,8255.695776
5681.424167,0.825,0.825,200,8260.322143
5698.271933,0.81,0.815,200,8264.982018
5754.998337,0.86,0.865,200,8269.747496
5734.695384,0.845,0.875,200,8274.429551
3915.598052,0.87,0.88,200,8281.385228
5612.733555,0.81,0.81,200,8286.079743
5655.995418,0.835,0.835,200,8290.980061
5723.806638,0.83,0.835,200,8295.805267
5688.993143,0.845,0.875,200,8300.419661
5676.339009,0.835,0.835,200,8305.186632
5773.931775,0.85,0.865,200,8309.834508
5642.756591,0.835,0.835,200,8314.609535
5773.227324,0.845,0.855,200,8319.328441
5700.105828,0.82,0.82,200,8323.939309
4080.000003,0.715,0.73,200,8330.610981
5699.204271,0.815,0.82,200,8335.094292
5697.731329,0.81,0.815,200,8339.606528
5754.027649,0.86,0.87,200,8344.227136
5762.998005,0.855,0.855,200,8348.839641
5738.73901,0.855,0.86,200,8353.537805
5748.583375,0.87,0.87,200,8358.090597
5590.13186,0.84,0.855,200,8362.700146
5719.300215,0.84,0.84,200,8367.431587
5749.708194,0.835,0.84,200,8372.105503
5671.814437,0.815,0.83,200,8378.960533
5692.762108,0.825,0.825,200,8383.656578
5144.124448,0.76,0.77,200,8388.351849
5756.931103,0.855,0.86,200,8392.926149
5722.796379,0.845,0.85,200,8397.442851
4796.340245,0.855,0.865,200,8402.047744
5707.790187,0.86,0.865,200,8406.753856
5678.72529,0.82,0.825,200,8411.379229
5774.349927,0.87,0.87,200,8416.04821
5756.755522,0.855,0.855,200,8420.827677
5649.311665,0.83,0.84,200,8427.75677
5695.667209,0.82,0.82,200,8432.329365
5669.887965,0.83,0.83,200,8437.019903
4784.353022,0.855,0.855,200,8441.660228
5422.672208,0.695,0.695,200,8446.296977
5761.669804,0.845,0.855,200,8450.950275
5710.548596,0.85,0.855,200,8455.499028
5684.350334,0.815,0.815,200,8460.168665
5686.27853,0.8,0.805,200,8464.846664
5749.522794,0.85,0.875,200,8469.465824
5601.444163,0.8,0.81,200,8476.532142
5652.673627,0.835,0.835,200,8481.29328
5563.527835,0.795,0.8,200,8486.022992
5707.09595,0.875,0.875,200,8490.602646
5754.259698,0.845,0.88,200,8495.25857
5746.533515,0.855,0.855,200,8499.948676
4956.380165,0.86,0.86,200,8504.603208
5225.364053,0.6,0.6,200,8509.241206
5750.345339,0.865,0.88,200,8513.994548
5637.372145,0.81,0.825,200,8518.7621
5681.516465,0.835,0.845,200,8525.486591
5692.501481,0.825,0.835,200,8530.188086
3784.330245,0.855,0.86,200,8534.857088
5693.525508,0.815,0.815,200,8539.418005
5604.671445,0.845,0.85,200,8544.068361
5657.270963,0.835,0.835,200,8548.75935
5748.631443,0.84,0.85,200,8553.365162
5770.751377,0.855,0.865,200,8558.033467
5035.776036,0.84,0.85,200,8562.75894
3221.180025,0.875,0.875,200,8567.327751
5728.996645,0.835,0.84,200,8574.24884
5751.673612,0.845,0.845,200,8578.881704
4048.435958,0.515,0.53,200,8583.360083
5701.971491,0.84,0.86,200,8587.947539
5709.581908,0.82,0.82,200,8592.595145
5754.944367,0.825,0.84,200,8597.201531
5739.691711,0.86,0.875,200,8601.872839
4810.441901,0.845,0.855,200,8606.492779
5777.77019,0.865,0.865,200,8611.226883
5747.54778,0.835,0.84,200,8615.936448
5665.684376,0.835,0.84,200,8622.802722
5637.484332,0.815,0.815,200,8627.387546
5599.815969,0.8,0.8,200,8632.049725
4620.533304,0.86,0.865,200,8636.736815
5125.853046,0.84,0.855,200,8641.372346
5769.488669,0.85,0.865,200,8646.103461
5727.59034,0.855,0.865,200,8650.718731
3076.016334,0.865,0.875,200,8655.285035
5767.932374,0.865,0.87,200,8660.097348
5772.612455,0.85,0.865,200,8664.739672
5720.436648,0.87,0.88,200,8671.730288
3764.549117,0.88,0.88,200,8676.341024
5681.442809,0.87,0.87,200,8680.938907
5649.768348,0.82,0.82,200,8685.573832
5681.56437,0.82,0.825,200,8690.252023
5754.680589,0.84,0.85,200,8694.808041
5704.117655,0.82,0.84,200,8699.346619
5717.028743,0.88,0.885,200,8704.032959
5640.69858,0.835,0.835,200,8708.628935
5683.993431,0.805,0.805,200,8713.215943
5741.41458,0.86,0.865,200,8720.18553
3683.974664,0.44,0.445,200,8724.944474
5732.428085,0.835,0.84,200,8729.676295
3497.9463,0.875,0.875,200,8734.2711
4784.695963,0.855,0.855,200,8738.998637
5669.033573,0.82,0.82,200,8743.570325
4320.885276,0.865,0.875,200,8748.172426
5659.932682,0.815,0.815,200,8752.77635
5663.865008,0.835,0.835,200,8757.464633
5748.253866,0.84,0.84,200,8762.102386
5766.532122,0.85,0.87,200,8768.928148
5746.514389,0.865,0.875,200,8773.657095
4376.792719,0.87,0.87,200,8778.371402
5768.281045,0.84,0.87,200,8783.054476
4911.475662,0.845,0.845,200,8787.777927
5240.661572,0.825,0.85,200,8792.450809
5696.637807,0.81,0.81,200,8797.31388
5584.052103,0.86,0.88,200,8802.01995
5705.218919,0.82,0.82,200,8806.68871
5732.490899,0.855,0.88,200,8811.491898
3757.55789,0.865,0.865,200,8818.278488
5647.882155,0.86,0.865,200,8822.985571
5064.073242,0.85,0.855,200,8827.6467
5691.810995,0.835,0.835,200,8832.455615
5762.275505,0.85,0.855,200,8837.176708
5739.830939,0.86,0.86,200,8841.821194
5696.23782,0.83,0.83,200,8846.493502
5748.774318,0.86,0.865,200,8851.071959
4915.908552,0.685,0.7,200,8855.583889
5646.448894,0.83,0.835,200,8860.188763
5301.188622,0.515,0.52,200,8867.133367
5750.512141,0.87,0.875,200,8871.93483
4329.099718,0.845,0.855,200,8876.660746
5642.336855,0.83,0.835,200,8881.119112
5530.231447,0.775,0.78,200,8885.668353
5711.85065,0.875,0.885,200,8890.272776
5677.052592,0.795,0.8,200,8894.856364
5689.58597,0.805,0.805,200,8899.537668
5642.300785,0.84,0.845,200,8904.065335
5750.854524,0.85,0.85,200,8908.580883
5746.973049,0.865,0.88,200,8915.363845
5560.26212,0.8,0.8,200,8920.034478
5692.30885,0.81,0.81,200,8924.631711
5653.969935,0.84,0.84,200,8929.356347
5694.717022,0.815,0.815,200,8934.058784
5652.977354,0.845,0.845,200,8938.71721
5478.078029,0.83,0.83,200,8943.362016
5695.051907,0.865,0.865,200,8947.850911
5766.680046,0.85,0.86,200,8952.531501
5713.06733,0.865,0.89,200,8956.954279
4499.138907,0.85,0.855,200,8963.919315
5758.830211,0.865,0.865,200,8968.598893
5761.385939,0.845,0.855,200,8973.249056
5684.027458,0.845,0.845,200,8977.738384
5772.896902,0.865,0.865,200,8982.116976
5726.357505,0.825,0.83,200,8986.598809
5688.680806,0.79,0.805,200,8991.010891
5544.448276,0.83,0.84,200,8995.441641
5632.203849,0.835,0.835,200,8999.850118
5754.971181,0.84,0.845,200,9004.332525
5719.71685,0.86,0.865,200,9010.896166
4281.628883,0.855,0.86,200,9015.597653
5750.150238,0.85,0.86,200,9019.925195
4543.519793,0.865,0.865,200,9024.395601
5708.183684,0.86,0.87,200,9028.721144
5009.184574,0.845,0.85,200,9033.152607
5692.066183,0.855,0.855,200,9037.858542
4562.231851,0.855,0.86,200,9042.558055
5716.198585,0.84,0.84,200,9047.059393
5714.702073,0.84,0.84,200,9051.609311
5673.257727,0.83,0.83,200,9058.285567
5650.664378,0.86,0.87,200,9063.017841
5736.783253,0.83,0.845,200,9067.611886
5768.70936,0.86,0.865,200,9072.166683
5605.677257,0.81,0.815,200,9076.843138
5749.366687,0.845,0.845,200,9081.476765
5722.832512,0.855,0.875,200,9086.181411
5632.05408,0.81,0.815,200,9090.885032
5651.508338,0.865,0.87,200,9095.498224
4527.255727,0.865,0.865,200,9100.105295
5750.944814,0.84,0.845,200,9106.947889
4671.446916,0.83,0.855,200,9111.682122
5473.227383,0.875,0.885,200,9116.417261
5743.687165,0.84,0.84,200,9121.028039
5064.23763,0.835,0.855,200,9125.654553
5683.101368,0.81,0.81,200,9130.315188
5694.675768,0.835,0.835,200,9134.939076
5747.280743,0.84,0.84,200,9139.493552
5690.73587,0.825,0.825,200,9144.132584
5772.942699,0.85,0.86,200,9148.731104
5467.06928,0.85,0.865,200,9155.519133
5623.545207,0.805,0.805,200,9159.964227
5048.464196,0.495,0.53,200,9164.375265
4001.842661,0.89,0.89,200,9168.937841
5732.817741,0.83,0.84,200,9173.52361
5765.556477,0.855,0.855,200,9178.068287
5667.68518,0.86,0.86,200,9182.753611
5271.492826,0.81,0.815,200,9187.334754
5353.470491,0.8,0.8,200,9192.084474
5627.670327,0.855,0.88,200,9196.748248
4957.999117,0.7,0.71,200,9203.506642
5509.545167,0.825,0.845,200,9208.122555
5762.652056,0.85,0.855,200,9212.766959
5698.15285,0.815,0.815,200,9217.530172
5755.348251,0.85,0.86,200,9222.127013
5778.623994,0.86,0.875,200,9226.710548
4858.306131,0.855,0.855,200,9231.319365
5697.27183,0.825,0.825,200,9235.788014
5741.19092,0.865,0.875,200,9240.395005
5671.169714,0.83,0.83,200,9244.978239
5692.797408,0.825,0.825,200,9251.699967
3674.819614,0.86,0.865,200,9256.349373
5626.109324,0.865,0.885,200,9260.932513
5695.008576,0.825,0.825,200,9265.514188
5638.590854,0.81,0.83,200,9269.969048
5753.603052,0.84,0.855,200,9274.521379
5722.80393,0.86,0.865,200,9279.119924
5674.068578,0.805,0.805,200,9283.851265
5738.039594,0.875,0.89,200,9288.396486
5746.809952,0.86,0.885,200,9292.895685
5236.290259,0.725,0.73,200,9299.689424
5754.156874,0.855,0.855,200,9304.334688
5767.375285,0.86,0.865,200,9308.924204
4987.97521,0.83,0.845,200,9313.650443
5595.186211,0.81,0.815,200,9318.157471
5776.056449,0.855,0.87,200,9322.585656
5675.072323,0.825,0.825,200,9327.104569
5665.07476,0.82,0.825,200,9331.728916
5215.447134,0.835,0.85,200,9336.339365
5776.046646,0.86,0.86,200,9340.945165
5680.287179,0.825,0.825,200,9347.931489
5250.758215,0.88,0.88,200,9352.642209
5679.575075,0.835,0.835,200,9357.329452
5762.207114,0.85,0.855,200,9361.77054
5660.00519,0.83,0.83,200,9366.264453
4538.660761,0.875,0.875,200,9370.918571
5123.66947,0.835,0.845,200,9375.617196
5712.388387,0.825,0.825,200,9380.334872
5452.238791,0.88,0.89,200,9385.003758
5764.087078,0.845,0.86,200,9389.706131
5346.677134,0.84,0.84,200,9396.637419
5742.959719,0.865,0.87,200,9401.353154
5784.301954,0.86,0.87,200,9405.979681
5759.353313,0.86,0.865,200,9410.69053
5151.728403,0.84,0.84,200,9415.356737
5097.220148,0.84,0.84,200,9419.849789
5755.588159,0.84,0.845,200,9424.517164
5408.511761,0.84,0.84,200,9428.975681
5688.722481,0.825,0.825,200,9433.524182
3687.115295,0.4,0.435,200,9438.236255
5666.897307,0.855,0.86,200,9444.76323
4812.619937,0.85,0.855,200,9449.43899
5636.804935,0.805,0.805,200,9454.189781
5541.973879,0.835,0.87,200,9458.858079
5709.031459,0.82,0.82,200,9463.620951
5289.765286,0.82,0.82,200,9468.302241
5613.501504,0.84,0.87,200,9472.915967
5674.917054,0.815,0.82,200,9477.667358
5761.216603,0.85,0.855,200,9482.439188
5766.862384,0.855,0.855,200,9487.263563
5682.788917,0.835,0.835,200,9494.186788
5756.272285,0.85,0.85,200,9498.961049
5639.430337,0.8,0.815,200,9503.810226
5673.592392,0.83,0.83,200,9508.616287
5714.10646,0.825,0.83,200,9513.309495
5194.133658,0.835,0.84,200,9517.973824
5697.736276,0.83,0.83,200,9522.536258
5631.23017,0.81,0.81,200,9527.154069
5718.154859,0.83,0.84,200,9531.887346
5681.685532,0.8,0.8,200,9536.705617
5764.742194,0.855,0.855,200,9543.78199
5783.650335,0.875,0.885,200,9548.357495
5702.604785,0.82,0.82,200,9553.084261
5680.765034,0.815,0.815,200,9557.841413
5758.171482,0.86,0.865,200,9562.429543
5006.500031,0.84,0.845,200,9567.014776
5718.720198,0.855,0.86,200,9571.668885
5671.206512,0.865,0.87,200,9576.168276
5757.822729,0.85,0.85,200,9580.715216
5686.634337,0.81,0.81,200,9585.434252
5754.942557,0.84,0.855,200,9592.348892
5679.803443,0.825,0.825,200,9597.026387
5642.00026,0.81,0.81,200,9601.702845
5683.165087,0.83,0.83,200,9606.347898
5685.346096,0.83,0.83,200,9611.066182
5698.065663,0.815,0.815,200,9615.645907
5740.32793,0.84,0.84,200,9620.217292
5686.224724,0.825,0.83,200,9624.775936
4345.064719,0.86,0.86,200,9629.340072
5765.066562,0.845,0.86,200,9633.936475
4898.230867,0.835,0.85,200,9640.614182
4921.354331,0.695,0.71,200,9645.065736
5565.219877,0.835,0.84,200,9649.508776
5634.624496,0.825,0.84,200,9654.173812
4725.074316,0.835,0.86,200,9658.867803
5676.747066,0.825,0.84,200,9663.471545
4852.021676,0.675,0.68,200,9668.065444
5686.440415,0.82,0.82,200,9672.688344
5672.017728,0.86,0.875,200,9677.370798
5568.05672,0.795,0.8,200,9682.150496
5711.455829,0.83,0.835,200,9689.187014
4315.588836,0.625,0.645,200,9693.668153
4710.093047,0.83,0.85,200,9698.148004
4725.76235,0.865,0.865,200,9702.605364
5686.795461,0.81,0.815,200,9707.31267
5748.914627,0.86,0.875,200,9711.970545
5773.861265,0.86,0.86,200,9716.7613
5659.803109,0.82,0.82,200,9721.481579
5694.254834,0.825,0.83,200,9726.165045
5734.133712,0.855,0.865,200,9730.858139
4892.814629,0.85,0.85,200,9737.631344
5251.071362,0.82,0.845,200,9742.226858
5660.200673,0.825,0.825,200,9746.746384
5690.819064,0.805,0.81,200,9751.251181
4813.899768,0.84,0.85,200,9755.693437
5686.561985,0.8,0.8,200,9760.226525
5762.329264,0.86,0.87,200,9764.757124
5740.577783,0.845,0.85,200,9769.465915
5667.303062,0.83,0.83,200,9773.882463
5632.187173,0.815,0.815,200,9778.392142
5681.238366,0.83,0.83,200,9785.13764
5669.544167,0.88,0.88,200,9789.744821
5776.180868,0.865,0.875,200,9794.092734
5685.030374,0.83,0.83,200,9798.378296
4536.545196,0.87,0.87,200,9802.699826
5778.894138,0.855,0.87,200,9807.149185
5645.960104,0.825,0.845,200,9811.507276
5324.659666,0.845,0.85,200,9816.013864
5758.00408,0.83,0.85,200,9820.602727
5651.607227,0.805,0.825,200,9825.151373
5569.833754,0.8,0.805,200,9831.945809
4035.8556,0.735,0.74,200,9836.256582
4134.50459,0.875,0.88,200,9840.795014
5763.013681,0.88,0.9,200,9845.069992
5665.888142,0.835,0.835,200,9849.416375
5661.664463,0.835,0.835,200,9853.918089
4854.464072,0.85,0.855,200,9858.460958
5715.378523,0.875,0.875,200,9863.145336
5698.877976,0.85,0.875,200,9867.596609
5741.219273,0.86,0.865,200,9872.210918
5735.008889,0.865,0.875,200,9879.07855
5761.732175,0.865,0.875,200,9883.608148
5660.212533,0.855,0.875,200,9888.325646
5778.544662,0.855,0.865,200,9892.780532
4066.673771,0.695,0.735,200,9897.215947
5698.897609,0.865,0.865,200,9901.782053
5674.03701,0.83,0.83,200,9906.210104
5683.114231,0.815,0.825,200,9910.875628
5683.757336,0.815,0.815,200,9915.395205
5616.633948,0.835,0.835,200,9919.882872
5583.548629,0.805,0.805,200,9926.502217
5729.189617,0.825,0.845,200,9930.941259
5479.767402,0.845,0.845,200,9935.341366
5719.516858,0.86,0.86,200,9939.790571
5628.232314,0.845,0.845,200,9944.212763
5663.766682,0.825,0.825,200,9948.672709
5585.470353,0.805,0.805,200,9953.292248
5760.686744,0.855,0.855,200,9957.680158
5645.175404,0.81,0.815,200,9962.302463
5711.955393,0.83,0.83,200,9966.754392
5723.177254,0.865,0.88,200,9973.508398
5741.119568,0.865,0.89,200,9977.984923
5649.614575,0.815,0.825,200,9982.377649
5690.596705,0.81,0.81,200,9986.667076
5063.519273,0.845,0.845,200,9991.009681
4241.842248,0.865,0.865,200,9995.39026
4807.464996,0.845,0.85,200,9999.90988
5736.263565,0.84,0.84,200,10004.372426
5557.838335,0.835,0.84,200,10008.746804
5762.240116,0.855,0.86,200,10013.206987
4754.673725,0.855,0.855,200,10019.875129
5736.11959,0.835,0.835,200,10024.403147
5666.373946,0.81,0.81,200,10028.933541
5266.131631,0.67,0.67,200,10033.466545
4984.240934,0.84,0.845,200,10037.998302
4768.266938,0.845,0.855,200,10042.603468
5678.185732,0.825,0.825,200,10047.207105
5652.031211,0.795,0.795,200,10051.909066
5193.987403,0.865,0.88,200,10056.470016
5569.676405,0.8,0.8,200,10061.05442
5289.354861,0.835,0.85,200,10068.016968
5762.097891,0.845,0.86,200,10072.567856
5286.84239,0.87,0.87,200,10077.312424
5606.394795,0.835,0.835,200,10082.036266
5681.675485,0.82,0.82,200,10086.536848
5738.772405,0.83,0.83,200,10091.074098
5722.291926,0.835,0.85,200,10095.641361
5742.841958,0.875,0.885,200,10100.18315
5702.126679,0.82,0.82,200,10104.763671
5636.595493,0.825,0.825,200,10109.455501
5186.266296,0.825,0.83,200,10116.234202
5795.228042,0.875,0.885,200,10120.825835
5182.266823,0.84,0.855,200,10125.312238
4765.320649,0.835,0.84,200,10129.994251
5696.538781,0.805,0.82,200,10134.582792
5617.843055,0.805,0.805,200,10139.210804
5626.16558,0.81,0.815,200,10143.63785
5699.111611,0.83,0.835,200,10148.299381
5603.396174,0.81,0.81,200,10153.008534
5545.370804,0.795,0.8,200,10157.651706
5754.834177,0.84,0.845,200,10164.481222
4678.581826,0.875,0.875,200,10169.136965
5756.712915,0.855,0.86,200,10173.892669
5697.8762,0.81,0.81,200,10178.560232
5700.337086,0.825,0.825,200,10183.147692
5659.936557,0.8,0.8,200,10187.802111
5686.603085,0.825,0.825,200,10192.49986
5676.466094,0.835,0.835,200,10196.99485
5738.135282,0.85,0.855,200,10201.609913
5701.021166,0.815,0.83,200,10206.222975
4256.614145,0.87,0.875,200,10213.032584
5687.961099,0.825,0.835,200,10217.676797
5583.494101,0.795,0.805,200,10222.293268
5777.292899,0.87,0.87,200,10226.877357
5662.609976,0.835,0.84,200,10231.487309
5724.126826,0.85,0.87,200,10236.13089
5650.239641,0.815,0.815,200,10240.648497
5694.987248,0.81,0.81,200,10245.474611
5659.337775,0.835,0.835,200,10250.025653
5675.083382,0.815,0.815,200,10254.53683
5240.415716,0.815,0.815,200,10261.175814
4072.998615,0.87,0.87,200,10265.743991
5150.132283,0.85,0.865,200,10270.355449
5631.324923,0.83,0.83,200,10275.000735
5605.993007,0.815,0.815,200,10279.557224
5709.922803,0.87,0.885,200,10284.13857
5683.937911,0.83,0.83,200,10288.745585
5752.706832,0.855,0.86,200,10293.460003
5729.136348,0.845,0.85,200,10298.073939
5471.747973,0.845,0.845,200,10302.602394
5387.473174,0.845,0.855,200,10309.186859
5672.257053,0.81,0.81,200,10313.644608
5668.435713,0.785,0.785,200,10318.281939
5752.125908,0.845,0.845,200,10322.993669
5469.461563,0.84,0.85,200,10327.662639
5682.024601,0.825,0.825,200,10332.430673
5699.942726,0.82,0.82,200,10336.985672
4686.146404,0.865,0.865,200,10341.593459
5746.091849,0.835,0.845,200,10346.379279
5690.533753,0.815,0.82,200,10351.066259
5674.886625,0.82,0.83,200,10357.820257
5646.087558,0.845,0.845,200,10362.407274
5701.236494,0.81,0.81,200,10367.081724
5693.218117,0.835,0.835,200,10371.649059
4596.708779,0.86,0.865,200,10376.07936
5707.5692,0.815,0.835,200,10380.787191
5681.788437,0.81,0.81,200,10385.480174
5716.472192,0.84,0.875,200,10390.088746
5637.645079,0.84,0.84,200,10394.67857
5081.976574,0.86,0.86,200,10399.282562
5746.950494,0.865,0.885,200,10406.09027
5767.961342,0.855,0.855,200,10410.668207
5681.726358,0.815,0.82,200,10415.304601
5753.328043,0.85,0.85,200,10419.907561
3895.740345,0.49,0.505,200,10424.624806
5569.22093,0.85,0.855,200,10429.329133
5690.232607,0.805,0.805,200,10433.944288
5545.51744,0.84,0.84,200,10438.579653
5790.200564,0.87,0.88,200,10443.327375
5744.968821,0.835,0.845,200,10447.985422
5694.497308,0.835,0.835,200,10454.810683
5768.003733,0.86,0.86,200,10459.350225
5660.42366,0.835,0.835,200,10464.033487
5707.198294,0.845,0.845,200,10468.435061
5657.210743,0.845,0.875,200,10473.007992
4778.58231,0.85,0.85,200,10477.44102
5732.366042,0.84,0.845,200,10481.920632
4857.337889,0.84,0.86,200,10486.317477
5679.203383,0.81,0.81,200,10490.836382
5709.194481,0.83,0.835,200,10495.523891
5761.820854,0.87,0.875,200,10502.347022
5774.708715,0.88,0.885,200,10507.025264
4490.317758,0.875,0.875,200,10511.49279
5719.950597,0.845,0.845,200,10516.00845
5743.4464,0.83,0.835,200,10520.683944
5766.065699,0.845,0.85,200,10525.204754
5311.251054,0.84,0.85,200,10529.987303
5691.240232,0.82,0.82,200,10534.627746
5108.244068,0.845,0.845,200,10539.382855
5765.955451,0.86,0.87,200,10543.936164
5684.836236,0.8,0.8,200,10550.901096
5777.05231,0.85,0.865,200,10555.420339
5695.670051,0.83,0.83,200,10560.029636
5290.110864,0.85,0.85,200,10564.647206
5697.983116,0.815,0.815,200,10569.410755
5697.609976,0.825,0.825,200,10574.134254
5691.15662,0.81,0.81,200,10578.736784
5708.296348,0.86,0.865,200,10583.456353
5685.27647,0.865,0.865,200,10588.10542
5591.584725,0.85,0.865,200,10592.805975
5682.56608,0.82,0.83,200,10599.719999
5643.786096,0.815,0.815,200,10604.325323
5664.33264,0.855,0.855,200,10608.982518
5504.869342,0.855,0.86,200,10613.640739
5703.934968,0.83,0.83,200,10618.338366
4805.462788,0.84,0.865,200,10623.035021
5758.302174,0.835,0.87,200,10627.619189
5642.305657,0.835,0.84,200,10632.350897
4682.461169,0.865,0.865,200,10637.051374
5740.755727,0.85,0.855,200,10641.762532
5723.706277,0.865,0.88,200,10648.727374
5297.691886,0.83,0.85,200,10653.484144
5124.276471,0.83,0.84,200,10658.111919
5735.302224,0.83,0.835,200,10662.807866
5716.403854,0.815,0.825,200,10667.369779
5719.483919,0.865,0.865,200,10672.031781
5642.908079,0.835,0.84,200,10676.84905
5760.367471,0.845,0.845,200,10681.364542
4027.899005,0.875,0.885,200,10685.950753
4666.513345,0.845,0.845,200,10690.665788
5574.4107,0.805,0.805,200,10697.665573
5650.435319,0.81,0.82,200,10702.447356
5731.102724,0.83,0.84,200,10707.165165
5764.672535,0.85,0.855,200,10711.858751
5317.625591,0.84,0.84,200,10716.548154
5545.940575,0.83,0.84,200,10721.205782
5678.302072,0.8,0.8,200,10725.839753
5652.949876,0.82,0.82,200,10730.535882
5779.053402,0.88,0.89,200,10735.269073
5550.349831,0.76,0.765,200,10739.952276
5658.004541,0.82,0.82,200,10747.061132
5702.639312,0.865,0.865,200,10751.818119
5775.689087,0.855,0.86,200,10756.496069
5642.099462,0.84,0.845,200,10761.222599
5680.598451,0.825,0.83,200,10765.954756
5730.550298,0.845,0.845,200,10770.667984
5693.771494,0.8,0.8,200,10775.301244
5692.015026,0.81,0.81,200,10779.930168
5757.258858,0.855,0.855,200,10784.729837
5770.29935,0.885,0.89,200,10789.363912
5787.830083,0.855,0.87,200,10796.104987
5767.406753,0.865,0.865,200,10800.811476
5001.289951,0.83,0.855,200,10805.559482
5665.461766,0.835,0.845,200,10810.27135
5759.287254,0.855,0.875,200,10814.91685
5729.951452,0.83,0.845,200,10819.592829
5704.290194,0.815,0.82,200,10824.361732
5760.829733,0.85,0.855,200,10829.047251
5565.500077,0.805,0.805,200,10833.708218
4083.659402,0.48,0.515,200,10838.408295
5673.47729,0.855,0.87,200,10845.458604
5774.516467,0.85,0.865,200,10850.105429
4674.034974,0.86,0.865,200,10854.753352
5763.10724,0.86,0.865,200,10859.330523
5666.472412,0.83,0.835,200,10863.973254
5771.045844,0.85,0.855,200,10868.824009
5666.450243,0.83,0.84,200,10873.484768
5578.153322,0.785,0.795,200,10878.105561
5759.409441,0.86,0.865,200,10882.790252
5591.003572,0.84,0.845,200,10887.559466
5649.988998,0.835,0.855,200,10894.62044
5688.903551,0.82,0.825,200,10899.367793
4896.105666,0.86,0.86,200,10904.177801
5672.99859,0.81,0.82,200,10908.873989
5712.876718,0.845,0.85,200,10913.499995
5768.971953,0.855,0.86,200,10918.282583
5609.212623,0.8,0.8,200,10923.119043
5048.231806,0.835,0.85,200,10927.767264
5632.949927,0.845,0.845,200,10932.445578
5752.423316,0.845,0.86,200,10937.073526
5767.2564,0.86,0.86,200,10943.835602
5756.161358,0.83,0.845,200,10948.489624
5336.753126,0.84,0.845,200,10953.121957
5732.154906,0.845,0.86,200,10957.751274
4554.256682,0.865,0.865,200,10962.205409
5238.215749,0.835,0.86,200,10966.816534
5679.780151,0.825,0.83,200,10971.352186
5627.728429,0.835,0.84,200,10975.97931
5704.201434,0.825,0.825,200,10980.56268
5680.539602,0.8,0.8,200,10985.253135
5100.454109,0.84,0.845,200,10992.023687
5604.06388,0.8,0.81,200,10996.642253
5771.842445,0.855,0.86,200,11001.259489
5770.148283,0.865,0.865,200,11005.982958
5745.703275,0.855,0.855,200,11010.658149
5654.105874,0.84,0.84,200,11015.225659
5635.524182,0.83,0.83,200,11019.752079
5769.720078,0.86,0.86,200,11024.344653
5628.588621,0.81,0.82,200,11029.07124
5726.985706,0.83,0.83,200,11033.551269
4239.099677,0.87,0.87,200,11040.413555
5741.928362,0.84,0.84,200,11045.000159
5241.140585,0.84,0.85,200,11049.744025
5281.299982,0.835,0.86,200,11054.491096
5738.661206,0.865,0.865,200,11059.362678
5651.519457,0.835,0.835,200,11064.113794
5745.01645,0.86,0.865,200,11068.794866
5684.108448,0.815,0.835,200,11073.466216
5743.961668,0.83,0.84,200,11078.232419
5601.862462,0.815,0.815,200,11082.858893
2950.869535,0.21,0.215,200,11089.554184
5686.306306,0.83,0.83,200,11094.158872
5049.811983,0.865,0.865,200,11098.709051
5756.7354,0.845,0.86,200,11103.427865
5243.85617,0.835,0.855,200,11108.187736
5772.554028,0.865,0.865,200,11112.822056
5776.949195,0.87,0.88,200,11117.585561
5658.458917,0.87,0.875,200,11122.277451
4071.249991,0.45,0.46,200,11126.96536
5755.877334,0.84,0.86,200,11131.740405
5418.723846,0.82,0.825,200,11138.765203
5226.472757,0.845,0.855,200,11143.433672
5740.562904,0.865,0.875,200,11148.039317
5681.798789,0.85,0.87,200,11152.762225
4247.158803,0.705,0.715,200,11157.513718
5680.184948,0.795,0.795,200,11162.302076
5609.194766,0.86,0.87,200,11166.927744
5779.560135,0.86,0.86,200,11171.536358
5774.823763,0.86,0.865,200,11176.156977
5161.678098,0.505,0.545,200,11180.73048
5745.922537,0.845,0.855,200,11187.479484
5756.130561,0.845,0.865,200,11192.184746
5750.637717,0.85,0.855,200,11196.692674
5678.53401,0.815,0.825,200,11201.459703
5644.984897,0.84,0.84,200,11206.081116
5740.571576,0.835,0.835,200,11210.626719
5701.290992,0.82,0.825,200,11215.066497
4973.167574,0.845,0.865,200,11219.743503
5719.819127,0.82,0.83,200,11224.3317
5624.653225,0.85,0.87,200,11228.971703
5671.929891,0.825,0.83,200,11235.717232
5543.428244,0.745,0.76,200,11240.257926
4558.159851,0.835,0.865,200,11244.851512
5647.433027,0.85,0.855,200,11249.361743
5779.010356,0.87,0.87,200,11253.770078
4606.065134,0.74,0.75,200,11258.266025
5763.058748,0.85,0.85,200,11262.799785
2703.40208,0.875,0.88,200,11267.348829
5666.445214,0.83,0.83,200,11271.843944
5193.248472,0.835,0.85,200,11276.544951
5688.456806,0.825,0.825,200,11283.172005
5432.118312,0.845,0.855,200,11287.582355
4609.817557,0.87,0.87,200,11292.104298
5709.567281,0.835,0.835,200,11296.669102
5533.878612,0.855,0.88,200,11301.345243
5543.759533,0.845,0.85,200,11305.874066
5573.622776,0.79,0.79,200,11310.30689
5613.341755,0.81,0.81,200,11314.916863
4867.051671,0.845,0.855,200,11319.522288
5783.41617,0.86,0.88,200,11324.19436
5674.875526,0.8,0.8,200,11331.064771
5697.882934,0.82,0.82,200,11335.83546
4694.716096,0.865,0.865,200,11340.533974
5773.107758,0.855,0.86,200,11345.096197
5060.224282,0.685,0.705,200,11349.786696
5696.813059,0.83,0.83,200,11354.361993
5683.452522,0.815,0.82,200,11359.01383
5708.404711,0.84,0.84,200,11363.715647
5635.830195,0.83,0.87,200,11368.304939
5696.929554,0.81,0.81,200,11372.939836
5685.386288,0.82,0.82,200,11380.081012
5686.04548,0.815,0.82,200,11384.762862
5708.656558,0.815,0.82,200,11389.231858
5772.00412,0.855,0.86,200,11393.825128
5519.481298,0.84,0.84,200,11398.526797
5765.442088,0.865,0.865,200,11403.300155
5695.256976,0.825,0.835,200,11407.915281
5762.445607,0.855,0.855,200,11412.711542
5700.649238,0.855,0.865,200,11417.4659
5594.5453,0.845,0.85,200,11422.154652
5685.280338,0.795,0.81,200,11428.918549
5583.179788,0.81,0.81,200,11433.562972
4827.109388,0.85,0.865,200,11438.277982
4624.357078,0.84,0.855,200,11442.94858
5080.985508,0.84,0.865,200,11447.600445
5756.130854,0.85,0.86,200,11452.159335
5040.198333,0.84,0.86,200,11456.530513
5367.615841,0.845,0.845,200,11461.008925
5767.717359,0.85,0.86,200,11465.518144
5771.217603,0.86,0.885,200,11469.959715
5770.155339,0.85,0.855,200,11476.726657
5762.613099,0.865,0.875,200,11481.308101
5667.827221,0.85,0.855,200,11485.952962
5662.552368,0.83,0.835,200,11490.619036
5761.476025,0.845,0.85,200,11495.384751
3647.484594,0.875,0.88,200,11500.089122
5618.742134,0.805,0.81,200,11504.664029
5622.558304,0.825,0.83,200,11509.239557
5615.283334,0.855,0.86,200,11513.973569
5692.031027,0.8,0.805,200,11518.714576
5755.324643,0.85,0.85,200,11525.700072
5687.540462,0.805,0.805,200,11530.297039
4673.281188,0.87,0.875,200,11534.953412
5768.593655,0.855,0.86,200,11539.573122
5710.474988,0.815,0.83,200,11544.105315
4696.481154,0.67,0.68,200,11548.857249
3283.450373,0.28,0.285,200,11553.493395
5779.353688,0.85,0.865,200,11558.10416
5673.949806,0.835,0.835,200,11562.787983
5760.344567,0.865,0.865,200,11567.58368
5247.130457,0.85,0.875,200,11574.618518
4585.974031,0.875,0.875,200,11579.250711
5692.21915,0.835,0.835,200,11583.934455
5709.997955,0.835,0.84,200,11588.584299
5763.526163,0.845,0.85,200,11593.279399
5744.251487,0.855,0.865,200,11597.994071
5708.946241,0.85,0.865,200,11602.82772
5702.177914,0.855,0.86,200,11607.479646
5223.753316,0.845,0.85,200,11612.189098
5645.418612,0.835,0.835,200,11616.836985
5691.177179,0.82,0.835,200,11623.584699
5748.62955,0.84,0.845,200,11628.333666
4834.363282,0.85,0.865,200,11632.958608
5699.911326,0.865,0.865,200,11637.53548
5689.23258,0.81,0.81,200,11642.134529
5620.361453,0.81,0.815,200,11646.683859
5699.565787,0.82,0.82,200,11651.350818
5551.749332,0.83,0.85,200,11656.019991
5716.299645,0.83,0.83,200,11660.713378
5763.865305,0.86,0.86,200,11665.447289
5448.679537,0.83,0.85,200,11672.21984
5708.29416,0.86,0.86,200,11676.894939
5778.240589,0.865,0.87,200,11681.526251
5729.84151,0.87,0.875,200,11686.122872
5234.675215,0.855,0.855,200,11690.734294
5676.953065,0.83,0.83,200,11695.376812
5736.867297,0.83,0.84,200,11700.118404
5672.406887,0.83,0.83,200,11704.847569
5722.508289,0.855,0.855,200,11709.479265
3530.889377,0.32,0.335,200,11714.19264
5698.379897,0.85,0.855,200,11721.182071
5765.45307,0.85,0.855,200,11725.726208
5555.489642,0.78,0.78,200,11730.272687
5676.456643,0.815,0.82,200,11734.89043
5293.274273,0.855,0.855,200,11739.618853
4264.1247,0.875,0.875,200,11744.203207
5715.434642,0.83,0.845,200,11748.915188
4989.283165,0.855,0.86,200,11753.772836
5765.787373,0.855,0.855,200,11758.431527
5671.374165,0.81,0.815,200,11763.27415
5714.558245,0.825,0.835,200,11770.199512
5732.418535,0.845,0.845,200,11775.085616
5275.587901,0.84,0.845,200,11779.816214
5657.620705,0.85,0.85,200,11784.532767
5769.985535,0.855,0.865,200,11789.316126
5514.18891,0.825,0.83,200,11794.132032
5685.043951,0.825,0.83,200,11798.857587
5631.561427,0.815,0.815,200,11803.571975
5682.422719,0.8,0.8,200,11808.319816
5772.457326,0.855,0.86,200,11813.182971
5680.949549,0.84,0.84,200,11820.171664
5765.498592,0.85,0.855,200,11824.848557
5688.939098,0.815,0.815,200,11829.628646
5757.447783,0.845,0.845,200,11834.366095
5461.048914,0.855,0.855,200,11839.197795
5744.688123,0.845,0.85,200,11844.042604
5653.886089,0.82,0.82,200,11848.71964
4808.619153,0.85,0.86,200,11853.496091
5681.51431,0.825,0.83,200,11858.17228
4431.724006,0.85,0.87,200,11863.007816
5762.197389,0.85,0.85,200,11870.105953
5664.752174,0.82,0.835,200,11874.809995
5772.036738,0.845,0.865,200,11879.410784
5777.565649,0.86,0.87,200,11884.139523
5062.008839,0.85,0.85,200,11888.909355
5228.771708,0.85,0.85,200,11893.671102
5704.710746,0.82,0.82,200,11898.562317
5754.698414,0.845,0.845,200,11903.234016
5764.78854,0.85,0.855,200,11908.095379
5707.181316,0.825,0.825,200,11912.917187
5760.545176,0.855,0.865,200,11919.899602
5649.687375,0.845,0.85,200,11924.568543
5640.977481,0.83,0.83,200,11929.396257
5617.188247,0.8,0.81,200,11934.29246
5653.709291,0.8,0.805,200,11939.079101
5748.529417,0.865,0.87,200,11943.873933
5620.331653,0.81,0.81,200,11948.599083
5352.390611,0.825,0.825,200,11953.309278
5650.807385,0.83,0.83,200,11958.185155
5741.545539,0.87,0.87,200,11962.86529
5753.48839,0.855,0.865,200,11969.784812
5748.344425,0.845,0.845,200,11974.512583
5655.62015,0.84,0.84,200,11979.203508
5674.182629,0.835,0.845,200,11984.053411
2822.345476,0.35,0.355,200,11988.824025
5412.375153,0.75,0.77,200,11993.461367
5755.149575,0.845,0.845,200,11998.174564
3911.758327,0.865,0.87,200,12002.942876
3067.608961,0.51,0.54,200,12007.590522
5758.81452,0.845,0.85,200,12012.147328
5758.271762,0.845,0.85,200,12019.058354
5684.305195,0.825,0.825,200,12023.528509
5778.535548,0.855,0.86,200,12028.182894
5746.356775,0.85,0.855,200,12032.840745
5635.642814,0.81,0.81,200,12037.422353
4867.551256,0.865,0.865,200,12042.092125
5688.979209,0.87,0.88,200,12046.788562
5736.205298,0.855,0.865,200,12051.487398
5767.767317,0.85,0.86,200,12056.119558
5783.920272,0.87,0.88,200,12060.732839
5709.555026,0.825,0.835,200,12067.666054
5688.828717,0.81,0.81,200,12072.248304
5693.752018,0.84,0.845,200,12076.938222
5643.167905,0.84,0.84,200,12081.458353
5726.271997,0.85,0.85,200,12086.002443
5537.24534,0.85,0.855,200,12090.45669
5753.501611,0.855,0.86,200,12095.006369
5713.65181,0.86,0.865,200,12099.317989
5569.224556,0.84,0.84,200,12103.81593
5753.529001,0.845,0.85,200,12108.371186
5638.129723,0.84,0.84,200,12115.057687
5679.333932,0.835,0.835,200,12119.508063
4656.162088,0.865,0.865,200,12124.073689
5680.796114,0.83,0.83,200,12128.648008
5715.737179,0.85,0.85,200,12133.19939
5682.179609,0.815,0.815,200,12137.789484
3945.041306,0.35,0.35,200,12142.25663
5647.186311,0.805,0.825,200,12146.804146
5762.795462,0.85,0.86,200,12151.493213
5724.917624,0.865,0.87,200,12155.951656
5688.988074,0.85,0.86,200,12162.653483
5689.129732,0.83,0.835,200,12167.277818
5598.234153,0.79,0.805,200,12172.075755
5759.17614,0.845,0.845,200,12176.568471
4851.273069,0.865,0.865,200,12181.090901
5663.743691,0.84,0.845,200,12185.680794
5775.985719,0.85,0.86,200,12190.347466
5704.126691,0.81,0.82,200,12194.866126
5647.321053,0.815,0.825,200,12199.471186
5767.806178,0.855,0.86,200,12204.240062
5662.575176,0.845,0.845,200,12211.317816
5749.121202,0.835,0.85,200,12215.937691
5601.795294,0.795,0.81,200,12220.444911
5695.742116,0.855,0.865,200,12224.954502
5702.508621,0.815,0.82,200,12229.499186
4170.877441,0.87,0.88,200,12233.894255
5696.749634,0.815,0.815,200,12238.4503
5764.63727,0.855,0.855,200,12243.00769
5610.236596,0.78,0.79,200,12247.640444
5596.832596,0.805,0.805,200,12252.304907
5062.470288,0.87,0.875,200,12259.150431
5735.721571,0.845,0.845,200,12263.782506
5660.454561,0.845,0.855,200,12268.462024
5722.842626,0.845,0.86,200,12273.006678
5732.286603,0.845,0.845,200,12277.564176
5624.062559,0.855,0.875,200,12281.986012
5629.821282,0.845,0.85,200,12286.707695
5698.31689,0.825,0.825,200,12291.428465
5655.235429,0.84,0.84,200,12296.117181
5775.385466,0.845,0.865,200,12300.674831
5455.831735,0.835,0.84,200,12307.362172
5658.501595,0.805,0.805,200,12311.995221
5692.336724,0.82,0.82,200,12316.572806
5623.664069,0.84,0.87,200,12321.232637
5759.022676,0.86,0.875,200,12325.990948
5600.140063,0.835,0.835,200,12330.548613
4340.351726,0.845,0.86,200,12335.228878
5616.954304,0.835,0.845,200,12339.933523
5686.643162,0.85,0.85,200,12344.694992
4942.160601,0.845,0.845,200,12349.326135
5753.399694,0.84,0.84,200,12356.20809
5689.799249,0.83,0.835,200,12361.003073
5431.518917,0.83,0.835,200,12365.75342
5761.47108,0.845,0.845,200,12370.316794
5677.337327,0.835,0.84,200,12374.872914
5737.030341,0.845,0.85,200,12379.267266
5634.950065,0.84,0.875,200,12383.786672
5695.79676,0.82,0.82,200,12388.455368
5697.161011,0.835,0.845,200,12393.144064
5760.096533,0.85,0.855,200,12397.739009
5745.988111,0.85,0.85,200,12404.525164
5668.979311,0.83,0.835,200,12409.053439
5681.25287,0.83,0.835,200,12413.773545
5107.294419,0.835,0.855,200,12418.306368
5755.142993,0.88,0.88,200,12422.905312
5686.809255,0.805,0.805,200,12427.396811
5630.821829,0.81,0.815,200,12432.04302
5616.954015,0.805,0.815,200,12436.734332
5700.151371,0.83,0.835,200,12441.33057
5729.44407,0.83,0.845,200,12445.971702
4763.705192,0.865,0.865,200,12452.852421
5760.656292,0.865,0.87,200,12457.35759
5033.008455,0.865,0.865,200,12461.934877
5628.628812,0.84,0.84,200,12466.446913
4865.007711,0.855,0.855,200,12471.097662
5757.623874,0.85,0.855,200,12475.727952
3385.275364,0.245,0.26,200,12480.320675
5737.087805,0.84,0.845,200,12484.942857
5742.074437,0.845,0.845,200,12489.536291
5650.828899,0.83,0.845,200,12494.288021
5690.181646,0.835,0.835,200,12500.947211
5734.895951,0.875,0.875,200,12505.525682
4857.598875,0.845,0.85,200,12510.195781
5603.070294,0.805,0.805,200,12514.859668
5678.726767,0.805,0.805,200,12519.587464
5738.619787,0.85,0.85,200,12524.261499
5768.175356,0.865,0.87,200,12528.878686
5714.866486,0.825,0.835,200,12533.498585
5674.601794,0.82,0.825,200,12538.019879
5695.527917,0.85,0.87,200,12542.686226
5624.43089,0.84,0.845,200,12549.454198
5532.264988,0.855,0.855,200,12554.05075
5384.13392,0.87,0.895,200,12558.582861
5535.823007,0.82,0.855,200,12563.225731
5691.393598,0.83,0.84,200,12567.749893
5149.349195,0.855,0.88,200,12572.338035
5722.129237,0.825,0.845,200,12576.997653
5636.446727,0.855,0.855,200,12581.695148
5668.642565,0.82,0.84,200,12586.398463
5684.412529,0.83,0.83,200,12590.97199
5507.699459,0.825,0.875,200,12597.80542
3951.580602,0.49,0.5,200,12602.334064
3570.724818,0.37,0.39,200,12606.906447
5641.499632,0.855,0.86,200,12611.414369
5691.84547,0.81,0.81,200,12615.921326
5635.467551,0.805,0.815,200,12620.312284
5771.331406,0.855,0.86,200,12624.83899
5759.778032,0.855,0.855,200,12629.167385
5768.152102,0.855,0.865,200,12633.62103
5748.502385,0.84,0.845,200,12638.169548
5769.563991,0.86,0.86,200,12644.862251
5769.222179,0.85,0.865,200,12649.117296
5064.843195,0.855,0.855,200,12653.595628
5735.907098,0.835,0.835,200,12658.279651
5754.740997,0.84,0.845,200,12662.824389
5680.180086,0.835,0.835,200,12667.403531
5455.934255,0.83,0.86,200,12672.044925
5638.488361,0.81,0.815,200,12676.646194
5125.399048,0.73,0.735,200,12681.437584
5712.894822,0.815,0.84,200,12686.105968
5560.383008,0.85,0.85,200,12692.956788
3780.809893,0.43,0.44,200,12697.601047
5623.998282,0.84,0.84,200,12702.199726
5767.664366,0.85,0.86,200,12706.736711
5690.757108,0.825,0.84,200,12711.093948
5710.707526,0.82,0.825,200,12715.723197
5632.230066,0.825,0.825,200,12720.140151
5614.880405,0.815,0.815,200,12724.780221
5715.558767,0.85,0.87,200,12729.507301
4631.514372,0.86,0.87,200,12734.126862
5717.07037,0.835,0.835,200,12741.034831
4731.200534,0.67,0.685,200,12745.697778
5746.793163,0.865,0.87,200,12750.133358
4969.1525,0.7,0.73,200,12754.638685
5691.172534,0.81,0.81,200,12759.284506
4847.600869,0.87,0.87,200,12763.850535
5658.489396,0.825,0.825,200,12768.5243
5628.882772,0.79,0.815,200,12773.084894
5405.247589,0.85,0.85,200,12777.57144
5746.203551,0.845,0.845,200,12782.051838
5741.964076,0.83,0.845,200,12788.684465
5706.737184,0.855,0.87,200,12793.318267
5785.948068,0.86,0.87,200,12797.975835
5321.783466,0.845,0.865,200,12802.585077
5764.501789,0.855,0.86,200,12807.076903
5698.335793,0.865,0.865,200,12811.624193
5679.869781,0.83,0.83,200,12816.248779
5788.224191,0.87,0.875,200,12820.905216
5766.798737,0.855,0.855,200,12825.418989
5537.680728,0.86,0.865,200,12829.931132
5731.203491,0.865,0.865,200,12836.658017
5691.527569,0.815,0.815,200,12841.230129
4564.270831,0.675,0.695,200,12845.729635
5673.181152,0.835,0.835,200,12850.241936
5727.754145,0.83,0.835,200,12854.63851
5682.14312,0.865,0.865,200,12859.136886
5791.286648,0.86,0.875,200,12863.789197
5729.00426,0.86,0.86,200,12868.237749
5604.540327,0.785,0.8,200,12872.915705
5701.794628,0.83,0.83,200,12877.418885
5686.441505,0.835,0.84,200,12884.14932
5684.613514,0.81,0.81,200,12888.737576
5781.612717,0.85,0.87,200,12893.238839
5734.109229,0.825,0.835,200,12897.744493
5635.756724,0.855,0.855,200,12902.26048
5607.08284,0.8,0.815,200,12906.909949
5627.248511,0.85,0.85,200,12911.448034
5659.363259,0.8,0.8,200,12916.003469
5686.972255,0.79,0.805,200,12920.443258
5746.302312,0.835,0.845,200,12925.014871
5690.022213,0.81,0.81,200,12931.786107
5641.053742,0.82,0.82,200,12936.371866
5795.775589,0.875,0.88,200,12940.935851
5728.981712,0.845,0.845,200,12945.58335
5702.209299,0.84,0.84,200,12950.07026
5753.710004,0.865,0.87,200,12954.588895
5641.999961,0.86,0.865,200,12959.119472
5710.642988,0.83,0.83,200,12963.844318
5613.495429,0.81,0.815,200,12968.529356
5066.121075,0.87,0.87,200,12973.332955
5641.728791,0.855,0.86,200,12980.211093
5732.501225,0.835,0.85,200,12984.982715
5698.22511,0.825,0.825,200,12989.73464
5698.924003,0.835,0.84,200,12994.348508
5772.09429,0.855,0.86,200,12998.880888
5619.482533,0.805,0.81,200,13003.507254
5762.132384,0.85,0.85,200,13008.198487
5095.360168,0.84,0.855,200,13012.950736
5724.125649,0.85,0.85,200,13017.577713
5710.562261,0.835,0.835,200,13022.301802
5700.612586,0.815,0.815,200,13029.173467
5736.682287,0.86,0.87,200,13033.855059
5670.751998,0.795,0.795,200,13038.48281
3437.349922,0.865,0.87,200,13043.133892
5706.376803,0.82,0.82,200,13047.82672
5612.500027,0.835,0.85,200,13052.464646
5663.81167,0.795,0.795,200,13057.121577
5748.624877,0.845,0.845,200,13061.895277
5751.86118,0.84,0.85,200,13066.678463
5763.362934,0.855,0.855,200,13071.424651
5765.046587,0.86,0.86,200,13078.284402
5768.480747,0.855,0.865,200,13082.898218
4535.382165,0.87,0.87,200,13087.669304
5765.376635,0.86,0.865,200,13092.373317
5706.38572,0.825,0.835,200,13097.053945
5720.827507,0.865,0.87,200,13101.735824
5336.624574,0.855,0.855,200,13106.371074
5656.503734,0.85,0.85,200,13110.991071
5772.194686,0.855,0.86,200,13115.791975
5771.77758,0.855,0.86,200,13120.392305
5660.850913,0.835,0.835,200,13127.366469
5710.756967,0.865,0.87,200,13131.97874
5741.683273,0.84,0.845,200,13136.687483
5709.086077,0.855,0.865,200,13141.424479
5738.298736,0.85,0.85,200,13146.084205
4718.906595,0.855,0.855,200,13150.815093
5645.151122,0.805,0.815,200,13155.621045
5515.490473,0.85,0.87,200,13160.370663
5684.42235,0.815,0.82,200,13165.093991
5760.244645,0.825,0.85,200,13169.935377
5718.447662,0.825,0.835,200,13176.672101
5722.116547,0.86,0.865,200,13181.398792
5715.696641,0.825,0.825,200,13186.228201
5718.286069,0.855,0.855,200,13190.87705
5768.393903,0.855,0.855,200,13195.54942
5762.383949,0.84,0.845,200,13200.309383
5230.694616,0.84,0.855,200,13204.971373
5737.058902,0.85,0.85,200,13209.518661
5772.188937,0.86,0.86,200,13214.121947
5671.150924,0.84,0.845,200,13218.866686
5769.63313,0.86,0.86,200,13225.706441
5244.387457,0.865,0.865,200,13230.468521
3971.072393,0.635,0.635,200,13235.153114
4789.846437,0.84,0.845,200,13239.857459
5661.169406,0.835,0.835,200,13244.505426
5660.35191,0.84,0.84,200,13249.220756
4777.760617,0.84,0.86,200,13253.991684
5673.060688,0.825,0.83,200,13258.689805
5592.12825,0.79,0.8,200,13263.50948
4335.694291,0.88,0.88,200,13268.243389
5742.209896,0.845,0.855,200,13275.190566
5686.292627,0.875,0.885,200,13279.751815
5579.124193,0.795,0.795,200,13284.224906
5695.801328,0.85,0.85,200,13288.930917
5722.81328,0.845,0.845,200,13293.50146
4452.45548,0.675,0.69,200,13298.081797
5713.537056,0.84,0.845,200,13302.621441
5223.317899,0.56,0.58,200,13307.280824
5691.777362,0.81,0.81,200,13311.998832
4970.999716,0.865,0.88,200,13316.662822
4445.691659,0.855,0.855,200,13323.645175
5693.123989,0.81,0.81,200,13328.290453
5636.264592,0.81,0.825,200,13333.02801
5761.012471,0.845,0.845,200,13337.663737
5679.08373,0.835,0.835,200,13342.526439
5681.598695,0.835,0.835,200,13347.135472
5759.746932,0.855,0.855,200,13351.66811
5724.536038,0.84,0.84,200,13356.269289
5763.362478,0.85,0.855,200,13360.968756
5694.123687,0.865,0.865,200,13365.570919
5688.417152,0.84,0.845,200,13372.373668
5799.10028,0.875,0.885,200,13377.105657
5687.486267,0.845,0.845,200,13381.812401
5739.420937,0.855,0.855,200,13386.429698
5158.267633,0.86,0.865,200,13391.048849
5792.155742,0.88,0.88,200,13395.818629
5769.422147,0.855,0.855,200,13400.541495
5698.066942,0.845,0.85,200,13405.283668
5699.249795,0.825,0.825,200,13410.169031
4457.174703,0.855,0.875,200,13414.840725
5743.197835,0.855,0.86,200,13421.659958
2413.737893,0.02,0.025,200,13426.336372
5680.732813,0.835,0.85,200,13430.878555
5698.747092,0.815,0.82,200,13435.531861
5771.098281,0.845,0.86,200,13440.071362
5675.138393,0.86,0.86,200,13444.661726
5093.81594,0.855,0.87,200,13449.335736
5690.202552,0.825,0.825,200,13454.071853
5769.06835,0.855,0.855,200,13458.622274
5633.02649,0.845,0.845,200,13463.357694
5791.865489,0.87,0.875,200,13470.352286
5686.364842,0.81,0.81,200,13475.0574
4428.068335,0.765,0.78,200,13479.719774
5702.492279,0.82,0.82,200,13484.383214
5638.85175,0.82,0.82,200,13488.972746
5678.149919,0.845,0.87,200,13493.513659
5669.366215,0.82,0.825,200,13498.211955
3927.4182,0.87,0.875,200,13502.874528
5599.055847,0.855,0.86,200,13507.498558
5749.748764,0.86,0.87,200,13511.963836
5776.230772,0.855,0.865,200,13518.826743
5700.248958,0.815,0.83,200,13523.486229
5708.541669,0.83,0.84,200,13528.121805
5738.576433,0.82,0.83,200,13532.820361
5679.470814,0.86,0.86,200,13537.56647
5702.227168,0.815,0.815,200,13542.241722
3367.212839,0.27,0.28,200,13546.853332
5710.581643,0.84,0.84,200,13551.498827
5659.103005,0.81,0.83,200,13556.156316
5696.041029,0.83,0.83,200,13560.596935
3973.427901,0.87,0.875,200,13567.578949
5611.384831,0.865,0.895,200,13572.266518
5132.747682,0.865,0.865,200,13576.856373
5696.739168,0.805,0.805,200,13581.524735
5623.033512,0.825,0.875,200,13586.188258
5784.037256,0.875,0.875,200,13590.969829
5666.047902,0.83,0.83,200,13595.725441
5755.215251,0.855,0.855,200,13600.54737
4457.960183,0.555,0.555,200,13605.103029
5710.843586,0.865,0.87,200,13609.786994
5710.14049,0.865,0.865,200,13616.61124
5118.917562,0.855,0.865,200,13621.297932
5701.384359,0.81,0.81,200,13626.041498
5604.67933,0.805,0.81,200,13630.76784
5744.216842,0.84,0.85,200,13635.400957
5640.409522,0.81,0.82,200,13640.100532
5701.357796,0.86,0.865,200,13644.739279
5588.676902,0.825,0.85,200,13649.198118
5685.10477,0.845,0.85,200,13653.831612
5609.784104,0.805,0.81,200,13658.36335
5343.760593,0.84,0.86,200,13665.155069
5698.638261,0.805,0.81,200,13669.804717
5747.984848,0.87,0.875,200,13674.363638
5624.458383,0.845,0.845,200,13678.825616
5704.01884,0.86,0.86,200,13683.353343
5085.089883,0.725,0.745,200,13687.885351
5711.78046,0.855,0.855,200,13692.480501
5740.957548,0.85,0.85,200,13697.102587
5667.116135,0.85,0.855,200,13701.611483
4886.262456,0.525,0.54,200,13706.097365
5719.625857,0.835,0.835,200,13712.89723
5577.171368,0.835,0.835,200,13717.414477
5756.063662,0.86,0.865,200,13721.981648
5707.684515,0.81,0.82,200,13726.456107
5682.916751,0.84,0.85,200,13731.020094
5151.358681,0.86,0.86,200,13735.55929
5781.564884,0.87,0.87,200,13740.047828
3428.637232,0.27,0.295,200,13744.519231
5747.372051,0.84,0.845,200,13749.203124
5763.000381,0.86,0.875,200,13753.762379
5776.098026,0.865,0.865,200,13760.444145
5749.960631,0.865,0.875,200,13765.045707
4948.072539,0.87,0.87,200,13769.651566
5711.8897,0.83,0.835,200,13774.296849
5633.36971,0.86,0.875,200,13779.046379
3489.908591,0.575,0.58,200,13783.66517
5753.519792,0.84,0.855,200,13788.138563
5655.308234,0.83,0.84,200,13792.816333
5781.192677,0.855,0.865,200,13797.505777
5644.940736,0.81,0.81,200,13802.202873
5079.21208,0.875,0.875,200,13809.039187
5591.305569,0.795,0.805,200,13813.706447
5777.94198,0.87,0.87,200,13818.342622
5344.018919,0.835,0.84,200,13822.993425
5704.647651,0.86,0.865,200,13827.659767
5727.526308,0.85,0.88,200,13832.319998
3766.740637,0.37,0.4,200,13836.832417
5365.461747,0.84,0.84,200,13841.531669
5694.456146,0.815,0.815,200,13846.137819
5663.598737,0.835,0.835,200,13850.823696
5701.838462,0.815,0.815,200,13857.759556
5100.32424,0.85,0.855,200,13862.442843
4112.761801,0.32,0.33,200,13867.091733
5667.603728,0.86,0.875,200,13871.660793
5628.932723,0.865,0.865,200,13876.236454
5745.33104,0.845,0.865,200,13880.984902
5680.679758,0.86,0.865,200,13885.534367
5644.295235,0.84,0.84,200,13890.220819
5676.535808,0.83,0.83,200,13894.864998
5739.684608,0.875,0.885,200,13899.434688
5671.625688,0.81,0.815,200,13906.095332
5741.590741,0.85,0.85,200,13910.743709
5781.171857,0.875,0.875,200,13915.327466
5736.314154,0.835,0.835,200,13919.941946
5692.695987,0.81,0.81,200,13924.698564
3899.256853,0.385,0.4,200,13929.25427
5780.021027,0.875,0.875,200,13933.789432
5638.105232,0.8,0.815,200,13938.440186
5726.949687,0.875,0.875,200,13943.183733
5678.055608,0.865,0.875,200,13947.765862
5611.118733,0.81,0.81,200,13954.563033
5672.177376,0.845,0.845,200,13958.941849
5678.920772,0.835,0.845,200,13963.527596
5775.984713,0.86,0.865,200,13968.125846
5709.278067,0.83,0.83,200,13972.845967
5741.200978,0.87,0.88,200,13977.289601
5626.696865,0.82,0.82,200,13981.895201
5753.35179,0.855,0.855,200,13986.584079
5573.897544,0.845,0.855,200,13991.119574
5766.484429,0.865,0.87,200,13995.800691
5753.196926,0.865,0.875,200,14002.617556
5699.951831,0.81,0.81,200,14007.427156
5740.776747,0.845,0.85,200,14012.100485
4676.68656,0.85,0.87,200,14016.729222
5775.844177,0.855,0.86,200,14021.343043
5625.217935,0.81,0.81,200,14026.113785
5603.131857,0.8,0.805,200,14030.826085
5685.402509,0.875,0.875,200,14035.543569
5774.369447,0.86,0.86,200,14040.112639
5714.983463,0.865,0.87,200,14044.792685
5764.62688,0.86,0.86,200,14051.727816
4492.875538,0.48,0.515,200,14056.199553
5726.671993,0.84,0.845,200,14060.838448
5750.906751,0.84,0.85,200,14065.484648
5718.462169,0.835,0.835,200,14069.995418
3904.068923,0.86,0.865,200,14074.711848
5688.410907,0.845,0.845,200,14079.357283
5773.112757,0.865,0.87,200,14083.963025
3022.489536,0.865,0.865,200,14088.661604
5718.429967,0.845,0.845,200,14093.183894
4547.489938,0.86,0.86,200,14099.895947
5672.233528,0.845,0.845,200,14104.546373
5661.999653,0.82,0.82,200,14109.149957
5759.874875,0.845,0.85,200,14113.812277
5753.668041,0.85,0.85,200,14118.483142
5756.870901,0.865,0.88,200,14123.044677
5684.138948,0.835,0.845,200,14127.634674
5540.62133,0.855,0.86,200,14132.38644
5701.409389,0.82,0.82,200,14136.961621
5000.950791,0.87,0.87,200,14141.513211
5243.121064,0.865,0.865,200,14148.239814
5658.927265,0.835,0.84,200,14152.905481
5657.272834,0.84,0.84,200,14157.504539
5711.770896,0.835,0.84,200,14162.137267
5671.049314,0.845,0.845,200,14166.859666
4915.232906,0.85,0.865,200,14171.548571
5358.87537,0.85,0.855,200,14176.146859
5699.711308,0.815,0.815,200,14180.976784
5678.15701,0.85,0.86,200,14185.534977
5687.027766,0.845,0.85,200,14190.064122
5646.4633,0.845,0.845,200,14196.903796
5716.123441,0.83,0.83,200,14201.564724
5769.769688,0.86,0.86,200,14206.234666
5769.209724,0.87,0.87,200,14210.986618
5745.186632,0.85,0.85,200,14215.604368
5761.771803,0.855,0.855,200,14220.299182
5724.432543,0.84,0.845,200,14225.021128
5686.870525,0.83,0.83,200,14229.658102
5718.982201,0.84,0.84,200,14234.317224
5764.064629,0.855,0.855,200,14239.080523
5771.537394,0.87,0.885,200,14245.949497
5706.41,0.83,0.83,200,14250.630846
5268.747499,0.855,0.855,200,14255.309882
5699.475414,0.835,0.84,200,14260.016978
5019.04791,0.85,0.855,200,14264.776853
5677.770768,0.845,0.85,200,14269.441747
5631.173729,0.815,0.825,200,14274.039579
5773.351623,0.865,0.865,200,14278.697111
5457.319866,0.88,0.89,200,14283.383586
5668.497104,0.855,0.855,200,14288.058751
5711.579986,0.855,0.865,200,14294.797447
5760.85632,0.86,0.865,200,14299.533344
5773.570306,0.855,0.87,200,14304.18702
4614.164613,0.87,0.87,200,14308.925922
5693.780834,0.855,0.86,200,14313.550589
5607.246037,0.785,0.805,200,14318.207971
5720.139078,0.865,0.875,200,14322.805898
5701.751824,0.84,0.84,200,14327.408359
5699.937151,0.84,0.84,200,14332.08106
4715.530294,0.665,0.68,200,14336.693836
5710.885443,0.82,0.825,200,14343.600757
5657.29781,0.835,0.84,200,14348.284254
5016.800008,0.86,0.865,200,14352.92713
5730.495663,0.855,0.86,200,14357.66268
5685.521174,0.84,0.84,200,14362.289607
5748.435715,0.85,0.85,200,14366.963641
5670.807184,0.815,0.825,200,14371.64348
5784.532299,0.875,0.875,200,14376.209148
5623.251685,0.795,0.81,200,14380.940202
5688.176007,0.835,0.84,200,14385.653369
5720.90532,0.855,0.86,200,14392.535524
5706.97401,0.82,0.82,200,14397.297637
5740.579165,0.85,0.86,200,14402.035476
5271.507603,0.85,0.85,200,14406.733933
5744.741443,0.865,0.865,200,14411.54023
5772.537069,0.855,0.865,200,14416.168855
5707.891518,0.835,0.835,200,14420.790451
5627.062842,0.85,0.855,200,14425.534881
5753.351171,0.86,0.87,200,14430.174032
5664.179791,0.825,0.825,200,14434.870311
5701.89683,0.835,0.84,200,14441.784461
5668.61836,0.85,0.86,200,14446.453536
5264.861022,0.82,0.84,200,14451.063479
5011.71072,0.855,0.885,200,14455.699919
4997.506994,0.84,0.855,200,14460.416468
5701.057505,0.835,0.835,200,14465.078749
4914.376357,0.85,0.855,200,14469.742967
5134.572231,0.855,0.855,200,14474.374222
5693.790164,0.83,0.845,200,14478.986148
5781.533452,0.87,0.875,200,14483.675321
5677.334741,0.805,0.805,200,14490.326644
5694.84022,0.84,0.84,200,14494.857177
5642.679072,0.81,0.815,200,14499.455
4886.235007,0.85,0.85,200,14503.996759
5673.665173,0.84,0.845,200,14508.554765
5323.824535,0.85,0.855,200,14513.134631
5618.210699,0.795,0.815,200,14517.578974
5776.38341,0.86,0.86,200,14522.259569
5684.464871,0.815,0.83,200,14526.955092
4375.994674,0.87,0.875,200,14531.518749
4865.256959,0.86,0.86,200,14538.461343
5687.941185,0.8,0.81,200,14543.106008
5747.818715,0.86,0.88,200,14547.690895
5642.967331,0.805,0.815,200,14552.219828
5602.918742,0.855,0.87,200,14556.83512
5786.293728,0.865,0.87,200,14561.293023
5684.272037,0.845,0.85,200,14565.885386
5736.343832,0.825,0.84,200,14570.423723
5763.131349,0.85,0.85,200,14575.085628
5775.915677,0.86,0.865,200,14579.651429
5772.120583,0.865,0.87,200,14586.528831
5737.940321,0.845,0.845,200,14591.18257
5764.417706,0.86,0.86,200,14595.725646
5778.555727,0.87,0.87,200,14600.247136
5762.005954,0.855,0.86,200,14604.850888
5703.891611,0.815,0.82,200,14609.588876
5685.303541,0.835,0.85,200,14614.207229
5693.858065,0.835,0.835,200,14618.940426
5629.894944,0.82,0.82,200,14623.529484
5750.683979,0.875,0.875,200,14628.000681
5699.018984,0.81,0.81,200,14634.996459
5764.132336,0.855,0.86,200,14639.73019
5568.468111,0.77,0.77,200,14644.419715
5579.454811,0.855,0.86,200,14649.157405
5160.372754,0.865,0.87,200,14653.772305
5676.345848,0.845,0.855,200,14658.54125
5668.78196,0.825,0.835,200,14663.270492
5693.052354,0.845,0.87,200,14667.803841
5574.407946,0.86,0.86,200,14672.4516
5692.504652,0.81,0.81,200,14677.029798
5699.933609,0.815,0.815,200,14683.74327
5693.401465,0.865,0.865,200,14688.472234
5705.121299,0.835,0.835,200,14693.164141
5754.869475,0.855,0.86,200,14697.753147
5623.001251,0.85,0.875,200,14702.420826
5598.093272,0.8,0.8,200,14707.004111
5684.770531,0.84,0.855,200,14711.552585
5709.05357,0.82,0.825,200,14716.286901
5671.31543,0.84,0.84,200,14720.919158
5676.432743,0.85,0.855,200,14725.677984
4856.209019,0.875,0.875,200,14732.568753
5773.280593,0.865,0.87,200,14737.209109
5717.460849,0.83,0.84,200,14741.920918
5045.633055,0.855,0.865,200,14746.478501
5761.668858,0.865,0.88,200,14751.109624
5711.0762,0.83,0.83,200,14755.806274
4719.00527,0.865,0.865,200,14760.427588
5743.841569,0.855,0.86,200,14764.99671
5703.601899,0.81,0.815,200,14769.500962
5701.420198,0.855,0.87,200,14774.233999
5608.705084,0.845,0.86,200,14780.969398
5736.640682,0.855,0.855,200,14785.554499
5394.411014,0.835,0.835,200,14790.206745
5698.163523,0.82,0.825,200,14794.735698
5696.374338,0.86,0.86,200,14799.36569
5174.616664,0.875,0.875,200,14804.072636
5759.338891,0.87,0.87,200,14808.809957
4962.134306,0.87,0.87,200,14813.448124
5760.954918,0.865,0.87,200,14818.12311
5429.16094,0.845,0.85,200,14822.822031
5680.73379,0.835,0.835,200,14829.749188
5761.28763,0.85,0.855,200,14834.34464
5712.235561,0.825,0.835,200,14838.890255
5780.47351,0.865,0.865,200,14843.420087
4663.1043,0.865,0.865,200,14847.981647
5468.976357,0.86,0.865,200,14852.762502
5697.093687,0.81,0.815,200,14857.199519
5675.422351,0.81,0.815,200,14861.69666
5754.810565,0.86,0.87,200,14866.296022
4970.402281,0.48,0.5,200,14870.970185
5599.294051,0.805,0.855,200,14877.607338
5762.907567,0.845,0.86,200,14882.13572
5689.822064,0.805,0.805,200,14886.671816
5659.250796,0.875,0.875,200,14891.111279
5698.781226,0.82,0.82,200,14895.650193
5706.010693,0.83,0.84,200,14900.103592
5727.944644,0.84,0.845,200,14904.500849
5777.075732,0.86,0.87,200,14909.007843
5711.347661,0.825,0.83,200,14913.384304
5709.699936,0.83,0.83,200,14917.814345
5763.452163,0.845,0.86,200,14924.539059
5704.513668,0.82,0.82,200,14928.959246
5695.252269,0.83,0.85,200,14933.432283
5765.607335,0.86,0.87,200,14937.942415
5009.069967,0.86,0.86,200,14942.557901
5736.739089,0.83,0.835,200,14947.26481
2263.204058,0.115,0.115,200,14951.769144
5692.262231,0.835,0.835,200,14956.363316
4746.482688,0.885,0.885,200,14960.799996
5737.811924,0.835,0.835,200,14965.174681
4573.675758,0.87,0.87,200,14971.67335
5773.272031,0.87,0.875,200,14976.21006
5663.727665,0.82,0.83,200,14980.845316
5677.553369,0.84,0.84,200,14985.332494
5755.124561,0.845,0.85,200,14989.906861
5682.214737,0.83,0.83,200,14994.417657
5665.288205,0.835,0.845,200,14998.766606
5664.187203,0.88,0.88,200,15003.329327
5742.014587,0.845,0.845,200,15007.871682
4712.292329,0.675,0.685,200,15012.313425
5343.66097,0.85,0.855,200,15019.167192
5647.090771,0.875,0.875,200,15023.459048
5694.109661,0.84,0.84,200,15027.888848
4560.045792,0.865,0.865,200,15032.606828
5512.728609,0.855,0.855,200,15037.126518
4754.654273,0.87,0.87,200,15041.705588
4959.799463,0.66,0.675,200,15046.378983
5719.03862,0.86,0.875,200,15050.976222
4336.224346,0.86,0.86,200,15055.440395
5697.83573,0.815,0.815,200,15059.964201
5727.407976,0.835,0.835,200,15066.984885
5766.768577,0.865,0.87,200,15071.496012
5692.40076,0.845,0.845,200,15076.119051
5684.953008,0.87,0.87,200,15080.665414
4990.591877,0.865,0.865,200,15085.353488
5383.018565,0.84,0.84,200,15090.176538
5543.201596,0.855,0.86,200,15094.891737
5746.10621,0.865,0.875,200,15099.504796
5687.247545,0.81,0.81,200,15103.998018
5592.881668,0.805,0.815,200,15108.593009
5756.198767,0.845,0.845,200,15115.071434
4578.895853,0.87,0.87,200,15119.523185
5743.255274,0.855,0.86,200,15123.921237
5654.467465,0.83,0.845,200,15128.221133
4741.954873,0.86,0.86,200,15132.517419
5775.114385,0.865,0.865,200,15137.037276
5525.719537,0.845,0.85,200,15141.338478
5737.898746,0.85,0.85,200,15145.821669
5771.469812,0.87,0.87,200,15150.330817
5748.47768,0.87,0.87,200,15154.948662
5733.45278,0.84,0.84,200,15161.510953
5710.790794,0.82,0.83,200,15165.851124
5768.744894,0.855,0.855,200,15170.480777
5680.458236,0.87,0.88,200,15174.971745
5701.617362,0.835,0.835,200,15179.662065
5779.951778,0.865,0.865,200,15184.333219
5708.036423,0.86,0.87,200,15188.85824
5659.073107,0.845,0.85,200,15193.440879
5677.677889,0.8,0.8,200,15197.987401
5639.116908,0.82,0.82,200,15202.505831
5702.675468,0.86,0.865,200,15209.368623
5649.117735,0.81,0.83,200,15213.834861
5783.011671,0.86,0.865,200,15218.391368
5736.694117,0.865,0.865,200,15222.816653
5730.074169,0.845,0.845,200,15227.288373
5728.289616,0.84,0.845,200,15231.780299
5654.369633,0.805,0.815,200,15236.230796
5002.49555,0.865,0.865,200,15240.665233
5779.228223,0.87,0.88,200,15245.120642
5711.427313,0.835,0.835,200,15249.551867
5683.04475,0.8,0.8,200,15255.90703
5720.531135,0.855,0.86,200,15260.131702
5690.631079,0.81,0.81,200,15264.663303
5791.092748,0.885,0.885,200,15269.182033
5767.190307,0.875,0.88,200,15273.756648
5426.985178,0.855,0.86,200,15278.075506
5688.225365,0.84,0.845,200,15282.503123
5038.114581,0.86,0.865,200,15287.023912
5695.484754,0.86,0.87,200,15291.656986
5634.914248,0.81,0.81,200,15296.370728
5111.593326,0.87,0.87,200,15303.017425
5699.08697,0.845,0.845,200,15307.657375
5776.104872,0.875,0.88,200,15312.331613
5697.516139,0.82,0.82,200,15316.839281
5692.804269,0.835,0.835,200,15321.372675
5714.538781,0.84,0.84,200,15325.985635
5748.785332,0.865,0.88,200,15330.684828
5718.35579,0.835,0.835,200,15335.38946
5776.324883,0.86,0.87,200,15340.081363
5662.142183,0.845,0.855,200,15344.807092
5516.969193,0.845,0.88,200,15351.808533
5776.243722,0.86,0.865,200,15356.522669
5683.949162,0.83,0.835,200,15361.303421
5702.775262,0.825,0.835,200,15366.06629
5389.941967,0.855,0.86,200,15370.711628
3946.205282,0.725,0.745,200,15375.44122
5711.381094,0.825,0.83,200,15380.183275
5704.270061,0.84,0.84,200,15384.93897
5726.024248,0.855,0.87,200,15389.418868
5390.725578,0.87,0.87,200,15394.191029
5625.920279,0.81,0.815,200,15400.638676
5771.726158,0.85,0.86,200,15405.28049
4028.380875,0.855,0.88,200,15409.960357
5745.917658,0.865,0.865,200,15414.649838
5757.782073,0.865,0.875,200,15419.154363
5687.879594,0.88,0.88,200,15423.761084
4176.130451,0.785,0.785,200,15428.136591
5678.672903,0.84,0.845,200,15432.786013
4763.624807,0.625,0.64,200,15437.492421
5062.134693,0.865,0.865,200,15442.111974
5680.607971,0.86,0.865,200,15449.046041
5703.190645,0.85,0.85,200,15453.774729
5735.16455,0.86,0.87,200,15458.383798
5765.389506,0.845,0.85,200,15463.023328
5701.461161,0.825,0.825,200,15467.735392
5732.643718,0.84,0.84,200,15472.392613
5683.046158,0.805,0.805,200,15477.154288
5694.917477,0.845,0.845,200,15481.844526
5778.308442,0.87,0.88,200,15486.599864
3907.082832,0.86,0.875,200,15491.380118
5773.15026,0.85,0.855,200,15498.302937
5004.371545,0.855,0.86,200,15502.851061
5640.18454,0.82,0.82,200,15507.506837
5669.23271,0.82,0.825,200,15512.193332
5692.002712,0.875,0.88,200,15516.936129
5516.149403,0.865,0.865,200,15521.610664
5708.921308,0.83,0.835,200,15526.397016
5773.046651,0.86,0.88,200,15531.150141
5683.763731,0.8,0.8,200,15535.905075
5745.066733,0.875,0.88,200,15540.599024
5789.248329,0.875,0.875,200,15547.502173
5741.743559,0.865,0.875,200,15552.163043
5694.088125,0.85,0.865,200,15556.915501
5075.767951,0.87,0.87,200,15561.731093
5697.185241,0.8,0.81,200,15566.454553
5702.005704,0.825,0.83,200,15571.289079
5718.992138,0.88,0.88,200,15576.102944
5667.891014,0.86,0.86,200,15580.889612
5777.286637,0.88,0.88,200,15585.603277
5716.077932,0.855,0.865,200,15590.233771
5724.21326,0.83,0.83,200,15596.903607
5645.978221,0.865,0.885,200,15601.60844
5786.71439,0.86,0.875,200,15606.291174
5622.521503,0.855,0.86,200,15610.958199
5709.647703,0.83,0.85,200,15615.785365
5645.962255,0.81,0.82,200,15620.488138
5724.320293,0.83,0.83,200,15625.186057
5405.382447,0.84,0.86,200,15629.92666
5717.068675,0.825,0.825,200,15634.618052
2650.198726,0.885,0.885,200,15639.422297
5783.430271,0.855,0.87,200,15646.437763
5757.874814,0.855,0.855,200,15651.180182
5700.763304,0.845,0.845,200,15655.889168
5688.859629,0.885,0.885,200,15660.674483
5690.177345,0.835,0.85,200,15665.407379
5757.989282,0.855,0.855,200,15670.134952
5652.597771,0.835,0.85,200,15674.817541
5410.847114,0.855,0.865,200,15679.524575
5669.078833,0.855,0.88,200,15684.158672
5410.283625,0.8,0.82,200,15688.833588
5734.619684,0.84,0.845,200,15695.782406
5738.513919,0.835,0.84,200,15700.565564
5724.420887,0.85,0.855,200,15705.233886
5782.52872,0.86,0.87,200,15709.88805
5027.327935,0.85,0.855,200,15714.625805
5706.07053,0.815,0.815,200,15719.286266
5783.01648,0.865,0.875,200,15723.968248
5638.808376,0.81,0.815,200,15728.66335
5716.752,0.82,0.83,200,15733.400909
5780.58747,0.87,0.87,200,15738.104177
5660.465189,0.81,0.81,200,15745.041742
5618.348396,0.805,0.815,200,15749.757945
5707.774313,0.875,0.88,200,15754.553173
5682.703344,0.795,0.805,200,15759.225844
5684.481343,0.83,0.83,200,15763.883921
5772.61919,0.86,0.865,200,15768.713892
5654.226603,0.825,0.83,200,15773.41726
5167.769939,0.865,0.865,200,15778.101176
5778.680664,0.865,0.865,200,15782.762816
5711.253177,0.82,0.825,200,15787.40359
4953.915357,0.855,0.86,200,15794.352396
5721.206593,0.86,0.865,200,15798.967441
5790.450105,0.875,0.875,200,15803.618456
5609.115615,0.845,0.865,200,15808.397671
5235.612321,0.87,0.875,200,15813.075255
5233.540891,0.865,0.865,200,15817.83055
5746.201771,0.845,0.85,200,15822.631663
5698.713235,0.85,0.85,200,15827.284957
3370.665809,0.4,0.41,200,15831.984199
5756.427414,0.855,0.87,200,15836.749602
5686.587513,0.84,0.845,200,15843.697494
5158.024588,0.87,0.87,200,15848.554241
5693.221279,0.86,0.86,200,15853.204395
5659.294908,0.835,0.855,200,15857.856483
5129.181712,0.88,0.88,200,15862.654099
5771.270408,0.865,0.865,200,15867.191096
5775.803884,0.87,0.87,200,15871.946124
5670.007554,0.815,0.825,200,15876.733842
5653.107888,0.82,0.82,200,15881.537306
5716.754852,0.84,0.84,200,15886.293227
5692.916986,0.81,0.81,200,15893.076684
5709.501395,0.845,0.845,200,15897.841537
5785.462127,0.87,0.875,200,15902.636337
5663.835428,0.83,0.83,200,15907.294504
5789.570249,0.87,0.87,200,15912.032476
5782.766461,0.87,0.875,200,15916.740248
5736.157021,0.845,0.85,200,15921.503791
5263.458461,0.865,0.865,200,15926.229403
5710.124741,0.83,0.84,200,15930.89533
5702.754138,0.815,0.815,200,15935.696952
5665.036869,0.825,0.825,200,15942.559757
5674.558124,0.835,0.85,200,15947.202309
5553.5412,0.85,0.855,200,15951.935354
5625.340518,0.855,0.87,200,15956.852516
5776.783644,0.865,0.865,200,15961.539942
5710.220853,0.825,0.825,200,15966.284747
5797.352638,0.89,0.89,200,15970.921765
5691.128651,0.845,0.845,200,15975.673948
5684.777667,0.8,0.805,200,15980.487181
5734.304631,0.835,0.845,200,15985.17875
5432.719433,0.86,0.86,200,15992.276433
5776.478902,0.89,0.89,200,15997.014632
5635.533379,0.805,0.81,200,16001.80496
5772.187472,0.86,0.86,200,16006.556682
5780.634362,0.85,0.865,200,16011.289729
4896.339074,0.87,0.87,200,16015.9525
5778.576818,0.87,0.87,200,16020.547614
5682.380458,0.84,0.84,200,16025.257787
5768.016645,0.86,0.86,200,16030.03033
5752.751317,0.84,0.84,200,16034.740403
5712.940172,0.825,0.825,200,16041.767364
5702.027898,0.84,0.84,200,16046.522066
5708.736238,0.825,0.83,200,16051.202955
5652.735609,0.84,0.85,200,16055.883073
5699.492181,0.81,0.81,200,16060.653863
5697.67142,0.865,0.87,200,16065.373798
5745.838482,0.87,0.875,200,16070.241793
5684.658177,0.835,0.835,200,16074.975832
5791.911367,0.875,0.885,200,16079.720433
5732.570945,0.845,0.845,200,16084.364093
5761.292204,0.875,0.88,200,16091.092086
5746.698863,0.845,0.85,200,16095.72982
5627.527531,0.855,0.86,200,16100.498204
5554.860612,0.86,0.875,200,16105.155777
5692.558124,0.825,0.845,200,16109.955551
4179.890583,0.875,0.875,200,16114.747708
5584.614198,0.88,0.88,200,16119.472164
5683.606433,0.85,0.855,200,16124.199609
2261.495248,0.05,0.05,200,16128.8724
5508.262073,0.855,0.855,200,16133.573011
5779.293125,0.87,0.87,200,16140.76985
5691.653142,0.87,0.88,200,16145.570209
5684.232565,0.85,0.855,200,16150.34386
5766.833138,0.88,0.885,200,16155.186383
5723.582601,0.83,0.83,200,16159.883164
5254.479231,0.855,0.86,200,16164.771169
4902.748079,0.875,0.88,200,16169.477739
5763.08671,0.86,0.865,200,16174.302025
5615.10226,0.855,0.865,200,16179.133763
5707.224398,0.83,0.835,200,16183.892003
5750.269451,0.865,0.87,200,16190.881197
5618.241415,0.855,0.88,200,16195.637029
5616.876374,0.815,0.815,200,16200.38652
5706.423379,0.845,0.845,200,16205.211917
5736.452348,0.845,0.85,200,16209.960644
5215.712678,0.885,0.885,200,16214.790758
5715.182496,0.82,0.83,200,16219.540815
5668.38739,0.845,0.86,200,16224.394478
5782.005309,0.865,0.865,200,16229.107939
5785.73851,0.86,0.87,200,16233.913676
5079.902346,0.695,0.72,200,16240.9504
5725.80275,0.845,0.845,200,16245.722015
5708.454907,0.84,0.84,200,16250.443216
5702.476845,0.875,0.875,200,16255.175695
5353.414012,0.86,0.86,200,16259.797196
5538.260929,0.845,0.85,200,16264.449037
5756.851019,0.855,0.87,200,16269.069045
5752.525727,0.85,0.86,200,16273.671904
5773.114712,0.87,0.87,200,16278.340025
5691.659868,0.805,0.805,200,16283.03108
5687.058209,0.84,0.84,200,16289.94587
5625.333388,0.81,0.815,200,16294.762841
5718.281485,0.865,0.88,200,16299.601833
5782.384291,0.855,0.865,200,16304.381807
5788.190539,0.885,0.885,200,16309.085693
5764.384658,0.85,0.86,200,16313.74728
5739.449997,0.86,0.86,200,16318.564301
5497.65228,0.865,0.865,200,16323.22733
5698.669146,0.86,0.885,200,16327.814641
4941.014894,0.88,0.88,200,16332.454643
5539.657667,0.86,0.86,200,16339.319719
5731.248737,0.845,0.845,200,16344.005682
5756.048686,0.875,0.88,200,16348.639399
5791.483384,0.865,0.875,200,16353.271718
5722.62121,0.845,0.845,200,16357.898687
5708.181218,0.815,0.825,200,16362.647327
5702.137915,0.805,0.815,200,16367.401929
5669.423721,0.815,0.825,200,16372.119636
5682.154672,0.85,0.85,200,16376.665457
5744.201647,0.865,0.875,200,16381.346564
5597.737033,0.855,0.865,200,16388.301552
5680.763885,0.825,0.83,200,16392.987461
5743.066339,0.865,0.87,200,16397.782636
5561.437172,0.865,0.865,200,16402.47601
5714.643225,0.835,0.835,200,16407.277529
5503.20836,0.87,0.87,200,16411.995718
5725.457814,0.825,0.835,200,16416.768226
5628.318905,0.85,0.86,200,16421.476406
5789.864528,0.865,0.875,200,16426.148195
5716.807484,0.83,0.835,200,16430.977704
5457.272175,0.88,0.88,200,16437.892497
5694.436881,0.815,0.815,200,16442.729534
5787.323091,0.88,0.88,200,16447.477088
5748.387467,0.86,0.865,200,16452.117768
5763.583047,0.875,0.875,200,16456.749062
5703.526457,0.82,0.83,200,16461.412689
5705.600576,0.835,0.835,200,16466.096642
5705.708939,0.835,0.835,200,16470.841073
5668.889607,0.85,0.85,200,16475.508077
5788.756558,0.865,0.875,200,16480.092914
5703.570012,0.815,0.815,200,16486.873999
5712.133898,0.835,0.835,200,16491.588506
2629.893313,0.075,0.085,200,16496.231603
5758.748572,0.855,0.855,200,16500.899995
5725.522691,0.86,0.87,200,16505.603686
5419.016267,0.78,0.785,200,16510.286704
5794.068704,0.875,0.875,200,16514.932784
5775.965877,0.86,0.86,200,16519.673579
5791.422254,0.875,0.88,200,16524.29752
5769.259735,0.875,0.875,200,16528.949703
5789.30927,0.865,0.875,200,16535.897654
5728.384023,0.845,0.845,200,16540.668989
5527.4768,0.865,0.865,200,16545.350332
5652.027283,0.87,0.88,200,16550.068672
5690.11999,0.835,0.835,200,16554.779953
5648.255757,0.81,0.82,200,16559.376431
5752.060145,0.87,0.88,200,16564.043999
5649.421124,0.82,0.82,200,16568.659751
5691.119216,0.84,0.845,200,16573.458308
4747.736801,0.71,0.73,200,16578.24484
5784.261485,0.865,0.875,200,16585.394232
5280.048271,0.745,0.775,200,16590.23065
5341.471418,0.6,0.6,200,16595.092848
5693.994712,0.85,0.85,200,16599.786435
5721.40211,0.87,0.885,200,16604.621467
5684.006824,0.855,0.86,200,16609.381688
5628.917228,0.865,0.865,200,16614.059783
5779.625641,0.86,0.87,200,16618.773682
5471.820267,0.82,0.845,200,16623.445766
5792.747852,0.88,0.88,200,16628.161608
5159.489436,0.71,0.74,200,16635.049231
5704.790517,0.825,0.825,200,16639.831737
5688.182224,0.81,0.81,200,16644.580707
5688.509808,0.815,0.815,200,16649.188984
5590.085219,0.855,0.855,200,16653.928038
5771.75175,0.88,0.88,200,16658.516481
5777.423522,0.885,0.885,200,16663.148878
5672.281049,0.865,0.865,200,16667.813004
5688.807236,0.845,0.845,200,16672.559293
5659.119653,0.835,0.845,200,16677.201829
5671.942227,0.83,0.83,200,16683.95487
5701.793291,0.835,0.835,200,16688.647012
5627.355861,0.85,0.85,200,16693.38286
5749.985162,0.88,0.88,200,16698.012059
5479.19649,0.855,0.86,200,16702.637406
5748.549871,0.86,0.86,200,16707.405027
5658.098943,0.825,0.825,200,16712.111065
5702.518288,0.845,0.845,200,16716.833338
5786.086307,0.87,0.875,200,16721.530104
5622.228448,0.86,0.88,200,16726.095509
5680.195787,0.82,0.835,200,16733.049436
5715.719541,0.86,0.875,200,16737.785553
5630.548701,0.805,0.815,200,16742.490888
5781.032678,0.865,0.87,200,16747.239355
5716.304686,0.85,0.855,200,16752.023306
5785.265869,0.865,0.87,200,16756.687965
5319.194464,0.87,0.87,200,16761.401747
5665.172981,0.84,0.865,200,16766.052944
5695.033608,0.825,0.825,200,16770.706885
5676.855876,0.85,0.855,200,16775.535712
5695.565798,0.815,0.815,200,16782.423994
5695.362349,0.865,0.865,200,16787.315977
5727.467372,0.835,0.835,200,16792.021138
5751.725851,0.86,0.87,200,16796.629848
5672.981361,0.83,0.83,200,16801.232224
5656.706729,0.855,0.86,200,16806.067936
5681.269579,0.805,0.805,200,16810.770031
5698.83888,0.805,0.805,200,16815.537433
5721.752773,0.87,0.88,200,16820.315938
5725.33836,0.865,0.87,200,16825.072912
5781.360395,0.86,0.865,200,16831.94993
5711.573519,0.815,0.82,200,16836.73281
5744.713882,0.86,0.87,200,16841.3079
5268.938106,0.865,0.865,200,16846.059346
5753.381661,0.85,0.855,200,16850.728824
5619.867637,0.845,0.86,200,16855.384846
5581.640196,0.865,0.865,200,16860.169174
5704.017808,0.865,0.88,200,16864.792471
5796.31697,0.865,0.88,200,16869.3189
5695.038967,0.83,0.845,200,16874.013444
5670.244853,0.805,0.805,200,16880.991637
5710.707768,0.825,0.835,200,16885.62373
5788.141876,0.875,0.875,200,16890.242246
5706.56892,0.84,0.84,200,16895.001618
5743.886294,0.875,0.875,200,16899.807156
5650.517379,0.82,0.825,200,16904.562517
5753.393095,0.865,0.875,200,16909.320344
5751.981477,0.845,0.85,200,16913.985645
5679.108193,0.825,0.825,200,16918.731277
5783.450063,0.875,0.875,200,16923.307739
5705.291308,0.815,0.825,200,16930.203112
5713.275536,0.845,0.845,200,16934.903574
5227.369632,0.87,0.87,200,16939.445889
5763.447076,0.84,0.855,200,16944.064371
5775.978985,0.86,0.86,200,16948.791776
5770.340231,0.855,0.86,200,16953.549503
5739.328132,0.84,0.85,200,16958.343427
5723.677389,0.835,0.835,200,16963.03985
5724.055522,0.82,0.83,200,16967.711414
5423.148817,0.885,0.885,200,16972.487626
5733.507833,0.855,0.86,200,16979.103052
5742.888438,0.865,0.87,200,16983.791723
5635.875877,0.84,0.85,200,16988.363235
5785.828727,0.865,0.875,200,16992.95463
5783.966864,0.87,0.875,200,16997.527239
5740.525564,0.855,0.855,200,17002.084825
5705.289425,0.85,0.85,200,17006.819787
5747.871883,0.87,0.87,200,17011.317819
5750.692416,0.865,0.865,200,17015.829392
5708.502577,0.835,0.84,200,17020.377388
5790.581276,0.865,0.875,200,17027.255884
5421.036479,0.875,0.875,200,17031.691211
5474.534654,0.86,0.865,200,17036.211494
5652.456149,0.845,0.855,200,17040.707698
5333.823861,0.865,0.875,200,17045.285794
5799.780715,0.875,0.88,200,17049.803922
5629.625219,0.815,0.815,200,17054.292686
5550.56738,0.85,0.855,200,17058.748194
5703.853116,0.83,0.83,200,17063.182767
5780.385405,0.87,0.87,200,17067.75399
5710.418676,0.84,0.84,200,17074.558833
5747.012933,0.85,0.87,200,17079.035252
5719.218165,0.845,0.85,200,17083.632247
5748.343146,0.865,0.89,200,17088.076019
5618.968123,0.85,0.855,200,17092.558151
5560.146757,0.85,0.855,200,17097.238898
5675.888621,0.83,0.83,200,17101.886038
5793.240679,0.875,0.875,200,17106.533002
5684.105334,0.83,0.83,200,17111.023757
5749.62868,0.855,0.855,200,17115.535042
5645.927725,0.85,0.855,200,17122.394388
5776.120467,0.855,0.86,200,17127.094849
5289.96074,0.86,0.86,200,17131.697387
5723.116662,0.84,0.845,200,17136.27716
5649.463195,0.805,0.815,200,17140.882233
5019.898027,0.87,0.87,200,17145.588145
5713.81584,0.85,0.86,200,17150.044334
5687.563206,0.835,0.835,200,17154.662238
5696.633918,0.83,0.83,200,17159.197606
5183.874488,0.875,0.875,200,17163.755997
5709.829083,0.84,0.84,200,17170.402242
5524.883278,0.85,0.87,200,17174.954479
5706.574915,0.825,0.835,200,17179.588371
5704.098449,0.82,0.82,200,17184.173854
5771.255279,0.88,0.88,200,17188.830386
5772.71907,0.855,0.86,200,17193.490738
5791.348503,0.875,0.89,200,17197.911582
5483.704215,0.86,0.86,200,17202.653342
5798.482816,0.875,0.885,200,17207.466087
5647.004629,0.845,0.85,200,17212.292957
5669.782309,0.855,0.855,200,17219.188207
5779.213587,0.86,0.87,200,17223.891127
5697.594226,0.835,0.835,200,17228.602256
5701.433828,0.82,0.835,200,17233.349948
5729.352788,0.835,0.85,200,17238.032341
5484.822229,0.865,0.865,200,17242.825902
5693.710396,0.84,0.845,200,17247.552946
5753.644864,0.88,0.88,200,17252.367693
5719.511185,0.85,0.85,200,17257.10204
5775.875506,0.865,0.865,200,17261.797292
5683.539837,0.86,0.86,200,17268.908943
5789.951643,0.87,0.875,200,17273.639303
5768.531531,0.85,0.855,200,17278.370688
5758.019607,0.845,0.86,200,17282.989148
5696.817183,0.81,0.81,200,17287.671566
5310.213366,0.875,0.88,200,17292.422599
5749.615999,0.855,0.86,200,17297.245072
5494.745091,0.85,0.86,200,17302.004426
5699.424327,0.83,0.83,200,17306.777625
5693.581728,0.815,0.82,200,17311.426654
5704.942521,0.83,0.835,200,17318.398333
5644.062598,0.83,0.875,200,17323.151479
5640.643624,0.84,0.875,200,17327.705706
5762.967292,0.855,0.855,200,17332.458318
5696.122619,0.835,0.835,200,17337.199319
4444.957293,0.885,0.885,200,17341.908824
5366.646062,0.88,0.88,200,17346.716793
5714.012798,0.845,0.855,200,17351.474204
5656.063112,0.855,0.855,200,17356.183087
5746.114978,0.87,0.875,200,17360.908952
5685.112449,0.855,0.87,200,17367.818017
5701.030524,0.84,0.85,200,17372.409197
5670.589242,0.85,0.86,200,17377.007941
5647.596995,0.81,0.82,200,17381.570921
5760.208077,0.855,0.86,200,17386.260791
5712.582957,0.865,0.87,200,17390.894703
5517.981954,0.84,0.865,200,17395.543828
5778.114584,0.87,0.88,200,17400.20508
5790.452842,0.875,0.88,200,17404.667262
5699.595076,0.845,0.845,200,17409.385378
5277.097042,0.85,0.855,200,17415.979693
5687.909433,0.86,0.86,200,17420.533271
5698.50035,0.84,0.85,200,17425.184171
5689.966173,0.83,0.83,200,17429.729955
5703.010344,0.82,0.825,200,17434.388609
5657.280881,0.825,0.825,200,17438.856725
5714.416021,0.825,0.83,200,17443.452748
5768.029792,0.865,0.87,200,17447.888494
5692.312381,0.805,0.805,200,17452.325588
5500.531567,0.835,0.865,200,17456.714397
5702.729862,0.815,0.815,200,17463.500982
5692.998393,0.86,0.86,200,17468.111795
5787.664539,0.86,0.87,200,17472.543765
5682.089778,0.855,0.855,200,17477.123586
5427.452303,0.855,0.86,200,17481.675691
5807.063618,0.88,0.89,200,17486.111389
5668.392795,0.825,0.825,200,17490.70488
5611.853107,0.845,0.87,200,17495.118601
5483.244977,0.87,0.875,200,17499.64912
5791.306073,0.87,0.875,200,17504.018833
5546.469485,0.855,0.855,200,17510.648239
3767.283222,0.885,0.885,200,17515.145985
5740.187865,0.86,0.865,200,17519.735891
5690.453739,0.82,0.84,200,17524.346781
5735.960882,0.875,0.89,200,17528.891863
5759.737856,0.84,0.86,200,17533.511771
5731.884702,0.85,0.85,200,17538.08907
5693.604582,0.84,0.84,200,17542.674285
5663.732508,0.855,0.865,200,17547.253912
5715.288081,0.87,0.875,200,17551.939573
5704.615882,0.84,0.84,200,17558.705083
5694.180658,0.81,0.81,200,17563.325502
5683.402037,0.835,0.835,200,17567.957592
5732.242363,0.845,0.845,200,17572.52603
5777.759963,0.865,0.875,200,17577.216362
5779.904296,0.865,0.865,200,17581.713308
5705.300418,0.87,0.88,200,17586.288906
5769.858794,0.875,0.875,200,17590.971106
5708.173609,0.85,0.875,200,17595.458723
5745.170566,0.855,0.855,200,17600.149791
5759.576783,0.87,0.88,200,17607.038247
5710.088737,0.81,0.82,200,17611.677433
5039.835268,0.885,0.89,200,17616.317393
5695.712585,0.835,0.835,200,17620.910883
5345.648939,0.865,0.865,200,17625.466033
5738.382156,0.865,0.885,200,17630.065997
5327.648831,0.88,0.88,200,17634.672147
5663.796072,0.805,0.81,200,17639.223684
5002.819905,0.855,0.855,200,17643.876955
5509.341004,0.855,0.855,200,17648.592591
5749.085293,0.855,0.855,200,17655.486258
5705.853858,0.82,0.82,200,17660.127924
4992.822208,0.885,0.885,200,17664.757461
5803.496475,0.88,0.89,200,17669.280021
4836.10172,0.685,0.725,200,17673.722501
4933.379296,0.88,0.88,200,17678.244322
5609.913513,0.85,0.855,200,17682.89602
5710.826743,0.835,0.835,200,17687.534296
5770.915713,0.855,0.86,200,17692.28023
4929.451502,0.88,0.885,200,17696.942553
5757.926045,0.84,0.85,200,17703.681036
5709.042018,0.84,0.845,200,17708.274759
5758.43422,0.845,0.86,200,17712.725372
5678.548443,0.855,0.855,200,17717.356288
4782.247106,0.885,0.895,200,17721.877353
5054.794433,0.87,0.875,200,17726.419487
5629.967955,0.81,0.81,200,17730.901555
5687.81182,0.83,0.83,200,17735.479604
5103.846867,0.865,0.865,200,17740.003213
4099.895084,0.885,0.885,200,17744.368058
5690.421843,0.86,0.875,200,17751.035877
5605.517247,0.785,0.8,200,17755.626624
5804.917534,0.885,0.885,200,17760.224435
5700.731043,0.835,0.84,200,17764.700097
5675.849919,0.845,0.845,200,17769.226937
5780.930457,0.875,0.875,200,17773.63397
5727.383557,0.845,0.845,200,17778.255949
5660.241668,0.815,0.815,200,17782.911433
4570.455047,0.66,0.71,200,17787.487833
5756.485011,0.87,0.87,200,17792.074929
5669.658228,0.845,0.855,200,17798.869782
5678.066915,0.855,0.855,200,17803.490912
5708.170273,0.825,0.835,200,17808.125966
4825.83057,0.85,0.88,200,17812.658353
5736.860404,0.87,0.88,200,17817.198871
5706.0766,0.865,0.875,200,17821.716901
5753.221467,0.865,0.88,200,17826.348246
5629.907416,0.845,0.845,200,17830.910832
5770.74939,0.86,0.865,200,17835.564969
5704.266654,0.86,0.87,200,17840.012979
5653.300722,0.815,0.815,200,17846.757072
5690.156592,0.84,0.84,200,17851.225846
5738.883211,0.855,0.855,200,17855.702211
5738.900729,0.865,0.88,200,17860.168288
5715.534058,0.845,0.845,200,17864.693313
5700.547794,0.865,0.865,200,17869.257981
5759.644168,0.87,0.88,200,17873.780053
5697.890472,0.855,0.855,200,17878.434532
5778.379519,0.86,0.87,200,17882.897167
5741.157378,0.85,0.85,200,17887.437085
5472.944532,0.825,0.88,200,17894.031688
5738.655738,0.865,0.875,200,17898.612144
5733.215473,0.845,0.88,200,17903.197608
5631.444569,0.855,0.88,200,17907.718482
5405.811274,0.865,0.875,200,17912.168046
5751.882824,0.86,0.875,200,17916.704672
5777.300441,0.87,0.87,200,17921.355503
5783.462425,0.86,0.87,200,17925.959971
5711.321158,0.825,0.83,200,17930.413497
5594.359124,0.86,0.865,200,17934.902182
5106.091574,0.745,0.76,200,17941.68751
5678.456168,0.805,0.805,200,17946.163493
5686.406459,0.805,0.805,200,17950.699784
5690.727096,0.835,0.845,200,17955.256532
5680.724546,0.855,0.86,200,17959.852682
5707.30379,0.855,0.855,200,17964.481826
5681.621404,0.84,0.84,200,17969.166826
5492.11383,0.86,0.865,200,17973.781861
5129.243227,0.87,0.875,200,17978.213632
5697.352139,0.855,0.86,200,17982.748105
5714.488098,0.83,0.835,200,17989.547336
5706.776806,0.845,0.845,200,17994.054011
5786.351695,0.87,0.87,200,17998.769529
5772.332953,0.865,0.865,200,18003.366802
5311.276671,0.875,0.875,200,18008.068311
5775.737928,0.86,0.87,200,18012.746304
5694.127726,0.855,0.855,200,18017.344614
5629.544698,0.855,0.86,200,18021.770399
5751.818407,0.86,0.865,200,18026.286898
5757.314016,0.845,0.845,200,18030.700676
5007.230301,0.87,0.87,200,18037.505388
5746.215156,0.855,0.855,200,18042.168726
5709.620023,0.845,0.845,200,18046.752885
5771.781863,0.875,0.88,200,18051.290289
5695.311795,0.845,0.855,200,18055.790758
5268.594416,0.87,0.875,200,18060.380917
5694.45016,0.85,0.87,200,18064.930081
5763.16227,0.86,0.86,200,18069.407412
5498.0875,0.87,0.87,200,18073.852451
5704.009833,0.83,0.83,200,18078.39302
5535.045886,0.85,0.855,200,18084.973258
5798.278174,0.875,0.875,200,18089.403341
5768.929979,0.86,0.86,200,18093.78886
4850.597872,0.855,0.86,200,18097.962401
5793.646061,0.875,0.875,200,18102.112073
5739.717904,0.85,0.855,200,18106.43165
5801.838828,0.88,0.885,200,18110.944411
5702.324053,0.835,0.835,200,18115.5734
5737.609919,0.865,0.875,200,18120.249183
5708.922536,0.825,0.83,200,18124.959486
5655.85148,0.865,0.875,200,18132.017629
5019.897173,0.67,0.705,200,18136.588227
5716.99202,0.83,0.835,200,18141.097733
5794.505212,0.88,0.88,200,18145.602303
5624.652959,0.85,0.86,200,18150.183692
4532.030489,0.875,0.875,200,18154.793023
5602.085812,0.84,0.85,200,18159.388303
5668.197855,0.86,0.865,200,18163.895966
5714.085052,0.865,0.865,200,18168.326975
4513.572243,0.88,0.88,200,18172.846979
5638.380333,0.825,0.825,200,18179.581735
5709.872452,0.86,0.865,200,18184.121252
5757.959306,0.85,0.855,200,18188.640433
5700.679427,0.805,0.815,200,18193.103983
5706.097616,0.82,0.82,200,18197.550676
5720.867397,0.86,0.89,200,18201.767082
5614.351047,0.815,0.815,200,18206.098897
5744.209067,0.865,0.87,200,18210.345489
5706.181381,0.845,0.845,200,18214.906878
4697.511671,0.695,0.73,200,18219.447282
5785.506322,0.865,0.87,200,18226.33071
5791.597735,0.885,0.89,200,18230.951846
5791.549495,0.865,0.875,200,18235.545424
5453.192852,0.865,0.87,200,18240.215887
5755.665059,0.86,0.86,200,18244.755371
5696.271419,0.845,0.845,200,18249.26402
5707.767851,0.84,0.84,200,18253.946237
5692.408347,0.85,0.85,200,18258.529871
5662.044654,0.86,0.86,200,18263.221782
5699.385074,0.835,0.84,200,18267.842092
5783.716018,0.88,0.88,200,18274.421359
5721.360181,0.84,0.85,200,18279.00316
5706.853548,0.83,0.83,200,18283.626376
4958.029371,0.87,0.88,200,18288.269244
5710.775522,0.835,0.835,200,18292.968042
5720.317386,0.83,0.84,200,18297.65296
5684.47489,0.85,0.855,200,18302.338219
5700.583442,0.825,0.825,200,18306.889587
5716.366078,0.835,0.835,200,18311.517511
5785.044346,0.87,0.87,200,18316.216013
5794.829296,0.88,0.88,200,18323.104073
5733.554036,0.835,0.85,200,18327.769681
5766.99677,0.875,0.88,200,18332.349201
5694.335767,0.865,0.87,200,18337.036244
5745.475251,0.87,0.88,200,18341.684906
5762.260082,0.85,0.86,200,18346.305964
5780.857132,0.885,0.885,200,18351.091857
5737.112652,0.855,0.87,200,18355.888124
5714.343832,0.82,0.825,200,18360.544741
5679.021863,0.855,0.865,200,18365.268717
5714.689657,0.87,0.875,200,18372.249451
5698.505674,0.855,0.86,200,18376.845532
5643.648916,0.81,0.81,200,18381.619034
5647.423773,0.805,0.82,200,18386.426514
5777.161935,0.865,0.87,200,18391.18095
5788.039661,0.88,0.88,200,18396.0257
5786.149168,0.87,0.875,200,18400.609737
5765.140135,0.87,0.875,200,18405.238893
5673.797482,0.87,0.87,200,18409.880644
5711.914133,0.84,0.84,200,18414.583781
5762.401797,0.87,0.88,200,18421.326233
5784.444938,0.87,0.87,200,18425.786634
5501.771346,0.84,0.88,200,18430.348812
5667.811697,0.805,0.825,200,18434.982404
5665.198967,0.82,0.83,200,18439.666946
5795.179195,0.875,0.88,200,18444.315717
5494.671138,0.855,0.865,200,18449.016063
5032.878925,0.87,0.875,200,18453.658622
5686.514618,0.85,0.855,200,18458.465409
5710.962192,0.82,0.825,200,18463.154315
5686.737518,0.84,0.85,200,18469.941832
4822.906771,0.875,0.885,200,18474.583461
5786.112186,0.885,0.885,200,18479.289314
5689.010527,0.865,0.865,200,18484.052525
5699.389133,0.81,0.81,200,18488.748786
5720.173909,0.845,0.855,200,18493.494185
5701.29295,0.81,0.815,200,18498.166779
5781.243057,0.89,0.89,200,18502.881724
5458.963512,0.87,0.875,200,18507.490117
5703.127949,0.835,0.835,200,18512.115463
5561.140954,0.86,0.86,200,18519.003598
5697.697628,0.82,0.82,200,18523.668325
5689.773671,0.86,0.865,200,18528.440213
5009.05885,0.87,0.87,200,18533.187876
5534.435141,0.87,0.9,200,18537.789689
5683.086607,0.83,0.83,200,18542.417919
5712.812249,0.815,0.83,200,18547.007107
5584.843322,0.85,0.855,200,18551.574745
5523.334061,0.84,0.885,200,18556.053714
5699.661735,0.82,0.82,200,18560.368051
5687.718259,0.825,0.835,200,18567.181813
5741.582906,0.845,0.85,200,18571.749816
5728.600667,0.87,0.87,200,18576.413567
5124.583366,0.715,0.75,200,18581.012742
5673.588025,0.86,0.86,200,18585.661356
5711.757433,0.83,0.83,200,18590.431914
5729.638376,0.825,0.845,200,18595.086654
5246.759979,0.88,0.88,200,18599.83732
5785.597372,0.88,0.885,200,18604.48717
5790.039507,0.875,0.88,200,18609.033253
5683.290071,0.835,0.845,200,18615.935575
5782.727683,0.855,0.865,200,18620.665132
5749.993643,0.85,0.85,200,18625.360833
5742.840851,0.86,0.865,200,18630.028823
5701.835448,0.855,0.86,200,18634.809689
5715.522935,0.845,0.845,200,18639.475033
5792.000038,0.865,0.875,200,18644.083006
5687.618489,0.86,0.865,200,18648.613011
5675.233596,0.855,0.855,200,18653.02576
5715.540009,0.815,0.83,200,18657.464091
5707.081926,0.825,0.825,200,18664.045332
5573.26175,0.865,0.865,200,18668.50495
5694.781439,0.815,0.815,200,18672.973744
5676.347331,0.83,0.83,200,18677.325426
5636.293468,0.865,0.89,200,18681.815984
5748.989349,0.86,0.865,200,18686.308133
5704.299274,0.835,0.84,200,18690.798105
5754.698533,0.875,0.885,200,18695.405911
5715.076882,0.835,0.84,200,18699.961846
5709.05003,0.84,0.85,200,18704.48168
5460.376338,0.87,0.87,200,18711.263823
5548.216438,0.835,0.855,200,18715.818135
5746.665456,0.85,0.855,200,18720.305045
5767.974738,0.865,0.865,200,18724.794664
5790.871747,0.875,0.875,200,18729.26396
5715.90309,0.84,0.84,200,18733.942425
5709.288066,0.855,0.855,200,18738.660981
5708.95763,0.805,0.82,200,18743.20495
5709.903817,0.84,0.84,200,18747.887329
5718.606417,0.83,0.83,200,18752.475424
5763.419682,0.86,0.86,200,18759.073647
5760.150037,0.86,0.86,200,18763.771761
5696.09487,0.81,0.81,200,18768.343104
5613.092166,0.795,0.805,200,18773.008723
5736.11448,0.85,0.85,200,18777.52402
5678.505775,0.84,0.85,200,18782.156565
5624.426593,0.81,0.81,200,18786.844655
5701.721493,0.81,0.825,200,18791.302472
5693.377936,0.845,0.845,200,18795.734358
5761.025039,0.875,0.88,200,18800.101963
5788.053147,0.87,0.88,200,18806.64217
5645.052665,0.8,0.82,200,18811.065307
5710.596762,0.82,0.825,200,18815.546161
5710.567349,0.825,0.825,200,18820.119968
5669.255274,0.855,0.87,200,18824.609893
5707.329041,0.85,0.85,200,18829.033436
5711.596484,0.84,0.84,200,18833.502381
5713.807969,0.845,0.845,200,18837.940881
5800.317735,0.87,0.885,200,18842.377282
5797.969305,0.875,0.885,200,18846.868989
5773.40574,0.87,0.875,200,18853.842139
5633.554826,0.8,0.805,200,18858.556657
5801.971132,0.87,0.88,200,18863.049368
5587.299835,0.845,0.855,200,18867.534211
4787.428419,0.715,0.755,200,18872.135381
5766.921448,0.875,0.885,200,18876.540324
5738.432432,0.845,0.845,200,18881.006846
5770.249262,0.86,0.86,200,18885.372862
5730.787153,0.88,0.895,200,18889.905169
5563.96415,0.84,0.87,200,18894.485673
5754.133165,0.88,0.88,200,18901.327345
5731.338371,0.855,0.87,200,18906.039181
5794.739647,0.885,0.885,200,18910.482768
5767.640709,0.89,0.895,200,18914.948536
5776.79926,0.865,0.865,200,18919.422723
5705.088138,0.83,0.835,200,18923.947425
5535.875149,0.83,0.855,200,18928.455641
5665.146644,0.83,0.83,200,18932.971493
5733.730963,0.835,0.845,200,18937.457891
5514.682181,0.845,0.865,200,18941.970053
5633.274387,0.82,0.82,200,18948.576671
5758.643875,0.86,0.875,200,18953.055521
5180.086327,0.695,0.74,200,18957.547262
5709.009712,0.845,0.875,200,18962.247215
5761.600026,0.85,0.85,200,18967.031934
5757.455046,0.865,0.865,200,18971.754975
5726.043293,0.84,0.845,200,18976.454858
5716.79094,0.86,0.86,200,18981.236231
5758.741343,0.865,0.87,200,18985.792063
5735.067377,0.855,0.855,200,18990.289763
5755.314928,0.86,0.86,200,18997.158147
5748.960194,0.855,0.855,200,19001.69203
5691.935753,0.81,0.81,200,19006.252018
5730.447207,0.83,0.84,200,19010.748038
5812.718903,0.885,0.89,200,19015.336382
5788.128697,0.87,0.87,200,19019.925283
5642.801574,0.815,0.825,200,19024.472878
5711.53399,0.83,0.83,200,19029.037284
5732.626837,0.85,0.85,200,19033.697344
5790.047738,0.875,0.875,200,19038.199355
5803.305247,0.875,0.89,200,19045.190196
4901.581965,0.86,0.865,200,19049.717
5760.209797,0.865,0.875,200,19054.243849
5570.494459,0.86,0.86,200,19058.912457
5634.648661,0.82,0.82,200,19063.668659
4420.57364,0.735,0.76,200,19068.132555
5254.383483,0.88,0.895,200,19072.622992
5591.362553,0.84,0.85,200,19077.136135
5393.98691,0.865,0.865,200,19081.651003
5798.589393,0.88,0.88,200,19086.219935
5724.883414,0.82,0.835,200,19092.903548
4855.063338,0.835,0.855,200,19097.4301
5748.292495,0.85,0.87,200,19101.961684
5667.213507,0.825,0.825,200,19106.431808
4983.896539,0.885,0.885,200,19110.906435
5786.375639,0.86,0.87,200,19115.403613
5670.931371,0.855,0.86,200,19119.779197
5795.189102,0.875,0.88,200,19124.220989
5785.998149,0.87,0.87,200,19128.854285
5690.384709,0.82,0.835,200,19133.301875
5347.302127,0.865,0.865,200,19139.922806
5455.905829,0.835,0.86,200,19144.464682
5506.500396,0.895,0.895,200,19149.01687
5723.944921,0.85,0.85,200,19153.508904
5622.923623,0.865,0.875,200,19158.055425
5689.927195,0.84,0.86,200,19162.622388
5743.950499,0.855,0.855,200,19167.13484
5626.662357,0.85,0.86,200,19171.597299
5795.81244,0.875,0.875,200,19176.159113
5682.50406,0.8,0.8,200,19180.774202
5705.467612,0.815,0.82,200,19187.659848
5705.588065,0.84,0.84,200,19192.179656
5746.741481,0.87,0.875,200,19196.648119
5697.265265,0.835,0.835,200,19201.294025
5793.996594,0.87,0.875,200,19205.764725
5696.197104,0.805,0.805,200,19210.49368
5630.850425,0.805,0.81,200,19215.014732
5787.363117,0.875,0.875,200,19219.624544
5667.858238,0.85,0.86,200,19224.164002
5734.05905,0.85,0.85,200,19228.680901
5726.059656,0.845,0.845,200,19235.509066
5652.593026,0.87,0.875,200,19240.01811
5790.692422,0.87,0.875,200,19244.582887
5745.858093,0.865,0.89,200,19249.076648
5661.650245,0.855,0.855,200,19253.616862
4187.516372,0.875,0.885,200,19258.185684
5052.309093,0.89,0.89,200,19262.785312
5637.810014,0.81,0.81,200,19267.396704
5787.257003,0.865,0.875,200,19271.973134
5735.490329,0.845,0.845,200,19276.659145
5668.208353,0.825,0.825,200,19283.426196
5790.115557,0.87,0.87,200,19287.986409
5527.051452,0.81,0.82,200,19292.604999
5711.243984,0.855,0.86,200,19297.236491
5697.056,0.83,0.83,200,19301.838264
4916.219578,0.625,0.635,200,19306.340287
5714.356493,0.845,0.845,200,19310.71937
5782.484469,0.875,0.875,200,19315.151954
5710.446825,0.865,0.88,200,19319.580814
5776.315923,0.855,0.865,200,19324.089765
5681.064479,0.83,0.83,200,19330.754174
5696.446304,0.86,0.87,200,19335.296289
5741.333858,0.855,0.865,200,19339.847152
5640.365787,0.82,0.82,200,19344.482498
5716.686594,0.845,0.855,200,19349.027307
5775.855445,0.86,0.86,200,19353.617347
5638.80872,0.81,0.815,200,19357.940768
5646.55235,0.805,0.82,200,19362.573303
5749.43905,0.855,0.855,200,19367.124701
5757.330886,0.855,0.87,200,19371.606536
5784.594111,0.865,0.865,200,19378.307009
5271.781857,0.87,0.87,200,19382.762147
5791.669651,0.88,0.89,200,19387.294596
5078.659863,0.875,0.88,200,19391.934372
5716.192243,0.825,0.825,200,19396.585087
5718.510688,0.87,0.88,200,19401.200945
5524.822572,0.875,0.875,200,19405.760284
5714.849508,0.83,0.83,200,19410.179746
5542.712997,0.865,0.875,200,19414.921418
5785.027862,0.87,0.87,200,19419.553713
5530.970594,0.805,0.81,200,19426.340658
5721.23016,0.835,0.835,200,19430.87491
5673.000228,0.82,0.82,200,19435.545195
5737.659038,0.87,0.88,200,19440.19101
5710.944319,0.825,0.825,200,19444.832516
5782.62774,0.87,0.87,200,19449.510794
5695.558271,0.84,0.84,200,19454.207111
5690.004269,0.83,0.83,200,19458.738043
5721.024112,0.84,0.84,200,19463.235874
5629.032279,0.855,0.865,200,19467.900064
5730.839807,0.845,0.845,200,19474.906229
5708.27065,0.835,0.845,200,19479.586043
5666.242737,0.85,0.855,200,19484.226763
5769.61269,0.865,0.865,200,19488.945346
5778.424401,0.85,0.865,200,19493.569799
5624.127866,0.865,0.88,200,19498.187472
5510.12012,0.875,0.875,200,19502.855345
5685.486373,0.86,0.86,200,19507.574814
5689.529569,0.825,0.83,200,19512.19055
5700.63387,0.82,0.82,200,19516.888362
4981.707809,0.88,0.88,200,19523.75014
5768.587221,0.86,0.86,200,19528.431643
5611.742232,0.855,0.875,200,19532.944941
5720.724122,0.875,0.875,200,19537.61953
5637.375798,0.81,0.815,200,19542.26434
5722.097995,0.84,0.84,200,19546.91321
5793.533627,0.875,0.875,200,19551.585665
5652.482795,0.82,0.82,200,19556.125881
5712.603338,0.84,0.84,200,19560.698787
5744.856129,0.88,0.885,200,19565.279206
5675.049429,0.86,0.86,200,19571.866777
5788.028971,0.885,0.885,200,19576.498473
5781.893863,0.865,0.87,200,19581.049629
5785.281013,0.86,0.87,200,19585.634148
5775.099272,0.86,0.86,200,19590.266908
5721.011037,0.845,0.845,200,19595.029288
5644.457145,0.82,0.82,200,19599.688008
5713.603913,0.835,0.835,200,19604.279862
5755.120164,0.86,0.87,200,19608.967685
5777.513306,0.865,0.865,200,19613.760031
5673.319293,0.82,0.825,200,19620.649022
5736.597589,0.845,0.845,200,19625.1341
5550.686372,0.845,0.875,200,19629.819862
5711.277916,0.845,0.85,200,19634.388218
5800.23454,0.885,0.885,200,19639.141448
5701.570167,0.845,0.845,200,19643.752606
5457.003714,0.87,0.87,200,19648.428174
5721.598183,0.82,0.835,200,19653.140556
5485.547423,0.865,0.865,200,19657.863923
5713.399691,0.835,0.835,200,19662.519097
5620.744005,0.805,0.815,200,19669.364247
5459.936529,0.87,0.87,200,19674.083905
5721.771999,0.825,0.84,200,19678.725934
5793.717554,0.87,0.875,200,19683.308399
5367.797257,0.855,0.86,200,19687.812699
5796.269922,0.87,0.875,200,19692.454986
5773.361426,0.855,0.855,200,19696.956832
5702.36407,0.85,0.85,200,19701.556498
5396.379147,0.87,0.87,200,19706.205367
5787.451503,0.865,0.87,200,19710.791903
5771.363683,0.875,0.88,200,19717.582122
5712.046645,0.84,0.845,200,19722.206748
5713.85012,0.84,0.84,200,19726.722955
5323.295778,0.855,0.86,200,19731.424141
5697.40115,0.815,0.835,200,19735.924644
5640.078214,0.82,0.82,200,19740.481031
5479.718286,0.855,0.855,200,19745.037826
5749.605752,0.865,0.875,200,19749.757527
5701.88345,0.84,0.84,200,19754.348076
5737.273627,0.84,0.84,200,19759.045719
5753.624314,0.85,0.85,200,19765.921691
5710.268593,0.85,0.855,200,19770.48362
5730.433133,0.825,0.835,200,19775.223572
5715.223584,0.825,0.83,200,19779.923092
5756.000312,0.855,0.865,200,19784.520624
4837.805879,0.86,0.885,200,19789.062311
5795.968422,0.88,0.88,200,19793.697192
5773.037742,0.85,0.86,200,19798.318444
5719.825387,0.87,0.885,200,19803.059215
5674.595934,0.85,0.875,200,19807.74845
5720.646319,0.835,0.84,200,19814.839054
5468.230628,0.865,0.865,200,19819.639084
5258.025404,0.865,0.865,200,19824.344336
5657.951361,0.81,0.82,200,19828.984571
5801.092176,0.88,0.89,200,19833.708144
5704.306394,0.805,0.815,200,19838.368275
5775.868617,0.865,0.865,200,19842.943568
5678.238687,0.835,0.835,200,19847.646397
5764.556025,0.84,0.855,200,19852.250775
4937.043216,0.87,0.87,200,19856.963291
5707.239443,0.83,0.83,200,19863.56138
5691.454979,0.86,0.865,200,19867.971843
5719.739326,0.84,0.845,200,19872.580842
5690.670745,0.84,0.84,200,19877.041618
5803.560928,0.885,0.89,200,19881.420953
5726.469132,0.835,0.84,200,19885.887865
5797.692233,0.88,0.88,200,19890.437638
3935.231878,0.575,0.575,200,19895.008875
5697.477704,0.825,0.83,200,19899.59255
5737.616263,0.875,0.89,200,19904.229334
5581.14652,0.82,0.895,200,19911.140809
5424.038613,0.855,0.865,200,19915.590591
5753.128232,0.85,0.855,200,19920.153795
5747.785892,0.86,0.865,200,19924.590353
5712.736441,0.82,0.825,200,19929.258506
5752.881366,0.855,0.855,200,19933.925495
5588.902408,0.835,0.89,200,19938.679786
5658.226361,0.865,0.875,200,19943.361594
5779.199607,0.875,0.885,200,19948.028526
5734.915062,0.855,0.87,200,19952.660803
4883.788327,0.875,0.875,200,19959.590147
5773.052227,0.855,0.865,200,19964.326948
5711.929222,0.825,0.825,200,19969.095275
5630.922004,0.815,0.815,200,19973.793283
5703.69123,0.815,0.815,200,19978.498328
5691.647321,0.835,0.835,200,19983.134206
5787.986218,0.875,0.875,200,19987.652806
5705.614467,0.85,0.85,200,19992.352663
5215.258117,0.81,0.865,200,19996.898021
5661.427147,0.88,0.88,200,20001.582474
5455.139193,0.87,0.87,200,20008.42472
5741.640855,0.845,0.845,200,20012.9415
5288.501083,0.86,0.865,200,20017.688375
5713.83269,0.86,0.87,200,20022.416646
5777.748847,0.865,0.865,200,20027.000584
5707.988257,0.815,0.815,200,20031.669866
5730.603382,0.835,0.85,200,20036.266064
5710.842163,0.845,0.845,200,20040.905762
5695.683253,0.865,0.865,200,20045.516381
5715.91754,0.83,0.83,200,20049.95384
5610.053919,0.85,0.88,200,20056.593994
5736.422122,0.875,0.895,200,20061.225402
5075.501646,0.875,0.88,200,20065.77358
5583.777269,0.84,0.845,200,20070.373118
5637.026416,0.82,0.82,200,20074.984366
5648.508876,0.85,0.885,200,20079.575417
5707.640657,0.85,0.885,200,20084.293753
5649.46744,0.81,0.82,200,20088.805114
5794.664332,0.87,0.875,200,20093.287347
5702.334642,0.81,0.815,200,20097.844559
5677.158668,0.865,0.875,200,20104.704272
5652.57804,0.82,0.82,200,20109.206652
5689.9472,0.86,0.86,200,20113.847782
5215.693608,0.87,0.87,200,20118.57412
5722.689885,0.845,0.845,200,20123.191203
5776.310163,0.845,0.865,200,20127.864008
5652.81619,0.81,0.81,200,20132.349921
5675.666353,0.85,0.855,200,20136.618524
5781.213475,0.88,0.885,200,20141.19899
5689.422739,0.825,0.825,200,20145.758664
5754.100318,0.845,0.855,200,20152.602008
5701.263825,0.81,0.825,200,20157.046848
5727.309925,0.84,0.85,200,20161.578955
5700.247464,0.86,0.86,200,20166.062389
5700.246793,0.815,0.835,200,20170.658394
5771.812859,0.855,0.865,200,20175.271921
5748.457364,0.855,0.86,200,20179.906937
5817.86952,0.9,0.9,200,20184.54807
5096.432343,0.705,0.71,200,20189.144482
5734.518453,0.84,0.85,200,20193.76039
5686.592936,0.81,0.825,200,20200.734641
5472.90082,0.88,0.88,200,20205.308971
5701.653607,0.83,0.83,200,20209.729494
5699.175554,0.845,0.85,200,20214.202018
5694.103582,0.815,0.815,200,20218.836
5718.977802,0.83,0.835,200,20223.4012
5681.229387,0.855,0.855,200,20228.079212
5660.643584,0.88,0.88,200,20232.630033
5687.053915,0.855,0.86,200,20237.192407
5784.624544,0.875,0.875,200,20241.702634
