# {"t_start": 1757073747.340998, "env_id": "graff-v0"} 
r,obj_lift,obj_grab,l,t
2936.483288,0.88,0.88,200,8.76628
5751.113952,0.84,0.85,200,13.382114
5085.574129,0.815,0.845,200,18.072223
5735.42239,0.815,0.845,200,22.750813
5431.734892,0.765,0.785,200,27.41214
2636.957734,0.875,0.875,200,32.098439
5335.547097,0.815,0.83,200,36.856309
4954.770278,0.845,0.855,200,41.599308
2663.834509,0.875,0.885,200,46.440435
3657.978136,0.205,0.215,200,51.261497
5662.60313,0.79,0.805,200,58.466364
5673.03988,0.855,0.855,200,63.289599
5632.151835,0.8,0.8,200,68.061932
5748.42745,0.84,0.85,200,72.758207
2601.428012,0.88,0.88,200,77.357002
4642.159405,0.325,0.325,200,82.175879
5609.028419,0.805,0.81,200,86.961657
4337.696919,0.875,0.875,200,91.72773
4409.402062,0.845,0.86,200,96.559773
3170.856551,0.86,0.87,200,101.276187
5746.067115,0.83,0.85,200,108.292561
5698.744307,0.87,0.875,200,113.201258
4069.146413,0.845,0.855,200,117.924718
5059.122141,0.82,0.845,200,122.725381
4330.260291,0.82,0.84,200,127.495927
3866.754661,0.84,0.855,200,132.334589
4692.798567,0.54,0.545,200,137.122233
2968.273731,0.695,0.705,200,141.719473
3090.205525,0.88,0.88,200,146.434943
4355.745681,0.44,0.455,200,150.974241
2813.351317,0.875,0.875,200,158.225266
5738.757122,0.845,0.845,200,162.911788
3558.437928,0.86,0.865,200,167.643711
5261.568346,0.39,0.4,200,172.33169
3156.792935,0.885,0.885,200,176.947255
5040.320056,0.815,0.835,200,181.678163
2714.612104,0.87,0.87,200,186.337382
5734.484502,0.835,0.84,200,190.975372
2799.357289,0.845,0.87,200,195.820053
5538.527499,0.785,0.795,200,200.657279
5663.269021,0.795,0.815,200,207.446749
4842.98095,0.565,0.565,200,212.214567
4937.236924,0.45,0.475,200,216.78562
5683.41206,0.85,0.86,200,221.48419
5746.879278,0.845,0.85,200,226.330367
5602.207505,0.765,0.765,200,231.079436
4510.386289,0.41,0.435,200,235.887562
4517.954195,0.83,0.84,200,240.598512
5750.955004,0.865,0.87,200,245.403645
5081.086741,0.535,0.535,200,250.186775
3017.826938,0.14,0.14,200,257.231931
5212.041612,0.82,0.83,200,262.005314
5628.095934,0.805,0.815,200,266.769656
2712.384289,0.885,0.885,200,271.533078
2801.567606,0.89,0.89,200,276.270358
5550.130225,0.795,0.8,200,280.911127
5743.209247,0.845,0.845,200,285.470952
4228.162931,0.81,0.845,200,290.156761
4591.471999,0.88,0.88,200,294.992525
5368.237087,0.71,0.71,200,299.901027
3884.306104,0.88,0.88,200,307.278435
3010.858999,0.86,0.87,200,312.066236
5420.236454,0.745,0.76,200,316.877934
4468.123652,0.815,0.855,200,321.724642
5752.538385,0.845,0.855,200,326.55792
5752.469028,0.845,0.855,200,331.413871
5716.650505,0.82,0.835,200,336.21111
5658.062373,0.805,0.805,200,341.083182
5660.557162,0.81,0.82,200,345.979502
5691.251638,0.81,0.825,200,350.778768
2805.829132,0.865,0.865,200,358.015273
5633.28189,0.815,0.815,200,362.815534
5668.882041,0.805,0.82,200,367.635449
5734.781544,0.83,0.845,200,372.452019
5752.084356,0.845,0.855,200,377.169196
4111.98674,0.87,0.87,200,381.98074
5551.993769,0.795,0.81,200,386.828471
5742.970096,0.845,0.845,200,391.491041
5546.981574,0.785,0.795,200,396.065561
4804.994233,0.815,0.83,200,400.805451
4276.61631,0.84,0.855,200,407.943434
2775.98601,0.895,0.9,200,412.816041
5757.896419,0.85,0.86,200,417.638398
3307.36734,0.87,0.87,200,422.487444
4138.875683,0.85,0.855,200,427.334335
3215.14272,0.87,0.87,200,432.157291
5527.765582,0.78,0.8,200,437.062227
3191.350293,0.89,0.89,200,441.891376
5446.54293,0.775,0.805,200,446.811846
5653.101301,0.8,0.8,200,451.579971
5636.226266,0.8,0.835,200,458.551213
5267.225018,0.825,0.835,200,463.439821
3373.110011,0.885,0.885,200,468.276959
3878.525307,0.83,0.845,200,473.104542
5451.240782,0.75,0.765,200,477.873187
5643.583252,0.81,0.815,200,482.734736
5574.885129,0.78,0.8,200,487.602989
5622.73014,0.765,0.77,200,492.444138
5739.436671,0.84,0.84,200,497.101851
5745.847732,0.845,0.855,200,501.855381
5726.824576,0.82,0.83,200,508.950644
3849.797708,0.825,0.845,200,513.82747
3417.510873,0.865,0.865,200,518.730373
3658.371453,0.85,0.87,200,523.517732
5667.546954,0.845,0.845,200,528.227053
4112.062892,0.85,0.865,200,533.010002
5685.672085,0.82,0.83,200,537.664877
5684.835924,0.84,0.845,200,542.390478
3238.081631,0.845,0.86,200,547.217236
4028.199276,0.86,0.865,200,552.071867
4766.829781,0.365,0.48,200,559.038038
5600.703277,0.805,0.82,200,563.820375
3427.544777,0.86,0.865,200,568.721808
5752.917943,0.845,0.855,200,573.482116
5389.2585,0.755,0.765,200,578.342969
4919.071632,0.82,0.855,200,582.919907
2796.989649,0.845,0.87,200,587.533154
2804.325956,0.86,0.875,200,592.336025
5678.447971,0.795,0.815,200,597.094326
5737.169685,0.85,0.85,200,601.793406
4379.381064,0.82,0.84,200,608.722229
5631.313605,0.805,0.805,200,613.54389
4926.874552,0.49,0.5,200,618.316377
5726.58394,0.865,0.87,200,622.984807
3081.509293,0.87,0.875,200,627.653449
5621.482632,0.81,0.82,200,632.527468
4031.385832,0.84,0.85,200,637.275586
5583.836875,0.825,0.835,200,641.918137
5263.369816,0.8,0.81,200,646.675894
5749.581755,0.85,0.86,200,651.500259
2695.594356,0.875,0.875,200,658.578746
5617.182261,0.8,0.815,200,663.420986
5645.617723,0.865,0.87,200,668.094951
5759.390234,0.84,0.86,200,672.894616
3311.709075,0.83,0.855,200,677.560286
5726.070455,0.835,0.835,200,682.325768
5533.210113,0.785,0.795,200,686.956021
5518.429717,0.775,0.79,200,691.64678
5582.908614,0.8,0.81,200,696.387861
5724.486649,0.855,0.875,200,701.097998
4307.234208,0.85,0.86,200,707.857822
5745.765468,0.845,0.845,200,712.624443
5752.182371,0.845,0.855,200,717.305773
4313.894545,0.835,0.85,200,722.119346
3339.703258,0.535,0.535,200,726.851744
5684.031867,0.815,0.825,200,731.684374
5728.428269,0.865,0.88,200,736.348805
5247.285219,0.8,0.82,200,741.118797
2686.037472,0.875,0.88,200,745.848891
3093.264283,0.875,0.875,200,750.648387
2864.905055,0.845,0.855,200,757.5999
5560.872869,0.8,0.8,200,762.351166
5746.014877,0.88,0.88,200,767.190169
4670.238257,0.84,0.85,200,771.902354
3849.986691,0.87,0.875,200,776.496736
5119.743123,0.795,0.82,200,781.110664
5368.415719,0.81,0.825,200,785.714071
5442.657022,0.77,0.78,200,790.512728
5687.636228,0.82,0.83,200,795.336556
5508.101866,0.8,0.805,200,800.181756
3304.265235,0.88,0.88,200,807.169144
5715.731801,0.83,0.84,200,812.029491
5631.874051,0.79,0.795,200,816.897901
5642.073516,0.785,0.79,200,821.773668
5746.292839,0.875,0.885,200,826.505616
4174.95652,0.845,0.86,200,831.254659
4464.341509,0.865,0.865,200,835.944998
5586.963736,0.805,0.81,200,840.781793
5687.696172,0.815,0.83,200,845.584656
4647.554668,0.82,0.835,200,850.387244
5753.286176,0.85,0.855,200,857.457678
4693.317684,0.87,0.87,200,862.181123
5699.709542,0.82,0.83,200,867.034179
5033.820837,0.615,0.615,200,871.783067
5553.614523,0.805,0.82,200,876.574695
5692.669614,0.815,0.815,200,881.407025
5452.25612,0.78,0.78,200,886.285208
5511.84507,0.785,0.79,200,891.082069
2486.113607,0.87,0.87,200,895.88463
4203.620081,0.815,0.845,200,900.70329
4045.784372,0.835,0.85,200,907.506486
4478.551719,0.755,0.755,200,912.135285
2878.814743,0.84,0.865,200,916.843373
2540.574471,0.89,0.89,200,921.670652
5457.689754,0.775,0.78,200,926.511376
3313.854653,0.85,0.86,200,931.252918
4211.470581,0.545,0.565,200,936.031948
5739.256197,0.84,0.84,200,940.815589
5613.461284,0.81,0.81,200,945.56068
4622.134041,0.815,0.835,200,950.445459
5551.054683,0.8,0.805,200,957.539636
5602.411267,0.8,0.81,200,962.328762
4424.125687,0.845,0.855,200,967.130388
5531.084378,0.795,0.795,200,971.966694
5339.32554,0.82,0.825,200,976.820457
4842.152416,0.83,0.85,200,981.56249
5532.884191,0.795,0.8,200,986.296902
5629.099843,0.8,0.805,200,990.918631
5669.687779,0.85,0.88,200,995.578408
5721.067416,0.83,0.83,200,1000.292548
5736.588434,0.84,0.845,200,1007.291497
5694.332774,0.825,0.83,200,1012.047515
5764.301303,0.85,0.865,200,1016.929561
5572.778189,0.795,0.8,200,1021.599116
5750.147864,0.85,0.86,200,1026.221191
5602.152634,0.81,0.82,200,1030.897104
3312.339952,0.88,0.88,200,1035.611415
5696.807131,0.845,0.845,200,1040.325669
5678.261931,0.83,0.835,200,1045.022425
5016.104922,0.815,0.835,200,1049.914093
5598.181254,0.795,0.81,200,1056.9305
5737.373616,0.855,0.855,200,1061.648986
2948.557908,0.565,0.59,200,1066.368738
3597.324009,0.87,0.875,200,1071.091912
4606.063792,0.86,0.86,200,1075.848222
5487.659127,0.78,0.78,200,1080.65242
2867.132976,0.86,0.865,200,1085.385531
2891.788065,0.845,0.86,200,1090.116752
5674.446418,0.805,0.805,200,1094.919652
4582.85593,0.87,0.875,200,1099.677922
5560.577145,0.81,0.81,200,1106.606484
5445.454852,0.775,0.775,200,1111.367406
2916.835314,0.855,0.865,200,1116.189902
3963.713482,0.85,0.86,200,1121.079294
5652.545614,0.82,0.82,200,1125.998027
5574.735931,0.79,0.805,200,1130.799335
5506.159208,0.78,0.79,200,1135.414617
5728.523291,0.835,0.835,200,1140.116573
3468.09955,0.505,0.505,200,1144.87122
5736.269489,0.835,0.845,200,1149.706045
2515.754587,0.575,0.6,200,1156.887733
5392.972746,0.825,0.825,200,1161.6618
3572.068513,0.49,0.49,200,1166.269823
5656.48038,0.795,0.8,200,1171.049664
4522.590126,0.815,0.84,200,1175.765902
5000.004879,0.81,0.82,200,1180.569649
4904.170143,0.83,0.835,200,1185.34794
4074.900331,0.73,0.74,200,1190.19495
2652.706365,0.865,0.875,200,1194.867576
5737.189577,0.84,0.84,200,1199.775626
5737.392492,0.84,0.845,200,1206.949974
2249.616991,0.36,0.385,200,1211.696748
5697.695261,0.825,0.825,200,1216.435966
2832.956008,0.295,0.295,200,1221.15793
5691.614921,0.815,0.835,200,1225.963125
5674.272308,0.81,0.83,200,1230.609676
5609.782881,0.775,0.79,200,1235.411638
5551.981897,0.79,0.8,200,1240.193479
5428.806062,0.77,0.77,200,1244.976567
5711.860193,0.83,0.83,200,1249.746074
5733.771229,0.83,0.845,200,1256.776387
2569.166415,0.88,0.885,200,1261.644794
4212.306864,0.145,0.145,200,1266.344132
5451.03698,0.745,0.765,200,1270.962042
5639.538459,0.825,0.83,200,1275.789418
5655.128527,0.805,0.82,200,1280.504589
4272.289849,0.845,0.845,200,1285.1912
5744.438182,0.84,0.845,200,1289.946687
3845.572335,0.675,0.675,200,1294.556152
5736.154226,0.86,0.875,200,1299.177868
5734.654107,0.855,0.865,200,1306.212847
5633.333696,0.805,0.805,200,1311.012872
5694.43174,0.865,0.865,200,1315.709083
5595.344712,0.81,0.815,200,1320.59573
5525.35998,0.775,0.785,200,1325.514652
5259.82904,0.625,0.625,200,1330.310723
5733.566288,0.845,0.86,200,1335.103831
5723.309803,0.835,0.835,200,1339.983379
5747.080283,0.86,0.87,200,1344.836644
5569.93787,0.8,0.8,200,1349.577929
2803.384648,0.85,0.86,200,1356.40144
2544.118974,0.835,0.855,200,1361.067481
2500.520471,0.875,0.875,200,1365.723381
5232.130709,0.47,0.47,200,1370.488235
2969.742895,0.85,0.87,200,1375.254482
5549.704716,0.795,0.81,200,1379.923968
5750.808433,0.85,0.86,200,1384.737133
5603.475855,0.8,0.805,200,1389.606298
2765.937068,0.855,0.855,200,1394.472938
2865.918848,0.88,0.88,200,1399.349229
4008.063052,0.815,0.85,200,1406.333095
4498.121561,0.185,0.185,200,1411.184864
5640.339858,0.81,0.81,200,1415.942034
5654.615187,0.795,0.805,200,1420.699673
5739.879286,0.83,0.84,200,1425.431123
4809.177952,0.865,0.875,200,1430.270252
2603.803717,0.87,0.875,200,1435.058219
2461.970039,0.86,0.86,200,1439.770627
3279.251218,0.855,0.87,200,1444.470221
3644.082794,0.825,0.845,200,1449.315586
4461.357517,0.63,0.665,200,1456.304593
3140.084791,0.85,0.86,200,1461.060822
5750.288573,0.85,0.86,200,1465.911268
5635.267405,0.8,0.805,200,1470.665847
5727.699698,0.84,0.84,200,1475.347999
5663.24686,0.825,0.825,200,1480.200395
4180.127874,0.83,0.85,200,1485.040326
5756.727675,0.855,0.855,200,1489.82659
5749.441162,0.855,0.855,200,1494.660546
5429.390313,0.815,0.82,200,1499.480876
2749.802033,0.86,0.86,200,1506.658834
5666.348367,0.79,0.815,200,1511.419349
5759.387242,0.835,0.855,200,1516.206159
5739.518644,0.845,0.845,200,1520.955146
5625.049727,0.785,0.785,200,1525.719258
5757.597629,0.85,0.865,200,1530.423173
5638.18017,0.79,0.795,200,1535.090885
5735.976202,0.845,0.845,200,1539.86965
4553.785661,0.805,0.835,200,1544.649021
4470.640923,0.855,0.865,200,1549.397552
4456.088048,0.82,0.835,200,1556.364982
5585.560855,0.795,0.81,200,1561.160619
5634.580555,0.775,0.78,200,1565.969111
3202.736449,0.51,0.51,200,1570.622342
5680.807769,0.805,0.83,200,1575.28639
3058.412871,0.84,0.86,200,1580.099304
5488.717658,0.79,0.8,200,1584.976142
5508.061817,0.795,0.8,200,1589.601326
3008.570272,0.355,0.355,200,1594.353142
4027.960996,0.85,0.855,200,1599.27225
3011.417912,0.855,0.865,200,1606.094158
5459.063756,0.77,0.78,200,1610.75083
5558.908197,0.78,0.78,200,1615.547921
5712.251729,0.83,0.83,200,1620.34155
5767.741082,0.845,0.87,200,1625.143278
5493.337104,0.785,0.785,200,1630.075511
2428.664653,0.875,0.875,200,1634.849747
5668.208507,0.86,0.865,200,1639.623737
3063.892575,0.87,0.87,200,1644.39025
4829.813,0.82,0.82,200,1649.069375
5740.103389,0.845,0.85,200,1656.006643
5623.593655,0.825,0.825,200,1660.713374
5416.125035,0.825,0.835,200,1665.332879
4993.945696,0.81,0.825,200,1670.160192
4899.245665,0.585,0.585,200,1674.851071
5650.733543,0.835,0.845,200,1679.744119
3951.98348,0.545,0.555,200,1684.568811
5715.522955,0.83,0.83,200,1689.286079
5656.246368,0.845,0.855,200,1694.101058
5247.624498,0.81,0.81,200,1698.815249
5751.235667,0.85,0.855,200,1705.904817
5547.101893,0.82,0.82,200,1710.776035
3446.757128,0.865,0.865,200,1715.692532
5587.597062,0.8,0.8,200,1720.712169
4924.557355,0.575,0.58,200,1725.544386
5716.418551,0.825,0.83,200,1730.431459
5728.024785,0.83,0.835,200,1735.252677
2752.379369,0.86,0.86,200,1740.038585
2509.303666,0.845,0.86,200,1744.86175
3584.435368,0.485,0.52,200,1749.585264
5747.534861,0.855,0.86,200,1756.947938
5193.076747,0.705,0.705,200,1761.695809
5657.783277,0.805,0.805,200,1766.590379
3942.976426,0.355,0.375,200,1771.339067
2447.520915,0.0,0.0,200,1776.130521
5689.739225,0.825,0.825,200,1780.923004
5747.451516,0.85,0.855,200,1785.689231
4272.161204,0.82,0.85,200,1790.509647
4520.004192,0.825,0.85,200,1795.228995
5707.527778,0.83,0.84,200,1800.033578
5744.202923,0.86,0.86,200,1806.755054
5349.405138,0.83,0.84,200,1811.495217
3851.059217,0.86,0.86,200,1816.265113
4603.436061,0.84,0.845,200,1821.121305
5571.754813,0.8,0.805,200,1825.933047
5756.273783,0.865,0.88,200,1830.742407
2558.198588,0.875,0.875,200,1835.587307
5763.595411,0.86,0.86,200,1840.282783
5638.029491,0.795,0.8,200,1845.027413
5667.802635,0.86,0.86,200,1849.747678
4173.383427,0.85,0.865,200,1856.759897
3070.477055,0.865,0.87,200,1861.607667
5523.840079,0.865,0.865,200,1866.318682
5627.235158,0.81,0.81,200,1871.094995
5615.083084,0.78,0.79,200,1875.869111
5732.552199,0.85,0.85,200,1880.652339
5743.905914,0.835,0.85,200,1885.39853
4504.002468,0.815,0.835,200,1890.188524
3679.9768,0.835,0.855,200,1894.979167
4497.54015,0.835,0.86,200,1899.777808
3578.319384,0.865,0.865,200,1906.837807
5604.639998,0.77,0.77,200,1911.495489
4425.018507,0.845,0.845,200,1916.165268
5344.203877,0.815,0.83,200,1920.858801
5750.274406,0.85,0.85,200,1925.417453
2904.350012,0.85,0.86,200,1930.188809
5727.183523,0.825,0.835,200,1934.861182
3712.441919,0.875,0.875,200,1939.561104
5602.371262,0.805,0.81,200,1944.145175
5711.302091,0.835,0.835,200,1948.670053
5615.52519,0.795,0.815,200,1955.635216
3298.58981,0.29,0.31,200,1960.112822
3111.814153,0.875,0.875,200,1964.827343
4069.090746,0.845,0.85,200,1969.616998
5677.658287,0.82,0.83,200,1974.312117
5741.843776,0.845,0.85,200,1979.041856
5737.926849,0.845,0.845,200,1983.712806
5580.266214,0.8,0.8,200,1988.345155
5079.51062,0.81,0.815,200,1993.193032
2266.361885,0.105,0.11,200,1997.899227
5433.172827,0.76,0.76,200,2004.955354
2832.798184,0.46,0.465,200,2009.64665
4457.715093,0.82,0.85,200,2014.500492
5736.278465,0.835,0.845,200,2019.333591
5628.16719,0.805,0.805,200,2024.235368
5745.028575,0.845,0.85,200,2029.08288
5754.483379,0.85,0.87,200,2033.976912
4787.428464,0.83,0.845,200,2038.850993
3843.336617,0.25,0.255,200,2043.852225
5673.7053,0.83,0.83,200,2048.715814
5739.274762,0.87,0.88,200,2055.71589
5690.040939,0.82,0.835,200,2060.451186
5603.414905,0.81,0.81,200,2065.236748
5736.37802,0.85,0.855,200,2070.060723
4289.925661,0.82,0.835,200,2074.905007
5674.862806,0.815,0.825,200,2079.803635
5566.76868,0.78,0.785,200,2084.67187
4008.61234,0.875,0.885,200,2089.354847
5519.988797,0.795,0.795,200,2094.007137
5662.571654,0.795,0.795,200,2098.714108
5057.632953,0.64,0.64,200,2105.967703
4799.292393,0.57,0.595,200,2110.800794
2517.593611,0.21,0.215,200,2115.598061
5737.325969,0.835,0.845,200,2120.480747
5741.719832,0.835,0.845,200,2125.223921
5620.852343,0.815,0.825,200,2130.079139
5383.943679,0.81,0.82,200,2134.970292
4490.955271,0.865,0.885,200,2139.755955
3212.148792,0.7,0.71,200,2144.563958
4898.35144,0.835,0.84,200,2149.284877
3472.163988,0.86,0.86,200,2156.285433
5645.233651,0.81,0.815,200,2161.077986
5593.117319,0.81,0.81,200,2165.755668
5743.885325,0.845,0.845,200,2170.481861
5576.148607,0.82,0.85,200,2175.295946
5645.513468,0.8,0.815,200,2180.102431
5671.547538,0.805,0.815,200,2184.903004
5657.403949,0.81,0.81,200,2189.845356
4404.240029,0.83,0.845,200,2194.756726
4391.466339,0.83,0.85,200,2199.605201
5652.217534,0.815,0.815,200,2206.790938
4114.944111,0.88,0.88,200,2211.449397
5487.547176,0.765,0.785,200,2216.289462
2754.453747,0.865,0.87,200,2221.071229
5632.089067,0.81,0.815,200,2225.814766
5715.811987,0.825,0.84,200,2230.568409
3526.975635,0.48,0.48,200,2235.366566
5744.391837,0.84,0.845,200,2240.111355
2887.048745,0.62,0.62,200,2244.95574
4123.545502,0.83,0.84,200,2249.873158
3527.52389,0.84,0.855,200,2256.833418
2797.703954,0.74,0.74,200,2261.550687
4727.83976,0.59,0.615,200,2266.359657
2663.736311,0.84,0.85,200,2271.142038
5744.451832,0.85,0.855,200,2275.831228
4189.27673,0.82,0.85,200,2280.638485
4531.17447,0.83,0.84,200,2285.423216
5758.436995,0.85,0.855,200,2290.094201
5761.243729,0.845,0.865,200,2294.823053
5759.467336,0.855,0.86,200,2299.536
5732.027647,0.83,0.835,200,2306.5666
5424.115433,0.84,0.84,200,2311.434
5671.80218,0.86,0.87,200,2316.282122
5445.542042,0.78,0.78,200,2321.080118
3534.297012,0.875,0.88,200,2325.991737
5490.876199,0.79,0.79,200,2330.896991
4963.249551,0.825,0.85,200,2335.640446
5740.621406,0.86,0.875,200,2340.352089
3198.701798,0.465,0.47,200,2345.116942
4820.100572,0.835,0.845,200,2349.844731
5620.132017,0.82,0.82,200,2357.243156
5656.892897,0.81,0.825,200,2362.195987
5522.616313,0.785,0.8,200,2366.967242
4330.644812,0.85,0.86,200,2371.65131
5280.732364,0.83,0.83,200,2376.398673
5215.021336,0.835,0.845,200,2381.181516
5537.906523,0.81,0.82,200,2386.013818
4729.821622,0.44,0.45,200,2390.683392
5523.247127,0.795,0.795,200,2395.468044
5633.382298,0.79,0.79,200,2400.139215
5678.636818,0.82,0.82,200,2407.356327
4394.022023,0.81,0.82,200,2412.152029
4660.272636,0.82,0.84,200,2416.916448
5542.871738,0.79,0.79,200,2421.780615
3858.69177,0.31,0.32,200,2426.550324
5678.022624,0.805,0.81,200,2431.463537
5453.230616,0.785,0.785,200,2436.230136
5671.491923,0.855,0.88,200,2441.017372
5673.227236,0.82,0.82,200,2445.65677
5716.40921,0.82,0.825,200,2450.454701
5738.096478,0.83,0.84,200,2457.215092
5600.770096,0.795,0.795,200,2461.974672
5642.556461,0.765,0.765,200,2466.725148
4120.537183,0.815,0.845,200,2471.422483
5749.162008,0.865,0.88,200,2476.125972
5776.438004,0.865,0.87,200,2480.781779
3362.194153,0.845,0.86,200,2485.541137
5450.15467,0.74,0.74,200,2490.304636
5697.335898,0.82,0.825,200,2495.148421
5756.992081,0.855,0.86,200,2499.968563
5524.892059,0.79,0.79,200,2507.05849
3894.513923,0.845,0.86,200,2511.628333
5622.588739,0.805,0.805,200,2516.223931
5750.514786,0.855,0.855,200,2520.821723
5744.290789,0.855,0.86,200,2525.480143
5556.536107,0.805,0.805,200,2530.284938
5744.073225,0.845,0.845,200,2534.995535
5653.683143,0.805,0.81,200,2539.646969
5697.662693,0.835,0.835,200,2544.518869
5731.178256,0.84,0.845,200,2549.400977
4154.788376,0.84,0.865,200,2556.609583
5714.410664,0.865,0.875,200,2561.45828
5364.674621,0.83,0.83,200,2566.207014
5781.05451,0.865,0.885,200,2570.987273
5253.83009,0.825,0.835,200,2575.741368
2663.508494,0.49,0.495,200,2580.519811
5624.975099,0.81,0.81,200,2585.400238
5663.378644,0.81,0.81,200,2590.299429
3786.10139,0.875,0.875,200,2595.200672
3062.003754,0.865,0.865,200,2600.123033
5749.381471,0.86,0.87,200,2607.281122
4423.22713,0.84,0.855,200,2612.31795
5631.587891,0.795,0.815,200,2617.271708
5648.913303,0.795,0.795,200,2622.083119
5741.195448,0.865,0.895,200,2626.917054
5629.539462,0.815,0.815,200,2631.76797
5397.537951,0.82,0.83,200,2636.527836
5174.693188,0.835,0.84,200,2641.400234
5658.45839,0.81,0.81,200,2646.112068
5591.325977,0.8,0.805,200,2650.980605
5757.056189,0.875,0.88,200,2658.051233
5738.388301,0.845,0.85,200,2662.96277
4652.181689,0.825,0.85,200,2667.747118
5506.223877,0.79,0.795,200,2672.653933
4898.804901,0.815,0.83,200,2677.330205
5659.78922,0.825,0.825,200,2682.193385
5524.608426,0.785,0.8,200,2687.110051
5109.084548,0.815,0.835,200,2691.96714
5638.501934,0.805,0.81,200,2696.801934
5645.603152,0.815,0.815,200,2701.55281
3767.504033,0.72,0.725,200,2708.729691
5692.741815,0.825,0.835,200,2713.493407
5259.958926,0.825,0.825,200,2718.298377
5148.847261,0.85,0.875,200,2722.996112
5654.139336,0.81,0.81,200,2727.776008
5467.021761,0.86,0.875,200,2732.577828
5719.857109,0.825,0.835,200,2737.340017
4480.427201,0.86,0.865,200,2742.093863
5728.284233,0.865,0.865,200,2746.861674
4728.322439,0.82,0.83,200,2751.633323
5363.257439,0.805,0.815,200,2758.540259
3877.383868,0.86,0.87,200,2763.318176
5731.549121,0.85,0.865,200,2768.23792
5661.918994,0.805,0.805,200,2773.115772
5526.95811,0.795,0.8,200,2777.860526
5670.638627,0.8,0.82,200,2782.6333
5656.952839,0.81,0.81,200,2787.405073
5662.476365,0.79,0.795,200,2792.109353
5154.164585,0.81,0.835,200,2796.950964
5087.721721,0.835,0.84,200,2801.679219
5491.97126,0.79,0.79,200,2808.66445
5504.13397,0.8,0.8,200,2813.435279
5730.269045,0.86,0.86,200,2818.146179
5613.28014,0.81,0.81,200,2823.038433
5727.45112,0.83,0.83,200,2827.785609
5733.587047,0.84,0.845,200,2832.540236
5756.651605,0.85,0.855,200,2837.511037
5745.67699,0.865,0.88,200,2842.313158
4811.660365,0.83,0.84,200,2847.299181
3846.2459,0.575,0.575,200,2852.102234
5472.990186,0.78,0.79,200,2859.162005
4165.392049,0.83,0.85,200,2864.172499
4707.663577,0.79,0.8,200,2869.091907
4775.877898,0.645,0.645,200,2873.906729
3060.852739,0.87,0.87,200,2878.751431
5720.892699,0.83,0.83,200,2883.533878
4474.311115,0.825,0.85,200,2888.290782
5672.903723,0.815,0.825,200,2893.179812
4713.137133,0.84,0.84,200,2897.980004
5677.782734,0.825,0.835,200,2902.736014
5637.776585,0.81,0.815,200,2910.014344
5764.297831,0.85,0.855,200,2914.815319
5779.324827,0.87,0.88,200,2919.586689
2439.878513,0.86,0.87,200,2924.335229
3707.586341,0.275,0.295,200,2928.995586
5379.49465,0.825,0.84,200,2933.674457
5583.209245,0.785,0.785,200,2938.51242
5742.305636,0.85,0.85,200,2943.273993
5752.399803,0.85,0.85,200,2947.972494
5366.24529,0.83,0.84,200,2952.644501
5650.701698,0.81,0.81,200,2959.497673
5654.255112,0.81,0.825,200,2964.258471
4694.253845,0.71,0.73,200,2969.009228
2153.926678,0.1,0.135,200,2973.71536
5745.046658,0.835,0.84,200,2978.560019
5701.575346,0.845,0.875,200,2983.254692
3701.272671,0.545,0.55,200,2987.905077
5751.070255,0.835,0.85,200,2992.682464
4557.555803,0.68,0.685,200,2997.360218
4259.150552,0.54,0.55,200,3002.185795
3885.303608,0.865,0.865,200,3009.407467
5667.446108,0.825,0.825,200,3014.150179
5605.614215,0.815,0.815,200,3018.868746
5542.742762,0.79,0.8,200,3023.655548
3909.206037,0.865,0.865,200,3028.342549
5152.157393,0.82,0.82,200,3033.157343
5679.2838,0.83,0.83,200,3037.966531
5666.468844,0.805,0.825,200,3042.84281
5671.629767,0.81,0.815,200,3048.034719
4412.870913,0.825,0.845,200,3053.000225
3675.657381,0.615,0.625,200,3059.942585
5737.42091,0.84,0.84,200,3064.732064
5736.914297,0.84,0.845,200,3069.371694
5395.335829,0.82,0.835,200,3074.239756
5666.097732,0.825,0.825,200,3079.030559
5359.348687,0.785,0.785,200,3083.730778
5696.785294,0.815,0.835,200,3088.516334
5645.883606,0.815,0.83,200,3093.441383
5713.006839,0.865,0.88,200,3098.311611
5740.119796,0.83,0.845,200,3103.311521
4357.491459,0.835,0.84,200,3110.198968
5752.742928,0.845,0.855,200,3115.103686
3513.104532,0.855,0.855,200,3119.94801
5620.424317,0.82,0.82,200,3124.799332
5742.937047,0.865,0.875,200,3129.636128
5733.021509,0.84,0.85,200,3134.48712
2773.977148,0.875,0.875,200,3139.291581
5744.61991,0.855,0.855,200,3144.018584
5748.815203,0.85,0.85,200,3148.740843
4470.440581,0.83,0.855,200,3153.62125
4833.080596,0.605,0.63,200,3160.429814
5621.973461,0.815,0.82,200,3165.324987
5631.586809,0.82,0.82,200,3170.30019
4495.054305,0.86,0.865,200,3175.184079
5683.891999,0.815,0.84,200,3179.936856
5679.099997,0.86,0.895,200,3184.871127
5744.712607,0.84,0.84,200,3189.696297
4176.211968,0.84,0.855,200,3194.611247
5741.432153,0.845,0.845,200,3199.483054
4616.211031,0.835,0.85,200,3204.288314
5759.629179,0.86,0.87,200,3211.567711
3618.458485,0.85,0.85,200,3216.472879
5475.75937,0.79,0.795,200,3221.494777
5752.967516,0.835,0.85,200,3226.421421
5536.333419,0.79,0.8,200,3231.34148
4163.577437,0.465,0.47,200,3236.228177
5640.785074,0.82,0.83,200,3241.003718
4648.576033,0.795,0.805,200,3245.75034
4620.254282,0.865,0.865,200,3250.561037
5687.685657,0.83,0.83,200,3255.289078
4972.464373,0.82,0.835,200,3262.65224
5726.017824,0.86,0.865,200,3267.465462
5685.470059,0.84,0.84,200,3272.252738
5697.763087,0.86,0.87,200,3277.168663
4658.735524,0.865,0.87,200,3282.031011
3350.862434,0.875,0.875,200,3286.942098
5584.110947,0.805,0.805,200,3291.705741
5662.844099,0.82,0.82,200,3296.606572
5584.235143,0.81,0.81,200,3301.519143
5626.856021,0.85,0.87,200,3306.419559
5732.596341,0.83,0.84,200,3313.469506
5697.765915,0.83,0.835,200,3318.340613
4637.428538,0.425,0.44,200,3323.194165
5382.370099,0.825,0.825,200,3328.187211
5647.751909,0.785,0.785,200,3333.050398
5636.379942,0.775,0.785,200,3337.875253
3186.136921,0.86,0.86,200,3342.57038
4256.979316,0.74,0.745,200,3347.316038
5592.470035,0.82,0.84,200,3352.103925
2758.13605,0.865,0.88,200,3356.692577
5727.705525,0.84,0.845,200,3363.926758
5726.022573,0.835,0.84,200,3368.696429
5752.678103,0.85,0.855,200,3373.522282
5475.149453,0.825,0.825,200,3378.395011
5507.622302,0.87,0.87,200,3383.332146
5718.891999,0.815,0.825,200,3388.088303
5637.842864,0.805,0.82,200,3392.968862
5642.332792,0.815,0.825,200,3397.832072
5755.082867,0.865,0.865,200,3402.675739
5691.553373,0.87,0.875,200,3407.401397
5732.843151,0.86,0.865,200,3414.296611
5715.501419,0.83,0.84,200,3419.152997
5709.764674,0.85,0.87,200,3424.028367
5628.700489,0.795,0.805,200,3428.794305
4843.856893,0.835,0.855,200,3433.571752
5308.253331,0.58,0.605,200,3438.429402
3578.84179,0.85,0.865,200,3443.389925
5744.802409,0.845,0.845,200,3448.26998
5653.489785,0.795,0.795,200,3453.055236
4218.671925,0.855,0.855,200,3457.766301
5547.932205,0.81,0.81,200,3464.998486
5708.341541,0.83,0.84,200,3469.803155
4512.627314,0.86,0.86,200,3474.589499
2938.918633,0.875,0.88,200,3479.357871
5583.1052,0.855,0.865,200,3484.072953
5273.518261,0.655,0.655,200,3488.889013
2637.173083,0.86,0.875,200,3493.594486
5683.426059,0.88,0.89,200,3498.323917
5588.118618,0.815,0.815,200,3503.15842
5736.935729,0.85,0.855,200,3508.007376
4793.142535,0.825,0.835,200,3515.099448
4875.850223,0.84,0.84,200,3519.896147
4784.219865,0.84,0.845,200,3524.656471
5640.494088,0.775,0.775,200,3529.332056
4654.427233,0.855,0.86,200,3534.030199
5474.535161,0.765,0.78,200,3538.606292
5747.491398,0.845,0.845,200,3543.445385
5636.212732,0.805,0.815,200,3548.289981
5500.915096,0.805,0.815,200,3552.999041
5652.750721,0.8,0.805,200,3557.664138
5723.412771,0.84,0.85,200,3564.715915
3397.973502,0.83,0.85,200,3569.503477
5751.274858,0.855,0.855,200,3574.301579
4972.504997,0.83,0.85,200,3579.19481
5693.631558,0.87,0.875,200,3584.160451
4983.63672,0.83,0.84,200,3588.892431
5560.770721,0.8,0.8,200,3593.653968
5733.285845,0.84,0.84,200,3598.516121
5764.834425,0.86,0.875,200,3603.26858
5472.3076,0.795,0.795,200,3608.028405
5739.964507,0.86,0.86,200,3614.83774
4950.511568,0.84,0.84,200,3619.560806
5749.374867,0.85,0.85,200,3624.187687
5606.015529,0.825,0.825,200,3628.812785
5670.59399,0.83,0.83,200,3633.474326
5633.962487,0.835,0.835,200,3638.124413
5747.542794,0.85,0.85,200,3642.830547
5669.841901,0.795,0.795,200,3647.469875
5627.180575,0.81,0.81,200,3652.135151
4462.106682,0.61,0.645,200,3656.801422
3713.045501,0.87,0.87,200,3663.835819
4359.091152,0.855,0.855,200,3668.515625
4681.791838,0.81,0.84,200,3673.253269
4727.38348,0.825,0.845,200,3677.903745
3991.044374,0.86,0.87,200,3682.647767
5664.418513,0.8,0.8,200,3687.376854
5524.127016,0.795,0.795,200,3692.028594
5629.31169,0.825,0.825,200,3696.731389
5651.776091,0.795,0.805,200,3701.463709
5748.869195,0.845,0.845,200,3706.09161
5676.438472,0.81,0.81,200,3713.263583
4181.844178,0.565,0.57,200,3718.032584
4551.083355,0.835,0.835,200,3722.716045
4351.229385,0.495,0.515,200,3727.531678
5065.028507,0.835,0.85,200,3732.297776
5756.562137,0.835,0.855,200,3737.094708
5753.968706,0.85,0.855,200,3741.856184
5666.248651,0.785,0.795,200,3746.541357
5629.093285,0.82,0.82,200,3751.144264
5746.132,0.845,0.855,200,3755.751843
4371.487372,0.815,0.845,200,3762.726323
5680.232675,0.865,0.87,200,3767.341013
4127.310666,0.875,0.875,200,3772.093368
5667.394979,0.82,0.82,200,3776.830004
5545.762358,0.805,0.805,200,3781.595658
4310.62301,0.745,0.765,200,3786.315334
5642.019203,0.835,0.84,200,3791.038923
4423.999988,0.84,0.84,200,3795.75311
5035.897362,0.84,0.84,200,3800.550477
5631.321012,0.815,0.815,200,3805.286353
5726.115507,0.83,0.84,200,3812.329972
5585.446997,0.87,0.88,200,3817.044822
5659.945259,0.8,0.815,200,3821.681129
5765.357503,0.865,0.88,200,3826.330296
5565.222172,0.795,0.795,200,3831.039793
5760.307,0.85,0.855,200,3835.81704
5753.361626,0.85,0.85,200,3840.591641
5609.467145,0.805,0.815,200,3845.346936
5771.066781,0.86,0.865,200,3850.075426
4787.240439,0.82,0.845,200,3854.91544
5504.719822,0.795,0.795,200,3862.142934
4561.613856,0.86,0.865,200,3867.052275
5641.928533,0.83,0.83,200,3871.917302
5027.444767,0.61,0.61,200,3876.672966
5637.764495,0.88,0.895,200,3881.483976
5750.138812,0.86,0.89,200,3886.125675
5170.276982,0.825,0.845,200,3890.800989
5713.136024,0.875,0.88,200,3895.615985
5708.526186,0.84,0.845,200,3900.368216
5739.679502,0.875,0.875,200,3905.092822
5067.434351,0.395,0.395,200,3911.91378
5765.512652,0.865,0.865,200,3916.6225
5545.962147,0.795,0.805,200,3921.451483
5679.472961,0.795,0.8,200,3926.200582
5724.138261,0.84,0.84,200,3930.878378
5771.187076,0.855,0.86,200,3935.533695
4131.646933,0.84,0.865,200,3940.427543
5742.546374,0.865,0.875,200,3945.216892
5511.126437,0.83,0.835,200,3949.996528
5758.982828,0.875,0.88,200,3954.909896
5745.105379,0.85,0.85,200,3962.024669
5600.264011,0.825,0.865,200,3966.766748
5672.82784,0.82,0.835,200,3971.710683
5757.653598,0.855,0.86,200,3976.549908
3757.973231,0.385,0.405,200,3981.331229
5668.571866,0.81,0.815,200,3986.169739
5736.512548,0.855,0.865,200,3990.952927
5733.613747,0.85,0.85,200,3995.75003
4643.96024,0.84,0.85,200,4000.447019
5628.7751,0.865,0.885,200,4005.240007
5592.703883,0.815,0.815,200,4012.377563
5408.156827,0.82,0.825,200,4017.105456
5503.665785,0.815,0.82,200,4022.097731
5605.161326,0.81,0.81,200,4026.960783
4588.148625,0.85,0.86,200,4031.853573
5663.107186,0.795,0.795,200,4036.718651
4949.6143,0.37,0.37,200,4041.475301
4518.951685,0.87,0.875,200,4046.432868
3665.14195,0.885,0.885,200,4051.390859
5678.589171,0.79,0.805,200,4056.149108
5071.225403,0.83,0.835,200,4063.30937
5580.14766,0.805,0.805,200,4068.178548
4435.086822,0.845,0.85,200,4072.921114
5747.613908,0.85,0.85,200,4077.72769
5684.695106,0.83,0.835,200,4082.566329
5671.625726,0.83,0.83,200,4087.486153
5601.787692,0.82,0.825,200,4092.329978
5683.43261,0.81,0.81,200,4097.173522
5678.729482,0.86,0.88,200,4102.029532
5531.45035,0.8,0.8,200,4106.763449
5655.503852,0.83,0.83,200,4113.682727
5654.574378,0.815,0.815,200,4118.28992
5764.487567,0.865,0.865,200,4122.971001
4054.61437,0.46,0.49,200,4127.720497
4696.84399,0.84,0.84,200,4132.44628
5513.09733,0.795,0.795,200,4137.076514
5603.771929,0.805,0.82,200,4141.818782
5320.137137,0.645,0.655,200,4146.608645
5587.206241,0.865,0.87,200,4151.52926
4235.180983,0.83,0.84,200,4156.541869
5728.447066,0.835,0.835,200,4163.774393
5750.376571,0.86,0.87,200,4168.435667
4445.801138,0.875,0.88,200,4173.128129
5719.532308,0.835,0.835,200,4177.913712
5572.590053,0.825,0.825,200,4182.762443
5698.383333,0.82,0.82,200,4187.300181
4173.574955,0.84,0.85,200,4191.993295
5654.082404,0.815,0.82,200,4196.713795
5688.348386,0.82,0.82,200,4201.538062
5660.058564,0.86,0.87,200,4206.357563
5765.70249,0.865,0.865,200,4213.349447
5645.136248,0.815,0.815,200,4218.193157
5747.771964,0.86,0.86,200,4222.932873
5679.210807,0.83,0.83,200,4227.661014
4375.207102,0.83,0.845,200,4232.382549
5753.668481,0.87,0.885,200,4237.116055
5676.578898,0.815,0.815,200,4241.975582
5550.28674,0.805,0.805,200,4246.790503
5454.633992,0.83,0.84,200,4251.626115
5752.786706,0.85,0.85,200,4256.383151
4984.023788,0.845,0.865,200,4263.482042
5692.662551,0.84,0.84,200,4268.277536
5528.008074,0.79,0.79,200,4273.131905
4482.130421,0.4,0.42,200,4277.770562
5560.936667,0.805,0.81,200,4282.490836
5617.547534,0.735,0.735,200,4287.158842
5763.64137,0.855,0.865,200,4291.973701
5536.867927,0.8,0.805,200,4296.73873
5195.967339,0.84,0.845,200,4301.445491
5627.696645,0.82,0.82,200,4306.250685
5707.287283,0.83,0.83,200,4313.171052
5748.311582,0.845,0.865,200,4317.998533
4671.321982,0.84,0.84,200,4322.868213
5670.436146,0.8,0.805,200,4327.57517
4154.601701,0.84,0.845,200,4332.266303
5759.153251,0.85,0.86,200,4337.069645
5685.4479,0.815,0.815,200,4341.966886
5545.883978,0.785,0.795,200,4346.647375
4843.513855,0.84,0.84,200,4351.465513
4362.514981,0.865,0.87,200,4356.20966
3996.096165,0.86,0.865,200,4363.411846
5677.305085,0.825,0.825,200,4368.08203
5712.020395,0.83,0.83,200,4372.867553
5688.015914,0.81,0.815,200,4377.694136
5696.224555,0.815,0.82,200,4382.365284
5719.086618,0.86,0.865,200,4387.077374
4739.624119,0.835,0.835,200,4391.812667
5738.884586,0.845,0.845,200,4396.601207
5665.990224,0.82,0.82,200,4401.392836
5552.897879,0.79,0.79,200,4406.156009
5678.34461,0.805,0.805,200,4413.089886
3531.636966,0.755,0.755,200,4417.911318
4814.951896,0.83,0.845,200,4422.678985
5345.795047,0.83,0.83,200,4427.515405
5742.419437,0.85,0.85,200,4432.388773
4658.387368,0.84,0.845,200,4437.140409
5628.751252,0.815,0.83,200,4441.996753
5664.412873,0.86,0.87,200,4446.771988
5648.8584,0.85,0.87,200,4451.659325
5685.457224,0.81,0.81,200,4456.523842
5595.421626,0.83,0.86,200,4463.581421
4370.0158,0.865,0.87,200,4468.314618
5667.602962,0.8,0.8,200,4472.958487
5680.900647,0.815,0.835,200,4477.602762
5733.151918,0.835,0.84,200,4482.40435
2911.679757,0.875,0.875,200,4487.12013
4342.168788,0.85,0.85,200,4491.837759
4734.492174,0.845,0.85,200,4496.594243
4368.55243,0.825,0.845,200,4501.350747
5486.343527,0.785,0.79,200,4506.144584
5535.901096,0.79,0.79,200,4512.925868
5560.705906,0.83,0.835,200,4517.810035
5756.496608,0.865,0.87,200,4522.618179
4792.513571,0.3,0.31,200,4527.437893
3086.346449,0.885,0.885,200,4532.293777
5679.571798,0.815,0.815,200,4537.048511
4619.002122,0.84,0.85,200,4541.933442
3345.867847,0.65,0.655,200,4546.800413
5692.05513,0.81,0.81,200,4551.592265
2880.991204,0.86,0.87,200,4556.344639
5631.154021,0.835,0.835,200,4563.654492
2595.056966,0.87,0.87,200,4568.487599
4797.656294,0.845,0.855,200,4573.159199
5472.56397,0.87,0.885,200,4578.02357
5667.417462,0.87,0.87,200,4582.984093
5562.497321,0.825,0.825,200,4587.738617
4892.816899,0.84,0.85,200,4592.547161
4880.793396,0.825,0.83,200,4597.336363
5580.626626,0.795,0.815,200,4602.114874
5594.851398,0.795,0.81,200,4606.853488
5586.713731,0.795,0.795,200,4613.937802
3422.449563,0.88,0.88,200,4618.622892
5705.032495,0.83,0.835,200,4623.276268
5671.198816,0.82,0.83,200,4628.1585
5738.399553,0.835,0.835,200,4632.974585
3614.032332,0.86,0.865,200,4637.790098
4798.99977,0.845,0.85,200,4642.566177
4722.895108,0.855,0.855,200,4647.29289
3693.09037,0.855,0.855,200,4652.023753
5471.295661,0.87,0.89,200,4656.64787
5722.691533,0.855,0.86,200,4663.775921
3670.855474,0.55,0.55,200,4668.608515
5745.917361,0.845,0.845,200,4673.44924
5741.366873,0.845,0.845,200,4678.16894
5670.591118,0.79,0.8,200,4682.953857
5514.884718,0.805,0.815,200,4687.65181
2568.244787,0.865,0.87,200,4692.469282
5767.74856,0.86,0.86,200,4697.290527
5405.157043,0.71,0.72,200,4702.085437
5540.097832,0.8,0.8,200,4706.904194
4780.44708,0.85,0.85,200,4714.010284
5764.159716,0.855,0.855,200,4718.715099
4962.407769,0.845,0.845,200,4723.557763
3645.741573,0.845,0.845,200,4728.420628
4594.638107,0.835,0.85,200,4733.210296
5746.20354,0.85,0.855,200,4737.929231
5747.433501,0.85,0.85,200,4742.684542
5749.745966,0.845,0.85,200,4747.422594
3629.693068,0.87,0.87,200,4752.090583
5694.596677,0.825,0.83,200,4756.885412
5641.795921,0.855,0.87,200,4763.920177
2240.995148,0.03,0.04,200,4768.545516
5659.340476,0.805,0.805,200,4773.315918
5753.0198,0.855,0.855,200,4778.007308
5754.710666,0.85,0.855,200,4782.669719
5750.628546,0.86,0.885,200,4787.325966
4475.828361,0.865,0.865,200,4792.150571
5756.205505,0.85,0.855,200,4797.071584
4346.716774,0.835,0.86,200,4801.726106
5647.696793,0.825,0.83,200,4806.58954
2511.861689,0.195,0.195,200,4813.354156
5753.743773,0.855,0.855,200,4818.149725
5755.088272,0.86,0.86,200,4822.95759
5574.054843,0.815,0.815,200,4827.696889
4212.22037,0.845,0.855,200,4832.355232
5690.643652,0.845,0.87,200,4837.02814
3941.87295,0.875,0.875,200,4841.735989
5166.269909,0.835,0.84,200,4846.364772
4448.186136,0.84,0.855,200,4851.162476
5524.190677,0.795,0.795,200,4855.824648
5533.06494,0.795,0.805,200,4862.757834
5567.770917,0.795,0.795,200,4867.422973
5688.633391,0.81,0.81,200,4872.178594
4999.799924,0.835,0.845,200,4877.014675
5642.943583,0.81,0.82,200,4881.855818
5536.308774,0.83,0.835,200,4886.589662
5423.664627,0.8,0.815,200,4891.274737
5638.58485,0.825,0.83,200,4895.795677
4467.103599,0.825,0.86,200,4900.397869
4848.346729,0.84,0.84,200,4905.020827
5667.355077,0.8,0.805,200,4912.141566
5603.617996,0.8,0.81,200,4916.828935
3876.867543,0.87,0.88,200,4921.622059
5541.689056,0.825,0.825,200,4926.287179
5764.769685,0.865,0.865,200,4931.104772
5687.86442,0.815,0.815,200,4935.720841
5767.416328,0.855,0.865,200,4940.416249
4325.867546,0.855,0.855,200,4945.305854
4456.782092,0.775,0.775,200,4949.882334
5624.94475,0.815,0.82,200,4954.586092
5751.828276,0.855,0.855,200,4961.41728
5727.658128,0.845,0.85,200,4966.173613
5678.753966,0.81,0.825,200,4970.913745
3482.287912,0.885,0.885,200,4975.51282
3024.687007,0.875,0.875,200,4980.394118
4475.689576,0.855,0.855,200,4985.071892
5688.285466,0.81,0.81,200,4989.749101
5741.911812,0.855,0.855,200,4994.328149
5673.410834,0.81,0.81,200,4999.064271
5263.099461,0.825,0.825,200,5003.858041
5761.248996,0.86,0.865,200,5010.623646
5533.919782,0.795,0.805,200,5015.298769
5669.024671,0.83,0.83,200,5020.075707
5682.400807,0.815,0.815,200,5024.781502
5623.318363,0.82,0.82,200,5029.46104
4963.608709,0.85,0.85,200,5034.164088
3114.443611,0.37,0.375,200,5038.837909
5494.094854,0.785,0.785,200,5043.632088
4372.692943,0.63,0.655,200,5048.285719
5732.06687,0.86,0.865,200,5053.01673
5608.578176,0.855,0.855,200,5059.808329
5752.767035,0.845,0.85,200,5064.490127
5753.978457,0.84,0.85,200,5069.201616
5771.48606,0.865,0.865,200,5073.969964
5653.702285,0.81,0.81,200,5078.670604
5744.052641,0.84,0.845,200,5083.312725
5680.562274,0.825,0.825,200,5087.880314
5725.149252,0.855,0.87,200,5092.559232
5757.062194,0.855,0.855,200,5097.344795
4002.222098,0.845,0.855,200,5102.149396
5744.680952,0.875,0.885,200,5109.076812
5652.167851,0.815,0.815,200,5113.885827
5523.812433,0.805,0.81,200,5118.720593
5758.698076,0.85,0.86,200,5123.461055
5659.696611,0.83,0.835,200,5128.249968
5768.025882,0.865,0.865,200,5133.044631
4531.605221,0.85,0.85,200,5137.788496
5774.532375,0.86,0.86,200,5142.647284
5757.92434,0.85,0.855,200,5147.455146
5562.722319,0.79,0.805,200,5152.392376
5746.04134,0.84,0.85,200,5159.696952
5694.256495,0.825,0.83,200,5164.608473
5672.245728,0.865,0.875,200,5169.580916
2491.81778,0.475,0.49,200,5174.375073
5735.579989,0.865,0.87,200,5179.127092
5756.6729,0.865,0.865,200,5183.915431
5759.279029,0.855,0.855,200,5188.786511
3890.167396,0.865,0.875,200,5193.567869
5739.620328,0.85,0.86,200,5198.288924
5678.270736,0.8,0.8,200,5203.138957
5681.529005,0.825,0.825,200,5209.975001
4285.774995,0.86,0.86,200,5214.866697
4243.015128,0.865,0.865,200,5219.682079
3883.088493,0.855,0.86,200,5224.578747
5662.785836,0.81,0.825,200,5229.372889
5689.055898,0.82,0.82,200,5234.142031
5701.434848,0.845,0.85,200,5239.012606
5763.766518,0.865,0.875,200,5243.791794
5758.912331,0.855,0.86,200,5248.511739
4498.395069,0.84,0.855,200,5253.334679
5675.477039,0.815,0.815,200,5260.534433
3693.052479,0.87,0.875,200,5265.228284
4827.461153,0.84,0.84,200,5269.980533
5624.870182,0.805,0.81,200,5274.885848
5675.496799,0.81,0.825,200,5279.761766
5679.835333,0.795,0.8,200,5284.595179
5736.21507,0.84,0.84,200,5289.436429
5216.210438,0.83,0.85,200,5294.263242
5218.648619,0.845,0.85,200,5299.062432
5677.871306,0.835,0.835,200,5303.882942
5677.91292,0.825,0.825,200,5310.946072
5676.879152,0.81,0.815,200,5315.815366
2941.716242,0.27,0.275,200,5320.558703
5768.474288,0.855,0.86,200,5325.404624
4494.224775,0.845,0.845,200,5330.143188
5758.101111,0.85,0.86,200,5334.910182
5568.547596,0.835,0.85,200,5339.644934
5639.277624,0.82,0.82,200,5344.505633
5673.770178,0.815,0.815,200,5349.308911
5599.041348,0.805,0.805,200,5354.068718
4940.599184,0.83,0.84,200,5361.137084
5682.737868,0.8,0.8,200,5366.060227
5586.816061,0.8,0.81,200,5370.937025
5754.098934,0.84,0.85,200,5375.757274
5755.21268,0.855,0.855,200,5380.558178
5632.894676,0.83,0.835,200,5385.282736
5673.634461,0.8,0.8,200,5390.142234
4625.724139,0.855,0.86,200,5394.811712
5764.609112,0.85,0.86,200,5399.526653
4413.480182,0.625,0.65,200,5404.359759
5699.596528,0.805,0.815,200,5411.408402
5763.057841,0.86,0.86,200,5416.334976
4840.597488,0.825,0.825,200,5421.106551
5703.493851,0.825,0.825,200,5425.797148
5736.057494,0.845,0.845,200,5430.45113
5682.437188,0.82,0.82,200,5435.195972
5672.733913,0.835,0.84,200,5439.948315
5769.874137,0.855,0.865,200,5444.828833
5526.345009,0.83,0.83,200,5449.600637
5690.823895,0.8,0.81,200,5454.328985
5448.160349,0.845,0.855,200,5461.164905
4685.903477,0.845,0.86,200,5465.883802
5680.313065,0.815,0.815,200,5470.646797
5749.958164,0.86,0.865,200,5475.432109
5706.860157,0.83,0.84,200,5480.265254
3651.166253,0.86,0.86,200,5485.153714
5727.258614,0.84,0.84,200,5490.007931
4245.108044,0.855,0.855,200,5494.734286
5527.465482,0.78,0.795,200,5499.466477
4717.878517,0.535,0.55,200,5504.214744
4453.472141,0.855,0.86,200,5511.363546
5603.79995,0.83,0.83,200,5516.091571
4421.961438,0.86,0.87,200,5520.807004
5775.697595,0.855,0.875,200,5525.561947
5544.196864,0.795,0.8,200,5530.463774
4759.605533,0.67,0.68,200,5535.187029
5757.590637,0.87,0.875,200,5539.944253
4534.158559,0.725,0.73,200,5544.710478
5762.716681,0.85,0.86,200,5549.56451
5750.406669,0.86,0.865,200,5554.324539
5753.827657,0.845,0.855,200,5561.413418
2557.319403,0.88,0.895,200,5566.247122
5756.994142,0.865,0.865,200,5570.940241
5689.730728,0.825,0.83,200,5575.712585
5403.497882,0.825,0.825,200,5580.520978
5757.153957,0.855,0.855,200,5585.37044
5434.927391,0.835,0.84,200,5590.057714
5662.700234,0.865,0.865,200,5594.897887
5619.277629,0.805,0.805,200,5599.714201
5769.745491,0.865,0.865,200,5604.446809
5742.125391,0.85,0.85,200,5611.635333
5726.555098,0.835,0.835,200,5616.440768
5723.887011,0.85,0.85,200,5621.302717
5583.518717,0.835,0.835,200,5626.071887
5767.237797,0.855,0.86,200,5630.821217
5736.70193,0.855,0.865,200,5635.625606
5639.817827,0.82,0.82,200,5640.349539
5741.757493,0.835,0.845,200,5645.145485
5650.053674,0.83,0.83,200,5650.018209
5693.081647,0.825,0.83,200,5654.858244
5742.863134,0.855,0.865,200,5661.69071
4900.874298,0.705,0.725,200,5666.426142
5669.792064,0.8,0.805,200,5671.144017
5668.788971,0.8,0.8,200,5675.800364
5721.10563,0.845,0.845,200,5680.571021
5695.278595,0.82,0.83,200,5685.323297
5720.482975,0.835,0.845,200,5690.047219
5756.816387,0.855,0.87,200,5694.752918
5717.27975,0.835,0.835,200,5699.469067
5696.845783,0.84,0.84,200,5704.302852
4260.985871,0.85,0.86,200,5711.344965
5764.470357,0.855,0.86,200,5716.08929
5760.908314,0.85,0.855,200,5720.853566
5762.958827,0.85,0.855,200,5725.625187
5716.805355,0.86,0.865,200,5730.323014
4407.166211,0.85,0.85,200,5734.97745
5672.868899,0.81,0.81,200,5739.836743
5614.890863,0.855,0.865,200,5744.554228
5675.06347,0.805,0.805,200,5749.449267
5775.739312,0.865,0.865,200,5754.209907
5747.144455,0.85,0.87,200,5761.591742
5769.321528,0.865,0.865,200,5766.3047
4932.655882,0.845,0.845,200,5771.092676
4285.986642,0.85,0.85,200,5775.840135
5666.689456,0.82,0.82,200,5780.639073
5761.340266,0.855,0.86,200,5785.376893
5733.83402,0.845,0.845,200,5790.167891
5763.642259,0.855,0.875,200,5794.921782
5784.498713,0.87,0.875,200,5799.752186
5745.548402,0.845,0.855,200,5804.531645
5540.248531,0.81,0.81,200,5811.530593
5747.001902,0.85,0.855,200,5816.320704
5515.491674,0.79,0.795,200,5821.183083
5773.303726,0.88,0.89,200,5826.086006
3067.605222,0.875,0.88,200,5831.005505
5337.349208,0.845,0.855,200,5835.850361
2562.376012,0.065,0.07,200,5840.729731
5347.458381,0.605,0.605,200,5845.53504
5622.740666,0.825,0.825,200,5850.421845
5715.388521,0.83,0.83,200,5855.328135
5588.664904,0.815,0.815,200,5862.364906
5623.927074,0.815,0.815,200,5866.970971
5184.085692,0.84,0.845,200,5871.593472
5661.919542,0.8,0.805,200,5876.298772
5679.664911,0.805,0.805,200,5881.088885
5729.53054,0.835,0.845,200,5885.899889
4189.15779,0.86,0.865,200,5890.649236
5747.041758,0.84,0.845,200,5895.406434
4812.612688,0.83,0.84,200,5900.113105
3596.417157,0.88,0.88,200,5904.896492
5684.972006,0.795,0.8,200,5911.94082
5560.987751,0.845,0.845,200,5916.577809
5667.966143,0.82,0.82,200,5921.116365
2805.311769,0.48,0.485,200,5925.795636
5667.921126,0.81,0.835,200,5930.66666
4371.130791,0.64,0.68,200,5935.407531
5570.336654,0.81,0.81,200,5940.192394
5552.22265,0.835,0.84,200,5944.804685
5749.85272,0.86,0.86,200,5949.643005
3177.786265,0.505,0.525,200,5954.25087
5759.657695,0.855,0.855,200,5961.122455
5687.933289,0.805,0.815,200,5965.944732
5678.369032,0.835,0.835,200,5970.715252
5053.838282,0.825,0.84,200,5975.460178
5653.930431,0.82,0.825,200,5980.073252
2567.809003,0.225,0.23,200,5984.908286
5752.873576,0.85,0.86,200,5989.716831
5754.592365,0.86,0.86,200,5994.344315
4137.148468,0.83,0.84,200,5998.996661
5758.099364,0.865,0.875,200,6003.699857
4467.061085,0.87,0.87,200,6010.700062
5670.313019,0.8,0.81,200,6015.319319
5751.158586,0.855,0.86,200,6019.91378
5077.676879,0.835,0.835,200,6024.535875
5491.634282,0.84,0.845,200,6029.12284
5648.036047,0.815,0.82,200,6033.850016
5721.425141,0.845,0.845,200,6038.576951
5716.785023,0.835,0.835,200,6043.328702
5702.625069,0.865,0.865,200,6048.123071
5762.538457,0.845,0.85,200,6052.873801
5735.35086,0.845,0.845,200,6059.700638
5707.562972,0.87,0.87,200,6064.247912
4258.906825,0.305,0.33,200,6068.834778
5727.982124,0.835,0.84,200,6073.51037
5755.90531,0.855,0.86,200,6078.065829
5514.472893,0.79,0.795,200,6082.713731
4988.429596,0.835,0.835,200,6087.591136
5687.481622,0.805,0.81,200,6092.342003
5705.592782,0.825,0.83,200,6097.080145
5692.502469,0.815,0.835,200,6101.615021
5639.727831,0.815,0.815,200,6108.434349
5667.488327,0.8,0.8,200,6113.141906
5685.114191,0.8,0.805,200,6117.893582
5596.641195,0.78,0.795,200,6122.540318
5563.290529,0.795,0.81,200,6127.115206
5776.323181,0.865,0.87,200,6131.732838
5501.133084,0.87,0.88,200,6136.276772
5657.698243,0.84,0.84,200,6140.94709
5683.418387,0.87,0.875,200,6145.425378
5771.639036,0.855,0.86,200,6150.045986
4558.097862,0.835,0.85,200,6156.716383
5691.220381,0.825,0.825,200,6161.336887
5698.870239,0.81,0.815,200,6165.908433
5750.882292,0.845,0.855,200,6170.679362
5653.100481,0.86,0.86,200,6175.40582
3680.067598,0.37,0.385,200,6180.136428
5691.671556,0.83,0.83,200,6184.72262
5440.172468,0.835,0.835,200,6189.367657
5757.928206,0.85,0.855,200,6193.971859
5709.114622,0.815,0.825,200,6198.46898
5759.055979,0.855,0.855,200,6205.239874
5487.248658,0.85,0.85,200,6209.795265
5725.052497,0.845,0.85,200,6214.450548
3984.764865,0.865,0.865,200,6219.136047
4636.061695,0.835,0.845,200,6223.725888
5690.225403,0.865,0.87,200,6228.355385
5729.769884,0.855,0.865,200,6232.941205
4998.812288,0.845,0.85,200,6237.449492
5214.246106,0.835,0.845,200,6241.941477
4549.159392,0.84,0.855,200,6246.356915
4415.882033,0.75,0.75,200,6253.072767
5723.452606,0.835,0.835,200,6257.660193
5697.825257,0.855,0.865,200,6262.213336
3665.831764,0.865,0.87,200,6266.928628
5663.325761,0.82,0.825,200,6271.468231
4641.238746,0.595,0.595,200,6276.019033
5032.818187,0.84,0.84,200,6280.578022
4098.788948,0.855,0.855,200,6285.192755
4946.16635,0.845,0.845,200,6289.836106
4335.442197,0.865,0.865,200,6294.449219
5718.810431,0.86,0.88,200,6301.201117
5657.944432,0.845,0.875,200,6305.791543
5700.711922,0.86,0.865,200,6310.271219
4222.696801,0.325,0.36,200,6314.746974
5668.514595,0.795,0.795,200,6319.357872
2547.627103,0.865,0.87,200,6323.946111
5764.7084,0.86,0.86,200,6328.664171
5742.415666,0.845,0.855,200,6333.163501
5690.337052,0.83,0.83,200,6337.74881
5689.700598,0.815,0.815,200,6342.440121
5695.222031,0.815,0.815,200,6349.047805
5703.837958,0.815,0.815,200,6353.726897
5770.796853,0.86,0.87,200,6358.194741
4313.795068,0.76,0.76,200,6362.765638
5101.089074,0.835,0.835,200,6367.43606
5746.40112,0.845,0.855,200,6371.929699
4313.333766,0.855,0.855,200,6376.534873
5089.036013,0.425,0.425,200,6381.136599
5689.42517,0.83,0.83,200,6385.684999
5719.75116,0.87,0.885,200,6390.360746
5686.266389,0.82,0.82,200,6397.159932
5750.794143,0.85,0.85,200,6401.671137
5760.275,0.855,0.86,200,6406.141564
5732.019974,0.86,0.875,200,6410.545619
5301.643238,0.665,0.67,200,6415.14068
3137.937191,0.86,0.87,200,6419.678071
5682.722632,0.83,0.83,200,6424.295426
5769.977931,0.85,0.86,200,6428.918998
4466.533261,0.85,0.85,200,6433.378403
5362.350152,0.84,0.84,200,6437.941433
5484.450815,0.825,0.825,200,6444.932102
3935.752392,0.875,0.88,200,6449.73186
5624.647513,0.82,0.825,200,6454.447961
5778.256258,0.855,0.87,200,6459.018754
5749.682527,0.85,0.85,200,6463.557274
4746.500337,0.78,0.795,200,6468.261156
4166.957712,0.735,0.74,200,6472.96209
5739.905413,0.85,0.86,200,6477.686
5754.413711,0.85,0.87,200,6482.287484
5419.103132,0.84,0.84,200,6486.959903
5690.435767,0.805,0.805,200,6493.845879
5670.695852,0.795,0.795,200,6498.380162
5755.77619,0.845,0.85,200,6503.000053
5724.790984,0.855,0.86,200,6507.64575
5741.626501,0.84,0.845,200,6512.101027
5475.630046,0.845,0.85,200,6516.613974
5730.68932,0.85,0.85,200,6521.287497
5645.335412,0.825,0.825,200,6525.928299
5669.355586,0.84,0.84,200,6530.646707
5758.192666,0.845,0.855,200,6535.191964
5751.447732,0.84,0.845,200,6541.79713
5667.461669,0.83,0.83,200,6546.510899
5588.181576,0.78,0.8,200,6551.308547
2683.023884,0.445,0.445,200,6555.822846
4863.660199,0.835,0.845,200,6560.608412
5777.463747,0.855,0.87,200,6565.199807
4770.635375,0.835,0.86,200,6569.98853
5748.440375,0.84,0.85,200,6574.684216
5691.815419,0.815,0.815,200,6579.308354
5764.057478,0.85,0.855,200,6583.83092
3127.4213,0.29,0.29,200,6590.489589
5584.352129,0.805,0.805,200,6595.096396
5754.372674,0.855,0.865,200,6599.707129
5604.992868,0.81,0.81,200,6604.223498
4465.639355,0.835,0.84,200,6608.866363
5656.509747,0.83,0.835,200,6613.5256
5664.536078,0.835,0.84,200,6618.351123
5751.99199,0.85,0.85,200,6622.953481
5475.74272,0.84,0.84,200,6627.420842
4619.218163,0.855,0.855,200,6631.917288
5083.115612,0.845,0.855,200,6638.741651
5525.786189,0.875,0.88,200,6643.315725
4589.670327,0.86,0.86,200,6647.957435
5685.279142,0.83,0.83,200,6652.598338
5676.705073,0.825,0.83,200,6657.240052
4104.956285,0.86,0.87,200,6661.863579
5179.399596,0.835,0.835,200,6666.516246
5654.252076,0.85,0.88,200,6671.120363
5750.875915,0.865,0.87,200,6675.722677
4594.587196,0.855,0.86,200,6680.226338
2986.400209,0.52,0.52,200,6687.041003
5661.701474,0.825,0.825,200,6691.655272
3492.216919,0.87,0.87,200,6696.207534
5739.64687,0.865,0.87,200,6700.791296
5705.089208,0.835,0.84,200,6705.24191
5719.36346,0.83,0.84,200,6709.771729
5632.391553,0.825,0.835,200,6714.490324
5752.200118,0.87,0.875,200,6719.017201
5675.083783,0.83,0.83,200,6723.6995
5767.268918,0.865,0.88,200,6728.183062
5754.746463,0.84,0.85,200,6735.008693
5455.849441,0.82,0.825,200,6739.492056
5757.602512,0.855,0.855,200,6744.043892
5537.479133,0.8,0.805,200,6748.729136
5608.434068,0.83,0.83,200,6753.406104
5652.404863,0.84,0.84,200,6758.082817
5657.939464,0.825,0.83,200,6762.865243
5758.552438,0.86,0.86,200,6767.492217
5708.986028,0.855,0.87,200,6772.058884
5771.019381,0.86,0.86,200,6776.712801
5788.37649,0.875,0.875,200,6783.568769
5263.496133,0.84,0.855,200,6788.145515
5650.507226,0.845,0.845,200,6793.02305
5676.473358,0.835,0.835,200,6797.707759
4190.92671,0.86,0.86,200,6802.351409
4756.863052,0.835,0.835,200,6807.011465
4652.61728,0.845,0.855,200,6811.691783
2629.872308,0.095,0.095,200,6816.339869
5654.722904,0.82,0.82,200,6821.061268
5613.672073,0.84,0.845,200,6825.390693
5723.608737,0.835,0.835,200,6831.981495
4715.05867,0.855,0.855,200,6836.509583
5674.503777,0.815,0.83,200,6841.138506
5641.660913,0.83,0.835,200,6845.67222
5034.510436,0.685,0.695,200,6850.306413
5573.731815,0.8,0.8,200,6854.850379
5752.384928,0.865,0.875,200,6859.350778
5673.117455,0.82,0.825,200,6864.019848
4676.348151,0.855,0.86,200,6868.695927
5689.131579,0.82,0.82,200,6873.235361
5650.726326,0.82,0.825,200,6880.221138
5566.868805,0.795,0.795,200,6884.90399
5720.183629,0.83,0.835,200,6889.357067
5758.621516,0.86,0.86,200,6894.059731
5658.603057,0.825,0.825,200,6898.459751
5711.079174,0.855,0.855,200,6903.059281
5158.577354,0.85,0.85,200,6907.560156
5652.568288,0.83,0.83,200,6912.044806
5736.176391,0.83,0.83,200,6916.456103
5693.291773,0.82,0.82,200,6921.035124
5034.693261,0.685,0.69,200,6927.482336
5695.223293,0.82,0.82,200,6931.643192
4598.106731,0.86,0.86,200,6936.100387
5712.854043,0.86,0.87,200,6940.475809
4432.583328,0.855,0.855,200,6945.002011
5791.376763,0.86,0.88,200,6949.534502
4924.829126,0.84,0.84,200,6954.05339
5634.873089,0.83,0.845,200,6958.462305
4816.098284,0.36,0.36,200,6962.910666
5661.420532,0.83,0.83,200,6967.613246
5758.856885,0.86,0.86,200,6974.276524
5586.420271,0.81,0.81,200,6978.991939
5711.829326,0.825,0.835,200,6983.61318
5670.59766,0.815,0.82,200,6988.229234
5104.520886,0.835,0.85,200,6992.710608
5138.206912,0.785,0.785,200,6997.340338
3974.45518,0.88,0.89,200,7001.938554
5682.088997,0.82,0.82,200,7006.377479
5658.472272,0.815,0.815,200,7010.886524
5737.543169,0.83,0.835,200,7015.346985
5748.901511,0.865,0.87,200,7022.067923
5638.009693,0.81,0.815,200,7026.828196
5763.845609,0.845,0.86,200,7031.445898
5750.904415,0.85,0.865,200,7036.006899
5669.459225,0.84,0.84,200,7040.493248
5722.532475,0.85,0.865,200,7044.953572
5630.355293,0.81,0.81,200,7049.603722
5093.779671,0.845,0.845,200,7054.228413
5757.912852,0.86,0.86,200,7058.704049
5691.783883,0.835,0.84,200,7063.321194
4933.112426,0.86,0.86,200,7070.194754
5300.744136,0.845,0.845,200,7074.860902
4308.566265,0.85,0.86,200,7079.485295
5755.103216,0.85,0.86,200,7084.102923
5730.142483,0.87,0.87,200,7088.783074
5663.803136,0.82,0.82,200,7093.434576
5750.091883,0.85,0.85,200,7098.013423
5673.453031,0.82,0.83,200,7102.636313
5671.172256,0.82,0.82,200,7107.340617
4812.265744,0.84,0.855,200,7112.148819
5642.521398,0.825,0.825,200,7118.870271
5764.251945,0.855,0.86,200,7123.458153
5422.566626,0.69,0.69,200,7128.13908
5627.146706,0.81,0.81,200,7132.869937
5738.969573,0.86,0.86,200,7137.487113
5261.01783,0.845,0.845,200,7142.051186
5685.38249,0.82,0.82,200,7146.888843
5169.213772,0.655,0.665,200,7151.584147
5754.636658,0.845,0.85,200,7156.255124
5716.224935,0.835,0.84,200,7160.974525
5712.183547,0.825,0.83,200,7167.929565
5744.537664,0.84,0.84,200,7172.59781
4593.434258,0.77,0.79,200,7177.183806
5331.516885,0.85,0.85,200,7181.843528
5693.316547,0.81,0.81,200,7186.54945
5551.052141,0.86,0.88,200,7191.276323
5239.696092,0.805,0.83,200,7195.999305
4936.186403,0.845,0.855,200,7200.690166
5722.715857,0.85,0.85,200,7205.377189
5669.263684,0.835,0.835,200,7210.008265
5743.024197,0.835,0.84,200,7216.577307
5654.170957,0.815,0.825,200,7221.06506
5227.682239,0.5,0.5,200,7225.582692
5595.058319,0.795,0.815,200,7230.193898
4072.911668,0.715,0.735,200,7234.663419
5670.898915,0.83,0.83,200,7239.142976
5707.898686,0.81,0.82,200,7243.703521
5742.657598,0.84,0.84,200,7248.229268
5758.821901,0.85,0.85,200,7252.715722
5758.493698,0.85,0.865,200,7257.314997
5692.674544,0.81,0.81,200,7264.114764
5548.993566,0.8,0.805,200,7268.922664
5501.570774,0.82,0.845,200,7273.563477
5682.286699,0.795,0.8,200,7278.130228
5761.401567,0.855,0.855,200,7282.83288
5755.406852,0.855,0.86,200,7287.276609
5765.553251,0.87,0.875,200,7291.790556
5692.338628,0.84,0.86,200,7296.339267
4686.048874,0.87,0.88,200,7300.856185
4650.259622,0.865,0.87,200,7305.506738
5698.211199,0.86,0.865,200,7312.449042
5098.432724,0.84,0.845,200,7317.194116
5716.028705,0.835,0.835,200,7321.971755
5751.716923,0.84,0.855,200,7326.664132
5678.964318,0.82,0.825,200,7331.223351
5685.030804,0.82,0.825,200,7335.936545
5255.48176,0.835,0.845,200,7340.411889
5709.155719,0.865,0.87,200,7345.248728
5746.808293,0.865,0.87,200,7350.07016
5702.709151,0.83,0.83,200,7354.795325
5618.825502,0.82,0.82,200,7361.818139
5659.763932,0.825,0.825,200,7366.627787
5769.946834,0.86,0.86,200,7371.400521
5725.996606,0.865,0.875,200,7376.187142
5750.383367,0.85,0.855,200,7380.893138
5580.732673,0.83,0.845,200,7385.662827
3909.20241,0.57,0.585,200,7390.119002
5662.187032,0.81,0.81,200,7394.769524
5758.206166,0.86,0.86,200,7399.411351
5744.004335,0.84,0.84,200,7404.062332
5632.812068,0.845,0.855,200,7410.813992
4772.409407,0.84,0.84,200,7415.377634
4998.510753,0.835,0.855,200,7419.968035
5667.63609,0.87,0.87,200,7424.495779
5732.313161,0.86,0.87,200,7429.008395
5689.705233,0.82,0.82,200,7433.668003
5657.273545,0.825,0.825,200,7438.230947
5626.727102,0.85,0.875,200,7442.800543
5726.181789,0.86,0.88,200,7447.459893
5721.260328,0.835,0.845,200,7452.149801
5555.77903,0.79,0.79,200,7458.68801
4277.144536,0.875,0.875,200,7463.262962
5698.314408,0.845,0.845,200,7467.867727
4439.698561,0.835,0.865,200,7472.393913
4749.011804,0.855,0.855,200,7476.898435
5773.13732,0.885,0.895,200,7481.451839
4870.120094,0.865,0.865,200,7486.033902
5699.169184,0.815,0.815,200,7490.625019
5679.830837,0.835,0.84,200,7495.2007
5523.554997,0.85,0.855,200,7499.874079
5604.303477,0.815,0.815,200,7506.640068
5696.573003,0.815,0.815,200,7511.257174
5756.506377,0.845,0.85,200,7515.829668
5703.81492,0.825,0.825,200,7520.55799
5504.452822,0.82,0.84,200,7525.125365
4748.733271,0.75,0.78,200,7529.801797
5762.440335,0.86,0.86,200,7534.422823
5755.411973,0.85,0.855,200,7538.950387
5614.949688,0.845,0.855,200,7543.529535
3216.693025,0.87,0.875,200,7548.207237
5758.534617,0.855,0.855,200,7555.271151
5384.62312,0.84,0.85,200,7559.828916
5773.938844,0.87,0.87,200,7564.245311
5743.859386,0.865,0.865,200,7568.828292
4396.364565,0.865,0.865,200,7573.372384
4249.7943,0.835,0.85,200,7577.792345
5679.061729,0.795,0.795,200,7582.479707
4309.109671,0.835,0.85,200,7587.00197
5649.374012,0.845,0.85,200,7591.784442
5408.986773,0.84,0.85,200,7596.375164
5605.600917,0.82,0.845,200,7603.173114
5741.969991,0.855,0.86,200,7607.666767
5638.465126,0.82,0.82,200,7612.194457
5683.750499,0.83,0.83,200,7616.707524
5684.426892,0.815,0.82,200,7621.282908
3096.25502,0.435,0.435,200,7625.654737
5624.412739,0.8,0.82,200,7630.123919
5705.936264,0.815,0.815,200,7634.592097
4674.848511,0.83,0.86,200,7639.226748
5690.59553,0.8,0.805,200,7643.881478
5672.088928,0.835,0.835,200,7650.674087
5770.067854,0.86,0.86,200,7655.333974
4607.284157,0.7,0.71,200,7659.932576
5759.140454,0.85,0.855,200,7664.471132
5701.480541,0.835,0.835,200,7669.004606
4684.166317,0.63,0.64,200,7673.628751
5652.397145,0.845,0.855,200,7678.156004
5772.143073,0.855,0.865,200,7682.745908
5259.438926,0.835,0.85,200,7687.433377
5782.079277,0.86,0.875,200,7692.162726
5777.318973,0.87,0.87,200,7699.194834
5591.033576,0.815,0.815,200,7703.971735
5725.899104,0.865,0.865,200,7708.691114
5766.468138,0.855,0.865,200,7713.105123
5745.224123,0.84,0.845,200,7717.71413
5761.005149,0.845,0.85,200,7722.346709
5712.288803,0.835,0.835,200,7726.830189
5761.276359,0.85,0.855,200,7731.426327
5725.745339,0.84,0.84,200,7736.005257
5618.654713,0.85,0.865,200,7740.60471
5777.803821,0.865,0.865,200,7747.610348
5681.682655,0.83,0.83,200,7752.135179
5644.950151,0.815,0.825,200,7756.743453
5488.872314,0.825,0.825,200,7761.294913
4392.96315,0.86,0.875,200,7765.858628
5656.030355,0.84,0.84,200,7770.389204
4512.722685,0.85,0.86,200,7774.985419
5413.828674,0.845,0.85,200,7779.613373
5514.35302,0.825,0.835,200,7784.191835
5753.663061,0.85,0.85,200,7788.772685
5668.721348,0.845,0.845,200,7795.471987
5771.689673,0.855,0.86,200,7800.21205
5466.780827,0.835,0.845,200,7804.803776
5680.048923,0.83,0.83,200,7809.398979
5691.3847,0.825,0.825,200,7813.973306
5754.312956,0.84,0.845,200,7818.573011
5730.093554,0.85,0.855,200,7823.212901
5741.153344,0.855,0.87,200,7827.798557
3613.267635,0.47,0.485,200,7832.495862
5739.138392,0.87,0.88,200,7837.105356
5574.988188,0.795,0.805,200,7844.018188
5680.915866,0.825,0.83,200,7848.667491
5633.40213,0.815,0.815,200,7853.308612
5564.615488,0.835,0.84,200,7857.992394
5688.342726,0.805,0.805,200,7862.537371
5717.269719,0.87,0.875,200,7867.170076
5733.411373,0.855,0.86,200,7871.889253
5653.860405,0.845,0.86,200,7876.579192
5644.942117,0.825,0.825,200,7881.263099
5416.312866,0.805,0.805,200,7885.872507
5661.084136,0.865,0.88,200,7892.676778
5762.027782,0.855,0.855,200,7897.209657
5629.073662,0.84,0.845,200,7901.910953
5753.151091,0.855,0.855,200,7906.540902
5654.947847,0.815,0.815,200,7911.340319
5684.869541,0.82,0.82,200,7916.047803
5667.859288,0.81,0.81,200,7920.669298
4474.699998,0.85,0.86,200,7925.341462
5742.46524,0.845,0.845,200,7929.979692
5393.59265,0.84,0.845,200,7934.591779
5752.869102,0.85,0.86,200,7941.221656
5772.631637,0.86,0.865,200,7945.909896
5738.533513,0.835,0.84,200,7950.638669
5724.651964,0.87,0.89,200,7955.166779
5685.272903,0.835,0.84,200,7959.651264
5770.285982,0.855,0.86,200,7964.260751
4598.868038,0.785,0.805,200,7968.96386
5755.795948,0.855,0.865,200,7973.59391
3951.164009,0.38,0.385,200,7978.094647
5746.373026,0.845,0.845,200,7982.722752
5704.497888,0.825,0.825,200,7989.441103
5574.653475,0.79,0.795,200,7993.95409
5716.738267,0.84,0.845,200,7998.579576
5526.032141,0.82,0.855,200,8003.173089
5649.835144,0.845,0.845,200,8008.010549
5483.050289,0.835,0.835,200,8012.692883
5728.35521,0.82,0.83,200,8017.201891
5661.535359,0.835,0.835,200,8021.71955
5701.439201,0.835,0.835,200,8026.366544
5685.564463,0.8,0.805,200,8030.972702
4126.903197,0.695,0.705,200,8037.898434
5138.833552,0.83,0.845,200,8042.559074
5629.660856,0.795,0.815,200,8047.2683
5658.520956,0.84,0.84,200,8051.984037
5693.531709,0.83,0.835,200,8056.696292
5730.0533,0.83,0.84,200,8061.409596
5764.192928,0.85,0.855,200,8066.03512
5685.960231,0.805,0.805,200,8070.539752
5605.027021,0.8,0.815,200,8075.10135
5568.224814,0.85,0.86,200,8079.657957
5764.535669,0.86,0.88,200,8086.462965
5642.956991,0.865,0.88,200,8091.135008
5742.122835,0.84,0.845,200,8095.734025
5715.128811,0.855,0.885,200,8100.350916
4339.630237,0.875,0.875,200,8105.098068
3480.891496,0.875,0.875,200,8109.746207
5764.169044,0.85,0.86,200,8114.314055
5739.613291,0.845,0.855,200,8118.87932
5774.163519,0.865,0.87,200,8123.531135
5361.167679,0.855,0.86,200,8128.172981
5715.492778,0.84,0.84,200,8134.927635
5684.227046,0.815,0.815,200,8139.636557
4343.129842,0.45,0.465,200,8144.348777
5482.565096,0.835,0.85,200,8148.885026
4464.462556,0.81,0.85,200,8153.592344
5685.115072,0.805,0.805,200,8158.122436
5684.734263,0.83,0.83,200,8162.875552
4539.743219,0.85,0.85,200,8167.501518
4409.976084,0.835,0.86,200,8172.050951
5689.209127,0.82,0.825,200,8176.734165
5771.246518,0.865,0.865,200,8183.575414
5760.998532,0.865,0.87,200,8188.34869
5174.235088,0.85,0.85,200,8192.949814
5683.318956,0.82,0.82,200,8197.626708
5653.655843,0.805,0.82,200,8202.393646
5753.580286,0.855,0.855,200,8207.184985
5613.120837,0.855,0.87,200,8211.770424
3602.783007,0.885,0.89,200,8216.552526
5152.074386,0.83,0.845,200,8221.353934
5623.209734,0.82,0.82,200,8225.974936
5528.172013,0.835,0.835,200,8232.904537
5595.277905,0.795,0.81,200,8237.718779
3707.887358,0.545,0.58,200,8242.406299
5676.814783,0.85,0.865,200,8247.065898
5707.537908,0.83,0.83,200,8251.791603
5729.823877,0.825,0.835,200,8256.507894
5626.456662,0.815,0.815,200,8261.134872
5733.418034,0.83,0.845,200,8265.793705
5628.091982,0.815,0.82,200,8270.562651
5749.043751,0.84,0.84,200,8275.248673
5750.9647,0.86,0.86,200,8282.195477
4872.404621,0.865,0.865,200,8286.892839
5139.785723,0.41,0.41,200,8291.784751
5752.62614,0.835,0.84,200,8296.615369
3000.336738,0.165,0.205,200,8301.233524
5696.642559,0.825,0.825,200,8305.995555
5683.992569,0.835,0.835,200,8310.645921
5686.237104,0.8,0.8,200,8315.420041
5551.065471,0.795,0.8,200,8320.139796
5692.4886,0.83,0.83,200,8324.752904
5269.026273,0.85,0.85,200,8331.422015
5762.112506,0.85,0.85,200,8335.904711
4799.391177,0.87,0.87,200,8340.421189
5669.66954,0.795,0.805,200,8345.042003
5724.251799,0.86,0.865,200,8349.652228
5665.810731,0.82,0.83,200,8354.347822
4842.487147,0.845,0.845,200,8358.903438
5656.037475,0.855,0.87,200,8363.509434
5385.112706,0.835,0.84,200,8368.24589
5688.685544,0.825,0.825,200,8372.91161
5671.812609,0.785,0.79,200,8379.770839
5747.503204,0.845,0.86,200,8384.466582
4336.9621,0.88,0.88,200,8389.161094
5753.264673,0.845,0.85,200,8393.735183
4805.144053,0.87,0.87,200,8398.253848
5684.32354,0.805,0.805,200,8402.862535
5696.780524,0.83,0.835,200,8407.565384
5760.13668,0.86,0.865,200,8412.19545
5754.817774,0.85,0.85,200,8416.862138
4454.742661,0.64,0.65,200,8421.638597
5680.146554,0.805,0.815,200,8428.569284
5685.089727,0.81,0.815,200,8433.14169
5706.415679,0.82,0.82,200,8437.832787
5581.660938,0.8,0.815,200,8442.469962
5230.423087,0.845,0.845,200,8447.111982
4750.139962,0.62,0.645,200,8451.760016
5721.066708,0.84,0.84,200,8456.308779
5734.879232,0.83,0.835,200,8460.978904
5562.895912,0.84,0.875,200,8465.656643
5300.502053,0.845,0.845,200,8470.27684
5758.708363,0.865,0.87,200,8477.346122
5659.949527,0.84,0.85,200,8482.104166
5037.778726,0.85,0.85,200,8486.835711
5747.918805,0.85,0.855,200,8491.420095
5673.037073,0.825,0.83,200,8496.062919
5650.506449,0.86,0.87,200,8500.758634
5742.102635,0.84,0.84,200,8505.419472
5750.432087,0.875,0.875,200,8510.056054
5697.879083,0.85,0.86,200,8514.803259
5696.725006,0.82,0.82,200,8519.56836
5484.206081,0.85,0.85,200,8526.296648
5645.798843,0.845,0.85,200,8531.000904
5750.007183,0.85,0.85,200,8535.671083
5759.090942,0.85,0.855,200,8540.226693
5305.316749,0.825,0.85,200,8544.880442
5759.754681,0.845,0.85,200,8549.562283
4921.975552,0.835,0.855,200,8554.180222
5696.859832,0.81,0.82,200,8558.847108
5708.858577,0.85,0.855,200,8563.564414
5686.787133,0.825,0.83,200,8568.128991
4821.762739,0.85,0.86,200,8575.058092
5757.332377,0.86,0.86,200,8579.690814
3856.888981,0.38,0.4,200,8584.170203
3460.869287,0.865,0.865,200,8588.762599
4622.029411,0.87,0.87,200,8593.401279
5619.291306,0.86,0.87,200,8598.013713
3907.851382,0.685,0.685,200,8602.676046
5589.862266,0.795,0.795,200,8607.305516
4982.446027,0.86,0.86,200,8612.037105
5732.329493,0.835,0.84,200,8616.748722
5674.844589,0.83,0.83,200,8623.612105
5749.097305,0.855,0.88,200,8628.194668
5763.948429,0.86,0.86,200,8632.863656
5748.221205,0.845,0.845,200,8637.551245
4392.698479,0.845,0.86,200,8642.183265
5765.088468,0.855,0.88,200,8646.907805
5750.11974,0.845,0.845,200,8651.529569
5653.282592,0.835,0.835,200,8656.102052
5699.885436,0.815,0.815,200,8660.913137
5499.498321,0.825,0.825,200,8665.54723
4154.412351,0.685,0.685,200,8672.544721
5764.155524,0.865,0.87,200,8677.155495
3656.733902,0.845,0.865,200,8681.752331
4880.983598,0.61,0.65,200,8686.384691
5742.989081,0.85,0.85,200,8691.051994
5666.867756,0.82,0.82,200,8695.616662
5321.149359,0.84,0.84,200,8700.167952
5664.043773,0.84,0.84,200,8704.847573
5646.109197,0.855,0.87,200,8709.438756
5607.181163,0.845,0.865,200,8714.022231
5660.703748,0.84,0.845,200,8721.000267
4402.610159,0.865,0.875,200,8725.761658
5689.03413,0.815,0.815,200,8730.488893
5780.610795,0.86,0.875,200,8735.081411
5751.328452,0.85,0.85,200,8739.811769
4527.897377,0.865,0.865,200,8744.380574
5491.950356,0.835,0.835,200,8748.985401
5545.046043,0.845,0.845,200,8753.586219
5703.480648,0.86,0.87,200,8758.275176
5624.700408,0.83,0.84,200,8762.908951
5669.318039,0.82,0.82,200,8769.741252
5710.458087,0.825,0.83,200,8774.471451
5674.302175,0.81,0.81,200,8779.182103
5662.482302,0.815,0.815,200,8783.866074
5744.792895,0.865,0.865,200,8788.585036
5727.3509,0.865,0.88,200,8793.257123
5692.69918,0.825,0.825,200,8798.128633
5706.193225,0.86,0.86,200,8802.831602
5662.966282,0.805,0.81,200,8807.497978
5623.342287,0.8,0.815,200,8812.309122
5689.01363,0.805,0.805,200,8819.094429
5752.775929,0.85,0.85,200,8823.793216
3755.266677,0.57,0.57,200,8828.448104
5692.09558,0.805,0.805,200,8833.264485
5664.918166,0.84,0.84,200,8837.986959
5677.879655,0.825,0.83,200,8842.627712
5641.907755,0.81,0.82,200,8847.303943
5689.353032,0.86,0.875,200,8851.884622
5408.956626,0.84,0.84,200,8856.39682
5652.440983,0.84,0.845,200,8860.996505
5555.556249,0.79,0.805,200,8867.945975
5772.311399,0.865,0.865,200,8872.747838
5695.567158,0.83,0.83,200,8877.464439
5753.365675,0.85,0.85,200,8881.931233
4766.918296,0.86,0.86,200,8886.478201
5634.276116,0.86,0.87,200,8891.088775
5604.186942,0.855,0.875,200,8895.667266
5631.529157,0.785,0.805,200,8900.347802
5759.567254,0.845,0.85,200,8904.873209
5767.085217,0.86,0.87,200,8909.390559
5708.443048,0.82,0.825,200,8916.180634
5646.277102,0.84,0.84,200,8920.847268
5635.193868,0.8,0.815,200,8925.44435
5758.352049,0.845,0.855,200,8930.165779
5684.251759,0.875,0.88,200,8934.871881
5433.491468,0.84,0.85,200,8939.53089
5683.043867,0.81,0.81,200,8944.176205
5641.275444,0.865,0.865,200,8948.657052
5667.180696,0.83,0.83,200,8953.344711
5705.913088,0.86,0.865,200,8957.76144
5631.894756,0.81,0.81,200,8964.729614
5692.329604,0.85,0.865,200,8969.406357
5645.952144,0.835,0.845,200,8974.058997
5679.002092,0.82,0.83,200,8978.551136
5614.885316,0.85,0.855,200,8982.929729
5733.481973,0.835,0.84,200,8987.407346
5756.44092,0.855,0.865,200,8991.824106
4703.103637,0.85,0.86,200,8996.25265
5441.841517,0.835,0.845,200,9000.659765
5682.715733,0.845,0.845,200,9005.144426
5133.259289,0.665,0.69,200,9011.701343
5655.325512,0.84,0.84,200,9016.413808
5705.356721,0.82,0.82,200,9020.738212
4707.209196,0.85,0.86,200,9025.206333
5540.151653,0.835,0.835,200,9029.528368
5657.222589,0.83,0.83,200,9033.969091
5711.643821,0.83,0.83,200,9038.672205
5753.400801,0.835,0.855,200,9043.363229
5704.399563,0.82,0.82,200,9047.872958
5763.047879,0.855,0.855,200,9052.419807
3154.181885,0.635,0.645,200,9059.101263
5138.686858,0.86,0.865,200,9063.828499
5734.000323,0.855,0.875,200,9068.422259
5556.866282,0.8,0.8,200,9072.977355
5647.386707,0.845,0.845,200,9077.655102
5286.053949,0.835,0.85,200,9082.289751
5698.501583,0.83,0.83,200,9086.991791
5107.956748,0.865,0.865,200,9091.691409
5640.473577,0.86,0.865,200,9096.311396
5542.141277,0.8,0.8,200,9100.912494
4784.29436,0.82,0.845,200,9107.755936
5323.153384,0.85,0.87,200,9112.492363
5707.624332,0.835,0.835,200,9117.226693
5472.854385,0.845,0.85,200,9121.837012
5682.020978,0.8,0.81,200,9126.46928
5721.334564,0.845,0.85,200,9131.124968
5758.822324,0.855,0.855,200,9135.749674
5749.126832,0.845,0.845,200,9140.300347
5603.597926,0.805,0.805,200,9144.940774
5779.821539,0.855,0.87,200,9149.545053
5166.166755,0.855,0.855,200,9156.327543
4433.94554,0.845,0.845,200,9160.771255
5765.690741,0.86,0.87,200,9165.188061
5786.380855,0.855,0.875,200,9169.748995
5670.198047,0.825,0.825,200,9174.333159
5659.123174,0.805,0.825,200,9178.879522
5261.782378,0.595,0.6,200,9183.566912
5773.756943,0.86,0.86,200,9188.144154
5761.555396,0.86,0.86,200,9192.89467
5756.953877,0.865,0.865,200,9197.560376
5672.164399,0.83,0.84,200,9204.319335
4748.469023,0.84,0.86,200,9208.925853
5756.135755,0.85,0.855,200,9213.579026
5759.285843,0.84,0.85,200,9218.340388
5098.372831,0.7,0.72,200,9222.934108
5160.826748,0.835,0.835,200,9227.515076
5703.82374,0.815,0.835,200,9232.127604
5697.331676,0.835,0.835,200,9236.599015
5671.68945,0.83,0.835,200,9241.207069
5300.021288,0.875,0.895,200,9245.790037
4735.932924,0.875,0.875,200,9252.507053
4888.483678,0.835,0.845,200,9257.159498
5765.509652,0.865,0.87,200,9261.744558
5132.98527,0.84,0.85,200,9266.323044
5662.724772,0.86,0.87,200,9270.778054
5658.910277,0.84,0.84,200,9275.333985
5693.618459,0.815,0.815,200,9279.927107
5695.364476,0.835,0.835,200,9284.664009
5104.858685,0.825,0.855,200,9289.202789
5247.478234,0.835,0.84,200,9293.711347
5695.676099,0.845,0.845,200,9300.499298
5565.455239,0.835,0.835,200,9305.143175
4972.694347,0.84,0.85,200,9309.737429
5002.174649,0.85,0.865,200,9314.462848
5619.038594,0.795,0.81,200,9318.96711
5729.277446,0.835,0.84,200,9323.393023
5613.602118,0.815,0.815,200,9327.914942
5658.633098,0.84,0.84,200,9332.540032
4496.028606,0.87,0.87,200,9337.152385
5638.748956,0.83,0.84,200,9341.753993
5719.092492,0.86,0.87,200,9348.740746
5661.064949,0.835,0.835,200,9353.46236
5671.446415,0.84,0.84,200,9358.145514
5698.002688,0.83,0.835,200,9362.584218
5742.675148,0.85,0.85,200,9367.076368
5775.188785,0.855,0.875,200,9371.725493
5254.219486,0.845,0.85,200,9376.425861
5748.14123,0.855,0.87,200,9381.148211
4732.857584,0.83,0.83,200,9385.817813
4431.954546,0.855,0.855,200,9390.515157
4142.351697,0.86,0.86,200,9397.447813
4511.59091,0.855,0.855,200,9402.16188
5605.743074,0.81,0.81,200,9406.786575
2230.14925,0.11,0.115,200,9411.504706
5715.481115,0.855,0.855,200,9416.159226
5695.737454,0.855,0.88,200,9420.65674
5647.884151,0.84,0.84,200,9425.331396
5691.314474,0.81,0.81,200,9429.794913
5731.663918,0.865,0.88,200,9434.338231
5748.483692,0.84,0.85,200,9439.041551
4130.206934,0.665,0.685,200,9445.577986
5687.390169,0.81,0.815,200,9450.250553
5657.476146,0.835,0.84,200,9455.004045
5763.533058,0.855,0.86,200,9459.669813
5758.316036,0.86,0.86,200,9464.437485
5704.094887,0.82,0.82,200,9469.109595
5403.906579,0.84,0.84,200,9473.727063
5684.449859,0.8,0.8,200,9478.480215
5587.666268,0.81,0.81,200,9483.252203
4497.848618,0.845,0.845,200,9488.077091
5733.619995,0.86,0.87,200,9494.994622
4439.414947,0.66,0.675,200,9499.771437
5538.617215,0.785,0.79,200,9504.623434
5689.91863,0.81,0.81,200,9509.429316
5613.317135,0.81,0.81,200,9514.117617
5765.63576,0.86,0.86,200,9518.784905
4895.941611,0.835,0.84,200,9523.341316
5429.028941,0.83,0.845,200,9527.966573
5721.388664,0.855,0.865,200,9532.695698
5767.728788,0.85,0.865,200,9537.516188
5747.698529,0.875,0.88,200,9544.597806
5697.483853,0.815,0.815,200,9549.172604
5161.372749,0.85,0.865,200,9553.891276
5659.960508,0.835,0.835,200,9558.652222
5748.23542,0.86,0.865,200,9563.239972
5718.326597,0.83,0.84,200,9567.82682
5658.675962,0.815,0.825,200,9572.478863
5782.949394,0.885,0.885,200,9576.981786
5669.748893,0.845,0.845,200,9581.520355
5706.24174,0.85,0.86,200,9586.247006
5641.639551,0.825,0.825,200,9593.159763
5762.615119,0.855,0.855,200,9597.841799
4809.950203,0.87,0.875,200,9602.517055
5025.96642,0.83,0.845,200,9607.1653
5660.35021,0.83,0.835,200,9611.878645
5673.738799,0.825,0.825,200,9616.453712
5588.137552,0.8,0.81,200,9621.028617
5722.74461,0.865,0.865,200,9625.579806
5747.38463,0.86,0.87,200,9630.146652
5694.227637,0.87,0.88,200,9634.750319
5668.171013,0.84,0.84,200,9641.424812
5708.914818,0.825,0.83,200,9645.874422
5619.407554,0.805,0.815,200,9650.316295
5685.788971,0.835,0.85,200,9654.985996
5569.580155,0.82,0.82,200,9659.683935
5725.155169,0.845,0.845,200,9664.27811
5045.316708,0.855,0.855,200,9668.873772
4257.332512,0.855,0.86,200,9673.50095
5678.078785,0.81,0.83,200,9678.182539
5627.902398,0.835,0.855,200,9682.959497
5662.863603,0.825,0.825,200,9689.997697
4984.166494,0.84,0.84,200,9694.481672
5766.325777,0.86,0.865,200,9698.95383
5765.77626,0.85,0.86,200,9703.420065
4793.690896,0.84,0.84,200,9708.125656
4949.857815,0.83,0.845,200,9712.779469
4976.574966,0.63,0.67,200,9717.573826
5684.021141,0.805,0.805,200,9722.302548
5667.667386,0.84,0.84,200,9726.976072
5638.331604,0.82,0.82,200,9731.670075
4741.334406,0.66,0.665,200,9738.443647
5237.618049,0.835,0.835,200,9743.038164
5707.551821,0.855,0.87,200,9747.550031
5680.921842,0.825,0.83,200,9752.061704
5764.657585,0.85,0.86,200,9756.503828
5758.255386,0.855,0.855,200,9761.033978
5670.99315,0.815,0.82,200,9765.569399
4420.123683,0.865,0.865,200,9770.276738
5704.50197,0.84,0.84,200,9774.693135
5773.346689,0.855,0.875,200,9779.214396
5653.633898,0.83,0.83,200,9785.949843
5702.649907,0.815,0.815,200,9790.557684
5069.947976,0.725,0.725,200,9794.904497
5694.50616,0.83,0.83,200,9799.189304
5746.240572,0.84,0.84,200,9803.509659
4680.193402,0.64,0.66,200,9807.961661
5624.10449,0.855,0.885,200,9812.318939
5757.174536,0.845,0.855,200,9816.819411
5519.650132,0.855,0.865,200,9821.416383
5690.323201,0.825,0.825,200,9825.963329
5766.259847,0.855,0.855,200,9832.759842
5679.700541,0.83,0.83,200,9837.065989
5781.938166,0.865,0.875,200,9841.601484
5723.192414,0.85,0.865,200,9845.877872
5786.963992,0.87,0.875,200,9850.221507
5612.160274,0.82,0.82,200,9854.729447
5600.919841,0.82,0.82,200,9859.274569
4858.146986,0.84,0.85,200,9863.959678
5048.216609,0.85,0.85,200,9868.408473
5625.737967,0.83,0.83,200,9873.023155
5151.649468,0.84,0.84,200,9879.883948
2121.876636,0.595,0.595,200,9884.417023
5564.914693,0.795,0.795,200,9889.139965
5684.582273,0.81,0.81,200,9893.591645
5750.787253,0.84,0.845,200,9898.027981
5689.492123,0.83,0.83,200,9902.593905
5766.839329,0.865,0.875,200,9907.016014
5615.941394,0.845,0.865,200,9911.687913
5736.938601,0.85,0.85,200,9916.204153
3945.036329,0.46,0.46,200,9920.691334
4820.295316,0.515,0.535,200,9927.30984
5767.655265,0.86,0.87,200,9931.754534
5701.618578,0.815,0.82,200,9936.152686
4799.176438,0.845,0.86,200,9940.611534
5746.973718,0.85,0.85,200,9945.023728
4921.674246,0.45,0.455,200,9949.483156
5748.849475,0.86,0.865,200,9954.102166
5715.796934,0.87,0.87,200,9958.490987
5780.405266,0.87,0.87,200,9963.114752
5688.635997,0.805,0.805,200,9967.568462
5659.602541,0.825,0.825,200,9974.323419
5561.224184,0.845,0.85,200,9978.791866
4755.374675,0.665,0.68,200,9983.189172
5662.594416,0.84,0.86,200,9987.479335
5693.053841,0.81,0.815,200,9991.816369
5430.063709,0.825,0.825,200,9996.207016
5765.40247,0.85,0.87,200,10000.721518
5314.171679,0.85,0.87,200,10005.180778
4472.559479,0.855,0.855,200,10009.55338
5040.202028,0.835,0.835,200,10014.010489
5755.161998,0.85,0.86,200,10020.685832
5711.435448,0.835,0.835,200,10025.21581
5193.64483,0.84,0.845,200,10029.745704
5727.481655,0.845,0.855,200,10034.275041
5697.27164,0.805,0.805,200,10038.810908
5761.115356,0.86,0.865,200,10043.413073
5695.444769,0.83,0.835,200,10048.018481
5768.989735,0.85,0.86,200,10052.717455
5777.629742,0.865,0.87,200,10057.276998
5774.681521,0.86,0.865,200,10061.864186
5702.977693,0.83,0.83,200,10068.82713
3746.675254,0.88,0.88,200,10073.377585
4830.904246,0.855,0.86,200,10078.12776
5763.502441,0.85,0.855,200,10082.849966
5725.313291,0.83,0.83,200,10087.344216
5775.422069,0.86,0.875,200,10091.892582
5759.828542,0.845,0.845,200,10096.451031
5714.18254,0.86,0.86,200,10101.001152
5747.326278,0.86,0.875,200,10105.571418
5679.258616,0.795,0.795,200,10110.264938
5764.085727,0.865,0.87,200,10117.042046
5402.802913,0.845,0.845,200,10121.638138
5773.938009,0.85,0.865,200,10126.125402
5682.943459,0.83,0.83,200,10130.797736
5207.735802,0.83,0.845,200,10135.395045
5711.883145,0.83,0.84,200,10140.02002
5644.4335,0.84,0.84,200,10144.439199
4454.800503,0.86,0.86,200,10149.100147
5722.574754,0.82,0.835,200,10153.819546
5763.68374,0.88,0.885,200,10158.468596
5686.797629,0.81,0.81,200,10165.292756
5758.282029,0.845,0.855,200,10169.947543
5694.037479,0.81,0.82,200,10174.706642
4150.089699,0.845,0.865,200,10179.363909
5770.818042,0.855,0.86,200,10183.956528
4725.181228,0.845,0.845,200,10188.611154
5742.662053,0.83,0.84,200,10193.310206
5492.318589,0.825,0.83,200,10197.80367
5638.789389,0.845,0.845,200,10202.426135
5761.501544,0.855,0.855,200,10207.034844
5781.075885,0.865,0.87,200,10213.843227
5771.602911,0.875,0.88,200,10218.489349
5081.309721,0.845,0.85,200,10223.104893
5719.659082,0.83,0.835,200,10227.689342
5695.831731,0.84,0.84,200,10232.284969
5651.253489,0.835,0.84,200,10236.945857
5754.799131,0.855,0.86,200,10241.465307
5761.812467,0.845,0.855,200,10246.281116
5638.696645,0.845,0.85,200,10250.836467
5761.333145,0.85,0.855,200,10255.343993
5768.589843,0.855,0.855,200,10261.989476
4775.059459,0.845,0.86,200,10266.548514
5745.698849,0.815,0.84,200,10271.166097
5692.664532,0.815,0.815,200,10275.810868
5591.864632,0.79,0.8,200,10280.368895
5656.410264,0.8,0.8,200,10284.949738
4782.831864,0.865,0.865,200,10289.559698
5587.153338,0.795,0.795,200,10294.267599
5757.329036,0.86,0.86,200,10298.886371
4304.11742,0.64,0.64,200,10303.41453
5532.816838,0.84,0.84,200,10309.995411
5768.323853,0.85,0.86,200,10314.451776
4507.544903,0.87,0.87,200,10319.092943
5725.747778,0.825,0.835,200,10323.802263
5746.936292,0.83,0.845,200,10328.473828
5755.180802,0.85,0.855,200,10333.239354
5751.707501,0.84,0.85,200,10337.796185
5775.710084,0.87,0.875,200,10342.406604
5738.363054,0.835,0.84,200,10347.182324
5706.58633,0.825,0.835,200,10351.875916
5665.901054,0.835,0.835,200,10358.629806
5740.433504,0.845,0.845,200,10363.218292
5576.042003,0.835,0.845,200,10367.892217
5750.943274,0.865,0.865,200,10372.450033
5780.415576,0.85,0.865,200,10376.890736
5659.053154,0.845,0.845,200,10381.599421
5604.626377,0.8,0.805,200,10386.293284
5680.578274,0.825,0.825,200,10390.902206
5757.451319,0.85,0.865,200,10395.486251
5719.816634,0.85,0.87,200,10400.090971
5280.861527,0.83,0.835,200,10406.903905
5657.917719,0.87,0.885,200,10411.475185
5788.027611,0.865,0.875,200,10416.114798
5740.173569,0.83,0.83,200,10420.712494
5693.200933,0.845,0.86,200,10425.432304
5690.830838,0.865,0.87,200,10430.143106
5646.195905,0.815,0.815,200,10434.759158
5757.108885,0.865,0.88,200,10439.389479
5668.67195,0.835,0.835,200,10444.142776
4899.723721,0.825,0.855,200,10448.801193
5515.1283,0.855,0.855,200,10455.618535
5231.201675,0.84,0.85,200,10460.161943
4159.074517,0.78,0.795,200,10464.843943
5670.058997,0.875,0.875,200,10469.241393
4465.272739,0.87,0.87,200,10473.816347
5080.366914,0.845,0.85,200,10478.247097
5663.170744,0.785,0.795,200,10482.735018
5520.227748,0.845,0.86,200,10487.123647
5732.290295,0.87,0.885,200,10491.650099
5541.94624,0.785,0.79,200,10496.338979
5730.288624,0.86,0.875,200,10503.160546
5684.417147,0.845,0.86,200,10507.835673
5761.604309,0.85,0.855,200,10512.301775
4884.888489,0.83,0.85,200,10516.818233
5690.816296,0.85,0.86,200,10521.492366
4798.493982,0.855,0.855,200,10526.009174
5694.042771,0.82,0.82,200,10530.800602
5764.264521,0.855,0.855,200,10535.434524
5691.971916,0.825,0.825,200,10540.196366
5674.935206,0.84,0.84,200,10544.748695
5536.147097,0.855,0.875,200,10551.710694
5756.173515,0.85,0.85,200,10556.233672
5745.103414,0.855,0.865,200,10560.838295
5761.451539,0.84,0.865,200,10565.45489
4641.902418,0.84,0.855,200,10570.222635
5758.576684,0.845,0.855,200,10574.941622
5695.051718,0.81,0.81,200,10579.545508
5678.876216,0.835,0.835,200,10584.268481
4623.122019,0.87,0.87,200,10588.922442
5705.492445,0.86,0.87,200,10593.621477
4864.403921,0.855,0.855,200,10600.526741
5695.93131,0.84,0.84,200,10605.138258
5663.442648,0.82,0.82,200,10609.792806
5756.546722,0.84,0.84,200,10614.452048
5689.016852,0.825,0.825,200,10619.149229
5446.79578,0.85,0.85,200,10623.847251
5784.914925,0.86,0.87,200,10628.429431
5721.612298,0.84,0.84,200,10633.165454
5662.777649,0.865,0.885,200,10637.860633
5687.472712,0.805,0.805,200,10642.578989
5719.569259,0.87,0.87,200,10649.537671
4672.265771,0.865,0.87,200,10654.284161
5677.964777,0.825,0.825,200,10658.921699
5056.804997,0.855,0.855,200,10663.62803
5772.867495,0.85,0.855,200,10668.171856
4416.772809,0.7,0.7,200,10672.845966
5661.67306,0.81,0.81,200,10677.662021
5771.711359,0.87,0.88,200,10682.179321
5688.354526,0.805,0.815,200,10686.757623
5663.62586,0.84,0.84,200,10691.480145
5756.524754,0.835,0.845,200,10698.472857
4817.981041,0.87,0.87,200,10703.257449
4872.898572,0.84,0.855,200,10707.969834
5592.411715,0.845,0.87,200,10712.668782
5652.277611,0.83,0.83,200,10717.361847
4138.50789,0.415,0.435,200,10722.007036
5628.948019,0.81,0.815,200,10726.652421
5680.176366,0.81,0.81,200,10731.349537
5698.613402,0.815,0.815,200,10736.08335
5705.146093,0.83,0.83,200,10740.763337
5658.075845,0.845,0.845,200,10747.874574
5678.224059,0.795,0.795,200,10752.631936
5748.44717,0.87,0.875,200,10757.310765
5180.672646,0.835,0.855,200,10762.032819
5760.143719,0.855,0.855,200,10766.763933
5685.525425,0.83,0.83,200,10771.479439
5711.54029,0.835,0.835,200,10776.108388
4011.254894,0.525,0.55,200,10780.740417
5698.055695,0.825,0.835,200,10785.536877
5663.018016,0.84,0.84,200,10790.176296
5637.542828,0.85,0.85,200,10796.919487
5769.960129,0.855,0.855,200,10801.629014
4827.273672,0.865,0.865,200,10806.367188
5027.496312,0.87,0.87,200,10811.082451
5739.141849,0.82,0.835,200,10815.729979
5696.401737,0.81,0.81,200,10820.40333
5627.718204,0.815,0.815,200,10825.17212
5365.323827,0.825,0.845,200,10829.857111
5726.806587,0.83,0.83,200,10834.522953
5657.942851,0.825,0.83,200,10839.21754
5687.609059,0.815,0.815,200,10846.269794
5084.523263,0.845,0.855,200,10850.921721
5768.014991,0.86,0.86,200,10855.561983
5754.313814,0.835,0.845,200,10860.141801
5766.071672,0.865,0.88,200,10864.78157
5659.973749,0.835,0.835,200,10869.634611
5675.194817,0.825,0.825,200,10874.295583
5765.332733,0.85,0.87,200,10878.916922
5759.523558,0.84,0.845,200,10883.600325
5675.355666,0.82,0.82,200,10888.369991
5715.151628,0.85,0.86,200,10895.43185
5694.883665,0.855,0.86,200,10900.18003
5677.575044,0.835,0.845,200,10904.987193
5685.843298,0.84,0.845,200,10909.686337
5585.471245,0.79,0.8,200,10914.307427
5798.883936,0.875,0.88,200,10919.095742
5690.485225,0.82,0.82,200,10923.928295
5677.080125,0.795,0.795,200,10928.572518
5685.386182,0.86,0.87,200,10933.25322
5582.384888,0.85,0.85,200,10937.883276
5752.378455,0.855,0.865,200,10944.646665
5638.194772,0.835,0.865,200,10949.299119
5698.900882,0.815,0.815,200,10953.928712
5735.953894,0.85,0.87,200,10958.558059
5675.394123,0.805,0.805,200,10963.015188
5581.988023,0.775,0.805,200,10967.6335
5657.047868,0.835,0.84,200,10972.164221
5751.787916,0.845,0.845,200,10976.79172
5731.935116,0.855,0.865,200,10981.374321
4763.421486,0.865,0.865,200,10986.056535
4847.755459,0.845,0.865,200,10992.836404
5683.230622,0.82,0.82,200,10997.45237
5400.321919,0.815,0.815,200,11002.068351
5701.764588,0.83,0.835,200,11006.796224
5702.346816,0.81,0.81,200,11011.467686
5681.349327,0.8,0.805,200,11016.038894
5675.873037,0.835,0.835,200,11020.565054
5317.122291,0.845,0.855,200,11025.156384
5673.286888,0.825,0.84,200,11029.880519
5639.144631,0.845,0.85,200,11034.366664
5437.337684,0.84,0.85,200,11041.231131
5593.844276,0.8,0.805,200,11045.803336
5030.999289,0.75,0.765,200,11050.551734
5718.341362,0.86,0.885,200,11055.297483
5654.154516,0.815,0.825,200,11060.175592
2825.189073,0.87,0.88,200,11064.924087
5760.116154,0.845,0.85,200,11069.60421
5678.682025,0.835,0.835,200,11074.277357
4997.388523,0.83,0.85,200,11079.046591
5678.608565,0.825,0.83,200,11083.670111
5693.718869,0.815,0.815,200,11090.361527
5769.927104,0.875,0.875,200,11094.964326
4716.408778,0.83,0.855,200,11099.522417
4932.318038,0.845,0.865,200,11104.24421
4718.923302,0.845,0.855,200,11109.001365
5698.175753,0.82,0.82,200,11113.635213
5696.743965,0.82,0.82,200,11118.396662
5716.584674,0.82,0.835,200,11123.09648
5737.490149,0.83,0.835,200,11127.781024
4825.744768,0.86,0.87,200,11132.560547
5637.252356,0.82,0.82,200,11139.580419
5674.450607,0.845,0.855,200,11144.248613
5679.583837,0.82,0.825,200,11148.843216
5729.701306,0.875,0.875,200,11153.572311
5232.423808,0.835,0.835,200,11158.320434
5630.488476,0.805,0.81,200,11163.112875
5739.611171,0.84,0.84,200,11167.737968
4745.366489,0.87,0.87,200,11172.345303
5725.020929,0.86,0.875,200,11176.972263
5766.122247,0.855,0.855,200,11181.549448
5770.00345,0.865,0.865,200,11188.286277
5761.030571,0.87,0.87,200,11192.99586
5688.12653,0.815,0.815,200,11197.502551
5755.741742,0.83,0.845,200,11202.266895
5654.447292,0.84,0.84,200,11206.890972
5668.391541,0.84,0.845,200,11211.437124
4313.971643,0.655,0.685,200,11215.875803
5783.376123,0.875,0.875,200,11220.553284
5628.481158,0.825,0.835,200,11225.154074
5733.470918,0.845,0.845,200,11229.782322
5429.116528,0.845,0.845,200,11236.531768
5761.979812,0.85,0.855,200,11241.073928
5760.004409,0.85,0.85,200,11245.661403
5117.086113,0.85,0.85,200,11250.173199
5685.937242,0.83,0.83,200,11254.582119
5624.974565,0.83,0.83,200,11259.082532
5190.589057,0.815,0.845,200,11263.610399
5150.216687,0.85,0.85,200,11268.165541
5758.131885,0.855,0.86,200,11272.659819
5665.558586,0.815,0.825,200,11277.351074
5700.666979,0.83,0.83,200,11283.984483
4934.965689,0.875,0.875,200,11288.383165
5699.255582,0.81,0.82,200,11292.919136
4084.983619,0.42,0.425,200,11297.478611
5745.690469,0.865,0.875,200,11302.158479
5708.925288,0.82,0.825,200,11306.685333
5686.104842,0.84,0.84,200,11311.122613
5649.931562,0.825,0.83,200,11315.730076
5668.693026,0.82,0.82,200,11320.331986
5668.764948,0.83,0.84,200,11325.001445
5679.066594,0.81,0.815,200,11331.876591
5655.275029,0.815,0.815,200,11336.645999
5518.514844,0.85,0.85,200,11341.347174
5756.076501,0.85,0.86,200,11345.909438
5557.161465,0.795,0.795,200,11350.597226
5758.39428,0.85,0.85,200,11355.174073
5693.626075,0.82,0.82,200,11359.824482
4726.693199,0.495,0.525,200,11364.525257
5662.695033,0.85,0.85,200,11369.11786
5756.536998,0.86,0.86,200,11373.75701
5762.668966,0.85,0.85,200,11380.887998
5615.245373,0.84,0.85,200,11385.571216
5704.63706,0.825,0.83,200,11390.042516
5363.342997,0.845,0.845,200,11394.628027
5720.367257,0.87,0.87,200,11399.340525
5689.23538,0.825,0.83,200,11404.114532
5680.377343,0.82,0.83,200,11408.726516
5756.692035,0.84,0.85,200,11413.520578
5643.117963,0.85,0.85,200,11418.272428
5739.715136,0.85,0.85,200,11422.968957
5260.992719,0.84,0.845,200,11429.727793
5687.336479,0.84,0.845,200,11434.375988
2688.968523,0.1,0.14,200,11439.088663
5717.259983,0.86,0.86,200,11443.758824
5764.318616,0.855,0.86,200,11448.412682
5684.935626,0.83,0.835,200,11452.968044
5305.45958,0.83,0.85,200,11457.342008
4950.45617,0.845,0.86,200,11461.819844
5347.138073,0.855,0.855,200,11466.335071
5688.230599,0.84,0.84,200,11470.77157
5639.073391,0.825,0.825,200,11477.532083
5685.415427,0.825,0.83,200,11482.117893
5777.902799,0.865,0.865,200,11486.765818
5602.765343,0.795,0.815,200,11491.423512
5698.01907,0.825,0.83,200,11496.195806
5713.972311,0.85,0.87,200,11500.897176
5770.167768,0.86,0.87,200,11505.475952
5610.702026,0.86,0.885,200,11510.042105
5691.211716,0.815,0.835,200,11514.786609
5633.85269,0.815,0.825,200,11519.519349
5759.702563,0.84,0.85,200,11526.509097
5736.802658,0.86,0.865,200,11531.107568
5690.336968,0.805,0.805,200,11535.762036
5679.872384,0.805,0.805,200,11540.386971
5726.077413,0.85,0.855,200,11544.914962
5765.560651,0.855,0.865,200,11549.668403
5679.278242,0.87,0.875,200,11554.306063
4746.056376,0.84,0.875,200,11558.915272
5079.608941,0.85,0.85,200,11563.597281
5269.833124,0.85,0.85,200,11568.393531
5658.224443,0.845,0.855,200,11575.425981
5751.781239,0.845,0.85,200,11580.063291
5761.095836,0.84,0.86,200,11584.740083
5762.997766,0.845,0.85,200,11589.395376
5690.351518,0.805,0.805,200,11594.100092
5652.906711,0.835,0.835,200,11598.808233
5659.634119,0.8,0.8,200,11603.637358
5761.832387,0.845,0.85,200,11608.289814
4004.281289,0.46,0.545,200,11612.999117
5759.332819,0.845,0.85,200,11617.64782
5618.33792,0.855,0.87,200,11624.395653
5721.383866,0.82,0.835,200,11629.142254
5731.482794,0.85,0.865,200,11633.773048
5653.564261,0.825,0.825,200,11638.346801
5691.706297,0.83,0.83,200,11642.947409
4091.527758,0.495,0.495,200,11647.495604
5680.214397,0.8,0.815,200,11652.159292
5671.741847,0.83,0.835,200,11656.831039
5647.374241,0.825,0.835,200,11661.524383
4614.8568,0.86,0.865,200,11666.261778
3679.046221,0.87,0.87,200,11673.030958
5719.338031,0.865,0.87,200,11677.70268
5712.74886,0.835,0.84,200,11682.337371
5749.040073,0.865,0.865,200,11686.934648
5773.107337,0.85,0.86,200,11691.552934
5709.350647,0.815,0.825,200,11696.183452
5655.222317,0.805,0.815,200,11700.924016
5760.254433,0.845,0.845,200,11705.656809
5689.669485,0.825,0.83,200,11710.290095
5746.080066,0.84,0.84,200,11715.005519
5739.13916,0.835,0.845,200,11721.995503
5767.897431,0.875,0.875,200,11726.534045
5701.626294,0.855,0.865,200,11731.088182
5775.684085,0.855,0.86,200,11735.701836
5062.037943,0.845,0.855,200,11740.432846
5739.512223,0.83,0.85,200,11745.021277
5758.914128,0.85,0.85,200,11749.728945
5755.888407,0.845,0.845,200,11754.583745
5675.523937,0.82,0.82,200,11759.238128
5636.402229,0.805,0.82,200,11764.088261
5667.669832,0.81,0.81,200,11771.012617
5755.954616,0.85,0.85,200,11775.899772
4338.781036,0.86,0.86,200,11780.63008
5620.384271,0.82,0.82,200,11785.346791
4865.416751,0.835,0.855,200,11790.125708
5557.451759,0.845,0.855,200,11794.938515
5404.407859,0.84,0.845,200,11799.669219
5677.254321,0.815,0.815,200,11804.384099
5578.207,0.825,0.845,200,11809.140725
5720.942021,0.855,0.855,200,11813.989749
5726.42693,0.84,0.84,200,11820.97409
5688.797712,0.825,0.835,200,11825.658164
5686.987598,0.825,0.825,200,11830.445826
5669.533509,0.86,0.865,200,11835.180054
5684.026438,0.815,0.825,200,11840.0094
5657.548241,0.825,0.825,200,11844.852631
5754.543874,0.855,0.865,200,11849.532266
5612.035732,0.83,0.835,200,11854.305558
5756.550648,0.85,0.855,200,11858.984944
5165.614197,0.555,0.555,200,11863.827518
5718.706108,0.84,0.84,200,11870.91668
5652.957487,0.855,0.865,200,11875.624964
5663.989207,0.815,0.82,200,11880.22257
5770.588783,0.86,0.865,200,11884.949023
4258.282806,0.87,0.87,200,11889.717635
5554.301143,0.835,0.84,200,11894.481691
5596.818266,0.84,0.84,200,11899.371072
5684.095915,0.855,0.87,200,11904.039113
5693.408467,0.82,0.82,200,11908.908982
5762.392079,0.865,0.87,200,11913.723422
5778.038647,0.865,0.865,200,11920.712014
5753.736703,0.845,0.845,200,11925.385093
5781.348664,0.865,0.875,200,11930.206309
5740.598357,0.84,0.84,200,11935.103015
5693.437016,0.815,0.815,200,11939.889931
5377.994703,0.855,0.855,200,11944.688401
5758.902758,0.845,0.85,200,11949.409262
5700.129261,0.83,0.83,200,11954.117064
5647.368296,0.845,0.845,200,11958.994561
5762.070558,0.855,0.855,200,11963.672068
5713.597334,0.825,0.83,200,11970.600549
4371.570885,0.86,0.87,200,11975.322963
5767.325698,0.86,0.87,200,11980.012584
5652.987506,0.84,0.84,200,11984.861866
5669.832894,0.83,0.83,200,11989.638828
5642.426268,0.865,0.875,200,11994.275584
4569.816453,0.595,0.615,200,11998.982173
5569.786999,0.785,0.785,200,12003.760432
5741.094063,0.865,0.87,200,12008.402173
5773.214935,0.87,0.87,200,12012.957886
5423.087428,0.84,0.86,200,12019.873468
5641.787396,0.83,0.83,200,12024.340152
5697.23656,0.82,0.83,200,12028.997906
5680.323758,0.84,0.845,200,12033.65002
5755.182679,0.845,0.86,200,12038.228888
5712.676144,0.86,0.875,200,12042.894826
5763.119428,0.85,0.85,200,12047.598654
5760.071285,0.845,0.845,200,12052.30075
5764.454861,0.85,0.86,200,12056.927638
4652.881468,0.84,0.85,200,12061.541204
5671.057049,0.82,0.825,200,12068.473125
5770.112594,0.855,0.855,200,12073.058807
5704.963566,0.81,0.82,200,12077.75146
5773.81421,0.86,0.865,200,12082.270264
5763.670174,0.855,0.86,200,12086.81673
5689.255003,0.86,0.86,200,12091.263714
5672.714491,0.825,0.83,200,12095.823225
5691.269663,0.805,0.805,200,12100.131287
5107.14691,0.85,0.85,200,12104.627621
5765.104657,0.87,0.875,200,12109.184962
5753.344798,0.85,0.85,200,12115.864847
5774.085851,0.86,0.86,200,12120.319356
5764.861542,0.865,0.865,200,12124.878754
5584.463669,0.85,0.855,200,12129.457695
5779.520494,0.86,0.86,200,12134.015858
5733.186392,0.85,0.865,200,12138.601825
5665.944683,0.85,0.855,200,12143.064469
5701.389698,0.82,0.825,200,12147.616736
5732.402547,0.835,0.85,200,12152.301567
5664.141967,0.825,0.88,200,12156.7681
5296.965874,0.83,0.845,200,12163.465903
5087.008425,0.85,0.865,200,12168.088026
5729.786312,0.835,0.85,200,12172.879635
5782.910873,0.85,0.87,200,12177.379843
5712.235857,0.815,0.82,200,12181.899237
4263.329376,0.665,0.7,200,12186.487055
5524.531784,0.845,0.87,200,12191.157947
5697.408863,0.815,0.82,200,12195.679979
5727.315146,0.87,0.88,200,12200.281756
4910.811961,0.84,0.845,200,12205.049141
5571.621816,0.795,0.795,200,12212.134529
5690.442282,0.83,0.83,200,12216.751977
4846.091298,0.855,0.855,200,12221.255094
5463.011672,0.855,0.875,200,12225.76368
5769.345457,0.865,0.865,200,12230.310343
5769.115393,0.855,0.86,200,12234.703732
5679.465048,0.835,0.835,200,12239.262824
5754.869661,0.84,0.85,200,12243.821435
5761.174769,0.845,0.855,200,12248.454153
5704.254396,0.815,0.825,200,12253.114158
5618.393591,0.8,0.8,200,12259.95929
5565.183336,0.85,0.855,200,12264.590966
5130.751862,0.845,0.845,200,12269.272226
5745.786167,0.86,0.86,200,12273.818264
5719.052125,0.855,0.865,200,12278.364076
5661.020644,0.835,0.84,200,12282.798624
5618.230254,0.83,0.85,200,12287.51806
5670.683137,0.845,0.845,200,12292.240048
5585.468311,0.86,0.875,200,12296.924259
3178.000287,0.34,0.365,200,12301.479233
5747.112558,0.835,0.84,200,12308.172808
5721.21776,0.825,0.835,200,12312.803027
5679.97873,0.82,0.825,200,12317.380477
4890.991357,0.875,0.875,200,12322.041942
5696.662642,0.81,0.81,200,12326.804628
5773.685776,0.87,0.87,200,12331.359004
5738.703879,0.83,0.85,200,12336.036785
5688.96,0.835,0.86,200,12340.746782
5454.33157,0.87,0.875,200,12345.512513
5735.398739,0.835,0.84,200,12350.139143
5665.089691,0.815,0.815,200,12357.012311
5649.433031,0.85,0.855,200,12361.81062
5696.360742,0.845,0.85,200,12366.566593
4449.888693,0.885,0.885,200,12371.133243
5608.550662,0.86,0.865,200,12375.679854
5684.933969,0.86,0.86,200,12380.075448
5731.069146,0.845,0.845,200,12384.595858
5660.100459,0.82,0.83,200,12389.269703
5706.570184,0.88,0.88,200,12393.952094
5667.231114,0.82,0.82,200,12398.549358
5771.152584,0.865,0.87,200,12405.331458
5746.686791,0.84,0.845,200,12409.864955
5703.568519,0.85,0.85,200,12414.580281
4521.16497,0.32,0.355,200,12419.118814
5791.106733,0.865,0.88,200,12423.719895
5263.601224,0.85,0.85,200,12428.206192
4729.24392,0.845,0.845,200,12432.855185
5743.063891,0.84,0.85,200,12437.546022
4394.838387,0.88,0.88,200,12442.14149
5653.540169,0.825,0.85,200,12446.782294
5455.726742,0.845,0.87,200,12453.6592
5741.258755,0.88,0.88,200,12458.173647
5701.312661,0.815,0.815,200,12462.748822
5709.096812,0.835,0.835,200,12467.262677
5788.584486,0.855,0.865,200,12471.906461
5780.923685,0.865,0.875,200,12476.540329
5702.811317,0.835,0.84,200,12481.133627
5584.13474,0.84,0.85,200,12485.753222
5677.847482,0.795,0.8,200,12490.348958
5641.42243,0.795,0.81,200,12495.094859
5768.431076,0.845,0.86,200,12501.762194
5644.564005,0.845,0.845,200,12506.34106
5624.149488,0.81,0.81,200,12511.005396
5368.645173,0.875,0.885,200,12515.666515
5701.879862,0.86,0.86,200,12520.3958
5693.26542,0.825,0.825,200,12525.070901
5517.645632,0.835,0.86,200,12529.687434
5534.663037,0.77,0.78,200,12534.299601
5683.609002,0.83,0.835,200,12538.834674
5549.556984,0.84,0.84,200,12543.49944
5665.152781,0.84,0.84,200,12550.255911
5410.066341,0.81,0.81,200,12554.864279
3293.810244,0.88,0.885,200,12559.3947
5693.934251,0.82,0.82,200,12564.040821
5773.935627,0.86,0.87,200,12568.556652
5631.804409,0.805,0.815,200,12573.148533
5696.499958,0.835,0.835,200,12577.808807
5788.100944,0.86,0.865,200,12582.505228
5777.375706,0.855,0.875,200,12587.209605
5748.730207,0.835,0.845,200,12591.784342
5758.354723,0.845,0.855,200,12598.618352
4354.613786,0.875,0.88,200,12603.146066
5213.782051,0.835,0.855,200,12607.72013
5627.923774,0.83,0.865,200,12612.22385
5767.118125,0.855,0.865,200,12616.735184
5783.543529,0.865,0.875,200,12621.119884
5486.277698,0.84,0.86,200,12625.64826
5766.115762,0.87,0.88,200,12629.972748
5560.027658,0.78,0.795,200,12634.433782
5725.670603,0.85,0.865,200,12638.982449
5695.862132,0.835,0.835,200,12645.671722
5696.935675,0.825,0.825,200,12649.929017
5648.501736,0.82,0.82,200,12654.40905
5622.189253,0.8,0.81,200,12659.09086
5763.272211,0.865,0.87,200,12663.642889
5777.288937,0.855,0.86,200,12668.211185
5677.359173,0.82,0.825,200,12672.860597
5763.443132,0.845,0.85,200,12677.45194
5668.209306,0.84,0.845,200,12682.249883
5716.962629,0.83,0.835,200,12686.915434
4375.434231,0.665,0.675,200,12693.7652
5736.248982,0.825,0.83,200,12698.413447
5665.48583,0.825,0.83,200,12703.009847
3954.847455,0.87,0.875,200,12707.546478
5773.447791,0.865,0.87,200,12711.906942
5116.549801,0.84,0.845,200,12716.531726
5653.748966,0.84,0.845,200,12720.94914
5757.294015,0.86,0.865,200,12725.593179
5727.303582,0.845,0.855,200,12730.320584
5592.165511,0.8,0.805,200,12734.93759
5760.457751,0.87,0.875,200,12741.854456
5725.915071,0.845,0.845,200,12746.510227
5690.140609,0.83,0.84,200,12750.941887
4683.295745,0.875,0.875,200,12755.451446
5776.989791,0.85,0.86,200,12760.09342
5700.109937,0.84,0.84,200,12764.664726
5739.323685,0.835,0.845,200,12769.325384
5687.765932,0.81,0.82,200,12773.897452
4258.168799,0.51,0.535,200,12778.379282
5745.904654,0.85,0.855,200,12782.873196
5659.813971,0.85,0.85,200,12789.500579
4563.062858,0.86,0.87,200,12794.131328
5674.214617,0.815,0.83,200,12798.790216
5689.820971,0.805,0.805,200,12803.392581
5746.141352,0.84,0.845,200,12807.889234
5749.765594,0.84,0.85,200,12812.434944
5043.594926,0.86,0.865,200,12817.058906
5682.151269,0.8,0.8,200,12821.716727
5758.867644,0.855,0.865,200,12826.229518
5691.691629,0.815,0.835,200,12830.744782
4634.648448,0.865,0.875,200,12837.470568
5755.652972,0.86,0.86,200,12842.041914
5675.975486,0.82,0.835,200,12846.54532
5754.603123,0.84,0.845,200,12851.053536
5678.291783,0.81,0.81,200,12855.452805
5692.29344,0.805,0.805,200,12859.952093
5295.852631,0.845,0.855,200,12864.590899
5696.102011,0.835,0.835,200,12869.048042
5668.67792,0.835,0.835,200,12873.728347
5646.99498,0.85,0.855,200,12878.226178
5639.079431,0.825,0.825,200,12884.953521
5635.718727,0.84,0.84,200,12889.539733
5653.234253,0.845,0.845,200,12894.050456
5739.123105,0.85,0.855,200,12898.556163
5690.42542,0.815,0.815,200,12903.078624
4982.497385,0.855,0.855,200,12907.720911
5273.461931,0.845,0.86,200,12912.256971
5343.901768,0.835,0.86,200,12916.811489
4573.711487,0.875,0.875,200,12921.255694
5769.143389,0.855,0.855,200,12925.820124
5660.022791,0.845,0.845,200,12932.592292
5661.83961,0.87,0.875,200,12937.180191
5785.372461,0.865,0.875,200,12941.743764
5651.387137,0.845,0.845,200,12946.39262
5704.677773,0.83,0.83,200,12950.872874
5755.931543,0.86,0.86,200,12955.403277
5788.456392,0.855,0.88,200,12959.928433
5739.678903,0.84,0.845,200,12964.656835
5696.039819,0.83,0.83,200,12969.341075
5789.404627,0.865,0.87,200,12974.142298
5647.338093,0.835,0.835,200,12981.023163
5763.388041,0.845,0.85,200,12985.793434
5778.91398,0.87,0.87,200,12990.545054
5607.55276,0.865,0.87,200,12995.155303
5692.425647,0.835,0.84,200,12999.690908
5762.038392,0.835,0.855,200,13004.319097
5755.967573,0.85,0.855,200,13009.006701
5592.070029,0.855,0.87,200,13013.759844
5690.72192,0.81,0.81,200,13018.388122
5627.248143,0.81,0.81,200,13023.102637
5666.924276,0.82,0.82,200,13029.982385
5737.615851,0.835,0.835,200,13034.663046
5794.85113,0.88,0.89,200,13039.293882
5686.541352,0.8,0.805,200,13043.945107
2031.227901,0.08,0.08,200,13048.636455
5578.856904,0.86,0.87,200,13053.273277
4697.641753,0.87,0.87,200,13057.938626
5776.499361,0.875,0.875,200,13062.708664
5737.554587,0.85,0.865,200,13067.48694
5685.983976,0.85,0.87,200,13072.234854
5769.537472,0.85,0.86,200,13079.091199
3906.034626,0.865,0.875,200,13083.705526
5705.087426,0.82,0.82,200,13088.477858
5727.707014,0.83,0.845,200,13093.18452
4619.726124,0.805,0.815,200,13097.862182
5646.305704,0.85,0.87,200,13102.54552
5770.696803,0.845,0.86,200,13107.174581
5049.244944,0.87,0.87,200,13111.802615
5762.643386,0.85,0.85,200,13116.600824
5630.632544,0.815,0.815,200,13121.197773
5635.623065,0.81,0.815,200,13128.179299
5771.137719,0.855,0.86,200,13132.787703
5751.2653,0.84,0.84,200,13137.497995
5689.187204,0.815,0.82,200,13142.235147
5673.849676,0.85,0.85,200,13146.894523
5745.732115,0.85,0.85,200,13151.627005
5597.845516,0.84,0.84,200,13156.428882
4892.823755,0.47,0.505,200,13161.182974
5755.346368,0.86,0.865,200,13165.904774
4997.687339,0.865,0.87,200,13170.746995
5757.367266,0.855,0.86,200,13177.482395
5783.746049,0.865,0.865,200,13182.210314
5779.612071,0.86,0.865,200,13187.041463
5678.205021,0.83,0.83,200,13191.69038
5775.791411,0.855,0.86,200,13196.363838
5288.669345,0.85,0.85,200,13201.115044
5558.049907,0.855,0.88,200,13205.784283
5709.283822,0.845,0.855,200,13210.32761
5764.674294,0.845,0.85,200,13214.930691
5062.529544,0.875,0.875,200,13219.6738
5701.390787,0.83,0.835,200,13226.516327
3922.399151,0.87,0.875,200,13231.278784
4913.731387,0.855,0.855,200,13235.966
5774.297032,0.865,0.865,200,13240.671026
5773.557725,0.87,0.875,200,13245.313996
5670.431693,0.83,0.84,200,13250.034217
5671.795289,0.835,0.845,200,13254.799828
5492.219272,0.825,0.84,200,13259.503586
5336.296577,0.73,0.73,200,13264.317342
5766.371157,0.85,0.85,200,13269.055574
5007.058389,0.87,0.87,200,13275.999754
5650.203652,0.845,0.845,200,13280.555236
5715.998212,0.86,0.86,200,13285.03707
5190.575156,0.87,0.875,200,13289.741353
5763.788209,0.85,0.85,200,13294.309784
5683.124024,0.83,0.84,200,13298.892159
5326.450657,0.85,0.855,200,13303.431868
5710.837614,0.85,0.85,200,13308.091564
5672.783772,0.84,0.84,200,13312.81422
5774.952937,0.87,0.87,200,13317.472529
5738.276054,0.845,0.845,200,13324.454718
5683.621153,0.82,0.835,200,13329.101544
5710.295795,0.82,0.82,200,13333.83594
5711.692372,0.81,0.825,200,13338.474796
5686.429785,0.835,0.835,200,13343.337105
5794.856718,0.875,0.875,200,13347.945204
5785.47109,0.885,0.89,200,13352.47534
5759.083669,0.84,0.845,200,13357.08229
5686.718685,0.805,0.81,200,13361.779835
5724.739005,0.845,0.85,200,13366.380631
5694.138609,0.85,0.85,200,13373.180688
5785.169851,0.86,0.87,200,13377.920031
5741.590086,0.85,0.86,200,13382.627688
5704.162697,0.87,0.88,200,13387.238531
5785.240389,0.875,0.88,200,13391.859234
5685.791522,0.85,0.85,200,13396.626617
5759.379801,0.85,0.855,200,13401.343641
5702.883504,0.835,0.835,200,13406.095585
5370.003735,0.855,0.86,200,13410.97942
5715.619896,0.83,0.83,200,13415.649621
5568.487081,0.84,0.845,200,13422.468987
5712.354924,0.825,0.84,200,13427.150515
5779.894968,0.865,0.865,200,13431.692919
5705.64529,0.85,0.85,200,13436.34865
5705.164903,0.835,0.84,200,13440.883024
5730.352822,0.835,0.85,200,13445.470564
5693.918029,0.84,0.85,200,13450.146999
5709.02717,0.82,0.82,200,13454.882436
5679.144329,0.82,0.82,200,13459.432162
5691.916773,0.835,0.835,200,13464.169244
4157.854358,0.865,0.88,200,13471.162874
5771.151339,0.865,0.865,200,13475.87014
5755.900328,0.84,0.84,200,13480.541634
5772.496895,0.855,0.855,200,13485.195418
5235.119026,0.845,0.86,200,13489.782681
5767.318912,0.85,0.86,200,13494.326293
5579.365442,0.86,0.86,200,13499.022484
5581.933871,0.805,0.805,200,13503.687625
5624.150975,0.81,0.81,200,13508.310222
5788.188883,0.865,0.875,200,13512.779263
5044.279344,0.84,0.86,200,13519.635677
5684.084196,0.79,0.81,200,13524.297738
4652.568164,0.71,0.72,200,13528.932185
5771.438186,0.865,0.865,200,13533.62834
5686.647129,0.845,0.845,200,13538.381766
5694.745075,0.825,0.83,200,13543.05037
5704.851576,0.83,0.83,200,13547.664773
5448.940001,0.835,0.85,200,13552.311501
5635.245752,0.805,0.815,200,13556.966754
5767.090776,0.86,0.86,200,13561.407596
5694.188816,0.835,0.835,200,13568.390416
5666.151402,0.84,0.845,200,13573.079989
5711.662276,0.84,0.84,200,13577.670294
5763.843762,0.86,0.86,200,13582.334686
5746.568863,0.875,0.88,200,13586.998852
5230.539368,0.845,0.845,200,13591.780926
5028.194004,0.865,0.87,200,13596.535802
5725.885863,0.84,0.845,200,13601.358552
5755.476029,0.835,0.85,200,13605.917238
5345.312131,0.865,0.865,200,13610.594592
5640.800875,0.805,0.825,200,13617.427329
5704.795962,0.85,0.855,200,13622.10782
5694.775844,0.87,0.88,200,13626.847858
5666.678511,0.86,0.86,200,13631.578319
5778.550973,0.865,0.865,200,13636.210205
5569.00446,0.845,0.85,200,13640.912024
4573.493941,0.875,0.875,200,13645.550609
5692.764645,0.805,0.805,200,13650.009097
5713.995324,0.87,0.88,200,13654.648857
5314.292516,0.835,0.835,200,13659.175375
5681.157571,0.795,0.795,200,13665.969638
5755.791786,0.84,0.84,200,13670.613134
5782.276477,0.88,0.88,200,13675.176919
5769.882069,0.865,0.865,200,13679.642738
5694.546669,0.84,0.85,200,13684.163235
5691.36834,0.81,0.81,200,13688.693708
5781.787816,0.855,0.87,200,13693.300649
5728.356844,0.865,0.885,200,13697.910781
5764.623106,0.855,0.855,200,13702.425041
5734.707228,0.84,0.845,200,13706.906629
5770.609103,0.855,0.86,200,13713.718024
5037.836662,0.835,0.86,200,13718.225009
5189.432334,0.84,0.845,200,13722.788947
5684.107952,0.845,0.845,200,13727.269332
5145.896857,0.855,0.855,200,13731.829885
5593.221655,0.875,0.875,200,13736.368586
5727.341976,0.835,0.845,200,13740.859211
5694.164778,0.83,0.835,200,13745.330821
5771.680886,0.845,0.855,200,13750.01188
5687.953603,0.835,0.835,200,13754.573486
5202.314314,0.68,0.715,200,13761.256353
5747.388473,0.845,0.845,200,13765.855531
5320.483821,0.855,0.86,200,13770.463048
5629.371572,0.805,0.82,200,13775.112193
5784.358471,0.87,0.875,200,13779.8586
5743.758637,0.865,0.88,200,13784.474731
5649.933968,0.835,0.835,200,13788.952173
4867.663664,0.85,0.865,200,13793.626638
5746.656525,0.86,0.88,200,13798.319377
5685.33622,0.855,0.855,200,13803.015792
5687.188924,0.825,0.83,200,13809.85337
5697.720639,0.825,0.83,200,13814.517151
5759.198338,0.845,0.845,200,13819.156953
5741.712241,0.85,0.875,200,13823.80088
5471.443482,0.82,0.82,200,13828.467192
5134.129511,0.845,0.845,200,13833.139373
5759.44974,0.845,0.85,200,13837.638008
5701.338052,0.835,0.835,200,13842.342705
5700.721529,0.845,0.845,200,13846.947478
5732.198087,0.87,0.875,200,13851.633465
5749.672944,0.845,0.845,200,13858.569639
5780.069397,0.86,0.875,200,13863.253613
5663.179752,0.85,0.855,200,13867.905399
5778.238021,0.855,0.865,200,13872.471683
5524.699015,0.855,0.885,200,13877.04675
5694.373739,0.835,0.835,200,13881.798186
5671.596526,0.85,0.85,200,13886.341023
5689.780574,0.86,0.865,200,13891.026829
5768.325393,0.855,0.865,200,13895.679572
5709.490109,0.82,0.835,200,13900.247013
5677.342696,0.84,0.84,200,13906.907941
5681.980906,0.795,0.795,200,13911.55454
5685.894924,0.825,0.825,200,13916.1378
5663.943016,0.84,0.845,200,13920.748453
5708.054542,0.865,0.865,200,13925.509704
5745.198643,0.835,0.835,200,13930.064915
5117.928634,0.855,0.855,200,13934.602793
5770.897825,0.855,0.855,200,13939.248787
5515.385351,0.845,0.875,200,13943.993988
5711.934454,0.835,0.835,200,13948.580807
5700.538566,0.845,0.845,200,13955.374218
5701.836687,0.835,0.835,200,13959.752132
5644.746059,0.8,0.815,200,13964.332171
5693.019493,0.825,0.825,200,13968.939096
5765.131737,0.85,0.855,200,13973.661609
5763.650339,0.85,0.85,200,13978.10032
5698.061078,0.83,0.83,200,13982.704393
5710.183099,0.845,0.845,200,13987.396963
5763.540106,0.855,0.865,200,13991.92678
5763.66888,0.85,0.855,200,13996.61376
5281.667528,0.835,0.855,200,14003.422159
5772.634204,0.855,0.865,200,14008.237933
4821.786604,0.865,0.865,200,14012.911064
5733.042139,0.845,0.845,200,14017.539934
5673.629759,0.865,0.87,200,14022.15563
5712.362385,0.875,0.88,200,14026.923015
5689.298683,0.835,0.84,200,14031.63373
5156.711033,0.73,0.755,200,14036.355898
5760.874985,0.87,0.875,200,14040.924597
5748.630913,0.87,0.87,200,14045.610865
5262.048295,0.855,0.86,200,14052.532471
4498.657703,0.865,0.865,200,14057.014039
5684.30096,0.805,0.805,200,14061.650081
5721.094592,0.86,0.865,200,14066.294338
5075.921145,0.86,0.86,200,14070.797871
5734.131711,0.87,0.88,200,14075.521103
5664.971318,0.835,0.835,200,14080.167095
5701.923051,0.825,0.825,200,14084.774933
5691.858088,0.805,0.815,200,14089.473496
5673.410594,0.81,0.825,200,14093.988024
5724.070121,0.845,0.845,200,14100.70737
5392.155458,0.87,0.88,200,14105.355896
5653.269171,0.84,0.855,200,14109.96234
5748.656067,0.84,0.85,200,14114.623413
5236.168957,0.805,0.82,200,14119.292508
5738.646813,0.845,0.845,200,14123.859942
5710.939595,0.86,0.865,200,14128.44306
5754.094265,0.845,0.855,200,14133.199907
5729.420993,0.845,0.845,200,14137.771034
5707.685009,0.835,0.835,200,14142.329291
5097.863848,0.865,0.865,200,14149.048557
5703.798539,0.845,0.845,200,14153.715499
5702.155858,0.835,0.835,200,14158.311053
5772.266829,0.87,0.875,200,14162.947138
4587.867587,0.87,0.87,200,14167.668522
5710.501359,0.81,0.82,200,14172.356981
5763.281567,0.85,0.85,200,14176.961917
5426.4382,0.855,0.86,200,14181.78693
5720.201041,0.835,0.835,200,14186.34456
5749.420816,0.87,0.87,200,14190.872915
5767.595878,0.855,0.86,200,14197.717386
5684.472028,0.84,0.84,200,14202.375943
5709.221113,0.83,0.83,200,14207.054302
4558.949617,0.855,0.855,200,14211.79911
5536.881224,0.855,0.855,200,14216.409617
5702.297345,0.845,0.85,200,14221.111859
5735.985415,0.83,0.835,200,14225.83121
5762.176654,0.87,0.87,200,14230.467411
5707.690861,0.815,0.83,200,14235.129832
5147.171561,0.86,0.86,200,14239.888338
5118.801672,0.59,0.595,200,14246.757089
5707.672586,0.835,0.835,200,14251.446711
5528.124761,0.86,0.86,200,14256.120339
5657.11675,0.82,0.825,200,14260.824425
5688.011396,0.815,0.825,200,14265.588046
5733.516925,0.85,0.855,200,14270.249151
5778.76352,0.87,0.87,200,14274.850585
5697.731014,0.825,0.825,200,14279.508187
5780.81769,0.865,0.88,200,14284.195158
5718.162703,0.845,0.845,200,14288.865771
5729.406374,0.825,0.84,200,14295.609347
5686.944401,0.83,0.83,200,14300.343035
5715.291643,0.84,0.84,200,14304.994777
5779.370715,0.87,0.87,200,14309.736375
5712.911736,0.825,0.835,200,14314.366714
5682.822805,0.835,0.835,200,14319.019881
5743.997444,0.85,0.865,200,14323.618489
5721.579977,0.845,0.85,200,14328.218477
4858.723078,0.7,0.725,200,14332.889131
4370.254928,0.32,0.37,200,14337.503838
5692.780165,0.805,0.805,200,14344.415637
5721.512643,0.855,0.865,200,14349.094646
5747.376785,0.855,0.86,200,14353.737211
5721.152056,0.81,0.825,200,14358.469098
5650.608239,0.8,0.82,200,14363.099094
5702.260583,0.815,0.82,200,14367.775056
5691.879884,0.845,0.85,200,14372.45533
5662.182909,0.835,0.87,200,14377.018398
5748.210664,0.845,0.845,200,14381.750486
4593.971104,0.535,0.575,200,14386.462136
5672.779379,0.85,0.875,200,14393.346644
5723.990796,0.845,0.845,200,14398.105694
5584.279428,0.845,0.855,200,14402.845115
5708.41122,0.82,0.84,200,14407.544844
5680.344965,0.85,0.855,200,14412.355714
5271.041006,0.86,0.86,200,14416.979258
5623.120357,0.8,0.815,200,14421.599507
5776.022522,0.865,0.875,200,14426.345253
5141.955868,0.85,0.85,200,14430.989907
5770.24484,0.875,0.88,200,14435.678624
4916.835968,0.855,0.855,200,14442.600638
5653.370353,0.82,0.825,200,14447.265495
5615.360666,0.8,0.8,200,14451.874857
5707.653304,0.84,0.84,200,14456.513794
5700.995421,0.86,0.87,200,14461.226957
5691.950566,0.84,0.845,200,14465.887243
5709.12463,0.83,0.83,200,14470.556865
5715.41762,0.865,0.87,200,14475.184421
5780.059883,0.86,0.865,200,14479.796822
5700.811834,0.84,0.845,200,14484.486886
5701.830907,0.81,0.815,200,14491.137655
5697.778987,0.82,0.82,200,14495.668857
5724.581012,0.83,0.84,200,14500.266342
5751.195488,0.85,0.865,200,14504.806327
5053.629444,0.88,0.88,200,14509.365419
5739.575817,0.85,0.85,200,14513.948316
5704.112221,0.835,0.84,200,14518.39536
5689.889124,0.845,0.855,200,14523.07499
5449.065989,0.845,0.85,200,14527.768013
5760.53559,0.855,0.855,200,14532.327675
5320.984043,0.86,0.86,200,14539.272812
5649.008151,0.805,0.82,200,14543.922412
5704.26604,0.835,0.835,200,14548.504873
5672.574091,0.825,0.825,200,14553.031183
5780.671268,0.855,0.87,200,14557.647667
5649.729064,0.83,0.83,200,14562.102797
5036.148399,0.85,0.86,200,14566.686936
5753.235862,0.85,0.855,200,14571.235948
4962.920472,0.87,0.87,200,14575.897146
5597.643553,0.81,0.81,200,14580.465665
4012.726812,0.54,0.54,200,14587.338737
5688.568015,0.81,0.815,200,14591.990652
5681.021637,0.825,0.84,200,14596.53597
5620.745193,0.845,0.85,200,14601.062759
5694.52424,0.83,0.85,200,14605.664747
4898.426433,0.865,0.865,200,14610.399387
5728.643809,0.855,0.87,200,14615.021924
5682.842358,0.84,0.84,200,14619.752148
5770.256274,0.86,0.86,200,14624.346729
5786.135953,0.87,0.875,200,14628.803442
5585.921305,0.845,0.86,200,14635.806515
5361.210486,0.835,0.85,200,14640.539908
5643.26598,0.84,0.85,200,14645.23524
5705.80035,0.81,0.82,200,14649.966311
5769.79302,0.85,0.865,200,14654.584332
5751.189256,0.855,0.855,200,14659.349504
5690.150017,0.84,0.85,200,14664.07976
4978.926922,0.86,0.86,200,14668.616723
5417.321118,0.855,0.86,200,14673.270606
5227.13368,0.86,0.865,200,14677.836401
5420.36797,0.86,0.86,200,14684.556397
5499.347318,0.835,0.84,200,14689.28496
5758.791732,0.865,0.885,200,14693.968875
5704.920548,0.83,0.835,200,14698.559588
5764.810819,0.86,0.87,200,14703.231913
5726.380896,0.855,0.86,200,14707.81785
5780.504795,0.87,0.87,200,14712.360283
5728.964086,0.85,0.86,200,14717.096932
5687.728403,0.84,0.845,200,14721.720878
5777.074634,0.87,0.87,200,14726.484403
4786.555073,0.87,0.87,200,14733.382008
5758.843681,0.865,0.88,200,14738.019603
5755.203832,0.845,0.85,200,14742.726593
5040.461353,0.845,0.845,200,14747.288516
5783.542938,0.875,0.875,200,14751.918486
5735.755437,0.84,0.84,200,14756.618795
5711.798878,0.84,0.84,200,14761.239505
5704.422308,0.815,0.815,200,14765.809237
5698.424622,0.82,0.82,200,14770.311812
4766.305459,0.845,0.86,200,14775.04439
5778.573964,0.865,0.865,200,14781.783513
5003.393135,0.865,0.865,200,14786.36409
5752.054043,0.87,0.875,200,14791.016798
5778.935664,0.86,0.87,200,14795.543189
5692.505977,0.84,0.84,200,14800.17548
5708.554595,0.835,0.85,200,14804.885893
5715.658374,0.835,0.84,200,14809.618915
5734.356076,0.845,0.845,200,14814.257281
5659.484545,0.815,0.815,200,14818.931229
5689.379496,0.83,0.83,200,14823.628573
5710.850973,0.825,0.83,200,14830.559611
5545.77315,0.85,0.855,200,14835.154023
5631.269922,0.86,0.89,200,14839.699891
4758.233374,0.875,0.875,200,14844.235979
5643.028088,0.865,0.87,200,14848.795778
5068.745098,0.865,0.865,200,14853.571751
5702.130112,0.82,0.82,200,14858.016095
5772.713355,0.86,0.86,200,14862.506483
5694.391674,0.86,0.86,200,14867.105406
5708.112252,0.825,0.83,200,14871.782465
5724.965861,0.83,0.84,200,14878.419717
5609.140077,0.795,0.805,200,14882.950763
5396.135848,0.85,0.85,200,14887.482852
5731.662197,0.855,0.86,200,14891.92304
4366.32685,0.86,0.875,200,14896.459243
5770.384531,0.86,0.86,200,14900.916965
5714.619849,0.83,0.83,200,14905.313091
4902.328794,0.855,0.855,200,14909.819486
5761.033248,0.86,0.865,200,14914.195074
5707.29028,0.865,0.87,200,14918.625484
5647.069492,0.84,0.84,200,14925.349951
5724.065647,0.85,0.865,200,14929.7669
5676.947329,0.815,0.825,200,14934.239618
5680.404937,0.79,0.795,200,14938.751479
5766.81471,0.85,0.855,200,14943.373609
5610.221027,0.815,0.815,200,14948.079808
5744.163784,0.86,0.87,200,14952.58123
5693.953553,0.855,0.86,200,14957.169384
5691.738973,0.855,0.875,200,14961.614361
5698.538699,0.855,0.86,200,14965.984834
5781.969529,0.865,0.875,200,14972.483904
5729.793333,0.86,0.865,200,14977.01739
5723.055116,0.835,0.84,200,14981.657032
5775.571127,0.865,0.865,200,14986.14466
5682.162929,0.83,0.83,200,14990.715345
5768.898272,0.88,0.88,200,14995.230732
5083.23162,0.865,0.865,200,14999.576148
5787.028191,0.865,0.87,200,15004.136184
3979.940987,0.875,0.875,200,15008.681827
5689.526268,0.8,0.8,200,15013.128468
5736.195251,0.83,0.85,200,15019.976366
5700.256816,0.815,0.815,200,15024.264896
5775.464208,0.865,0.87,200,15028.698159
5146.053404,0.725,0.75,200,15033.417492
5679.365546,0.83,0.83,200,15037.93936
5589.881869,0.805,0.805,200,15042.518559
5772.549895,0.865,0.865,200,15047.1925
5684.890094,0.84,0.84,200,15051.787814
5795.99695,0.87,0.88,200,15056.249323
5758.567155,0.845,0.845,200,15060.771948
5703.792333,0.825,0.835,200,15067.794964
5725.9175,0.875,0.88,200,15072.306947
5794.30763,0.86,0.88,200,15076.930069
5698.342877,0.82,0.82,200,15081.475799
5778.90651,0.875,0.88,200,15086.167903
5701.248737,0.84,0.84,200,15090.986287
5654.867045,0.855,0.855,200,15095.705228
5694.159209,0.835,0.845,200,15100.314452
5689.693522,0.835,0.835,200,15104.806399
5767.380762,0.845,0.85,200,15109.408906
5691.380222,0.835,0.835,200,15115.88604
5715.12524,0.845,0.85,200,15120.329744
5668.104545,0.825,0.845,200,15124.730724
5743.931746,0.86,0.87,200,15129.025261
5718.804825,0.84,0.84,200,15133.327745
5741.30379,0.865,0.865,200,15137.842617
5752.842302,0.845,0.845,200,15142.147773
5702.946714,0.82,0.83,200,15146.634176
5676.465769,0.84,0.84,200,15151.147593
5740.235998,0.86,0.87,200,15155.758499
5695.044363,0.825,0.84,200,15162.3204
5693.235827,0.845,0.845,200,15166.655635
5756.704889,0.855,0.855,200,15171.291563
5130.639597,0.86,0.86,200,15175.79289
5699.9758,0.845,0.845,200,15180.476803
5640.653124,0.815,0.82,200,15185.137072
5695.428828,0.815,0.815,200,15189.668834
5692.241748,0.845,0.86,200,15194.253364
5619.80981,0.845,0.85,200,15198.794019
5707.701997,0.805,0.81,200,15203.316065
5674.566672,0.845,0.845,200,15210.179158
5702.900665,0.835,0.835,200,15214.646148
5752.886305,0.87,0.875,200,15219.200864
5735.270832,0.865,0.865,200,15223.6323
5740.68576,0.84,0.85,200,15228.099663
5631.243996,0.855,0.855,200,15232.594667
5705.41106,0.81,0.815,200,15237.040049
5141.198702,0.85,0.85,200,15241.479936
5573.999341,0.85,0.855,200,15245.932065
5595.047885,0.845,0.845,200,15250.366584
4745.245104,0.67,0.685,200,15256.716465
5782.852496,0.865,0.87,200,15260.940278
5777.842697,0.87,0.87,200,15265.473554
5702.060753,0.815,0.815,200,15269.985745
5775.847065,0.86,0.86,200,15274.565124
5701.808957,0.815,0.815,200,15278.885839
5704.714059,0.815,0.82,200,15283.313649
5612.029822,0.79,0.805,200,15287.833566
5771.157755,0.86,0.86,200,15292.475106
5769.478101,0.855,0.86,200,15297.181956
5682.484558,0.845,0.85,200,15303.828692
5702.352983,0.83,0.83,200,15308.468082
5259.662231,0.87,0.885,200,15313.14204
5691.140893,0.825,0.83,200,15317.655684
5187.635919,0.835,0.84,200,15322.180341
5696.75632,0.84,0.84,200,15326.800652
5585.363318,0.8,0.8,200,15331.498925
5760.240997,0.87,0.885,200,15336.201125
5675.973868,0.875,0.895,200,15340.890358
5587.683018,0.81,0.81,200,15345.615787
4819.270027,0.875,0.875,200,15352.618441
5489.776882,0.86,0.865,200,15357.334188
5444.731997,0.875,0.9,200,15362.113347
5711.584671,0.825,0.825,200,15366.877034
5692.569359,0.835,0.845,200,15371.528091
5273.014738,0.855,0.855,200,15376.254181
5784.942132,0.86,0.885,200,15380.992709
5777.690473,0.865,0.865,200,15385.746596
5678.079833,0.83,0.83,200,15390.231166
5768.029629,0.86,0.875,200,15395.00378
5708.382593,0.865,0.865,200,15401.448144
4747.266344,0.61,0.61,200,15406.093279
5735.349686,0.86,0.865,200,15410.767298
5755.525099,0.875,0.875,200,15415.456695
5781.938392,0.875,0.885,200,15419.964607
5086.48793,0.85,0.85,200,15424.572226
5716.222723,0.835,0.835,200,15428.948149
5554.322269,0.845,0.845,200,15433.600565
5536.032978,0.86,0.865,200,15438.300669
5782.002379,0.865,0.865,200,15442.919937
5734.21674,0.875,0.88,200,15449.855223
5689.069874,0.845,0.845,200,15454.586047
5721.370903,0.825,0.845,200,15459.196207
5652.045968,0.835,0.84,200,15463.834701
5695.007302,0.835,0.835,200,15468.5484
5698.263502,0.87,0.875,200,15473.201332
5029.807159,0.875,0.875,200,15477.963833
5751.424524,0.86,0.87,200,15482.654075
5723.364093,0.83,0.845,200,15487.417616
5660.665704,0.825,0.825,200,15492.190038
5784.142244,0.865,0.875,200,15499.116273
5543.908777,0.86,0.88,200,15503.661156
5683.047821,0.84,0.85,200,15508.318562
5709.089758,0.84,0.845,200,15513.004016
5701.318235,0.82,0.83,200,15517.74771
5729.903713,0.845,0.85,200,15522.418619
5748.874398,0.85,0.85,200,15527.203442
5763.14494,0.855,0.855,200,15531.95891
5758.657984,0.86,0.865,200,15536.717999
5751.144465,0.84,0.84,200,15541.41158
4808.207386,0.87,0.87,200,15548.311778
5788.279457,0.875,0.875,200,15552.978107
5428.907025,0.86,0.87,200,15557.724023
5708.587739,0.805,0.82,200,15562.539947
5708.782827,0.835,0.835,200,15567.261433
3900.589806,0.87,0.88,200,15572.101557
4048.351492,0.87,0.885,200,15576.913292
5706.511524,0.825,0.825,200,15581.702921
4675.085353,0.87,0.875,200,15586.414822
5692.131897,0.835,0.835,200,15591.046012
4148.78403,0.585,0.62,200,15597.714594
5754.694897,0.85,0.85,200,15602.419639
5700.835088,0.815,0.815,200,15607.100694
5226.193115,0.85,0.86,200,15611.774931
5616.736211,0.855,0.88,200,15616.593902
5340.400639,0.84,0.86,200,15621.305427
5705.405821,0.86,0.87,200,15625.996694
5650.635082,0.855,0.88,200,15630.736098
5698.083515,0.855,0.855,200,15635.424779
5706.789548,0.835,0.835,200,15640.23243
5775.096343,0.86,0.865,200,15647.248886
5706.28118,0.84,0.84,200,15651.987103
4480.928031,0.88,0.88,200,15656.702691
5342.630069,0.86,0.87,200,15661.485863
5711.01995,0.83,0.835,200,15666.216184
5782.151282,0.87,0.87,200,15670.949957
5778.078799,0.85,0.87,200,15675.618605
5787.011465,0.88,0.88,200,15680.341779
5716.262166,0.835,0.835,200,15684.965359
5740.211268,0.865,0.875,200,15689.64429
5709.769982,0.855,0.86,200,15696.589379
5772.826556,0.86,0.865,200,15701.373202
4388.505365,0.86,0.86,200,15706.048101
5745.994403,0.845,0.845,200,15710.697037
5726.866769,0.865,0.885,200,15715.441778
5737.105275,0.855,0.855,200,15720.096668
5603.418266,0.845,0.86,200,15724.781476
5727.104527,0.845,0.845,200,15729.472243
5775.595572,0.88,0.89,200,15734.208576
5698.580283,0.85,0.855,200,15738.912607
5624.363049,0.81,0.815,200,15745.849941
5784.482463,0.87,0.875,200,15750.568162
5697.700136,0.81,0.815,200,15755.362987
4966.561004,0.865,0.865,200,15760.037008
5733.165047,0.87,0.87,200,15764.699722
5690.054188,0.835,0.835,200,15769.524132
5710.371353,0.81,0.82,200,15774.227319
5026.516733,0.865,0.87,200,15778.904471
4601.659694,0.58,0.605,200,15783.572121
5786.583953,0.87,0.875,200,15788.213156
5661.867644,0.825,0.825,200,15795.160877
5705.392855,0.85,0.855,200,15799.779509
5679.931667,0.82,0.82,200,15804.428669
5051.932912,0.67,0.67,200,15809.20888
5650.793976,0.855,0.875,200,15813.886846
5664.37927,0.855,0.865,200,15818.639559
5703.261496,0.82,0.82,200,15823.446475
5709.840595,0.855,0.87,200,15828.093835
5735.593768,0.86,0.865,200,15832.796597
5704.876065,0.825,0.83,200,15837.566599
5729.767531,0.845,0.845,200,15844.51029
5004.454676,0.86,0.86,200,15849.363476
5783.791484,0.875,0.875,200,15854.01927
5771.495307,0.875,0.875,200,15858.667584
5715.798462,0.865,0.865,200,15863.465286
5706.728488,0.84,0.84,200,15867.999394
5746.726605,0.86,0.875,200,15872.759053
5783.729457,0.86,0.865,200,15877.54904
5756.699453,0.85,0.85,200,15882.350673
5696.640202,0.865,0.875,200,15887.099983
5739.926958,0.85,0.85,200,15893.886948
5703.348648,0.82,0.825,200,15898.648177
5713.861451,0.835,0.84,200,15903.449355
5709.647109,0.84,0.84,200,15908.103476
5753.258174,0.87,0.88,200,15912.842637
5713.467309,0.84,0.84,200,15917.553285
5426.512232,0.86,0.86,200,15922.317117
5727.254964,0.88,0.89,200,15927.033597
4862.300392,0.695,0.715,200,15931.702786
5665.697291,0.87,0.875,200,15936.501442
5763.583235,0.85,0.855,200,15943.370617
5702.27922,0.84,0.84,200,15948.011691
5752.897867,0.835,0.84,200,15952.746701
5190.6594,0.865,0.865,200,15957.655341
5381.287236,0.845,0.88,200,15962.341281
5740.197339,0.87,0.87,200,15967.094945
5642.391153,0.815,0.815,200,15971.735228
5799.171703,0.88,0.885,200,15976.485515
3511.530577,0.89,0.89,200,15981.299672
5652.210049,0.85,0.85,200,15985.98887
5041.838593,0.85,0.86,200,15993.084839
5767.854406,0.87,0.875,200,15997.828055
5733.025092,0.84,0.85,200,16002.628223
5776.176392,0.87,0.875,200,16007.365918
5744.911704,0.86,0.86,200,16012.098752
5708.03324,0.81,0.83,200,16016.760346
5722.860225,0.825,0.84,200,16021.358109
4862.29318,0.87,0.87,200,16026.070927
5779.378825,0.865,0.865,200,16030.843008
5701.184289,0.825,0.825,200,16035.555573
5688.814061,0.835,0.835,200,16042.586418
5756.420903,0.86,0.86,200,16047.333142
5710.364227,0.84,0.84,200,16052.014272
5655.016442,0.865,0.865,200,16056.692424
5702.035723,0.825,0.825,200,16061.464337
5686.600283,0.83,0.83,200,16066.186137
5371.095205,0.84,0.88,200,16071.056399
5689.40866,0.87,0.87,200,16075.789605
5711.38547,0.82,0.825,200,16080.537284
5767.386654,0.85,0.86,200,16085.171926
5710.183063,0.825,0.83,200,16091.903538
5774.090753,0.85,0.86,200,16096.54019
5676.37183,0.865,0.875,200,16101.308827
5665.715464,0.855,0.865,200,16105.966303
5789.897067,0.88,0.88,200,16110.758403
5772.045437,0.855,0.855,200,16115.557911
5360.512195,0.87,0.87,200,16120.283827
5693.019986,0.845,0.855,200,16125.012091
5757.47162,0.86,0.86,200,16129.680407
5774.734678,0.865,0.865,200,16134.381726
4953.585684,0.865,0.875,200,16141.580378
5571.518103,0.845,0.855,200,16146.37877
5086.087716,0.86,0.86,200,16151.15062
5592.64585,0.85,0.85,200,16156.003614
5645.230239,0.815,0.82,200,16160.694623
5606.768992,0.805,0.81,200,16165.580807
5774.570043,0.875,0.875,200,16170.287934
5787.738967,0.88,0.88,200,16175.119475
5696.4785,0.825,0.83,200,16179.946269
5711.900928,0.84,0.84,200,16184.703429
5779.748482,0.875,0.875,200,16191.69623
5664.457832,0.825,0.825,200,16196.443187
5618.311299,0.82,0.82,200,16201.197123
5719.442906,0.86,0.86,200,16206.026382
5637.337802,0.82,0.82,200,16210.772434
5681.97992,0.83,0.83,200,16215.598583
5720.242438,0.86,0.86,200,16220.351146
5714.553408,0.805,0.82,200,16225.207594
5764.390109,0.865,0.885,200,16229.925237
5715.426188,0.825,0.83,200,16234.726215
5697.78741,0.835,0.835,200,16241.759298
5749.667683,0.855,0.86,200,16246.531899
5675.37702,0.85,0.855,200,16251.252527
4949.484317,0.87,0.88,200,16255.982002
5567.729331,0.86,0.87,200,16260.601758
5514.452816,0.855,0.855,200,16265.256868
5695.466787,0.835,0.835,200,16269.878905
5698.417649,0.84,0.85,200,16274.493184
4834.799522,0.87,0.875,200,16279.149272
5317.944453,0.845,0.845,200,16283.846019
5592.862316,0.84,0.86,200,16290.7564
4197.386902,0.88,0.88,200,16295.5818
5688.411278,0.87,0.87,200,16300.412113
5715.142725,0.83,0.84,200,16305.188333
5777.948461,0.87,0.875,200,16309.901727
5797.620506,0.88,0.88,200,16314.557796
5754.696787,0.85,0.85,200,16319.378509
5735.992443,0.87,0.88,200,16324.042607
5705.761333,0.855,0.855,200,16328.625472
5670.121938,0.86,0.86,200,16333.265803
5724.592935,0.845,0.845,200,16340.13198
5708.13467,0.82,0.82,200,16344.812586
5728.203608,0.86,0.87,200,16349.447941
5706.021544,0.855,0.88,200,16354.079309
5767.603971,0.865,0.875,200,16358.71341
5657.627829,0.815,0.82,200,16363.457434
5764.348254,0.86,0.86,200,16368.212148
5674.602553,0.81,0.825,200,16372.926793
5546.139598,0.845,0.875,200,16377.473318
5718.555539,0.82,0.825,200,16382.160461
5704.981689,0.835,0.835,200,16389.115849
5672.934785,0.835,0.835,200,16393.797312
5699.434532,0.86,0.86,200,16398.599881
5615.410716,0.81,0.815,200,16403.27927
5765.054,0.855,0.86,200,16408.088734
5760.410152,0.845,0.85,200,16412.810624
5696.539248,0.84,0.855,200,16417.57895
5706.204112,0.825,0.835,200,16422.290425
5709.873431,0.81,0.815,200,16426.960648
5780.67264,0.865,0.865,200,16431.786499
5773.663769,0.87,0.88,200,16438.703761
5447.696928,0.86,0.86,200,16443.548709
5685.555908,0.815,0.835,200,16448.290828
5773.012716,0.865,0.87,200,16452.931739
5737.093358,0.85,0.855,200,16457.559524
5700.098303,0.83,0.83,200,16462.223504
5619.986239,0.845,0.875,200,16466.909123
4950.835336,0.86,0.86,200,16471.654882
5700.225609,0.815,0.82,200,16476.319284
5644.488314,0.82,0.82,200,16480.907276
5699.390902,0.83,0.835,200,16487.682811
5692.552617,0.835,0.845,200,16492.40436
5743.307775,0.85,0.85,200,16497.042086
5693.843843,0.82,0.82,200,16501.71396
5699.423133,0.84,0.84,200,16506.414652
5698.334713,0.845,0.85,200,16511.100122
5779.240278,0.865,0.865,200,16515.743641
5567.606963,0.855,0.855,200,16520.485003
5710.878265,0.82,0.82,200,16525.110082
5698.882189,0.845,0.85,200,16529.758723
5711.500417,0.835,0.865,200,16536.708405
5647.184119,0.835,0.835,200,16541.477821
5246.933328,0.865,0.875,200,16546.159283
5696.656396,0.845,0.85,200,16550.885295
5693.867166,0.82,0.825,200,16555.590176
5799.530455,0.875,0.885,200,16560.19721
5703.652675,0.835,0.84,200,16564.856575
5529.887811,0.82,0.86,200,16569.469949
5627.156512,0.815,0.815,200,16574.269247
5692.686874,0.805,0.805,200,16579.054284
5655.16776,0.85,0.85,200,16586.207009
5760.680394,0.85,0.85,200,16591.042117
5765.003023,0.86,0.86,200,16595.908793
5684.033404,0.855,0.86,200,16600.602062
5265.116448,0.865,0.865,200,16605.425693
5758.474439,0.84,0.85,200,16610.194406
5697.031551,0.84,0.84,200,16614.866852
5010.888314,0.885,0.885,200,16619.587031
5772.661336,0.86,0.86,200,16624.255608
5511.430402,0.86,0.86,200,16628.97348
5705.120619,0.815,0.815,200,16635.85714
5701.574657,0.85,0.85,200,16640.643084
5676.780837,0.86,0.88,200,16645.390042
5785.800651,0.875,0.875,200,16650.014428
5708.164572,0.83,0.83,200,16654.73552
5780.798468,0.875,0.875,200,16659.32562
5686.027558,0.81,0.81,200,16663.959381
5775.796796,0.84,0.865,200,16668.623685
5708.772217,0.825,0.83,200,16673.370066
5638.995872,0.81,0.81,200,16678.013673
5659.79585,0.85,0.855,200,16684.767102
5613.605481,0.83,0.855,200,16689.468863
5720.730142,0.84,0.84,200,16694.197075
5754.436021,0.875,0.875,200,16698.822808
5696.942972,0.815,0.815,200,16703.446765
5595.951677,0.8,0.8,200,16708.220666
5138.975119,0.875,0.875,200,16712.915688
5709.109408,0.84,0.84,200,16717.638001
5773.238057,0.86,0.865,200,16722.339077
5711.71508,0.825,0.83,200,16726.900622
5735.947295,0.855,0.86,200,16733.853266
5772.75289,0.88,0.88,200,16738.593489
5764.949339,0.84,0.855,200,16743.298442
5712.038341,0.83,0.83,200,16748.039708
5322.180896,0.85,0.855,200,16752.833776
5792.367823,0.875,0.88,200,16757.496923
5350.751459,0.86,0.86,200,16762.213498
5695.484013,0.825,0.825,200,16766.865547
5629.20715,0.86,0.865,200,16771.51866
5750.70311,0.855,0.855,200,16776.348088
5723.783237,0.85,0.855,200,16783.233677
5696.424947,0.835,0.835,200,16788.1294
5195.693524,0.545,0.575,200,16792.82818
5710.762685,0.86,0.88,200,16797.444767
5732.432697,0.87,0.885,200,16802.04553
5754.03365,0.845,0.845,200,16806.874192
5773.849548,0.85,0.865,200,16811.580911
5782.635385,0.86,0.865,200,16816.352731
5695.321726,0.815,0.815,200,16821.123665
5756.36404,0.855,0.855,200,16825.882349
5730.044694,0.86,0.865,200,16832.762902
5703.499104,0.82,0.82,200,16837.54312
5692.5664,0.845,0.845,200,16842.115193
5671.730562,0.855,0.855,200,16846.869996
5694.728172,0.85,0.85,200,16851.542087
5770.76573,0.86,0.86,200,16856.195332
5753.012067,0.85,0.85,200,16860.976761
5787.552594,0.87,0.87,200,16865.602622
5068.594732,0.865,0.89,200,16870.127558
5781.549767,0.865,0.865,200,16874.826883
5781.891195,0.865,0.865,200,16881.806758
5702.06678,0.835,0.84,200,16886.434227
5753.478277,0.87,0.87,200,16891.04825
5698.650886,0.83,0.835,200,16895.813231
5701.800402,0.81,0.815,200,16900.620871
5762.988634,0.875,0.88,200,16905.375226
5664.262169,0.855,0.855,200,16910.135881
5241.940507,0.87,0.87,200,16914.790285
5441.775059,0.83,0.85,200,16919.540722
5697.549627,0.805,0.815,200,16924.118022
5200.008175,0.875,0.89,200,16931.013301
5697.824144,0.81,0.81,200,16935.710706
5630.062928,0.805,0.815,200,16940.255757
5776.740956,0.88,0.88,200,16944.875345
5302.159631,0.855,0.855,200,16949.598433
5766.354232,0.855,0.86,200,16954.358869
5643.291117,0.86,0.865,200,16959.154951
5152.271433,0.875,0.89,200,16963.84683
5029.119447,0.875,0.875,200,16968.52455
5764.886144,0.855,0.865,200,16973.301478
5361.172452,0.62,0.64,200,16979.912441
5769.881746,0.84,0.855,200,16984.600415
5705.575429,0.83,0.83,200,16989.172146
5759.843661,0.85,0.855,200,16993.767065
5781.386639,0.875,0.875,200,16998.338286
5786.246447,0.87,0.87,200,17002.894937
5783.522115,0.865,0.875,200,17007.631338
5775.561629,0.855,0.86,200,17012.125589
5676.349808,0.85,0.865,200,17016.637653
5788.987612,0.88,0.885,200,17021.185987
5718.432948,0.84,0.84,200,17028.060013
2913.96976,0.045,0.055,200,17032.500801
5622.525931,0.825,0.855,200,17037.012904
5702.184703,0.835,0.845,200,17041.515687
5688.07866,0.815,0.825,200,17046.092554
5630.517859,0.865,0.865,200,17050.61468
4945.702305,0.535,0.545,200,17055.112241
5765.40411,0.865,0.87,200,17059.56115
5216.349914,0.885,0.89,200,17063.99154
5785.00412,0.86,0.87,200,17068.568007
5772.368356,0.86,0.865,200,17075.36607
5739.091607,0.87,0.885,200,17079.850772
5770.496122,0.855,0.855,200,17084.445193
5781.700888,0.87,0.875,200,17088.89163
5678.870801,0.85,0.855,200,17093.370832
5428.256638,0.87,0.87,200,17098.051661
5787.207632,0.875,0.875,200,17102.695226
5354.274982,0.865,0.865,200,17107.350136
5700.152348,0.86,0.86,200,17111.833367
5796.983974,0.875,0.88,200,17116.34515
5700.651357,0.815,0.815,200,17123.204716
5205.658131,0.87,0.87,200,17127.906282
5701.428715,0.825,0.835,200,17132.516459
5758.135568,0.865,0.875,200,17137.084147
5545.863905,0.83,0.875,200,17141.692393
5695.969594,0.805,0.81,200,17146.399659
5693.904462,0.845,0.845,200,17150.855822
5696.383731,0.845,0.845,200,17155.46788
5736.62206,0.845,0.845,200,17160.006429
5681.664181,0.85,0.85,200,17164.569437
5130.462615,0.88,0.89,200,17171.210675
5715.144485,0.865,0.865,200,17175.763443
5789.008214,0.87,0.875,200,17180.398185
5773.338714,0.865,0.865,200,17184.984214
5771.747449,0.855,0.86,200,17189.643512
5703.735029,0.83,0.835,200,17194.304082
5699.75849,0.82,0.82,200,17198.718742
5490.119193,0.87,0.875,200,17203.456999
5792.653266,0.87,0.88,200,17208.279401
5247.674728,0.875,0.885,200,17213.103369
5777.209698,0.87,0.87,200,17219.999535
5771.21041,0.855,0.86,200,17224.695848
5696.981612,0.805,0.81,200,17229.420745
5697.697688,0.81,0.81,200,17234.163097
5732.283685,0.87,0.87,200,17238.844122
5697.249486,0.81,0.81,200,17243.63034
5602.896183,0.855,0.855,200,17248.362568
5191.626876,0.73,0.76,200,17253.176981
5767.859101,0.85,0.86,200,17257.915091
5687.639034,0.845,0.845,200,17262.608524
5666.829249,0.85,0.855,200,17269.719558
5458.785323,0.865,0.865,200,17274.453095
5379.523446,0.855,0.87,200,17279.187312
5708.81753,0.84,0.84,200,17283.798277
5753.360203,0.855,0.855,200,17288.482997
5686.510772,0.855,0.855,200,17293.229201
5743.486041,0.855,0.865,200,17298.054182
5533.430859,0.87,0.87,200,17302.8092
5695.04511,0.84,0.845,200,17307.588626
5631.335239,0.805,0.82,200,17312.234989
5677.741606,0.85,0.85,200,17319.209213
5705.32244,0.84,0.855,200,17323.95772
4584.897816,0.38,0.395,200,17328.514865
5645.401602,0.86,0.865,200,17333.268971
5573.12238,0.885,0.885,200,17338.019003
5754.699564,0.86,0.86,200,17342.718004
5716.729765,0.86,0.865,200,17347.532125
5782.739128,0.845,0.86,200,17352.28244
4848.921421,0.885,0.885,200,17356.991519
5735.409149,0.84,0.85,200,17361.721065
5634.336657,0.8,0.82,200,17368.629121
5775.132349,0.855,0.86,200,17373.210363
5706.07853,0.82,0.835,200,17377.817486
5788.710203,0.86,0.87,200,17382.374819
5649.630969,0.81,0.815,200,17387.071407
5759.021675,0.85,0.86,200,17391.701977
5774.510264,0.865,0.865,200,17396.352704
5721.313114,0.84,0.84,200,17401.01539
5695.588013,0.835,0.835,200,17405.478629
5258.889683,0.865,0.865,200,17410.195652
5612.105317,0.825,0.865,200,17416.794163
5778.991138,0.86,0.865,200,17421.341099
5788.626062,0.885,0.89,200,17425.994049
4353.615283,0.88,0.88,200,17430.541404
5789.486454,0.86,0.87,200,17435.200257
5702.687541,0.82,0.82,200,17439.669953
5691.839603,0.805,0.805,200,17444.26166
5636.218777,0.805,0.825,200,17448.695575
5701.486411,0.805,0.82,200,17453.1378
5121.124874,0.855,0.865,200,17457.527505
5727.786686,0.85,0.875,200,17464.309638
5774.760349,0.855,0.865,200,17468.921494
5051.045181,0.87,0.87,200,17473.350235
5670.052453,0.85,0.875,200,17477.9376
5784.124742,0.855,0.865,200,17482.486178
5726.827264,0.85,0.85,200,17486.920585
5789.259907,0.86,0.87,200,17491.522121
5448.05764,0.87,0.87,200,17495.935193
5676.464641,0.86,0.86,200,17500.463152
5062.115344,0.72,0.73,200,17504.824557
5656.198647,0.845,0.855,200,17511.457767
5689.64903,0.835,0.835,200,17515.957532
5794.34397,0.88,0.88,200,17520.546703
5770.587022,0.845,0.86,200,17525.158308
5791.569563,0.855,0.875,200,17529.7007
5679.374725,0.835,0.86,200,17534.323427
5768.842996,0.85,0.86,200,17538.898628
5682.269011,0.8,0.8,200,17543.483012
5712.340501,0.855,0.875,200,17548.069017
5695.723154,0.835,0.835,200,17552.74943
5621.863742,0.865,0.89,200,17559.515482
5650.854245,0.81,0.815,200,17564.136031
5777.026482,0.86,0.865,200,17568.766936
5685.592408,0.855,0.87,200,17573.338277
5691.370802,0.83,0.845,200,17578.020388
5326.534465,0.885,0.885,200,17582.523901
5754.509321,0.86,0.87,200,17587.100308
5657.219717,0.86,0.87,200,17591.78529
5760.26956,0.85,0.85,200,17596.277447
5678.196595,0.86,0.875,200,17600.956261
5442.365966,0.88,0.88,200,17607.848318
5598.155603,0.855,0.86,200,17612.48778
5709.412855,0.835,0.84,200,17617.127486
5755.457367,0.86,0.87,200,17621.722036
5695.674991,0.84,0.84,200,17626.275456
5707.680762,0.83,0.835,200,17630.870781
5797.050356,0.87,0.88,200,17635.487055
5699.607003,0.85,0.85,200,17640.029778
5728.56406,0.85,0.855,200,17644.68854
5648.862122,0.865,0.875,200,17649.39923
4386.160437,0.88,0.88,200,17656.292267
5746.137406,0.875,0.88,200,17660.938208
5650.18858,0.845,0.865,200,17665.572782
5741.845926,0.84,0.85,200,17670.09472
5311.812469,0.865,0.87,200,17674.53508
5771.759893,0.855,0.86,200,17679.065238
5714.038202,0.825,0.83,200,17683.708959
5782.401121,0.86,0.865,200,17688.34513
5734.029569,0.865,0.87,200,17693.085704
5746.177671,0.85,0.855,200,17697.750573
5280.936923,0.865,0.865,200,17704.483944
5719.48232,0.865,0.87,200,17709.086339
5683.516675,0.86,0.875,200,17713.534108
5712.41547,0.83,0.84,200,17718.165346
5592.909306,0.865,0.865,200,17722.686189
4889.941861,0.575,0.62,200,17727.227142
4824.780144,0.65,0.685,200,17731.715382
5677.037983,0.85,0.85,200,17736.296786
5796.030712,0.88,0.88,200,17740.815021
5128.766645,0.56,0.585,200,17745.181813
5721.71574,0.875,0.885,200,17751.846587
5779.550803,0.88,0.88,200,17756.436653
5774.126259,0.85,0.86,200,17761.037407
4045.512492,0.585,0.62,200,17765.500977
5780.9045,0.85,0.865,200,17770.037958
5684.182495,0.855,0.865,200,17774.454447
4485.672669,0.885,0.885,200,17779.067886
5709.64916,0.82,0.825,200,17783.72365
5659.531021,0.82,0.82,200,17788.295228
5748.201481,0.875,0.88,200,17792.885617
5702.237549,0.81,0.81,200,17799.682041
4966.183833,0.885,0.885,200,17804.30417
4759.502808,0.865,0.875,200,17808.93439
5658.861349,0.865,0.865,200,17813.468063
5734.777235,0.855,0.855,200,17818.005778
5769.59219,0.865,0.865,200,17822.527682
5521.230543,0.86,0.875,200,17827.164469
5620.030405,0.86,0.865,200,17831.722327
5034.327904,0.88,0.88,200,17836.380552
5747.725797,0.86,0.87,200,17840.823388
5744.75363,0.85,0.85,200,17847.564702
5698.76858,0.81,0.81,200,17852.036159
5686.104501,0.85,0.85,200,17856.511878
5332.963666,0.845,0.885,200,17860.978375
5793.570796,0.865,0.875,200,17865.498313
5702.406745,0.845,0.845,200,17870.066616
5705.52997,0.845,0.85,200,17874.592717
5531.699453,0.87,0.87,200,17879.24776
5694.085031,0.865,0.875,200,17883.704653
5686.179853,0.845,0.85,200,17888.247516
5708.679817,0.825,0.83,200,17894.844163
5285.474529,0.76,0.76,200,17899.419752
5778.43148,0.875,0.875,200,17904.011191
5756.711917,0.86,0.865,200,17908.526985
5706.507101,0.875,0.875,200,17912.985017
5724.726504,0.835,0.84,200,17917.519436
5722.770134,0.855,0.86,200,17922.170307
5786.873996,0.86,0.87,200,17926.769998
5792.810416,0.885,0.885,200,17931.226581
5776.871191,0.87,0.885,200,17935.713941
5780.133616,0.85,0.87,200,17942.492164
5686.747441,0.815,0.83,200,17946.974019
5793.875283,0.87,0.875,200,17951.511928
5645.834107,0.86,0.865,200,17956.065515
5784.031541,0.87,0.875,200,17960.66293
5715.949861,0.83,0.845,200,17965.294468
5682.794908,0.85,0.85,200,17969.980676
5228.000408,0.87,0.87,200,17974.590122
5618.850796,0.83,0.875,200,17979.022881
5791.229003,0.88,0.88,200,17983.558834
5646.926383,0.855,0.87,200,17990.360688
5701.33036,0.855,0.865,200,17994.861521
5711.391592,0.825,0.83,200,17999.578712
5703.45163,0.85,0.855,200,18004.183426
5759.947883,0.87,0.88,200,18008.878891
5767.844412,0.85,0.85,200,18013.5581
5706.615321,0.82,0.82,200,18018.156067
5703.9413,0.85,0.85,200,18022.582048
5787.082295,0.875,0.88,200,18027.096338
5678.494921,0.84,0.85,200,18031.512779
5587.581378,0.85,0.885,200,18038.311868
5733.205371,0.875,0.885,200,18042.980729
5709.282597,0.85,0.855,200,18047.565119
5592.789393,0.85,0.85,200,18052.103573
5434.943768,0.87,0.875,200,18056.593538
5336.335365,0.855,0.875,200,18061.189107
5810.482898,0.885,0.895,200,18065.744134
5646.881011,0.805,0.81,200,18070.216869
5735.944671,0.83,0.845,200,18074.668763
5706.915988,0.825,0.825,200,18079.206383
5760.616805,0.86,0.86,200,18085.783333
5717.655793,0.83,0.83,200,18090.210513
5694.966367,0.81,0.81,200,18094.594284
5759.964935,0.875,0.88,200,18098.771864
3988.936033,0.37,0.395,200,18102.922542
5700.783174,0.855,0.855,200,18107.239442
5657.623929,0.825,0.825,200,18111.757062
5734.806702,0.86,0.865,200,18116.38414
5803.614018,0.875,0.88,200,18121.057603
5780.05874,0.865,0.87,200,18125.76755
5061.029284,0.855,0.875,200,18132.833579
5690.487898,0.785,0.81,200,18137.406891
5685.520034,0.855,0.86,200,18141.906439
5693.514528,0.8,0.81,200,18146.417037
5176.674709,0.87,0.87,200,18150.994519
5510.969272,0.84,0.845,200,18155.607678
5788.653317,0.88,0.88,200,18160.198408
5791.015688,0.88,0.88,200,18164.703194
5794.447019,0.885,0.885,200,18169.144618
5702.697233,0.865,0.865,200,18173.657672
5758.862523,0.855,0.855,200,18180.39044
5682.083159,0.835,0.845,200,18184.927303
5710.049143,0.82,0.825,200,18189.453788
5699.172544,0.83,0.835,200,18193.911769
5777.867957,0.865,0.865,200,18198.362517
5546.774726,0.855,0.86,200,18202.577963
5775.828038,0.875,0.88,200,18206.909654
5794.854745,0.875,0.88,200,18211.161238
5775.147132,0.87,0.875,200,18215.718383
5292.86568,0.87,0.87,200,18220.257479
5737.406153,0.875,0.885,200,18227.144196
5773.369339,0.875,0.875,200,18231.763301
5643.750661,0.82,0.825,200,18236.355282
5781.595906,0.875,0.875,200,18241.02342
5787.622398,0.88,0.88,200,18245.563835
5750.18617,0.85,0.85,200,18250.074495
5782.388145,0.87,0.87,200,18254.758149
5701.533744,0.855,0.865,200,18259.340306
5554.169827,0.845,0.845,200,18264.030653
5741.218821,0.85,0.85,200,18268.651081
5690.663609,0.835,0.835,200,18275.234316
5414.025694,0.875,0.875,200,18279.813293
5553.571389,0.845,0.86,200,18284.436515
5752.090142,0.855,0.855,200,18289.078283
5782.943143,0.865,0.87,200,18293.780723
5691.872256,0.855,0.86,200,18298.466175
5497.498835,0.89,0.89,200,18303.148671
5236.823111,0.86,0.87,200,18307.701319
5566.083527,0.88,0.88,200,18312.329091
5731.945847,0.87,0.875,200,18317.025984
5780.832807,0.865,0.865,200,18323.91293
4920.075437,0.885,0.885,200,18328.580338
5269.759117,0.72,0.74,200,18333.16186
5768.477875,0.86,0.86,200,18337.848399
5705.549912,0.81,0.825,200,18342.508235
5736.673659,0.855,0.865,200,18347.121347
5591.414202,0.875,0.895,200,18351.904897
5388.300139,0.88,0.885,200,18356.701579
5683.343317,0.865,0.865,200,18361.352773
5692.190593,0.84,0.845,200,18366.078809
5676.773254,0.845,0.85,200,18373.061211
5624.359471,0.815,0.82,200,18377.653272
4726.927592,0.88,0.88,200,18382.430585
5781.272217,0.875,0.875,200,18387.236245
5728.936363,0.835,0.845,200,18391.993377
5448.116085,0.875,0.875,200,18396.836037
5772.866923,0.87,0.87,200,18401.418153
5783.919485,0.865,0.87,200,18406.04759
5553.64483,0.875,0.875,200,18410.693204
5713.755082,0.815,0.825,200,18415.386841
5764.899571,0.865,0.87,200,18422.136794
5726.240328,0.84,0.85,200,18426.607278
5591.957152,0.845,0.87,200,18431.158583
5710.036374,0.83,0.83,200,18435.795751
5671.05465,0.83,0.83,200,18440.473871
5415.341553,0.87,0.875,200,18445.12899
5451.907193,0.875,0.875,200,18449.827254
5750.408574,0.855,0.855,200,18454.469117
5699.659215,0.86,0.865,200,18459.271785
5767.585963,0.865,0.865,200,18463.963408
5723.952351,0.87,0.895,200,18470.747322
5787.438396,0.865,0.87,200,18475.391659
5695.681347,0.815,0.815,200,18480.099171
5699.49686,0.845,0.845,200,18484.862619
5708.810924,0.85,0.85,200,18489.557969
5705.553691,0.86,0.87,200,18494.302001
5765.440428,0.855,0.855,200,18498.973794
5716.321681,0.84,0.845,200,18503.692304
5364.467107,0.875,0.875,200,18508.301144
5713.016856,0.825,0.835,200,18512.928394
5659.961063,0.83,0.83,200,18519.813651
5737.344256,0.865,0.875,200,18524.483671
5717.182206,0.835,0.835,200,18529.251596
5686.391292,0.805,0.805,200,18533.998111
4824.354746,0.875,0.88,200,18538.601655
5702.66174,0.855,0.885,200,18543.226768
5764.303412,0.86,0.86,200,18547.817122
5713.070172,0.87,0.875,200,18552.385062
5742.269872,0.845,0.855,200,18556.869709
5600.262158,0.86,0.86,200,18561.178478
5710.15764,0.83,0.83,200,18567.993074
5763.774878,0.85,0.855,200,18572.56202
5691.366843,0.86,0.87,200,18577.224304
5708.680802,0.83,0.83,200,18581.826365
5688.760743,0.845,0.855,200,18586.47172
5703.954263,0.86,0.87,200,18591.242007
4401.500967,0.88,0.885,200,18595.90659
5350.128185,0.875,0.88,200,18600.651311
5448.286964,0.86,0.87,200,18605.299275
5710.622341,0.86,0.86,200,18609.844218
4335.336156,0.495,0.54,200,18616.741576
5737.129684,0.865,0.875,200,18621.4758
5234.209337,0.715,0.755,200,18626.173527
5667.375909,0.81,0.82,200,18630.840305
5702.304462,0.84,0.85,200,18635.624303
5705.704658,0.845,0.845,200,18640.287468
5727.734891,0.87,0.88,200,18644.89414
5785.18105,0.86,0.87,200,18649.421748
5687.012389,0.835,0.835,200,18653.837013
5260.073867,0.87,0.87,200,18658.273618
5688.428829,0.805,0.815,200,18664.855747
5713.086067,0.835,0.84,200,18669.317275
5704.456741,0.85,0.855,200,18673.787329
5336.695547,0.86,0.865,200,18678.141212
5704.369842,0.82,0.82,200,18682.625185
5658.811419,0.85,0.895,200,18687.113765
5734.31103,0.86,0.87,200,18691.606305
5756.599618,0.84,0.87,200,18696.216925
5786.515409,0.88,0.885,200,18700.771749
5709.162439,0.85,0.855,200,18705.293081
5795.695289,0.88,0.88,200,18712.074203
5753.055767,0.86,0.87,200,18716.628523
5615.811995,0.855,0.86,200,18721.116183
5711.161372,0.825,0.825,200,18725.609211
5705.88986,0.85,0.85,200,18730.078346
5711.091899,0.845,0.845,200,18734.74731
5672.949207,0.855,0.865,200,18739.472347
5673.675561,0.865,0.875,200,18744.01749
5671.929905,0.815,0.83,200,18748.699066
5778.220223,0.855,0.865,200,18753.283969
5743.091215,0.855,0.855,200,18759.882443
5743.653435,0.865,0.865,200,18764.582339
5688.956406,0.855,0.865,200,18769.153562
5631.959618,0.855,0.865,200,18773.812618
5786.325091,0.87,0.88,200,18778.336992
5714.43361,0.845,0.845,200,18782.966941
5291.520665,0.695,0.7,200,18787.653426
5680.692067,0.83,0.83,200,18792.10973
5705.430042,0.85,0.86,200,18796.541119
5112.363318,0.86,0.875,200,18800.907336
5043.275674,0.87,0.87,200,18807.453813
5762.055833,0.885,0.885,200,18811.86833
5663.566672,0.855,0.86,200,18816.36286
5789.004576,0.87,0.88,200,18820.935935
5712.112426,0.855,0.86,200,18825.418992
5714.004707,0.865,0.87,200,18829.843584
5725.01419,0.845,0.845,200,18834.313204
5688.362758,0.84,0.87,200,18838.751261
5699.491556,0.86,0.865,200,18843.188725
5702.966006,0.81,0.81,200,18847.67301
5758.009834,0.845,0.855,200,18854.655952
5780.059972,0.855,0.865,200,18859.370327
5710.405307,0.84,0.84,200,18863.861144
5692.998413,0.855,0.855,200,18868.341939
5655.619217,0.815,0.82,200,18872.948452
5780.256887,0.875,0.885,200,18877.350705
5710.52048,0.82,0.825,200,18881.818495
5729.34325,0.87,0.885,200,18886.1789
5711.974057,0.835,0.835,200,18890.718438
5779.891314,0.86,0.87,200,18895.288691
5785.622812,0.87,0.885,200,18902.136051
5325.062085,0.86,0.86,200,18906.852008
5689.607994,0.83,0.83,200,18911.290564
5693.978358,0.815,0.815,200,18915.753878
5522.330097,0.865,0.87,200,18920.232741
5785.224254,0.88,0.88,200,18924.758739
5713.964392,0.82,0.825,200,18929.267026
5719.162785,0.84,0.84,200,18933.783217
5679.913689,0.795,0.8,200,18938.26843
5239.365202,0.87,0.875,200,18942.782786
5626.245389,0.805,0.805,200,18949.381318
5699.938688,0.825,0.83,200,18953.866534
5668.77582,0.855,0.855,200,18958.360831
5747.368704,0.85,0.85,200,18963.057695
5773.759227,0.85,0.86,200,18967.836344
5715.528967,0.825,0.83,200,18972.565665
5706.829203,0.83,0.835,200,18977.263508
5686.272098,0.835,0.835,200,18982.040305
5430.79614,0.815,0.86,200,18986.597866
5646.104167,0.86,0.86,200,18991.100949
5686.123887,0.805,0.805,200,18997.967545
5796.104402,0.865,0.88,200,19002.504761
5714.765601,0.87,0.88,200,19007.067056
5724.153216,0.84,0.84,200,19011.559114
5779.14712,0.87,0.87,200,19016.144547
4968.875644,0.885,0.885,200,19020.736898
5704.076259,0.84,0.85,200,19025.284013
5763.425646,0.86,0.86,200,19029.845528
5792.798926,0.875,0.88,200,19034.507959
5673.004177,0.8,0.805,200,19039.014386
5688.388924,0.85,0.865,200,19046.000822
5713.957115,0.82,0.825,200,19050.527987
5691.418042,0.8,0.81,200,19055.054808
5717.457026,0.83,0.84,200,19059.736242
5378.971551,0.87,0.87,200,19064.478872
5768.038632,0.845,0.855,200,19068.942827
5235.609359,0.87,0.87,200,19073.433879
5651.563637,0.81,0.825,200,19077.946333
4839.740223,0.875,0.885,200,19082.46273
5703.475951,0.84,0.845,200,19087.032051
5669.981453,0.86,0.87,200,19093.713823
5712.014467,0.855,0.86,200,19098.238308
5500.373375,0.83,0.875,200,19102.771306
5749.101883,0.845,0.88,200,19107.244363
5711.905647,0.835,0.845,200,19111.712974
5708.32947,0.84,0.85,200,19116.218552
5735.595604,0.83,0.85,200,19120.590258
5789.458789,0.875,0.875,200,19125.032816
5780.094036,0.89,0.89,200,19129.665562
5753.194894,0.86,0.86,200,19134.116744
5651.334808,0.855,0.855,200,19140.732756
5475.296408,0.875,0.875,200,19145.27734
5788.232367,0.865,0.875,200,19149.828316
5722.468556,0.875,0.88,200,19154.316293
5714.019172,0.835,0.835,200,19158.869913
5745.839484,0.855,0.855,200,19163.428512
5699.111242,0.85,0.85,200,19167.9481
5661.147589,0.865,0.865,200,19172.406581
5687.445357,0.835,0.835,200,19176.976272
5772.70136,0.865,0.865,200,19181.584241
5625.754145,0.85,0.86,200,19188.476906
5749.766485,0.85,0.85,200,19192.98934
5715.36371,0.835,0.845,200,19197.463269
5670.541559,0.82,0.825,200,19202.108938
5536.891072,0.865,0.865,200,19206.577371
5732.611316,0.85,0.85,200,19211.304628
5726.462834,0.83,0.835,200,19215.825146
5689.983369,0.845,0.85,200,19220.436739
5721.083661,0.855,0.855,200,19224.976171
5739.536632,0.85,0.85,200,19229.491586
5665.896254,0.815,0.82,200,19236.319176
5704.259238,0.835,0.835,200,19240.831059
4940.955029,0.475,0.475,200,19245.393248
5690.715641,0.85,0.855,200,19249.887274
5275.059357,0.87,0.88,200,19254.425856
5711.934618,0.855,0.855,200,19258.993353
5670.621913,0.825,0.825,200,19263.594306
5722.276604,0.855,0.865,200,19268.207221
5795.797657,0.88,0.89,200,19272.78319
5648.705027,0.815,0.815,200,19277.4669
5538.403477,0.835,0.875,200,19284.236337
5713.365014,0.825,0.825,200,19288.798939
5399.221237,0.855,0.855,200,19293.416693
5758.421431,0.86,0.87,200,19298.042975
5780.045058,0.855,0.865,200,19302.648145
5628.428959,0.815,0.815,200,19307.152195
5793.244568,0.88,0.88,200,19311.529968
5773.341881,0.87,0.875,200,19315.963567
5308.08338,0.865,0.885,200,19320.390163
5765.482738,0.875,0.895,200,19324.9015
5750.333321,0.865,0.865,200,19331.564833
5784.231818,0.85,0.87,200,19336.101433
5626.866717,0.81,0.82,200,19340.658251
5739.305131,0.875,0.875,200,19345.289674
5768.032495,0.875,0.875,200,19349.837606
5393.552997,0.88,0.88,200,19354.429278
5795.987726,0.875,0.88,200,19358.750762
5662.678612,0.815,0.82,200,19363.386305
5756.229861,0.86,0.86,200,19367.934709
5692.882249,0.845,0.845,200,19372.416268
5185.610838,0.87,0.88,200,19379.119384
5684.220234,0.85,0.85,200,19383.572147
5764.993438,0.87,0.875,200,19388.109956
5615.605031,0.86,0.865,200,19392.749565
5694.919526,0.805,0.81,200,19397.386762
5714.617561,0.82,0.82,200,19402.012217
5711.306792,0.84,0.84,200,19406.568689
5763.423846,0.865,0.88,200,19410.989512
5775.780827,0.865,0.865,200,19415.734323
5539.511518,0.86,0.86,200,19420.363575
5767.018598,0.87,0.88,200,19427.151241
5738.830812,0.86,0.87,200,19431.681555
5749.825822,0.86,0.87,200,19436.354676
5648.329879,0.855,0.885,200,19440.996416
5778.343271,0.88,0.885,200,19445.644376
5794.619419,0.89,0.89,200,19450.319766
5780.329651,0.86,0.86,200,19455.01666
5759.105176,0.85,0.855,200,19459.547894
5700.584993,0.815,0.815,200,19464.046469
5702.994224,0.81,0.81,200,19468.71301
5144.220616,0.86,0.865,200,19475.71682
5718.110923,0.85,0.85,200,19480.397444
5753.230255,0.85,0.85,200,19485.036593
5741.867066,0.85,0.85,200,19489.752106
5721.39786,0.825,0.84,200,19494.38237
5703.833021,0.825,0.825,200,19498.998559
5704.446233,0.82,0.82,200,19503.661996
5739.937623,0.845,0.845,200,19508.389627
5698.714385,0.815,0.815,200,19513.000987
5793.403067,0.88,0.88,200,19517.699207
5753.500484,0.87,0.88,200,19524.557709
5705.051588,0.85,0.855,200,19529.242834
5705.692381,0.805,0.815,200,19533.759953
5664.236737,0.865,0.875,200,19538.432045
4741.366049,0.625,0.65,200,19543.081637
5700.38538,0.825,0.825,200,19547.721564
5713.278328,0.81,0.825,200,19552.395083
5779.454061,0.87,0.89,200,19556.935663
5722.647739,0.875,0.88,200,19561.509559
5791.061779,0.875,0.88,200,19566.089184
5420.432944,0.865,0.865,200,19572.676979
5645.03215,0.86,0.865,200,19577.308844
5681.926181,0.87,0.87,200,19581.860589
5773.746261,0.855,0.86,200,19586.44687
5767.849205,0.85,0.85,200,19591.077024
5543.911014,0.88,0.88,200,19595.840246
5719.899979,0.83,0.83,200,19600.496958
5544.074859,0.825,0.855,200,19605.089303
5193.076442,0.86,0.875,200,19609.77863
5751.89437,0.885,0.885,200,19614.571045
5757.17929,0.86,0.87,200,19621.46162
5809.238445,0.88,0.89,200,19625.943642
5614.30128,0.86,0.88,200,19630.630927
5711.964402,0.825,0.83,200,19635.204558
5756.834886,0.84,0.855,200,19639.953072
5687.280263,0.825,0.825,200,19644.564795
5101.018508,0.66,0.665,200,19649.246382
5709.200062,0.825,0.84,200,19653.951646
5748.287926,0.85,0.85,200,19658.672625
5777.151866,0.88,0.88,200,19663.327896
5776.355801,0.86,0.865,200,19670.171678
5628.714726,0.85,0.875,200,19674.891893
5648.435978,0.85,0.85,200,19679.543301
5707.205205,0.835,0.835,200,19684.121043
5709.211543,0.85,0.87,200,19688.620082
5753.604015,0.855,0.855,200,19693.266595
5657.138891,0.82,0.825,200,19697.76648
5693.999448,0.85,0.855,200,19702.368148
5784.306596,0.865,0.865,200,19707.016438
5708.307494,0.82,0.82,200,19711.603154
5754.15905,0.855,0.855,200,19718.39233
5781.828766,0.875,0.875,200,19723.015501
5698.080994,0.83,0.83,200,19727.529331
5738.428591,0.85,0.865,200,19732.231155
5673.278746,0.815,0.83,200,19736.734046
5666.600098,0.845,0.845,200,19741.295408
5797.558178,0.885,0.885,200,19745.851391
4753.002482,0.715,0.735,200,19750.568042
5707.073505,0.82,0.82,200,19755.163209
5741.396237,0.845,0.845,200,19759.848724
5785.591089,0.875,0.88,200,19766.730185
5790.978865,0.875,0.88,200,19771.29258
5205.055464,0.86,0.865,200,19776.034858
5708.374569,0.815,0.82,200,19780.737141
5774.886446,0.865,0.865,200,19785.336937
5769.518761,0.87,0.88,200,19789.867701
5776.894018,0.855,0.865,200,19794.508589
5622.138438,0.855,0.86,200,19799.125106
5721.463703,0.85,0.855,200,19803.868447
5728.182024,0.87,0.875,200,19808.557648
5729.005278,0.88,0.89,200,19815.647711
5294.568586,0.86,0.86,200,19820.445249
5757.170301,0.855,0.855,200,19825.159152
5793.946052,0.885,0.885,200,19829.792505
5709.995591,0.865,0.865,200,19834.516221
5669.697374,0.825,0.825,200,19839.177449
5772.924368,0.865,0.88,200,19843.754077
5713.148107,0.845,0.845,200,19848.457974
5745.533607,0.87,0.87,200,19853.05586
4681.92663,0.89,0.89,200,19857.771528
5793.642607,0.87,0.875,200,19864.369129
5675.911619,0.865,0.865,200,19868.782242
5709.29002,0.835,0.84,200,19873.391589
5430.549077,0.88,0.88,200,19877.846708
5727.814052,0.835,0.845,200,19882.237662
5670.768209,0.85,0.86,200,19886.698387
5722.519584,0.835,0.845,200,19891.253049
5691.307222,0.855,0.86,200,19895.818012
5776.890163,0.85,0.87,200,19900.40434
4268.69792,0.505,0.53,200,19905.039927
5726.165111,0.83,0.84,200,19911.952856
5692.177895,0.83,0.83,200,19916.400705
5707.014093,0.87,0.88,200,19920.965102
5722.233997,0.845,0.845,200,19925.403968
5703.03476,0.815,0.815,200,19930.068626
5717.341352,0.835,0.835,200,19934.737185
5699.533162,0.84,0.85,200,19939.491029
5779.156607,0.875,0.875,200,19944.171722
5481.023066,0.865,0.875,200,19948.83784
5701.797601,0.825,0.835,200,19953.472805
5716.504626,0.855,0.855,200,19960.398003
5320.301891,0.88,0.885,200,19965.137522
5709.132566,0.84,0.84,200,19969.906219
5711.168592,0.805,0.825,200,19974.601804
5757.504539,0.87,0.875,200,19979.304983
5681.262307,0.795,0.805,200,19983.942225
5698.875407,0.84,0.855,200,19988.464229
5791.733875,0.865,0.87,200,19993.163133
5712.166324,0.855,0.855,200,19997.707963
5778.027132,0.855,0.865,200,20002.392766
5557.647527,0.865,0.875,200,20009.243151
5723.861089,0.845,0.87,200,20013.752131
5600.458929,0.805,0.85,200,20018.498411
5708.451717,0.83,0.845,200,20023.229192
5598.178967,0.85,0.855,200,20027.812549
5754.559046,0.86,0.86,200,20032.479464
5495.04245,0.845,0.88,200,20037.076475
4841.90407,0.715,0.715,200,20041.725891
5721.553555,0.835,0.835,200,20046.325941
5720.690226,0.84,0.84,200,20050.765012
5790.296698,0.865,0.875,200,20057.40806
5755.448364,0.845,0.855,200,20062.036691
5801.799029,0.875,0.885,200,20066.586372
4979.183598,0.675,0.675,200,20071.184481
5683.982248,0.85,0.875,200,20075.79167
5622.561863,0.845,0.885,200,20080.39097
5793.200699,0.88,0.88,200,20085.108697
5746.454951,0.855,0.855,200,20089.615373
5785.060899,0.88,0.88,200,20094.096191
5648.46583,0.81,0.815,200,20098.651412
5439.265468,0.87,0.88,200,20105.515142
5688.599568,0.855,0.86,200,20110.019027
5783.531683,0.87,0.87,200,20114.657845
5769.250675,0.88,0.88,200,20119.382937
5794.609789,0.885,0.885,200,20123.999466
5703.846819,0.845,0.845,200,20128.671662
5712.144114,0.85,0.855,200,20133.163484
5659.608191,0.82,0.82,200,20137.434473
5707.726615,0.82,0.83,200,20142.016191
5763.078757,0.86,0.86,200,20146.560682
5477.013711,0.885,0.885,200,20153.413206
5706.362296,0.835,0.845,200,20157.855786
5758.08896,0.86,0.885,200,20162.391119
5761.034457,0.87,0.895,200,20166.872762
5672.169634,0.85,0.85,200,20171.47171
5326.866206,0.87,0.875,200,20176.082834
5774.728758,0.87,0.87,200,20180.71108
5755.137854,0.86,0.865,200,20185.356223
5770.29397,0.87,0.87,200,20189.950427
5014.940065,0.87,0.87,200,20194.568931
5769.045215,0.845,0.86,200,20201.547626
5733.913556,0.85,0.85,200,20206.119618
5717.120808,0.845,0.845,200,20210.545515
5470.083128,0.81,0.87,200,20215.014168
5777.893743,0.86,0.86,200,20219.64783
5795.014829,0.875,0.88,200,20224.213688
5786.411689,0.865,0.88,200,20228.889713
5774.73392,0.86,0.87,200,20233.439976
5678.550384,0.83,0.83,200,20238.000778
4787.673636,0.495,0.51,200,20242.518629
