# {"t_start": 1757073747.5986838, "env_id": "graff-v0"} 
r,obj_lift,obj_grab,l,t
5754.468594,0.87,0.88,200,8.508588
5742.995729,0.845,0.845,200,13.122842
5164.220486,0.485,0.49,200,17.814471
5726.102427,0.835,0.84,200,22.490017
4774.285157,0.87,0.87,200,27.154747
5733.325819,0.825,0.845,200,31.839273
2777.086812,0.895,0.895,200,36.598804
5724.665576,0.86,0.865,200,41.34743
5665.95906,0.815,0.815,200,46.175471
5679.117963,0.78,0.795,200,50.998989
5565.328738,0.79,0.805,200,58.202723
3078.954613,0.865,0.865,200,63.032301
5671.297569,0.815,0.82,200,67.804499
3970.388487,0.87,0.87,200,72.498012
2560.168074,0.865,0.865,200,77.099653
5742.590713,0.85,0.86,200,81.92063
5696.809343,0.815,0.82,200,86.699339
5749.291241,0.85,0.865,200,91.467516
5724.002394,0.83,0.84,200,96.305643
5748.031326,0.825,0.855,200,101.018051
5771.098165,0.855,0.87,200,108.031855
4389.369136,0.835,0.855,200,112.942448
5758.870408,0.865,0.87,200,117.672214
4666.679312,0.84,0.855,200,122.462178
5736.239626,0.84,0.845,200,127.237789
2988.987543,0.85,0.865,200,132.078616
5676.247139,0.79,0.8,200,136.863099
5742.740826,0.845,0.845,200,141.459033
4014.989789,0.84,0.86,200,146.17782
5540.701201,0.8,0.8,200,150.71851
3322.351424,0.855,0.865,200,157.966049
2778.92515,0.855,0.87,200,162.648171
4723.790213,0.82,0.825,200,167.386073
4538.964314,0.82,0.84,200,172.076475
5621.129238,0.8,0.81,200,176.695091
5522.8723,0.795,0.805,200,181.420039
5647.231215,0.8,0.805,200,186.080054
5578.965624,0.795,0.81,200,190.719172
5471.232535,0.81,0.815,200,195.562301
2783.93593,0.885,0.885,200,200.405339
5750.064186,0.855,0.86,200,207.189316
4706.913977,0.825,0.84,200,211.956366
5688.095735,0.805,0.815,200,216.532403
4333.918446,0.375,0.395,200,221.228064
3281.587406,0.86,0.87,200,226.072128
5761.684953,0.86,0.87,200,230.821739
4340.744903,0.88,0.885,200,235.632923
5525.660962,0.78,0.795,200,240.348359
5554.296938,0.8,0.8,200,245.146167
4017.005577,0.885,0.89,200,249.935302
5712.159742,0.83,0.84,200,256.973722
5255.174182,0.8,0.82,200,261.74902
5631.320115,0.795,0.82,200,266.510894
3117.131626,0.855,0.87,200,271.277623
5756.248883,0.86,0.865,200,276.015078
5667.135763,0.785,0.795,200,280.653534
5049.704926,0.23,0.23,200,285.208315
5718.141189,0.865,0.87,200,289.897354
5722.080387,0.825,0.84,200,294.733471
4909.357969,0.825,0.85,200,299.64719
4388.204639,0.885,0.885,200,307.017408
5748.866472,0.855,0.855,200,311.80652
5746.501169,0.84,0.855,200,316.617086
3048.00739,0.865,0.865,200,321.468326
5076.110405,0.875,0.88,200,326.304255
5631.467368,0.785,0.8,200,331.152202
5477.424707,0.77,0.78,200,335.953762
4919.2831,0.81,0.835,200,340.825738
5712.047439,0.835,0.835,200,345.724095
5644.563113,0.815,0.82,200,350.518088
5639.136713,0.8,0.81,200,357.763629
5729.475076,0.83,0.845,200,362.558348
4123.809841,0.83,0.86,200,367.379946
4211.024687,0.84,0.86,200,372.194403
3817.491512,0.875,0.875,200,376.917636
5639.084339,0.79,0.795,200,381.723226
5021.508275,0.805,0.82,200,386.573604
5700.412348,0.845,0.855,200,391.23508
5655.03715,0.8,0.82,200,395.807935
5651.59008,0.8,0.805,200,400.548188
4605.233951,0.8,0.83,200,407.685825
2877.434335,0.86,0.86,200,412.566585
3247.485964,0.18,0.185,200,417.373477
4623.464433,0.82,0.83,200,422.228317
5665.21345,0.79,0.795,200,427.07606
5440.999228,0.775,0.78,200,431.900966
5753.73607,0.855,0.865,200,436.801084
5718.04757,0.825,0.83,200,441.622592
5407.693822,0.755,0.765,200,446.554291
5742.113825,0.835,0.855,200,451.322512
3170.613837,0.84,0.855,200,458.295979
5556.01169,0.8,0.805,200,463.183566
2523.564648,0.885,0.885,200,468.017639
5743.33442,0.835,0.85,200,472.846916
3467.552362,0.865,0.865,200,477.616018
2613.902893,0.86,0.86,200,482.477084
5747.969348,0.835,0.85,200,487.337911
2684.056692,0.86,0.86,200,492.186542
4301.363136,0.83,0.845,200,496.847049
5742.299186,0.85,0.875,200,501.597802
4425.564422,0.84,0.85,200,508.701448
5581.524346,0.79,0.795,200,513.569974
5750.943311,0.85,0.87,200,518.475785
4499.803963,0.84,0.84,200,523.259311
5690.262002,0.805,0.83,200,527.967679
5782.922483,0.87,0.89,200,532.747728
4268.603444,0.84,0.86,200,537.403676
5659.918966,0.795,0.795,200,542.136488
5624.196143,0.8,0.81,200,546.955923
4744.958159,0.7,0.7,200,551.81314
5743.859107,0.84,0.85,200,558.779397
3106.563579,0.86,0.87,200,563.557908
4880.055907,0.835,0.84,200,568.461511
3167.798012,0.865,0.875,200,573.224752
5746.326591,0.87,0.88,200,578.084692
5590.536066,0.77,0.77,200,582.659031
5731.51361,0.87,0.87,200,587.272659
5581.919031,0.8,0.81,200,592.077361
5678.413811,0.81,0.825,200,596.834139
2900.581593,0.865,0.865,200,601.5403
4257.631889,0.84,0.86,200,608.464672
2609.418335,0.86,0.86,200,613.285093
3757.321345,0.885,0.885,200,618.057802
5712.463918,0.86,0.87,200,622.727422
5730.538346,0.87,0.87,200,627.397553
4761.793439,0.86,0.86,200,632.270151
3696.340981,0.55,0.55,200,637.020644
5706.446692,0.825,0.83,200,641.658503
5652.975763,0.81,0.825,200,646.416005
5502.694029,0.79,0.79,200,651.253406
4918.029028,0.83,0.845,200,658.318542
5631.987787,0.77,0.775,200,663.150639
5753.06327,0.855,0.855,200,667.837343
4702.560678,0.395,0.4,200,672.635631
5523.512415,0.795,0.795,200,677.300637
5651.502712,0.81,0.825,200,682.068892
4015.699892,0.13,0.15,200,686.701936
5742.069127,0.845,0.845,200,691.386043
5736.43657,0.865,0.88,200,696.128708
5295.099711,0.82,0.82,200,700.840385
3063.516198,0.86,0.87,200,707.596663
4641.527488,0.825,0.84,200,712.365931
5413.021814,0.815,0.815,200,717.050931
5658.975404,0.795,0.805,200,721.863466
5293.116295,0.825,0.835,200,726.594065
4828.068284,0.82,0.83,200,731.429409
5589.025799,0.795,0.8,200,736.092921
5214.220328,0.665,0.67,200,740.857574
5645.979901,0.785,0.8,200,745.605362
5507.074511,0.785,0.795,200,750.390823
4767.343314,0.815,0.835,200,757.338398
5447.335606,0.77,0.77,200,762.093529
3939.287174,0.85,0.86,200,766.931052
2937.171885,0.855,0.865,200,771.64377
5662.111499,0.8,0.825,200,776.239185
5220.049226,0.79,0.82,200,780.853271
3150.488287,0.855,0.865,200,785.453897
5683.741586,0.825,0.825,200,790.252728
5646.697073,0.82,0.82,200,795.072697
5693.596529,0.825,0.825,200,799.918267
5642.930251,0.81,0.825,200,806.912709
5436.33015,0.765,0.77,200,811.772262
5738.512788,0.84,0.845,200,816.636174
5702.120194,0.82,0.835,200,821.516548
5593.697241,0.825,0.825,200,826.249414
5686.999114,0.82,0.83,200,830.996167
5712.953166,0.86,0.86,200,835.685952
5002.124549,0.75,0.765,200,840.52272
4029.104494,0.865,0.865,200,845.327269
5660.824735,0.805,0.825,200,850.127408
5615.724336,0.775,0.775,200,857.200624
2261.557601,0.135,0.14,200,861.925852
2884.804511,0.865,0.87,200,866.774369
5476.282954,0.765,0.765,200,871.525477
3784.334137,0.465,0.465,200,876.317444
5724.1597,0.825,0.835,200,881.145387
5655.099555,0.85,0.855,200,886.02715
3439.237275,0.485,0.49,200,890.824494
5659.267962,0.855,0.855,200,895.62205
5748.601225,0.85,0.85,200,900.445837
4142.424519,0.82,0.845,200,907.248864
5737.293809,0.835,0.84,200,911.880725
5649.102373,0.76,0.79,200,916.586096
4951.884524,0.815,0.83,200,921.414602
5654.041271,0.81,0.815,200,926.256012
4129.043918,0.815,0.84,200,930.995444
5650.355375,0.845,0.845,200,935.776351
3368.903007,0.84,0.86,200,940.556708
5155.69521,0.56,0.56,200,945.306482
5631.095818,0.78,0.78,200,950.187859
4745.829741,0.83,0.84,200,957.285529
5654.133099,0.785,0.79,200,962.067551
2734.694775,0.86,0.87,200,966.876912
5189.694269,0.845,0.86,200,971.709098
4250.361096,0.805,0.84,200,976.56546
3835.882681,0.835,0.845,200,981.308383
5645.276553,0.81,0.815,200,986.033669
2928.276532,0.875,0.875,200,990.656402
5489.523729,0.785,0.785,200,995.312586
5582.834371,0.855,0.855,200,1000.035783
4159.030757,0.83,0.845,200,1007.044063
4318.833474,0.835,0.84,200,1011.78994
5737.047963,0.845,0.855,200,1016.669097
5726.084885,0.825,0.83,200,1021.342362
5652.732423,0.795,0.8,200,1025.96345
2972.361724,0.01,0.01,200,1030.637599
5751.685868,0.855,0.855,200,1035.351126
4137.636254,0.85,0.855,200,1040.069119
5748.256242,0.84,0.86,200,1044.767718
4636.489033,0.82,0.835,200,1049.653529
2984.641529,0.87,0.87,200,1056.671563
5612.881118,0.815,0.825,200,1061.391286
5626.359416,0.81,0.825,200,1066.111287
5620.493939,0.845,0.855,200,1070.83309
5681.51162,0.815,0.83,200,1075.590699
5688.872173,0.825,0.825,200,1080.395337
5581.409177,0.81,0.81,200,1085.132829
5732.638194,0.845,0.845,200,1089.856897
5620.207129,0.805,0.805,200,1094.666183
5490.845216,0.725,0.725,200,1099.42051
5412.100254,0.81,0.825,200,1106.351907
5744.692698,0.85,0.855,200,1111.110923
5706.504926,0.815,0.84,200,1115.928609
5538.288492,0.805,0.805,200,1120.825333
5668.483113,0.785,0.79,200,1125.740399
4923.986257,0.435,0.44,200,1130.542876
2566.575401,0.105,0.125,200,1135.158729
5717.648588,0.835,0.84,200,1139.855516
5753.026494,0.845,0.855,200,1144.608158
2625.919045,0.3,0.3,200,1149.450672
5627.157142,0.765,0.765,200,1156.633474
5746.941124,0.845,0.845,200,1161.400981
5561.259083,0.805,0.82,200,1166.014477
5648.890342,0.795,0.8,200,1170.78696
5737.894655,0.86,0.88,200,1175.500571
4036.154165,0.84,0.85,200,1180.314383
5561.115273,0.815,0.825,200,1185.090453
4193.969642,0.835,0.86,200,1189.934522
4168.52961,0.855,0.86,200,1194.614808
5614.389546,0.8,0.815,200,1199.515988
5438.436922,0.825,0.83,200,1206.690372
5612.846201,0.805,0.805,200,1211.440775
5756.476546,0.855,0.875,200,1216.176005
5675.159817,0.855,0.87,200,1220.901521
4185.311104,0.845,0.865,200,1225.707042
5650.037116,0.81,0.81,200,1230.349822
5659.714059,0.79,0.8,200,1235.152356
5625.611215,0.785,0.785,200,1239.938085
5689.992871,0.855,0.89,200,1244.714317
5753.090362,0.84,0.86,200,1249.489498
2730.279805,0.075,0.08,200,1256.518956
3995.588061,0.815,0.845,200,1261.384738
5633.597485,0.805,0.805,200,1266.088754
5585.064862,0.8,0.81,200,1270.706809
5575.351189,0.795,0.8,200,1275.528814
3208.504642,0.855,0.86,200,1280.242634
4019.691742,0.835,0.84,200,1284.929912
4911.888705,0.475,0.49,200,1289.691698
5697.514964,0.845,0.845,200,1294.301109
4254.708061,0.85,0.85,200,1298.922204
5458.521681,0.78,0.78,200,1305.955363
5756.327377,0.855,0.86,200,1310.751925
4614.50305,0.25,0.255,200,1315.447319
4751.585434,0.84,0.84,200,1320.337358
5665.243939,0.81,0.825,200,1325.252591
5649.967381,0.875,0.88,200,1330.053113
5631.351914,0.815,0.825,200,1334.847029
3404.438242,0.53,0.56,200,1339.73031
5715.224423,0.83,0.84,200,1344.575436
5675.29147,0.81,0.825,200,1349.321492
2730.403772,0.855,0.865,200,1356.144336
5650.948161,0.79,0.795,200,1360.813308
5624.066925,0.8,0.81,200,1365.470184
4115.350529,0.3,0.32,200,1370.229434
5623.759486,0.805,0.82,200,1374.996024
5285.503054,0.61,0.62,200,1379.666513
5751.610857,0.855,0.87,200,1384.475445
4144.79374,0.825,0.845,200,1389.349941
2805.00332,0.86,0.865,200,1394.213197
5491.204387,0.78,0.785,200,1399.08978
4634.109488,0.83,0.83,200,1406.076347
5774.061837,0.865,0.87,200,1410.924374
5708.813195,0.825,0.825,200,1415.67816
5736.047633,0.865,0.875,200,1420.432168
5747.007886,0.855,0.865,200,1425.174652
2570.202705,0.815,0.815,200,1430.012844
4610.856747,0.845,0.845,200,1434.797553
4679.141408,0.76,0.77,200,1439.511293
5718.472718,0.865,0.875,200,1444.210168
5742.132036,0.86,0.86,200,1449.050905
5545.027731,0.795,0.795,200,1456.047986
5735.919155,0.84,0.84,200,1460.799229
3000.828321,0.73,0.735,200,1465.653809
5645.703357,0.825,0.825,200,1470.40876
5559.098305,0.825,0.825,200,1475.082563
5750.946944,0.855,0.88,200,1479.946062
2425.208174,0.71,0.72,200,1484.781417
5636.162299,0.805,0.81,200,1489.56692
3114.321624,0.865,0.865,200,1494.40395
5728.009485,0.855,0.86,200,1499.217624
5656.564269,0.805,0.805,200,1506.407291
5749.448005,0.84,0.845,200,1511.164623
2797.781585,0.87,0.87,200,1515.948785
5643.674226,0.815,0.82,200,1520.696143
3363.608625,0.845,0.86,200,1525.457698
5750.358795,0.84,0.855,200,1530.17434
5511.94094,0.785,0.795,200,1534.835099
5758.118463,0.865,0.87,200,1539.605945
5747.100247,0.845,0.86,200,1544.390994
4298.411143,0.865,0.865,200,1549.145448
5480.519487,0.815,0.815,200,1556.107309
3021.90936,0.855,0.855,200,1560.899323
5531.522937,0.79,0.795,200,1565.709823
5610.440962,0.78,0.78,200,1570.365428
5753.957639,0.855,0.87,200,1575.024348
5746.739625,0.85,0.85,200,1579.841945
4257.551358,0.83,0.86,200,1584.723324
5664.531312,0.805,0.815,200,1589.3459
5754.507174,0.84,0.855,200,1594.091882
5610.029858,0.79,0.795,200,1599.016127
5765.923225,0.84,0.865,200,1605.83393
5015.36909,0.37,0.37,200,1610.492707
3257.789106,0.84,0.855,200,1615.287913
4150.206126,0.835,0.855,200,1620.086669
5622.19032,0.795,0.795,200,1624.882807
2631.288966,0.88,0.885,200,1629.817399
5532.147216,0.8,0.805,200,1634.594207
5622.705268,0.77,0.77,200,1639.37011
5735.923694,0.845,0.845,200,1644.128031
3937.474581,0.85,0.855,200,1648.806942
5764.554661,0.855,0.86,200,1655.74444
5610.057218,0.795,0.8,200,1660.451251
3520.1603,0.84,0.86,200,1665.074858
5718.491795,0.835,0.835,200,1669.906818
4836.859338,0.51,0.51,200,1674.593821
5661.018038,0.8,0.8,200,1679.486682
5485.643324,0.78,0.795,200,1684.303562
5546.886243,0.835,0.855,200,1689.024221
3985.079041,0.87,0.875,200,1693.843556
5635.106012,0.79,0.79,200,1698.554
5673.859402,0.805,0.815,200,1705.642303
5671.09837,0.825,0.83,200,1710.517326
2997.184634,0.87,0.87,200,1715.434213
5738.409467,0.845,0.845,200,1720.4551
5018.544888,0.81,0.84,200,1725.284911
5752.538796,0.86,0.865,200,1730.174319
5716.662295,0.83,0.83,200,1734.996758
2697.45875,0.07,0.07,200,1739.776906
2741.784324,0.865,0.875,200,1744.604481
5760.319222,0.86,0.86,200,1749.326751
5724.956853,0.835,0.845,200,1756.693843
5569.927669,0.79,0.79,200,1761.443048
5652.614441,0.81,0.815,200,1766.332505
3384.498001,0.89,0.89,200,1771.081452
5744.439277,0.85,0.855,200,1775.874993
2589.963086,0.865,0.865,200,1780.662867
5358.471872,0.815,0.815,200,1785.431932
4282.08781,0.845,0.845,200,1790.252093
5768.803311,0.855,0.865,200,1794.967654
5703.697895,0.865,0.875,200,1799.771492
4796.313114,0.815,0.845,200,1806.498741
2471.822686,0.025,0.03,200,1811.235505
4230.759651,0.83,0.84,200,1816.003802
5742.491155,0.855,0.875,200,1820.85918
5483.433955,0.78,0.78,200,1825.678468
5404.379541,0.755,0.755,200,1830.489329
4745.722979,0.82,0.835,200,1835.331616
5506.131737,0.79,0.79,200,1840.024342
5667.223969,0.815,0.815,200,1844.770375
5673.762119,0.805,0.81,200,1849.494909
5755.773297,0.85,0.88,200,1856.50401
4605.058092,0.825,0.84,200,1861.350067
4339.131833,0.82,0.83,200,1866.057752
4516.275132,0.675,0.7,200,1870.841822
4121.71353,0.85,0.855,200,1875.610403
5744.328258,0.85,0.87,200,1880.396367
5737.996821,0.86,0.87,200,1885.137571
5715.969787,0.845,0.845,200,1889.927691
5737.270064,0.84,0.85,200,1894.718571
5739.224258,0.86,0.86,200,1899.52319
5649.443428,0.795,0.795,200,1906.576017
5508.660933,0.83,0.835,200,1911.23714
3859.432132,0.865,0.88,200,1915.909381
4131.389406,0.76,0.76,200,1920.603496
4444.471882,0.815,0.85,200,1925.159782
4586.413969,0.865,0.865,200,1929.930697
5647.022465,0.79,0.795,200,1934.611212
5754.385559,0.855,0.855,200,1939.299077
3334.503134,0.845,0.86,200,1943.889411
5702.333271,0.825,0.825,200,1948.411258
5500.115706,0.79,0.79,200,1955.374665
3401.938219,0.835,0.85,200,1959.854108
5742.486786,0.86,0.875,200,1964.567123
5512.99388,0.78,0.8,200,1969.35943
5671.478329,0.855,0.87,200,1974.050584
5724.430395,0.84,0.84,200,1978.783067
2941.957962,0.845,0.865,200,1983.453079
5179.366233,0.505,0.505,200,1988.088303
3966.497407,0.605,0.605,200,1992.934798
5746.031567,0.845,0.85,200,1997.644252
5742.768387,0.845,0.85,200,2004.701096
5130.606495,0.83,0.835,200,2009.387697
5742.014264,0.845,0.855,200,2014.252261
5663.080078,0.79,0.8,200,2019.07277
4889.568432,0.56,0.57,200,2023.97229
4767.989244,0.83,0.835,200,2028.827125
5624.794976,0.815,0.815,200,2033.724688
4622.178072,0.825,0.85,200,2038.592523
4903.318071,0.82,0.835,200,2043.594659
5699.269145,0.83,0.83,200,2048.458867
4408.447388,0.8,0.83,200,2055.45903
5701.770982,0.83,0.83,200,2060.193859
5758.893678,0.855,0.855,200,2064.974447
5717.170275,0.825,0.83,200,2069.803286
4073.613108,0.81,0.845,200,2074.643356
5606.954164,0.795,0.81,200,2079.545954
5593.70298,0.81,0.81,200,2084.412551
5583.491144,0.8,0.805,200,2089.097497
5522.840616,0.775,0.78,200,2093.749523
5662.361006,0.795,0.795,200,2098.448768
5622.518244,0.815,0.815,200,2105.711919
5619.816487,0.81,0.81,200,2110.546308
3753.379592,0.87,0.87,200,2115.34429
5384.347359,0.83,0.83,200,2120.218199
3189.375166,0.87,0.87,200,2124.965063
5681.132721,0.815,0.83,200,2129.825636
5692.541944,0.79,0.81,200,2134.711843
4529.878062,0.835,0.84,200,2139.498334
5634.441222,0.805,0.815,200,2144.307037
5546.565494,0.795,0.795,200,2149.024693
5554.662178,0.8,0.8,200,2156.026934
5715.46528,0.84,0.84,200,2160.818799
5626.602724,0.815,0.815,200,2165.493456
5490.964729,0.79,0.79,200,2170.222464
4239.260408,0.83,0.845,200,2175.03508
5641.390608,0.795,0.795,200,2179.840451
5690.473866,0.82,0.825,200,2184.647749
5745.506022,0.86,0.87,200,2189.587239
4558.287977,0.83,0.84,200,2194.499623
5065.081153,0.695,0.7,200,2199.34313
5747.19389,0.85,0.85,200,2206.531527
5128.837119,0.82,0.825,200,2211.193678
5261.301984,0.755,0.755,200,2216.031901
5234.538709,0.825,0.83,200,2220.810295
5776.793632,0.88,0.88,200,2225.557132
4533.469834,0.83,0.86,200,2230.308242
3363.925353,0.525,0.53,200,2235.106071
5657.974234,0.795,0.805,200,2239.857913
2772.312059,0.86,0.86,200,2244.694446
5744.025124,0.86,0.875,200,2249.610239
5609.185104,0.82,0.83,200,2256.580987
2537.217959,0.88,0.88,200,2261.288587
4239.265625,0.835,0.845,200,2266.104725
3874.763775,0.84,0.845,200,2270.885912
5640.935676,0.81,0.825,200,2275.581404
3831.255953,0.86,0.86,200,2280.381748
5654.045187,0.775,0.775,200,2285.161453
4123.862759,0.855,0.86,200,2289.835597
5763.592981,0.855,0.865,200,2294.572307
5577.032851,0.79,0.79,200,2299.273841
5753.005237,0.865,0.885,200,2306.310091
5094.662061,0.82,0.825,200,2311.186967
4977.240936,0.825,0.84,200,2316.027407
5710.623331,0.865,0.885,200,2320.818767
4580.974105,0.82,0.85,200,2325.731552
5676.770464,0.815,0.825,200,2330.638126
5663.141171,0.815,0.815,200,2335.381506
5615.590512,0.815,0.815,200,2340.091014
5602.454084,0.805,0.815,200,2344.857375
3532.238706,0.865,0.87,200,2349.587636
3751.361649,0.355,0.375,200,2356.983197
5530.302987,0.805,0.805,200,2361.940956
2955.577358,0.57,0.57,200,2366.708538
5676.662827,0.815,0.815,200,2371.391226
5729.486435,0.83,0.84,200,2376.139469
5716.507034,0.845,0.845,200,2380.926152
2552.194743,0.89,0.895,200,2385.755092
4858.8597,0.635,0.645,200,2390.430439
5570.147323,0.83,0.83,200,2395.207106
4333.799551,0.835,0.855,200,2399.884985
5438.460966,0.81,0.82,200,2407.095166
4371.113624,0.84,0.84,200,2411.89542
5631.982161,0.815,0.815,200,2416.660798
5689.949545,0.82,0.825,200,2421.520227
5639.966419,0.795,0.8,200,2426.292404
4505.897855,0.73,0.75,200,2431.200075
5608.96486,0.805,0.825,200,2435.971715
5670.298825,0.855,0.87,200,2440.76209
4807.364291,0.83,0.84,200,2445.398953
5739.282639,0.85,0.85,200,2450.202599
5687.988757,0.835,0.835,200,2456.967556
5758.789987,0.855,0.855,200,2461.713505
5636.94796,0.82,0.82,200,2466.468772
5744.385458,0.84,0.845,200,2471.165586
5640.77487,0.8,0.825,200,2475.868462
5645.11523,0.79,0.795,200,2480.526634
5752.421307,0.855,0.86,200,2485.278149
5632.138546,0.805,0.81,200,2490.05711
4940.667902,0.815,0.825,200,2494.894448
4908.452002,0.675,0.68,200,2499.711169
5571.514675,0.82,0.82,200,2506.798074
5689.663594,0.82,0.83,200,2511.370347
2908.030894,0.86,0.865,200,2515.97002
5749.391815,0.85,0.85,200,2520.564091
3633.255621,0.86,0.86,200,2525.225466
4090.89634,0.815,0.845,200,2530.027433
5753.888103,0.865,0.87,200,2534.734098
5493.509802,0.79,0.8,200,2539.393127
5676.958562,0.815,0.825,200,2544.268789
5742.705568,0.845,0.85,200,2549.145217
5730.228638,0.855,0.875,200,2556.352697
2646.834832,0.87,0.87,200,2561.196898
5745.665066,0.85,0.85,200,2565.954139
4418.359824,0.86,0.86,200,2570.730001
5639.028686,0.82,0.82,200,2575.484427
5656.380045,0.815,0.82,200,2580.262274
4611.311122,0.875,0.88,200,2585.141133
5750.430715,0.845,0.855,200,2590.041856
5755.435076,0.855,0.86,200,2594.942897
4159.726477,0.84,0.855,200,2599.865311
5376.971592,0.825,0.825,200,2607.026711
5760.594379,0.865,0.87,200,2612.060864
2520.180827,0.865,0.87,200,2617.011817
5509.3268,0.795,0.795,200,2621.824443
5760.98525,0.875,0.875,200,2626.65948
5728.04208,0.85,0.86,200,2631.507783
5743.224839,0.85,0.85,200,2636.269967
4229.341184,0.85,0.865,200,2641.145013
5754.522494,0.85,0.87,200,2645.854326
5760.905146,0.855,0.855,200,2650.725866
5737.975557,0.84,0.85,200,2657.792903
4787.616933,0.83,0.83,200,2662.705342
5744.701356,0.855,0.855,200,2667.488274
5206.276246,0.82,0.82,200,2672.394174
3258.768794,0.88,0.88,200,2677.070055
2664.438794,0.875,0.885,200,2681.931711
4587.139562,0.83,0.845,200,2686.856153
3779.933811,0.23,0.235,200,2691.699665
5740.286221,0.835,0.845,200,2696.540774
5635.069029,0.81,0.82,200,2701.288516
5331.014203,0.83,0.83,200,2708.475803
5756.07951,0.85,0.86,200,2713.231543
5357.390411,0.83,0.83,200,2718.042264
5397.817987,0.8,0.805,200,2722.741209
4969.690476,0.82,0.825,200,2727.514457
5675.779639,0.81,0.825,200,2732.327911
5749.842267,0.845,0.865,200,2737.075211
5606.078012,0.805,0.805,200,2741.833274
5759.029059,0.865,0.865,200,2746.606221
5671.444004,0.805,0.81,200,2751.3756
4889.799856,0.835,0.84,200,2758.280708
5224.030857,0.815,0.815,200,2763.060715
5722.48698,0.83,0.835,200,2767.985562
5701.488312,0.83,0.835,200,2772.859834
5741.69095,0.85,0.85,200,2777.601454
5604.853668,0.82,0.82,200,2782.376523
5757.460677,0.85,0.86,200,2787.149096
5672.716001,0.87,0.87,200,2791.852498
5657.95208,0.81,0.81,200,2796.689868
4487.080344,0.84,0.85,200,2801.42025
5487.159227,0.775,0.79,200,2808.401423
5622.358973,0.82,0.825,200,2813.183988
5594.846787,0.795,0.795,200,2817.890266
5038.613662,0.83,0.845,200,2822.785388
5740.480617,0.845,0.845,200,2827.530638
5084.742327,0.815,0.825,200,2832.282638
3697.390827,0.88,0.885,200,2837.252527
5647.313097,0.8,0.805,200,2842.055572
5691.433381,0.825,0.83,200,2847.037442
3975.292492,0.765,0.775,200,2851.841162
3613.381827,0.865,0.865,200,2858.905584
5610.458053,0.81,0.81,200,2863.914253
5503.954429,0.785,0.8,200,2868.836025
5357.773292,0.87,0.885,200,2873.652753
3482.563505,0.87,0.87,200,2878.48993
5758.240951,0.85,0.86,200,2883.273884
2653.640749,0.855,0.86,200,2888.032824
5659.611321,0.81,0.815,200,2892.920181
5293.370809,0.84,0.84,200,2897.716971
5762.389018,0.85,0.86,200,2902.472985
5488.232946,0.78,0.795,200,2909.756406
5101.900148,0.835,0.84,200,2914.553311
5750.81997,0.85,0.85,200,2919.331676
4127.911443,0.855,0.855,200,2924.076685
4642.32911,0.82,0.835,200,2928.738272
5633.956378,0.815,0.815,200,2933.407482
5718.061846,0.82,0.83,200,2938.257022
5026.543413,0.82,0.845,200,2943.014317
5758.859908,0.855,0.875,200,2947.712106
5753.377097,0.835,0.855,200,2952.38399
5651.048743,0.79,0.8,200,2959.238166
5663.461032,0.82,0.82,200,2964.002697
5765.481135,0.86,0.865,200,2968.752874
5544.949796,0.82,0.825,200,2973.459369
5561.857953,0.79,0.805,200,2978.294519
2783.83126,0.845,0.86,200,2982.998365
5709.630428,0.83,0.835,200,2987.648673
5660.553223,0.815,0.82,200,2992.417923
4418.45516,0.83,0.845,200,2997.107535
5744.311605,0.84,0.85,200,3001.926498
4706.493699,0.82,0.835,200,3009.145691
5654.284769,0.825,0.825,200,3013.897806
4809.791951,0.82,0.835,200,3018.609677
4004.538795,0.535,0.55,200,3023.396317
5638.956786,0.815,0.82,200,3028.085417
5061.673331,0.505,0.51,200,3032.895442
5652.480282,0.815,0.83,200,3037.705752
4581.022681,0.825,0.84,200,3042.59084
2806.097921,0.745,0.755,200,3047.777207
5737.1808,0.835,0.845,200,3052.742892
5612.676672,0.83,0.835,200,3059.689908
5650.117794,0.82,0.82,200,3064.477196
5729.337635,0.875,0.885,200,3069.112183
5745.140624,0.835,0.85,200,3073.979883
5670.370404,0.825,0.825,200,3078.771818
5728.027617,0.845,0.85,200,3083.47638
5750.11424,0.84,0.85,200,3088.256547
5182.949259,0.825,0.83,200,3093.181197
5670.166151,0.82,0.83,200,3098.054789
5755.494001,0.84,0.855,200,3103.052594
5748.373369,0.86,0.86,200,3109.937699
5608.549876,0.81,0.81,200,3114.843663
4338.958107,0.8,0.84,200,3119.693372
5652.570791,0.805,0.805,200,3124.541582
3309.293051,0.88,0.88,200,3129.371223
4040.485407,0.88,0.88,200,3134.228915
5747.81255,0.84,0.85,200,3139.03759
5749.537752,0.865,0.865,200,3143.758212
5671.972793,0.825,0.83,200,3148.48205
3494.29138,0.7,0.715,200,3153.361857
3327.584938,0.86,0.87,200,3160.176445
5642.081544,0.81,0.82,200,3165.067408
5384.552768,0.865,0.875,200,3170.043818
5481.30659,0.815,0.83,200,3174.924694
5657.723956,0.825,0.825,200,3179.681772
5737.661535,0.845,0.845,200,3184.613498
5455.412963,0.83,0.84,200,3189.438842
5662.416016,0.81,0.82,200,3194.348712
5720.135012,0.835,0.845,200,3199.230304
3088.196327,0.865,0.875,200,3204.033102
5728.287065,0.855,0.855,200,3211.311573
5646.657724,0.805,0.805,200,3216.216399
3833.248786,0.835,0.845,200,3221.236204
5738.755942,0.85,0.85,200,3226.162625
5309.465556,0.805,0.825,200,3231.087183
5696.521444,0.82,0.83,200,3235.960632
5687.410269,0.87,0.87,200,3240.741937
5608.987818,0.8,0.8,200,3245.494929
5468.599577,0.78,0.785,200,3250.311303
5564.219968,0.825,0.835,200,3255.02816
4522.970511,0.825,0.845,200,3262.392026
5744.968407,0.845,0.845,200,3267.211303
4602.532234,0.83,0.85,200,3271.994794
3512.909095,0.29,0.3,200,3276.911341
5629.158723,0.845,0.865,200,3281.774252
5754.057661,0.86,0.86,200,3286.684642
5754.095887,0.875,0.875,200,3291.447493
5639.79571,0.775,0.785,200,3296.349092
5687.947133,0.83,0.835,200,3301.260287
3106.339508,0.725,0.725,200,3306.166395
2540.777777,0.885,0.885,200,3313.209857
5704.434006,0.855,0.855,200,3318.082605
4171.570197,0.83,0.85,200,3322.931583
5744.644235,0.85,0.855,200,3327.928432
4474.761481,0.855,0.865,200,3332.790898
5553.878194,0.795,0.8,200,3337.619046
3080.461688,0.35,0.38,200,3342.317722
5743.230139,0.835,0.845,200,3347.059782
5634.438019,0.785,0.785,200,3351.84979
5649.051498,0.785,0.785,200,3356.436981
4767.303642,0.85,0.855,200,3363.672351
5584.812659,0.8,0.805,200,3368.442858
3334.761146,0.845,0.86,200,3373.264776
4607.751573,0.815,0.835,200,3378.138623
5619.999315,0.81,0.81,200,3383.075219
4661.252651,0.865,0.87,200,3387.832722
4279.740503,0.87,0.875,200,3392.711638
5640.25118,0.82,0.825,200,3397.574518
4242.978127,0.85,0.865,200,3402.417037
5562.522404,0.81,0.815,200,3407.146316
5747.042935,0.85,0.85,200,3414.040426
5646.680307,0.825,0.83,200,3418.894676
5735.285257,0.86,0.86,200,3423.777035
4304.055495,0.685,0.69,200,3428.536193
5295.303791,0.755,0.76,200,3433.312818
4042.079103,0.835,0.845,200,3438.176272
2541.942582,0.86,0.86,200,3443.135868
4771.206335,0.82,0.85,200,3448.013896
5748.575445,0.85,0.855,200,3452.790502
5722.086676,0.85,0.88,200,3457.509201
5730.609687,0.86,0.87,200,3464.744702
5728.185387,0.85,0.855,200,3469.545455
4617.352959,0.86,0.865,200,3474.330542
5772.64968,0.855,0.87,200,3479.104186
4384.776859,0.85,0.85,200,3483.817182
5584.144777,0.8,0.81,200,3488.635385
3417.910013,0.87,0.87,200,3493.335065
5542.109381,0.8,0.8,200,3498.066523
5744.680989,0.855,0.865,200,3502.897372
5712.980754,0.845,0.845,200,3507.752945
3592.700875,0.865,0.88,200,3514.848767
5517.150006,0.795,0.795,200,3519.638861
5616.587703,0.82,0.82,200,3524.394617
2737.219299,0.88,0.88,200,3529.079829
5748.510739,0.85,0.85,200,3533.771242
5777.677648,0.865,0.875,200,3538.344173
5274.930744,0.815,0.845,200,3543.193465
4524.604383,0.82,0.845,200,3548.029801
5000.993369,0.83,0.84,200,3552.74021
5780.771527,0.875,0.875,200,3557.401956
5742.930255,0.845,0.85,200,3564.45819
5610.408866,0.825,0.825,200,3569.246106
5483.73714,0.83,0.835,200,3574.046618
5714.181478,0.85,0.85,200,3578.945007
5743.597395,0.86,0.865,200,3583.903128
5354.138592,0.715,0.715,200,3588.632626
5724.416826,0.84,0.85,200,3593.396623
5742.039398,0.83,0.855,200,3598.258039
5746.40401,0.855,0.865,200,3603.011441
4352.624739,0.86,0.86,200,3607.772364
4566.126683,0.845,0.845,200,3614.576442
5657.515013,0.815,0.82,200,3619.298305
5764.089217,0.86,0.865,200,3623.927073
5668.761027,0.8,0.8,200,3628.5556
4353.709648,0.695,0.7,200,3633.222279
5626.045974,0.825,0.825,200,3637.867243
4399.147131,0.855,0.86,200,3642.572966
5752.123706,0.85,0.855,200,3647.211611
5677.557587,0.82,0.825,200,3651.877506
5063.981033,0.83,0.84,200,3656.546243
5640.911128,0.815,0.82,200,3663.576796
5749.161248,0.825,0.855,200,3668.25809
5536.336932,0.83,0.84,200,3672.99231
5770.786017,0.85,0.865,200,3677.648658
4449.672973,0.81,0.835,200,3682.384995
5731.899139,0.85,0.865,200,3687.116561
5645.897904,0.815,0.82,200,3691.773201
5669.086698,0.855,0.855,200,3696.475509
5499.795667,0.84,0.84,200,3701.20437
5738.025431,0.84,0.84,200,3705.842208
5590.869301,0.835,0.835,200,3713.006359
3842.22677,0.885,0.885,200,3717.775352
5010.343469,0.84,0.84,200,3722.458699
4315.513643,0.84,0.865,200,3727.270407
4611.613435,0.82,0.835,200,3732.037665
5736.979491,0.835,0.845,200,3736.830321
5641.12147,0.815,0.815,200,3741.602625
5699.518902,0.835,0.84,200,3746.281741
5747.536005,0.845,0.845,200,3750.889958
5703.137797,0.845,0.845,200,3755.492364
3957.063096,0.43,0.435,200,3762.467959
5763.882706,0.86,0.86,200,3767.085525
4204.838358,0.85,0.85,200,3771.841486
5446.31425,0.77,0.77,200,3776.569324
5745.062152,0.855,0.855,200,3781.338557
3735.056085,0.49,0.49,200,3786.060377
5770.873722,0.86,0.87,200,3790.779911
5690.665696,0.86,0.87,200,3795.494456
3521.529072,0.63,0.65,200,3800.293176
5537.60052,0.82,0.84,200,3805.024708
5752.636205,0.86,0.865,200,3812.066221
5661.993563,0.815,0.825,200,3816.789052
5699.703502,0.835,0.835,200,3821.422867
5481.860927,0.795,0.795,200,3826.076399
5735.015498,0.865,0.865,200,3830.779899
5672.371206,0.845,0.855,200,3835.559554
4262.599431,0.84,0.85,200,3840.334126
5646.377602,0.805,0.805,200,3845.085711
5757.099886,0.86,0.86,200,3849.817115
5607.096804,0.83,0.83,200,3854.65862
3472.872985,0.865,0.865,200,3861.880126
5655.872126,0.82,0.825,200,3866.792309
5560.915646,0.83,0.87,200,3871.659704
5745.54076,0.85,0.85,200,3876.415318
3782.16635,0.87,0.87,200,3881.217996
5156.591622,0.84,0.84,200,3885.871073
4682.993452,0.675,0.7,200,3890.544848
3843.838358,0.875,0.875,200,3895.359355
5557.777533,0.8,0.805,200,3900.114382
5657.624705,0.8,0.8,200,3904.832876
4568.795992,0.83,0.845,200,3911.662798
4191.518099,0.74,0.755,200,3916.364789
5663.979623,0.815,0.825,200,3921.201106
3995.057455,0.85,0.85,200,3925.941427
4432.092323,0.825,0.845,200,3930.624161
5684.384778,0.805,0.815,200,3935.268381
5728.65058,0.86,0.885,200,3940.171417
5772.042839,0.865,0.87,200,3944.959765
3961.651098,0.87,0.87,200,3949.739033
5628.330321,0.785,0.785,200,3954.655801
5750.757833,0.855,0.855,200,3961.765424
5755.807698,0.845,0.85,200,3966.512758
5766.490927,0.875,0.895,200,3971.450398
5529.900195,0.78,0.795,200,3976.292623
5542.729861,0.805,0.805,200,3981.073938
4186.961017,0.875,0.875,200,3985.907007
3581.482085,0.53,0.545,200,3990.698594
5434.088866,0.76,0.77,200,3995.492474
2726.293796,0.34,0.345,200,4000.186196
5286.348143,0.715,0.715,200,4004.982957
5737.497742,0.84,0.84,200,4012.124371
5587.335072,0.71,0.71,200,4016.846144
4680.687957,0.845,0.845,200,4021.839089
5248.810952,0.575,0.575,200,4026.708817
5752.818031,0.86,0.86,200,4031.591961
4605.303413,0.44,0.495,200,4036.461047
5736.087854,0.835,0.84,200,4041.216298
5676.852319,0.83,0.835,200,4046.174276
4694.245273,0.835,0.86,200,4051.137558
3818.684913,0.865,0.865,200,4055.891606
5474.968885,0.79,0.845,200,4063.049645
4443.993359,0.875,0.88,200,4067.91932
5762.21662,0.86,0.88,200,4072.661398
5643.97273,0.825,0.825,200,4077.470165
5727.840162,0.835,0.85,200,4082.313607
5724.755975,0.87,0.875,200,4087.227383
5492.392936,0.775,0.785,200,4092.064715
5665.6212,0.805,0.81,200,4096.916271
4224.858287,0.86,0.865,200,4101.773651
4434.651249,0.25,0.28,200,4106.505774
5568.432259,0.805,0.81,200,4113.42538
5673.558219,0.86,0.88,200,4118.029565
4701.60081,0.84,0.85,200,4122.710518
5738.336797,0.85,0.85,200,4127.461765
5605.339135,0.855,0.865,200,4132.191766
5757.657431,0.86,0.865,200,4136.818426
4461.068271,0.835,0.845,200,4141.560829
5759.62949,0.855,0.865,200,4146.353262
5746.567194,0.87,0.88,200,4151.280345
4173.720691,0.85,0.855,200,4156.281757
5618.022889,0.805,0.805,200,4163.518777
5701.159072,0.87,0.88,200,4168.178775
5562.381122,0.86,0.865,200,4172.866403
5674.401839,0.82,0.82,200,4177.653097
3566.152338,0.855,0.865,200,4182.504155
5707.236878,0.835,0.835,200,4187.043445
5672.595421,0.815,0.815,200,4191.737993
4791.128046,0.845,0.845,200,4196.445307
5678.224282,0.81,0.81,200,4201.277962
5546.72739,0.795,0.805,200,4206.104815
5223.26071,0.625,0.625,200,4213.093263
5575.036647,0.805,0.805,200,4217.935711
3766.832664,0.445,0.455,200,4222.679466
5657.177452,0.805,0.805,200,4227.403683
5519.158594,0.79,0.79,200,4232.120606
5749.520862,0.85,0.85,200,4236.858644
5697.175745,0.83,0.83,200,4241.71858
5596.861471,0.805,0.805,200,4246.532959
2247.211764,0.13,0.14,200,4251.368537
5526.857676,0.795,0.8,200,4256.124866
5484.741534,0.775,0.795,200,4263.225628
5763.067716,0.86,0.865,200,4268.017539
5689.701498,0.815,0.815,200,4272.87223
5742.366088,0.865,0.87,200,4277.515657
5673.430481,0.835,0.835,200,4282.234996
5729.601183,0.84,0.84,200,4286.902809
5722.173127,0.84,0.84,200,4291.712591
4325.183692,0.855,0.855,200,4296.481147
5693.536745,0.825,0.835,200,4301.190129
5642.064047,0.805,0.82,200,4305.993374
5685.009753,0.83,0.83,200,4312.913184
5666.881493,0.82,0.825,200,4317.742633
5655.613374,0.815,0.815,200,4322.609749
4768.671638,0.855,0.855,200,4327.320333
5764.695011,0.855,0.865,200,4332.00655
5653.621101,0.82,0.82,200,4336.814111
5670.366425,0.81,0.815,200,4341.710512
5746.83777,0.845,0.845,200,4346.387028
2636.76093,0.88,0.885,200,4351.212065
4745.809724,0.455,0.485,200,4355.950631
5754.608309,0.855,0.855,200,4363.153145
4501.243475,0.84,0.865,200,4367.827278
4335.204205,0.84,0.855,200,4372.610357
5655.511577,0.86,0.87,200,4377.433987
4575.083084,0.83,0.845,200,4382.11089
3905.430925,0.855,0.88,200,4386.822432
5655.572586,0.835,0.835,200,4391.55509
5491.494813,0.83,0.835,200,4396.336854
3933.040638,0.865,0.865,200,4401.135786
3371.096126,0.645,0.645,200,4405.896857
5747.806882,0.86,0.865,200,4412.828574
3945.431463,0.855,0.86,200,4417.65378
5380.421002,0.835,0.835,200,4422.421283
5717.006041,0.83,0.835,200,4427.258261
5616.924087,0.8,0.815,200,4432.131294
5668.076256,0.795,0.795,200,4436.880305
5757.939063,0.855,0.855,200,4441.738768
5748.704711,0.835,0.85,200,4446.514104
5743.040535,0.845,0.845,200,4451.398207
2780.821248,0.345,0.345,200,4456.266361
5758.788993,0.865,0.865,200,4463.32737
5679.748558,0.825,0.825,200,4468.05382
5711.42909,0.825,0.83,200,4472.697081
5658.732354,0.82,0.82,200,4477.346678
5551.70594,0.8,0.8,200,4482.143435
5710.781644,0.83,0.83,200,4486.86149
4031.485099,0.725,0.735,200,4491.578771
5728.446055,0.86,0.865,200,4496.33678
5549.382397,0.8,0.805,200,4501.089013
2607.740812,0.87,0.87,200,4505.886972
5466.333414,0.83,0.835,200,4512.671387
5670.068836,0.79,0.8,200,4517.554885
5770.043683,0.875,0.875,200,4522.361224
5680.727438,0.805,0.805,200,4527.180709
5629.594985,0.82,0.83,200,4532.03761
5483.44853,0.825,0.83,200,4536.791677
5745.774058,0.875,0.89,200,4541.679392
4237.932023,0.82,0.845,200,4546.543333
5740.140456,0.845,0.845,200,4551.332326
5640.524144,0.83,0.83,200,4556.087168
5682.986215,0.8,0.805,200,4563.396916
5717.340277,0.835,0.835,200,4568.232091
5625.834828,0.81,0.815,200,4572.900098
3848.958898,0.88,0.88,200,4577.765863
4317.380458,0.87,0.87,200,4582.720905
5712.887465,0.865,0.875,200,4587.472929
5680.82756,0.81,0.81,200,4592.288822
3562.920285,0.865,0.865,200,4597.084063
4570.197915,0.84,0.85,200,4601.860963
5557.154033,0.79,0.8,200,4606.595898
5683.237216,0.8,0.815,200,4613.678644
5633.834565,0.765,0.765,200,4618.362979
5760.482824,0.865,0.865,200,4623.015091
5712.897539,0.85,0.865,200,4627.900945
5590.458688,0.81,0.815,200,4632.719274
4829.871842,0.62,0.62,200,4637.531578
2946.649118,0.86,0.865,200,4642.305422
5674.067116,0.815,0.815,200,4647.035066
3168.913527,0.855,0.855,200,4651.766173
5742.532548,0.84,0.84,200,4656.3914
5690.200119,0.805,0.81,200,4663.522691
5498.980478,0.785,0.79,200,4668.350921
5745.056248,0.85,0.85,200,4673.19896
5423.886929,0.835,0.835,200,4677.912177
5686.245886,0.82,0.82,200,4682.69921
5662.476096,0.815,0.815,200,4687.395064
5362.855045,0.835,0.84,200,4692.207536
5676.12809,0.815,0.83,200,4697.033955
5729.010867,0.875,0.875,200,4701.828823
5629.880911,0.86,0.865,200,4706.644327
5693.284113,0.83,0.83,200,4713.747918
5742.421756,0.845,0.85,200,4718.457513
5596.582848,0.835,0.845,200,4723.297001
5765.081649,0.845,0.87,200,4728.163306
3354.853374,0.88,0.885,200,4732.952935
4812.904752,0.775,0.805,200,4737.667849
5564.540747,0.8,0.8,200,4742.426203
5535.276445,0.79,0.795,200,4747.161206
5744.986046,0.84,0.855,200,4751.832994
5683.286499,0.82,0.83,200,4756.628599
5750.660802,0.855,0.855,200,4763.662597
5761.101235,0.87,0.88,200,4768.288667
5715.148819,0.83,0.835,200,4773.059166
5580.898841,0.79,0.805,200,4777.745412
5571.208359,0.795,0.8,200,4782.417964
5659.531921,0.855,0.86,200,4787.066297
5640.822845,0.825,0.825,200,4791.889223
5697.532774,0.86,0.875,200,4796.811559
5743.900557,0.855,0.86,200,4801.465802
5756.900777,0.855,0.87,200,4806.327339
5208.528794,0.83,0.84,200,4813.102068
5747.107606,0.855,0.855,200,4817.890235
5748.285726,0.865,0.865,200,4822.701679
5646.524177,0.81,0.81,200,4827.430307
4666.322049,0.85,0.85,200,4832.097816
5680.823097,0.81,0.81,200,4836.770445
5731.158949,0.835,0.835,200,4841.47866
5040.524021,0.84,0.84,200,4846.107043
5681.758196,0.795,0.795,200,4850.896655
5696.968982,0.86,0.87,200,4855.565241
5678.257633,0.805,0.805,200,4862.50531
5693.367939,0.83,0.83,200,4867.165344
5758.214875,0.855,0.86,200,4871.920962
5667.632841,0.825,0.825,200,4876.757385
5564.904378,0.795,0.81,200,4881.598496
5727.814122,0.87,0.875,200,4886.336766
5710.97211,0.825,0.835,200,4891.017158
3241.116116,0.875,0.875,200,4895.537232
5631.727533,0.805,0.815,200,4900.136074
4936.796036,0.665,0.705,200,4904.753891
3380.473408,0.19,0.24,200,4911.878988
3518.539323,0.87,0.87,200,4916.571344
4271.611027,0.855,0.855,200,4921.368852
4626.29194,0.735,0.735,200,4926.028102
5733.602622,0.855,0.855,200,4930.842235
5713.297251,0.865,0.865,200,4935.462482
5655.385971,0.815,0.815,200,4940.158126
5270.914038,0.83,0.83,200,4945.048331
5726.068823,0.83,0.83,200,4949.619446
5702.152481,0.825,0.825,200,4954.328135
5398.192915,0.85,0.85,200,4961.159692
5699.985616,0.83,0.83,200,4965.914701
5663.074452,0.815,0.825,200,4970.656151
5652.36975,0.82,0.82,200,4975.255203
5621.553996,0.81,0.82,200,4980.137895
5670.688159,0.815,0.815,200,4984.81865
5768.185997,0.86,0.86,200,4989.498107
5741.904107,0.84,0.845,200,4994.071699
5629.05944,0.86,0.865,200,4998.809482
5743.916539,0.835,0.845,200,5003.589355
5734.060262,0.835,0.845,200,5010.36607
5751.067161,0.845,0.845,200,5015.039932
5686.517389,0.835,0.835,200,5019.820274
5744.855095,0.855,0.87,200,5024.522864
5672.91425,0.835,0.835,200,5029.203403
4910.6091,0.745,0.76,200,5033.902284
5752.136464,0.855,0.86,200,5038.582718
5658.5388,0.855,0.86,200,5043.372525
5155.973206,0.86,0.88,200,5048.027281
2659.680875,0.87,0.875,200,5052.761771
5711.179759,0.83,0.83,200,5059.548287
4206.756844,0.85,0.86,200,5064.232603
4693.961367,0.845,0.845,200,5068.943246
5756.028858,0.85,0.86,200,5073.712018
5355.790001,0.81,0.81,200,5078.408318
5676.675512,0.815,0.825,200,5083.054733
5732.372216,0.84,0.845,200,5087.625118
4337.426968,0.62,0.63,200,5092.297972
5747.170421,0.86,0.88,200,5097.087221
5694.168032,0.82,0.82,200,5101.891943
4037.358351,0.87,0.875,200,5108.818009
5687.748461,0.815,0.835,200,5113.62751
5746.093651,0.87,0.88,200,5118.46302
5629.769728,0.81,0.81,200,5123.204975
5236.060276,0.56,0.565,200,5127.986844
5742.20932,0.845,0.845,200,5132.790963
5685.104111,0.805,0.805,200,5137.532035
5633.894598,0.8,0.8,200,5142.389874
5680.607259,0.82,0.82,200,5147.197556
4983.065921,0.845,0.855,200,5152.134995
5643.828873,0.825,0.825,200,5159.44337
4771.532988,0.615,0.615,200,5164.341747
5703.664955,0.825,0.825,200,5169.325773
4759.544228,0.885,0.885,200,5174.122147
5744.309498,0.85,0.85,200,5178.873103
4398.303914,0.845,0.865,200,5183.657633
4507.505415,0.83,0.83,200,5188.527972
5692.954073,0.825,0.83,200,5193.305983
4698.051761,0.84,0.845,200,5198.028643
5709.284658,0.825,0.84,200,5202.880037
5674.561402,0.795,0.795,200,5209.717404
5664.649592,0.825,0.825,200,5214.606481
5749.678015,0.85,0.85,200,5219.428772
5563.13734,0.8,0.8,200,5224.323911
5704.050138,0.875,0.89,200,5229.114024
5076.228559,0.85,0.85,200,5233.884414
5747.522269,0.84,0.85,200,5238.752716
5615.070835,0.805,0.81,200,5243.535775
5668.11628,0.825,0.825,200,5248.256218
5726.463842,0.83,0.83,200,5253.078042
5699.110098,0.855,0.855,200,5260.283581
5745.393088,0.84,0.845,200,5264.972948
5661.087178,0.82,0.83,200,5269.720968
5753.927408,0.845,0.85,200,5274.628423
5757.085621,0.85,0.855,200,5279.504207
5669.529002,0.8,0.8,200,5284.337634
4616.657504,0.845,0.855,200,5289.182086
5680.535252,0.82,0.82,200,5294.005771
5652.829887,0.82,0.82,200,5298.800212
5611.549516,0.845,0.855,200,5303.630304
4193.368,0.86,0.86,200,5310.688544
4818.738196,0.365,0.385,200,5315.556704
5692.504162,0.82,0.83,200,5320.297468
4526.625107,0.84,0.84,200,5325.147847
5733.626166,0.87,0.88,200,5329.885277
5761.789904,0.855,0.855,200,5334.651055
5756.71683,0.845,0.845,200,5339.390118
5696.505609,0.81,0.81,200,5344.246365
5718.985853,0.835,0.835,200,5349.056347
4258.081982,0.635,0.645,200,5353.809033
5544.764202,0.8,0.8,200,5360.875068
5723.365066,0.84,0.845,200,5365.805487
5693.309838,0.825,0.83,200,5370.68267
5696.527164,0.815,0.815,200,5375.503232
3015.833014,0.505,0.54,200,5380.303545
5765.410805,0.855,0.865,200,5385.030394
5697.10665,0.81,0.815,200,5389.889316
5669.793604,0.82,0.82,200,5394.552842
5737.135235,0.84,0.845,200,5399.266172
5678.332128,0.82,0.825,200,5404.101515
4226.423102,0.65,0.66,200,5411.150294
5739.102909,0.84,0.84,200,5416.071057
4113.392154,0.88,0.88,200,5420.842718
5579.00596,0.81,0.81,200,5425.53509
4932.961614,0.845,0.845,200,5430.187832
5767.148391,0.86,0.86,200,5434.936293
4756.66467,0.785,0.8,200,5439.688023
5741.652105,0.85,0.85,200,5444.560505
5676.297714,0.785,0.79,200,5449.345866
5555.780516,0.8,0.8,200,5454.075038
5747.414653,0.845,0.85,200,5460.909114
5650.611938,0.83,0.83,200,5465.6264
5418.248875,0.835,0.835,200,5470.383004
5526.408951,0.66,0.66,200,5475.17265
5691.004389,0.855,0.865,200,5479.998496
5665.83524,0.825,0.83,200,5484.900998
4755.208824,0.835,0.84,200,5489.750041
5748.540378,0.84,0.85,200,5494.476735
3443.141811,0.615,0.615,200,5499.203374
5219.881475,0.87,0.88,200,5503.951284
4038.921415,0.86,0.86,200,5511.111158
5557.540751,0.8,0.8,200,5515.83365
5754.298921,0.85,0.855,200,5520.542658
4522.222172,0.855,0.855,200,5525.304718
2740.96036,0.885,0.885,200,5530.201198
5664.38056,0.785,0.785,200,5534.932219
5756.296614,0.86,0.86,200,5539.686455
5742.173976,0.865,0.875,200,5544.456103
5652.55578,0.765,0.765,200,5549.308017
4762.86207,0.845,0.845,200,5554.062234
5751.295255,0.845,0.85,200,5561.155856
4806.697535,0.84,0.84,200,5565.991131
5635.030231,0.835,0.845,200,5570.685715
5657.330906,0.775,0.775,200,5575.456562
5694.698127,0.855,0.875,200,5580.265293
5702.0103,0.85,0.87,200,5585.106314
5638.213314,0.825,0.825,200,5589.796184
5744.095463,0.85,0.85,200,5594.6441
5671.404557,0.82,0.82,200,5599.456366
5664.313362,0.83,0.835,200,5604.191748
5633.104665,0.835,0.835,200,5611.38098
5747.620136,0.835,0.845,200,5616.174012
5738.851609,0.845,0.845,200,5621.041356
5722.523361,0.83,0.835,200,5625.812814
5709.122637,0.835,0.835,200,5630.56276
4576.223482,0.855,0.855,200,5635.37132
5742.98941,0.845,0.845,200,5640.084167
4612.743271,0.615,0.63,200,5644.882935
5677.097686,0.805,0.805,200,5649.763461
5149.303581,0.84,0.84,200,5654.603126
4320.609597,0.835,0.85,200,5661.436387
5683.032397,0.81,0.81,200,5666.171196
5680.202505,0.8,0.8,200,5670.887018
5672.281661,0.81,0.81,200,5675.539247
4583.114731,0.845,0.845,200,5680.308464
5553.016993,0.79,0.805,200,5685.068536
5584.772336,0.805,0.805,200,5689.79263
4245.358902,0.86,0.865,200,5694.497868
5634.496435,0.815,0.82,200,5699.208649
2946.137894,0.51,0.51,200,5704.049251
5092.599311,0.84,0.84,200,5711.090188
5309.237249,0.84,0.84,200,5715.830471
5758.581129,0.86,0.87,200,5720.590406
4867.69287,0.835,0.835,200,5725.370677
5661.42092,0.81,0.815,200,5730.066763
5614.773936,0.82,0.82,200,5734.723702
5667.661252,0.795,0.795,200,5739.579112
5667.45747,0.835,0.835,200,5744.299381
5586.68262,0.81,0.81,200,5749.189627
4929.444736,0.845,0.85,200,5753.95414
5397.466743,0.835,0.845,200,5761.334246
5748.786161,0.86,0.87,200,5766.049352
4653.321178,0.84,0.845,200,5770.833705
3273.778014,0.87,0.87,200,5775.582854
5727.336437,0.84,0.84,200,5780.381775
5740.107354,0.84,0.845,200,5785.120723
5746.709623,0.85,0.875,200,5789.912147
5604.453771,0.86,0.875,200,5794.661859
4290.276887,0.84,0.85,200,5799.494612
5692.237698,0.825,0.83,200,5804.277194
5752.512415,0.85,0.87,200,5811.274459
5760.824652,0.85,0.855,200,5816.063377
5692.511046,0.81,0.81,200,5820.926414
4145.198635,0.87,0.87,200,5825.829637
5753.815598,0.85,0.855,200,5830.744195
5768.003689,0.86,0.865,200,5835.591694
5750.055491,0.855,0.86,200,5840.473023
5745.404785,0.84,0.845,200,5845.275447
5752.516802,0.845,0.85,200,5850.164733
5677.323584,0.855,0.855,200,5855.072418
5686.333195,0.815,0.815,200,5862.109447
5662.180744,0.8,0.8,200,5866.715451
4651.66504,0.86,0.86,200,5871.332717
5732.131308,0.855,0.885,200,5876.041409
5681.254474,0.83,0.83,200,5880.83143
4960.86533,0.835,0.845,200,5885.646623
5744.460695,0.85,0.85,200,5890.3917
5768.740934,0.855,0.86,200,5895.148342
4920.203953,0.84,0.84,200,5899.851198
5668.165018,0.82,0.82,200,5904.638985
4119.734136,0.69,0.71,200,5911.683104
5676.85721,0.82,0.825,200,5916.317367
5665.34087,0.81,0.81,200,5920.858707
5733.034977,0.855,0.87,200,5925.53528
5743.080552,0.855,0.88,200,5930.408799
5747.336623,0.835,0.84,200,5935.149913
5206.994225,0.825,0.825,200,5939.932529
5735.824923,0.835,0.84,200,5944.548798
5656.637369,0.86,0.87,200,5949.386026
4797.568086,0.86,0.87,200,5953.990691
5648.486582,0.82,0.82,200,5960.857791
5696.889534,0.815,0.815,200,5965.684656
4362.010881,0.86,0.86,200,5970.456289
5734.668853,0.855,0.875,200,5975.201355
5679.916551,0.825,0.825,200,5979.813169
4677.051114,0.495,0.5,200,5984.650921
5733.724486,0.845,0.865,200,5989.456807
5754.740205,0.84,0.85,200,5994.084239
5699.579941,0.82,0.82,200,5998.73529
4042.559426,0.865,0.865,200,6003.446697
5726.114206,0.85,0.86,200,6010.442585
5626.259303,0.795,0.805,200,6015.062811
5558.559791,0.8,0.8,200,6019.6422
5769.834073,0.865,0.865,200,6024.276365
4626.681222,0.855,0.865,200,6028.863867
5666.36329,0.845,0.86,200,6033.5915
5686.540879,0.84,0.84,200,6038.315409
5656.285517,0.83,0.83,200,6043.071086
4191.507015,0.86,0.86,200,6047.862158
5039.060884,0.84,0.845,200,6052.615973
4544.02332,0.855,0.855,200,6059.439859
5420.672564,0.805,0.82,200,6063.993052
5732.092848,0.855,0.875,200,6068.576844
5557.760129,0.795,0.805,200,6073.250296
5515.92368,0.83,0.835,200,6077.813091
4485.474408,0.865,0.865,200,6082.45956
5597.972271,0.805,0.805,200,6087.32755
5420.083701,0.835,0.845,200,6092.084904
5637.205797,0.815,0.82,200,6096.81937
5645.706363,0.815,0.825,200,6101.356282
4795.146756,0.58,0.58,200,6108.179733
5718.546524,0.85,0.855,200,6112.877462
4196.062903,0.86,0.86,200,6117.636267
4231.479469,0.855,0.86,200,6122.284055
5610.690783,0.81,0.81,200,6126.856523
5738.16855,0.845,0.855,200,6131.476037
5701.293698,0.86,0.86,200,6136.014008
5754.097273,0.865,0.87,200,6140.680508
5760.258397,0.855,0.865,200,6145.158081
4313.550316,0.87,0.87,200,6149.785899
5723.845704,0.835,0.84,200,6156.458835
5669.631476,0.82,0.83,200,6161.077808
3403.377375,0.135,0.165,200,6165.64157
5594.431399,0.835,0.84,200,6170.421255
5753.926671,0.835,0.845,200,6175.150713
5727.459381,0.86,0.865,200,6179.877774
4757.577666,0.84,0.845,200,6184.462779
5737.702524,0.835,0.84,200,6189.110091
5668.817505,0.82,0.82,200,6193.711461
5486.166178,0.84,0.845,200,6198.207222
5708.630383,0.825,0.84,200,6204.984137
5727.224186,0.865,0.865,200,6209.536531
5714.215189,0.835,0.835,200,6214.192722
5616.921643,0.855,0.88,200,6218.87668
5106.568267,0.845,0.85,200,6223.461111
5759.553491,0.85,0.855,200,6228.094927
4372.795419,0.86,0.86,200,6232.684135
3111.354692,0.875,0.875,200,6237.18993
5701.327927,0.82,0.83,200,6241.681296
4708.872259,0.845,0.86,200,6246.101961
5782.669838,0.86,0.87,200,6252.825496
5618.497575,0.8,0.81,200,6257.402855
5737.367993,0.88,0.885,200,6261.955752
5766.962847,0.845,0.86,200,6266.671078
4477.246965,0.62,0.63,200,6271.206497
4110.960281,0.855,0.86,200,6275.761486
5625.832485,0.835,0.835,200,6280.317294
5768.25724,0.855,0.865,200,6284.93195
5213.948447,0.845,0.845,200,6289.575468
5750.626335,0.845,0.85,200,6294.193195
4742.455855,0.85,0.86,200,6300.939382
4999.452746,0.845,0.845,200,6305.535863
5750.900407,0.865,0.875,200,6310.009759
5491.394737,0.775,0.78,200,6314.493925
5760.945987,0.86,0.87,200,6319.100844
5743.749726,0.845,0.845,200,6323.692538
5677.487643,0.825,0.83,200,6328.403709
5601.356323,0.79,0.81,200,6332.905904
5644.91392,0.775,0.775,200,6337.492831
4469.178335,0.855,0.855,200,6342.18285
3543.028921,0.89,0.89,200,6348.787479
5733.174559,0.86,0.865,200,6353.469622
5621.071011,0.83,0.83,200,6357.932294
5755.55408,0.85,0.85,200,6362.509426
5767.109035,0.845,0.865,200,6367.179584
5637.695411,0.845,0.845,200,6371.67575
5740.405978,0.84,0.84,200,6376.272384
3489.794417,0.365,0.395,200,6380.879527
5691.987318,0.825,0.825,200,6385.425191
5046.934457,0.85,0.85,200,6390.105564
5639.301425,0.825,0.835,200,6396.902301
5679.19105,0.81,0.81,200,6401.412745
5675.894707,0.815,0.83,200,6405.883843
5581.207034,0.8,0.8,200,6410.288461
5635.515547,0.88,0.88,200,6414.881814
5643.299757,0.825,0.83,200,6419.419227
5659.670455,0.825,0.825,200,6424.041791
5732.15095,0.835,0.835,200,6428.659793
5678.773784,0.81,0.81,200,6433.120612
5657.543121,0.83,0.835,200,6437.68716
5645.240939,0.84,0.845,200,6444.678508
5753.802702,0.85,0.85,200,6449.470104
5757.922713,0.855,0.865,200,6454.186217
5715.912044,0.865,0.885,200,6458.761143
4743.15646,0.825,0.835,200,6463.291724
5714.897326,0.85,0.86,200,6468.003489
5759.775871,0.845,0.85,200,6472.707877
5766.97824,0.86,0.86,200,6477.428326
5758.595328,0.85,0.855,200,6482.029931
5526.889725,0.835,0.835,200,6486.703561
5603.343966,0.815,0.815,200,6493.586142
5594.000849,0.805,0.805,200,6498.123438
5644.860306,0.835,0.87,200,6502.742059
4201.548151,0.86,0.86,200,6507.389291
5678.9826,0.82,0.82,200,6511.844548
5678.896662,0.86,0.88,200,6516.354686
5765.003751,0.855,0.86,200,6521.033286
4804.659006,0.85,0.85,200,6525.671772
5725.160946,0.845,0.845,200,6530.381304
5644.583013,0.835,0.835,200,6534.936933
4437.339627,0.85,0.85,200,6541.53792
4781.414151,0.44,0.47,200,6546.250571
5649.523065,0.81,0.82,200,6551.049017
5676.041915,0.82,0.82,200,6555.562206
5759.712766,0.865,0.87,200,6560.349449
5721.316173,0.835,0.835,200,6564.943369
5439.206767,0.84,0.84,200,6569.731122
5687.592083,0.855,0.875,200,6574.42596
5642.870652,0.825,0.825,200,6579.047642
5767.208434,0.865,0.865,200,6583.572474
5757.827973,0.855,0.855,200,6590.229436
5721.190432,0.87,0.88,200,6594.836016
5696.442657,0.855,0.87,200,6599.446591
5653.819866,0.825,0.825,200,6603.967073
4316.886286,0.87,0.87,200,6608.609382
5668.418818,0.815,0.815,200,6613.267065
5691.451489,0.82,0.82,200,6618.091754
5758.920881,0.845,0.855,200,6622.693653
5765.932087,0.865,0.87,200,6627.1643
5560.082806,0.8,0.8,200,6631.658026
4270.86494,0.865,0.865,200,6638.478413
3797.844844,0.495,0.505,200,6643.067759
5777.844469,0.855,0.875,200,6647.699961
5704.561689,0.83,0.845,200,6652.335162
5754.480433,0.85,0.85,200,6656.984962
4550.886089,0.85,0.855,200,6661.604585
5678.812378,0.82,0.82,200,6666.260324
5668.84698,0.79,0.79,200,6670.868154
5612.969706,0.805,0.805,200,6675.47029
5753.763388,0.87,0.875,200,6679.966032
5761.629283,0.86,0.87,200,6686.783352
5749.860624,0.86,0.88,200,6691.390172
5775.231739,0.855,0.87,200,6695.946801
5506.722668,0.775,0.785,200,6700.533789
5702.736679,0.805,0.83,200,6704.984339
5032.643196,0.685,0.705,200,6709.512137
5652.185411,0.81,0.825,200,6714.23795
5677.003326,0.79,0.8,200,6718.760402
5676.232583,0.835,0.835,200,6723.434996
5752.228319,0.845,0.845,200,6727.923482
5689.290013,0.815,0.815,200,6734.751749
5692.545915,0.875,0.875,200,6739.231864
4161.110224,0.865,0.87,200,6743.786303
4859.52852,0.86,0.865,200,6748.473692
5683.408367,0.81,0.81,200,6753.150551
5679.467753,0.815,0.815,200,6757.825786
5698.156796,0.83,0.835,200,6762.606864
5691.613606,0.805,0.82,200,6767.231178
5751.824892,0.845,0.855,200,6771.800066
4965.611655,0.835,0.85,200,6776.454766
5680.342107,0.805,0.805,200,6783.313257
5754.782585,0.87,0.88,200,6787.885678
5681.685087,0.8,0.805,200,6792.76058
5595.556535,0.805,0.81,200,6797.44872
5748.563176,0.855,0.875,200,6802.091359
5735.829977,0.845,0.865,200,6806.756594
4214.700971,0.47,0.485,200,6811.439405
4859.566965,0.83,0.85,200,6816.076875
5629.864469,0.84,0.845,200,6820.798339
5743.407112,0.84,0.845,200,6825.127993
3354.298333,0.51,0.525,200,6831.724541
4564.50619,0.755,0.755,200,6836.250203
3983.66407,0.865,0.875,200,6840.883766
5619.892742,0.835,0.835,200,6845.414449
5590.705731,0.795,0.815,200,6850.049755
5033.442418,0.845,0.855,200,6854.590093
5736.314518,0.835,0.845,200,6859.101035
5659.429212,0.835,0.835,200,6863.763277
2905.951042,0.345,0.355,200,6868.438248
5691.775809,0.83,0.83,200,6872.978059
5653.791769,0.825,0.825,200,6879.96021
5555.412982,0.84,0.845,200,6884.642631
5651.398984,0.84,0.84,200,6889.096517
5559.409817,0.795,0.795,200,6893.799069
2953.398834,0.235,0.25,200,6898.197676
5667.798992,0.83,0.835,200,6902.801161
5695.356271,0.825,0.83,200,6907.303778
5754.088269,0.845,0.845,200,6911.787233
5743.54773,0.84,0.845,200,6916.198907
5494.152014,0.84,0.84,200,6920.774988
4400.229312,0.86,0.86,200,6927.223501
5719.017444,0.84,0.84,200,6931.383548
5585.126008,0.8,0.81,200,6935.843129
5598.037663,0.805,0.815,200,6940.218387
4890.144894,0.84,0.85,200,6944.743334
5358.18325,0.825,0.83,200,6949.276907
5643.386059,0.83,0.83,200,6953.795347
5755.31054,0.85,0.855,200,6958.195369
5755.998555,0.855,0.855,200,6962.649063
2831.838426,0.635,0.64,200,6967.350975
5715.613217,0.83,0.83,200,6974.019029
5703.561907,0.84,0.84,200,6978.740754
5651.155116,0.825,0.825,200,6983.350462
5673.23328,0.835,0.835,200,6987.971637
5743.551986,0.855,0.855,200,6992.444013
5737.846287,0.83,0.84,200,6997.082846
5618.299115,0.83,0.83,200,7001.674095
5722.623343,0.83,0.84,200,7006.119502
5771.759367,0.85,0.86,200,7010.627524
5745.003176,0.86,0.86,200,7015.086985
4384.891346,0.87,0.87,200,7021.811606
5690.469028,0.805,0.81,200,7026.568559
5694.486867,0.805,0.805,200,7031.188628
4557.176758,0.855,0.86,200,7035.751832
5076.966884,0.845,0.855,200,7040.228999
5770.616683,0.85,0.86,200,7044.696025
5663.939621,0.83,0.83,200,7049.341041
5665.292788,0.83,0.835,200,7053.972311
5532.848235,0.795,0.795,200,7058.437591
5597.021059,0.855,0.86,200,7063.062125
5351.713427,0.665,0.665,200,7069.936709
5575.832722,0.795,0.805,200,7074.609347
4869.710003,0.825,0.85,200,7079.227895
5752.674625,0.845,0.85,200,7083.848632
5639.252623,0.835,0.875,200,7088.528233
5746.189781,0.85,0.855,200,7093.175648
5745.592402,0.845,0.865,200,7097.751757
4646.8778,0.855,0.855,200,7102.376787
4815.067983,0.845,0.855,200,7107.085511
4919.793965,0.84,0.85,200,7111.890062
4371.735957,0.865,0.865,200,7118.60978
5721.986728,0.825,0.83,200,7123.201222
5660.844522,0.86,0.865,200,7127.878983
5628.526923,0.83,0.845,200,7132.613485
3014.964902,0.34,0.36,200,7137.229483
5716.305708,0.86,0.86,200,7141.791575
5637.525653,0.835,0.835,200,7146.629717
5658.275209,0.835,0.835,200,7151.329884
4976.871581,0.84,0.85,200,7156.00013
4536.145242,0.675,0.685,200,7160.7128
5782.41583,0.865,0.87,200,7167.672639
5690.122219,0.82,0.82,200,7172.341921
5714.682471,0.83,0.83,200,7176.922592
5741.66005,0.83,0.84,200,7181.584023
5670.689913,0.82,0.83,200,7186.287503
4547.428461,0.875,0.875,200,7191.021813
5644.969538,0.82,0.82,200,7195.744172
5712.593051,0.815,0.82,200,7200.42949
4426.366981,0.85,0.855,200,7205.118536
5692.915702,0.82,0.825,200,7209.746961
5203.697004,0.86,0.86,200,7216.319587
5655.298169,0.825,0.83,200,7220.806227
4810.693312,0.84,0.84,200,7225.325918
5714.196339,0.865,0.87,200,7229.933516
5751.554505,0.855,0.86,200,7234.404042
5699.80069,0.83,0.83,200,7238.89056
5724.100943,0.84,0.845,200,7243.443545
5696.287731,0.83,0.83,200,7247.969522
5682.636745,0.81,0.81,200,7252.457678
3407.297418,0.865,0.87,200,7257.058913
4143.153178,0.85,0.85,200,7263.861374
5659.041341,0.81,0.82,200,7268.665921
5746.901611,0.86,0.865,200,7273.303788
5700.602596,0.82,0.82,200,7277.873039
5662.070439,0.825,0.83,200,7282.573796
4641.314446,0.71,0.72,200,7287.024469
5601.430067,0.795,0.8,200,7291.532369
5704.034722,0.815,0.825,200,7296.078118
5648.746666,0.81,0.82,200,7300.598721
5763.22983,0.855,0.86,200,7305.250664
5384.670073,0.8,0.8,200,7312.191969
5604.307423,0.815,0.815,200,7316.936468
3590.769658,0.575,0.575,200,7321.720642
5681.690307,0.825,0.825,200,7326.404919
5728.196109,0.86,0.86,200,7330.959408
5585.506214,0.8,0.81,200,7335.677437
5735.088887,0.835,0.84,200,7340.151159
5758.975112,0.865,0.865,200,7344.993898
5630.843821,0.81,0.82,200,7349.817257
5671.37139,0.855,0.87,200,7354.536691
5775.553177,0.87,0.87,200,7361.559488
5115.872786,0.86,0.86,200,7366.372792
4509.034536,0.86,0.86,200,7371.132029
5730.247544,0.855,0.855,200,7375.928014
5687.263163,0.8,0.8,200,7380.638658
4556.249224,0.865,0.865,200,7385.405355
5572.319142,0.83,0.85,200,7389.861435
5708.534255,0.82,0.82,200,7394.510538
5730.198215,0.855,0.855,200,7399.150386
5733.152071,0.875,0.89,200,7403.801936
5259.386416,0.84,0.84,200,7410.556586
5756.78913,0.835,0.845,200,7415.117299
5727.094873,0.87,0.87,200,7419.707344
4941.102788,0.84,0.85,200,7424.241129
5726.164296,0.84,0.84,200,7428.750726
5688.018893,0.81,0.81,200,7433.413561
5686.609325,0.815,0.815,200,7437.979102
5703.02594,0.85,0.87,200,7442.54299
5729.143621,0.865,0.87,200,7447.2063
5760.308318,0.855,0.855,200,7451.889986
5692.881547,0.805,0.805,200,7458.430273
5674.824871,0.845,0.845,200,7463.011367
5714.011068,0.88,0.885,200,7467.60834
5757.030144,0.845,0.85,200,7472.136341
5678.226828,0.855,0.86,200,7476.637147
5626.787354,0.845,0.87,200,7481.191493
5759.381384,0.85,0.855,200,7485.772609
4534.082053,0.84,0.855,200,7490.367847
4047.192851,0.88,0.88,200,7494.946558
5569.109231,0.805,0.805,200,7499.616736
5626.611811,0.815,0.82,200,7506.379777
5736.562076,0.84,0.845,200,7510.997925
5680.74555,0.83,0.83,200,7515.570822
5731.346221,0.835,0.835,200,7520.297734
5745.784858,0.835,0.845,200,7524.865088
5709.35453,0.83,0.835,200,7529.541775
5776.170959,0.87,0.875,200,7534.162752
5539.919222,0.845,0.85,200,7538.692913
4197.051119,0.855,0.855,200,7543.270951
5731.452835,0.86,0.865,200,7547.94947
5412.51053,0.84,0.845,200,7555.00819
5748.34345,0.85,0.855,200,7559.568195
5691.559908,0.83,0.835,200,7563.993076
4498.908794,0.88,0.885,200,7568.572849
5730.179927,0.86,0.87,200,7573.113147
5550.310506,0.785,0.8,200,7577.534353
4452.421493,0.855,0.855,200,7582.22495
4717.426924,0.75,0.755,200,7586.744015
5764.461027,0.855,0.86,200,7591.525007
5352.058467,0.84,0.84,200,7596.114742
4183.743157,0.71,0.715,200,7602.914252
5664.11692,0.79,0.79,200,7607.401867
5691.040493,0.825,0.835,200,7611.936846
5745.585027,0.84,0.855,200,7616.448573
5617.906816,0.84,0.84,200,7621.025831
5736.860143,0.84,0.845,200,7625.394679
5758.776686,0.855,0.855,200,7629.864301
4474.025824,0.84,0.855,200,7634.334458
4594.641946,0.865,0.865,200,7638.968524
5701.911338,0.835,0.835,200,7643.62386
5700.413813,0.84,0.84,200,7650.411526
5688.266846,0.805,0.805,200,7655.068979
5394.399304,0.845,0.85,200,7659.673455
5648.112692,0.84,0.84,200,7664.214036
3931.134935,0.625,0.625,200,7668.753201
4338.352715,0.845,0.85,200,7673.371322
5762.572293,0.85,0.865,200,7677.895444
5686.315599,0.815,0.815,200,7682.487817
4404.186242,0.855,0.855,200,7687.171433
5687.435697,0.82,0.82,200,7691.905046
5697.510945,0.835,0.835,200,7698.940327
5146.62545,0.505,0.505,200,7703.717629
5775.837022,0.86,0.875,200,7708.433775
5751.703141,0.865,0.87,200,7712.844878
5039.476469,0.835,0.85,200,7717.456978
5573.754567,0.84,0.84,200,7722.088995
5685.67269,0.825,0.835,200,7726.577422
5692.922192,0.84,0.84,200,7731.169619
5382.059835,0.835,0.85,200,7735.747433
5690.249488,0.81,0.81,200,7740.344923
4781.419501,0.845,0.855,200,7747.354899
5746.84848,0.835,0.845,200,7751.87615
5659.934947,0.83,0.835,200,7756.482388
5218.433934,0.835,0.85,200,7761.042049
5751.691474,0.87,0.88,200,7765.60027
4277.360195,0.49,0.525,200,7770.12929
5718.867117,0.835,0.84,200,7774.729038
3891.574069,0.79,0.805,200,7779.357818
5739.632522,0.835,0.835,200,7783.935364
5561.187597,0.795,0.805,200,7788.513201
5771.214608,0.855,0.865,200,7795.218517
5692.516504,0.805,0.81,200,7799.950592
5692.355566,0.81,0.815,200,7804.537794
5690.501933,0.87,0.875,200,7809.142744
5705.693208,0.835,0.84,200,7813.710686
5710.70204,0.865,0.875,200,7818.306337
3890.634682,0.41,0.42,200,7822.953448
4655.10591,0.85,0.86,200,7827.542686
5764.375274,0.86,0.86,200,7832.240594
5699.884157,0.82,0.82,200,7836.848028
5680.48931,0.805,0.81,200,7843.763251
5754.837724,0.835,0.84,200,7848.414271
5678.944109,0.83,0.83,200,7853.047767
5676.521836,0.84,0.84,200,7857.733402
5574.153473,0.805,0.805,200,7862.270176
5640.016112,0.845,0.865,200,7866.908636
5766.330738,0.865,0.87,200,7871.634743
5753.349112,0.86,0.86,200,7876.321541
5736.405391,0.83,0.83,200,7881.001722
5672.310421,0.825,0.825,200,7885.616674
4289.228189,0.85,0.85,200,7892.426627
4632.22317,0.865,0.865,200,7896.950918
5683.688873,0.835,0.845,200,7901.6555
5664.159429,0.815,0.815,200,7906.283885
5761.471725,0.865,0.87,200,7911.083429
5729.860118,0.83,0.845,200,7915.788797
5742.587088,0.83,0.84,200,7920.412667
4505.571677,0.85,0.85,200,7925.083655
5687.629362,0.86,0.875,200,7929.725457
5694.488347,0.815,0.815,200,7934.334721
5770.114592,0.855,0.86,200,7940.966812
5706.379782,0.81,0.815,200,7945.653172
5679.90686,0.81,0.81,200,7950.378354
5555.77629,0.79,0.795,200,7954.908657
4732.611626,0.83,0.855,200,7959.39357
4558.428464,0.84,0.86,200,7964.004441
5670.541677,0.815,0.82,200,7968.700811
4263.544171,0.85,0.85,200,7973.336273
5763.231404,0.855,0.87,200,7977.838947
5771.439775,0.865,0.875,200,7982.461641
5676.642077,0.83,0.84,200,7989.183524
5770.626984,0.86,0.865,200,7993.692729
5569.873163,0.85,0.86,200,7998.321409
3863.450412,0.395,0.42,200,8002.917446
5757.468718,0.84,0.855,200,8007.756206
5749.833615,0.84,0.845,200,8012.433035
5726.414613,0.825,0.835,200,8016.944452
5760.750268,0.85,0.86,200,8021.461149
5246.282486,0.85,0.85,200,8026.109937
3989.35271,0.5,0.505,200,8030.71523
5568.977439,0.83,0.835,200,8037.643135
5686.48856,0.825,0.825,200,8042.297971
5677.864438,0.82,0.82,200,8047.005077
5245.747333,0.845,0.845,200,8051.726999
4678.397073,0.85,0.86,200,8056.435311
5705.832421,0.815,0.82,200,8061.148021
3961.709908,0.355,0.37,200,8065.774396
5647.014655,0.82,0.82,200,8070.284547
5723.648017,0.84,0.845,200,8074.846073
4881.180898,0.725,0.725,200,8079.395434
5448.426764,0.835,0.84,200,8086.209523
5648.919785,0.8,0.82,200,8090.877312
5572.009946,0.795,0.795,200,8095.475514
5708.265055,0.835,0.835,200,8100.093157
5357.623933,0.835,0.85,200,8104.842411
5727.801824,0.82,0.825,200,8109.486266
5765.921583,0.85,0.86,200,8114.056106
5642.978211,0.8,0.815,200,8118.622142
5760.02807,0.855,0.87,200,8123.273614
5625.427793,0.81,0.82,200,8127.915224
4841.7369,0.67,0.685,200,8134.668072
5560.411052,0.775,0.795,200,8139.380696
5055.814123,0.835,0.855,200,8144.096366
5635.054526,0.8,0.815,200,8148.630749
5736.479615,0.84,0.85,200,8153.334792
5632.840912,0.825,0.83,200,8157.867015
5744.640745,0.83,0.845,200,8162.622835
5762.815876,0.845,0.86,200,8167.23996
5743.425172,0.84,0.84,200,8171.791845
5690.632563,0.815,0.815,200,8176.479781
5694.807294,0.835,0.835,200,8183.320109
4997.412475,0.83,0.855,200,8188.093659
3012.3059,0.24,0.28,200,8192.688423
5755.499493,0.84,0.845,200,8197.366604
5366.727306,0.85,0.85,200,8202.135498
5681.410634,0.81,0.815,200,8206.92731
5725.353499,0.84,0.84,200,8211.51288
5635.615678,0.855,0.875,200,8216.298308
5698.706096,0.83,0.83,200,8221.099665
5748.202599,0.835,0.845,200,8225.717426
5730.796211,0.85,0.865,200,8232.649868
5040.219324,0.86,0.865,200,8237.45661
4519.119102,0.88,0.88,200,8242.150368
5637.242771,0.815,0.815,200,8246.809523
5621.007989,0.82,0.82,200,8251.534646
5649.058069,0.81,0.81,200,8256.252615
5398.562149,0.835,0.845,200,8260.878793
5675.601364,0.795,0.795,200,8265.53372
5647.476485,0.86,0.86,200,8270.305078
5772.02098,0.86,0.86,200,8274.987808
5618.447306,0.805,0.805,200,8281.939872
4885.349307,0.27,0.27,200,8286.632001
5685.973357,0.825,0.825,200,8291.523931
5740.444156,0.86,0.87,200,8296.358071
4176.58124,0.865,0.865,200,8300.97972
5493.712114,0.825,0.835,200,8305.737963
5754.005707,0.84,0.845,200,8310.380418
4213.433208,0.88,0.88,200,8315.162472
5704.993687,0.83,0.84,200,8319.881216
5757.45199,0.855,0.86,200,8324.495516
5337.724579,0.84,0.85,200,8331.164896
5759.736133,0.855,0.855,200,8335.643129
5688.318249,0.82,0.82,200,8340.165214
5525.208703,0.83,0.835,200,8344.782969
5652.791334,0.81,0.82,200,8349.394019
5682.015836,0.835,0.835,200,8354.090257
5646.218008,0.835,0.835,200,8358.645687
5702.213278,0.815,0.815,200,8363.252425
5675.155893,0.84,0.84,200,8367.983976
5535.379005,0.785,0.785,200,8372.65844
5346.409346,0.85,0.855,200,8379.513012
5751.974227,0.85,0.855,200,8384.209243
5760.511271,0.845,0.85,200,8388.901826
5682.752831,0.825,0.825,200,8393.473467
4995.869794,0.57,0.575,200,8397.996387
5345.085116,0.84,0.845,200,8402.604785
5663.666137,0.815,0.82,200,8407.311907
5570.010165,0.805,0.805,200,8411.937904
5683.587474,0.825,0.825,200,8416.602142
5662.261935,0.845,0.845,200,8421.383333
4385.310352,0.605,0.635,200,8428.309705
5692.065903,0.865,0.865,200,8432.882292
5664.553551,0.79,0.79,200,8437.575894
4629.326669,0.855,0.855,200,8442.208231
5612.197189,0.81,0.81,200,8446.851876
5749.752391,0.84,0.845,200,8451.505043
5759.562507,0.86,0.865,200,8456.053842
5580.889408,0.84,0.84,200,8460.723938
4875.12823,0.835,0.85,200,8465.391091
4604.049948,0.85,0.875,200,8470.018819
5229.080723,0.835,0.85,200,8477.080599
4834.397138,0.845,0.85,200,8481.844957
5698.930161,0.82,0.82,200,8486.57802
5699.307309,0.815,0.82,200,8491.158266
5732.063466,0.85,0.86,200,8495.808262
5722.890501,0.83,0.84,200,8500.502984
5675.267547,0.84,0.845,200,8505.16517
5691.805173,0.805,0.805,200,8509.801634
4698.69543,0.86,0.86,200,8514.54662
4786.31156,0.855,0.865,200,8519.311311
5609.102575,0.81,0.81,200,8526.033131
5733.876967,0.83,0.835,200,8530.748387
5733.147135,0.83,0.845,200,8535.409128
5699.468886,0.825,0.83,200,8539.96684
5685.317874,0.805,0.805,200,8544.622508
5612.546775,0.8,0.81,200,8549.306402
5730.121748,0.855,0.875,200,8553.918692
5774.161834,0.86,0.865,200,8558.587998
5701.701874,0.825,0.825,200,8563.309072
5689.614982,0.81,0.81,200,8567.876224
5672.8215,0.805,0.83,200,8574.799525
4415.164308,0.855,0.86,200,8579.433177
5751.00628,0.86,0.865,200,8583.912798
2365.634152,0.29,0.295,200,8588.501021
5635.123609,0.85,0.865,200,8593.145453
5527.667342,0.85,0.85,200,8597.754507
5276.75418,0.825,0.835,200,8602.420695
5762.407598,0.85,0.855,200,8607.04602
5699.344476,0.84,0.84,200,8611.78646
4548.609056,0.855,0.86,200,8616.490074
5739.559787,0.845,0.845,200,8623.354433
5777.751039,0.865,0.87,200,8627.940617
5759.295858,0.85,0.86,200,8632.604139
5621.080526,0.855,0.87,200,8637.292656
5656.666497,0.8,0.82,200,8641.926867
5702.76813,0.815,0.815,200,8646.651198
5716.23389,0.835,0.845,200,8651.271535
5770.549087,0.855,0.86,200,8655.845858
5723.527015,0.85,0.88,200,8660.650462
5741.910083,0.84,0.865,200,8665.29342
5770.560801,0.865,0.865,200,8672.286914
5266.472047,0.84,0.84,200,8676.896112
5764.18729,0.87,0.875,200,8681.493699
4113.659415,0.88,0.88,200,8686.125429
4318.672334,0.87,0.875,200,8690.805684
5756.331996,0.865,0.865,200,8695.361743
5630.711043,0.825,0.825,200,8699.904121
5745.232181,0.85,0.865,200,8704.588969
5758.071829,0.845,0.85,200,8709.182625
5542.963098,0.79,0.79,200,8713.766703
5767.321792,0.845,0.86,200,8720.742246
5603.426364,0.8,0.805,200,8725.507206
5692.209381,0.8,0.81,200,8730.230871
2829.264997,0.285,0.285,200,8734.824756
5717.831907,0.85,0.85,200,8739.553911
5600.749196,0.81,0.81,200,8744.123341
5562.252829,0.8,0.8,200,8748.727812
5647.053198,0.85,0.865,200,8753.326645
5690.223947,0.83,0.83,200,8758.020548
5569.319041,0.795,0.8,200,8762.653564
5765.409214,0.85,0.875,200,8769.481119
5752.95914,0.855,0.875,200,8774.214039
5276.557347,0.84,0.84,200,8778.920689
5648.352299,0.845,0.86,200,8783.60522
2932.060584,0.895,0.895,200,8788.330413
4556.368604,0.87,0.875,200,8793.003982
5698.930455,0.815,0.815,200,8797.870944
5618.504228,0.805,0.805,200,8802.578705
5706.923139,0.825,0.83,200,8807.24165
5493.886347,0.83,0.835,200,8812.048546
5700.992619,0.82,0.82,200,8818.827565
5698.48808,0.81,0.81,200,8823.537604
5689.156553,0.835,0.835,200,8828.193172
5724.622422,0.85,0.86,200,8833.004739
5054.908141,0.835,0.845,200,8837.731646
5688.792641,0.835,0.835,200,8842.375229
5738.370352,0.845,0.855,200,8847.042697
5682.428696,0.86,0.86,200,8851.618035
4731.187283,0.85,0.86,200,8856.139398
5644.296716,0.815,0.835,200,8860.74185
5769.94402,0.86,0.865,200,8867.687351
4636.062958,0.86,0.86,200,8872.490095
5358.621387,0.845,0.85,200,8877.209168
5702.836027,0.84,0.84,200,8881.672256
5495.750542,0.835,0.845,200,8886.223194
4546.427044,0.865,0.865,200,8890.832545
5650.015935,0.83,0.83,200,8895.411813
4444.081479,0.87,0.87,200,8900.091791
5631.579804,0.82,0.82,200,8904.61525
5755.464828,0.86,0.865,200,8909.133252
5030.447565,0.835,0.845,200,8915.925162
4696.962529,0.845,0.855,200,8920.587061
5591.766868,0.8,0.8,200,8925.184802
5759.315261,0.86,0.86,200,8929.910031
5728.632827,0.87,0.87,200,8934.614416
5695.602983,0.83,0.83,200,8939.274513
3470.625133,0.235,0.265,200,8943.909299
4925.094292,0.475,0.5,200,8948.401313
5734.214434,0.85,0.85,200,8953.087462
5743.069656,0.82,0.845,200,8957.507474
5762.957292,0.855,0.855,200,8964.472246
5298.328133,0.845,0.855,200,8969.148142
5732.267352,0.855,0.875,200,8973.800542
4454.475567,0.695,0.705,200,8978.288075
5679.173604,0.84,0.84,200,8982.672499
5707.083039,0.855,0.855,200,8987.150552
5747.096754,0.855,0.87,200,8991.559257
4016.879165,0.86,0.86,200,8995.995028
5621.332275,0.8,0.805,200,9000.406181
4841.002574,0.845,0.85,200,9004.888514
5700.655291,0.835,0.835,200,9011.449271
5726.12828,0.865,0.865,200,9016.150996
5642.401083,0.81,0.815,200,9020.479179
5685.50319,0.805,0.805,200,9024.946974
5770.380233,0.87,0.87,200,9029.275962
5753.81447,0.85,0.855,200,9033.715548
5688.811512,0.83,0.83,200,9038.413118
5693.88798,0.815,0.815,200,9043.108038
5703.478876,0.815,0.815,200,9047.610012
5673.561432,0.835,0.835,200,9052.162194
5726.170685,0.865,0.87,200,9058.853271
5689.260101,0.815,0.815,200,9063.574843
5761.083726,0.86,0.86,200,9068.164644
5710.922809,0.825,0.825,200,9072.719446
4926.858509,0.66,0.66,200,9077.394369
5283.069275,0.84,0.85,200,9082.029221
5758.29602,0.845,0.85,200,9086.735453
5668.671268,0.835,0.835,200,9091.440536
5600.597808,0.795,0.805,200,9096.057185
5771.062784,0.86,0.86,200,9100.662227
5730.807213,0.825,0.825,200,9107.499973
5732.676894,0.85,0.865,200,9112.236097
5757.985715,0.86,0.87,200,9116.965901
5694.343138,0.835,0.835,200,9121.583448
5712.807983,0.855,0.855,200,9126.211965
5695.239516,0.865,0.865,200,9130.869157
5671.670094,0.79,0.795,200,9135.496663
5735.849372,0.86,0.865,200,9140.04653
5656.267326,0.83,0.84,200,9144.681581
5703.740733,0.815,0.815,200,9149.287557
5651.874702,0.845,0.845,200,9156.073753
5697.446428,0.815,0.815,200,9160.509422
5556.915557,0.8,0.8,200,9164.930829
5137.162282,0.85,0.855,200,9169.489457
5639.733828,0.845,0.86,200,9174.077999
5622.461325,0.845,0.845,200,9178.621186
4157.558957,0.85,0.85,200,9183.307968
5769.686605,0.86,0.865,200,9187.890069
5603.084409,0.805,0.805,200,9192.639282
5594.435836,0.805,0.805,200,9197.306144
5370.891819,0.83,0.845,200,9204.061538
5752.003347,0.84,0.85,200,9208.668887
5758.952754,0.86,0.87,200,9213.318426
5734.386378,0.875,0.885,200,9218.082721
5675.804412,0.805,0.805,200,9222.68071
5691.791647,0.8,0.8,200,9227.264972
5750.813546,0.86,0.87,200,9231.868072
5674.912114,0.835,0.835,200,9236.338797
5604.794687,0.815,0.815,200,9240.946679
5740.265681,0.84,0.84,200,9245.535302
4047.75775,0.875,0.875,200,9252.251471
5772.735701,0.855,0.87,200,9256.901004
5745.983907,0.845,0.855,200,9261.486922
4823.714121,0.845,0.855,200,9266.06585
4719.429466,0.88,0.89,200,9270.520739
5725.22031,0.855,0.86,200,9275.074188
5688.084826,0.835,0.835,200,9279.668983
5584.246006,0.795,0.805,200,9284.4007
5708.320199,0.83,0.835,200,9288.947659
5705.292194,0.82,0.82,200,9293.45077
5689.046492,0.835,0.835,200,9300.242919
5755.821121,0.845,0.85,200,9304.888225
4166.417285,0.695,0.71,200,9309.475522
5673.457129,0.83,0.83,200,9314.210902
5638.663965,0.83,0.835,200,9318.710422
5780.745072,0.88,0.885,200,9323.138468
5740.55232,0.84,0.845,200,9327.655369
5683.851519,0.805,0.805,200,9332.280457
5639.957122,0.85,0.865,200,9336.892132
5765.854391,0.86,0.865,200,9341.495371
5619.173071,0.805,0.81,200,9348.484338
5726.955982,0.835,0.835,200,9353.193713
5784.088777,0.875,0.875,200,9357.882264
5743.568827,0.86,0.875,200,9362.32326
5435.540032,0.85,0.85,200,9366.822411
5699.102506,0.835,0.84,200,9371.469011
5683.841354,0.84,0.84,200,9376.170118
5696.048666,0.845,0.86,200,9380.890645
5607.617383,0.8,0.8,200,9385.562127
5594.572842,0.865,0.885,200,9390.258324
5293.192316,0.845,0.855,200,9397.193031
4888.231932,0.835,0.855,200,9401.904302
5739.018183,0.865,0.865,200,9406.532295
5516.220637,0.84,0.85,200,9411.24396
5724.555197,0.855,0.865,200,9415.909334
5729.378931,0.865,0.875,200,9420.408698
5660.744862,0.83,0.84,200,9425.073899
5769.800458,0.86,0.86,200,9429.532133
5754.736584,0.86,0.86,200,9434.08083
5749.702284,0.85,0.86,200,9438.785001
5691.557783,0.815,0.815,200,9445.320515
5697.789297,0.82,0.82,200,9449.993547
5706.21786,0.81,0.82,200,9454.743759
5685.021768,0.805,0.805,200,9459.411707
5610.968268,0.785,0.805,200,9464.177977
3710.820931,0.885,0.89,200,9468.854666
5654.986933,0.835,0.835,200,9473.467084
5682.845529,0.805,0.805,200,9478.223199
3008.675057,0.615,0.615,200,9482.990731
5696.692101,0.83,0.83,200,9487.817176
5682.031495,0.82,0.83,200,9494.738673
5715.410149,0.84,0.84,200,9499.516225
5621.746083,0.84,0.845,200,9504.367303
5767.679126,0.865,0.885,200,9509.171996
2364.108172,0.08,0.09,200,9513.860692
5667.87522,0.815,0.815,200,9518.524152
5745.687917,0.85,0.86,200,9523.08523
5693.484748,0.805,0.805,200,9527.706052
5707.301813,0.815,0.815,200,9532.440424
5705.615027,0.825,0.825,200,9537.254223
5679.017493,0.795,0.795,200,9544.333299
4783.483886,0.835,0.855,200,9548.913381
5729.478051,0.855,0.855,200,9553.635504
5738.056161,0.845,0.865,200,9558.39389
5755.426575,0.845,0.85,200,9562.983649
5732.115851,0.835,0.84,200,9567.570593
5681.757959,0.835,0.835,200,9572.224401
5684.426255,0.805,0.805,200,9576.721319
5615.923577,0.805,0.815,200,9581.270916
5680.69283,0.82,0.82,200,9585.99034
5673.345433,0.8,0.8,200,9592.902596
5759.543058,0.84,0.85,200,9597.581775
5762.546752,0.855,0.86,200,9602.257115
5686.279251,0.805,0.805,200,9606.908025
5626.736149,0.815,0.815,200,9611.61692
5733.554801,0.845,0.845,200,9616.196116
5758.788229,0.845,0.85,200,9620.770765
5621.186917,0.81,0.815,200,9625.32426
5081.73709,0.86,0.86,200,9629.89265
5746.350757,0.845,0.845,200,9634.491693
5744.653245,0.835,0.845,200,9641.158164
5757.759935,0.855,0.855,200,9645.613577
4271.264686,0.87,0.87,200,9650.061515
5732.413323,0.865,0.875,200,9654.725416
5642.724796,0.835,0.845,200,9659.42452
4561.750401,0.86,0.86,200,9664.023027
5658.141496,0.825,0.83,200,9668.613579
5710.859366,0.87,0.87,200,9673.2436
5736.769613,0.855,0.86,200,9677.922892
5700.624027,0.84,0.84,200,9682.70613
5660.144637,0.83,0.835,200,9689.743049
5665.299512,0.825,0.825,200,9694.218208
5700.393903,0.805,0.81,200,9698.69955
4774.057979,0.585,0.615,200,9703.161201
4584.119615,0.555,0.59,200,9707.865685
5664.355814,0.855,0.855,200,9712.52409
5668.652134,0.81,0.81,200,9717.316811
5750.505168,0.845,0.855,200,9722.034198
5710.154523,0.86,0.88,200,9726.713777
5479.07976,0.86,0.865,200,9731.410181
5624.173108,0.835,0.835,200,9738.177328
5752.222287,0.855,0.87,200,9742.773557
5696.472385,0.81,0.81,200,9747.293003
5753.989886,0.845,0.85,200,9751.800721
5731.822739,0.85,0.85,200,9756.244263
4783.345238,0.595,0.62,200,9760.778732
5671.376849,0.835,0.835,200,9765.308682
5756.633401,0.85,0.85,200,9770.016617
5689.182759,0.805,0.805,200,9774.436644
5748.449054,0.845,0.855,200,9778.945559
5784.889856,0.865,0.875,200,9785.689999
5648.068214,0.84,0.84,200,9790.301337
5387.481358,0.845,0.845,200,9794.641968
5734.329398,0.865,0.885,200,9798.923816
4680.125134,0.87,0.87,200,9803.248566
4980.821137,0.835,0.86,200,9807.701091
5722.82182,0.865,0.885,200,9812.059868
4562.359888,0.86,0.86,200,9816.562891
5574.579288,0.79,0.79,200,9821.161095
5694.460157,0.815,0.815,200,9825.706224
5762.177925,0.845,0.865,200,9832.497244
5765.542194,0.855,0.86,200,9836.807623
5548.356325,0.84,0.865,200,9841.343612
5470.131595,0.835,0.835,200,9845.61371
5616.637772,0.805,0.81,200,9849.973907
5660.821279,0.845,0.845,200,9854.472059
5679.044359,0.82,0.82,200,9859.013884
5384.391757,0.87,0.875,200,9863.702794
5646.541424,0.84,0.84,200,9868.151342
5769.315294,0.85,0.85,200,9872.765804
5736.820085,0.86,0.87,200,9879.629025
5663.84991,0.815,0.815,200,9884.162564
5741.99649,0.84,0.84,200,9888.883304
5730.031638,0.865,0.865,200,9893.332102
5658.02062,0.85,0.85,200,9897.771239
5743.659063,0.86,0.865,200,9902.334854
5760.752629,0.855,0.855,200,9906.761407
5685.273517,0.805,0.805,200,9911.427092
4717.267634,0.87,0.87,200,9915.943362
5784.493487,0.865,0.875,200,9920.434266
5714.374959,0.83,0.83,200,9927.059471
5735.345232,0.865,0.88,200,9931.495713
4999.556325,0.84,0.85,200,9935.893863
5778.540644,0.86,0.865,200,9940.352707
5759.014006,0.855,0.855,200,9944.764267
4763.323287,0.69,0.715,200,9949.222965
5219.816937,0.84,0.85,200,9953.8465
5693.789131,0.815,0.815,200,9958.234938
5647.013045,0.835,0.835,200,9962.860055
5720.716621,0.86,0.87,200,9967.309822
5770.799147,0.86,0.865,200,9974.066025
4665.236176,0.86,0.86,200,9978.541618
5618.249426,0.855,0.855,200,9982.934594
5763.267278,0.85,0.86,200,9987.218126
5649.252091,0.835,0.835,200,9991.561371
5690.990322,0.81,0.81,200,9995.949478
5698.804495,0.815,0.815,200,10000.463105
4947.366814,0.845,0.845,200,10004.928725
5705.771098,0.845,0.855,200,10009.296071
5740.787139,0.835,0.85,200,10013.76161
5447.945104,0.84,0.86,200,10020.423848
5727.909879,0.86,0.86,200,10024.960321
5667.989418,0.835,0.835,200,10029.490143
5659.405985,0.835,0.835,200,10034.018706
5773.104698,0.855,0.86,200,10038.549048
5652.033642,0.84,0.84,200,10043.155374
5720.06774,0.845,0.845,200,10047.760827
5555.238116,0.845,0.845,200,10052.461331
5694.004332,0.81,0.82,200,10057.019981
5687.210533,0.805,0.805,200,10061.606793
4643.204702,0.85,0.85,200,10068.569932
4969.388639,0.86,0.86,200,10073.123184
5764.789034,0.85,0.855,200,10077.858255
5769.806404,0.85,0.855,200,10082.593039
5712.998371,0.835,0.835,200,10087.090307
5746.793881,0.86,0.865,200,10091.626564
5686.300962,0.805,0.805,200,10096.193954
5766.803044,0.87,0.885,200,10100.741139
5261.394166,0.86,0.86,200,10105.316289
5655.343077,0.81,0.825,200,10110.010503
5777.93815,0.875,0.875,200,10116.783232
4938.789172,0.835,0.85,200,10121.380582
5681.741868,0.83,0.835,200,10125.864959
5673.21481,0.84,0.84,200,10130.548273
5093.680787,0.86,0.86,200,10135.130993
4316.914058,0.865,0.865,200,10139.764122
5753.639496,0.865,0.87,200,10144.18774
5578.902117,0.79,0.805,200,10148.852414
5670.29476,0.825,0.83,200,10153.570862
5766.143426,0.855,0.86,200,10158.205467
5236.087984,0.65,0.655,200,10165.036434
5745.80223,0.865,0.87,200,10169.687281
4622.575512,0.625,0.64,200,10174.447452
5744.562095,0.845,0.845,200,10179.116266
5758.986667,0.845,0.85,200,10183.697186
4701.399686,0.875,0.875,200,10188.354035
5652.761754,0.835,0.835,200,10193.047495
5711.389699,0.825,0.83,200,10197.546304
5735.974435,0.865,0.89,200,10202.166571
4725.746699,0.855,0.855,200,10206.782676
5674.443235,0.83,0.83,200,10213.589406
5220.271954,0.83,0.83,200,10218.232444
5361.486158,0.845,0.85,200,10222.849017
5681.66322,0.805,0.81,200,10227.432062
5650.422237,0.835,0.84,200,10232.03555
5754.250625,0.865,0.88,200,10236.689267
5708.220697,0.825,0.835,200,10241.202749
5770.857522,0.855,0.87,200,10246.028196
5576.471073,0.84,0.86,200,10250.580311
5739.694306,0.85,0.855,200,10255.089201
5656.800698,0.825,0.83,200,10261.730594
4701.093936,0.85,0.86,200,10266.291082
5584.609548,0.805,0.81,200,10270.906239
5167.297012,0.54,0.54,200,10275.558569
5653.90841,0.82,0.83,200,10280.110112
5685.424335,0.865,0.865,200,10284.688878
5636.584947,0.845,0.845,200,10289.29459
4660.694316,0.835,0.86,200,10294.012735
5753.166439,0.87,0.885,200,10298.628778
3990.171717,0.47,0.47,200,10303.152318
5585.812892,0.86,0.86,200,10309.734051
4832.902417,0.28,0.3,200,10314.19718
5700.680363,0.85,0.85,200,10318.836018
4540.606849,0.875,0.875,200,10323.545496
5633.535157,0.835,0.84,200,10328.216223
5451.004697,0.835,0.835,200,10332.981726
5767.086482,0.84,0.855,200,10337.542065
5670.23709,0.825,0.825,200,10342.152258
5701.358752,0.86,0.865,200,10346.929732
5475.698439,0.83,0.83,200,10351.616855
5773.529861,0.86,0.865,200,10358.370543
5759.736803,0.865,0.865,200,10362.956808
5653.548863,0.82,0.835,200,10367.631041
5690.362259,0.81,0.81,200,10372.204316
2585.135393,0.885,0.9,200,10376.635408
5704.167496,0.825,0.835,200,10381.341473
5572.101849,0.79,0.795,200,10386.033085
5633.559795,0.815,0.815,200,10390.641641
5356.618967,0.84,0.845,200,10395.230181
5743.470497,0.835,0.835,200,10399.835744
5524.829503,0.82,0.82,200,10406.646688
3917.024767,0.59,0.59,200,10411.218295
5761.109406,0.855,0.855,200,10415.859524
5693.802192,0.815,0.82,200,10420.455062
4033.349521,0.845,0.865,200,10425.174666
5723.606277,0.82,0.835,200,10429.883062
5663.332375,0.83,0.835,200,10434.497017
5667.079366,0.835,0.835,200,10439.132
5580.722455,0.8,0.8,200,10443.873607
5689.436419,0.82,0.82,200,10448.544141
5623.399494,0.84,0.84,200,10455.363433
5762.715302,0.845,0.855,200,10459.903649
5656.383634,0.84,0.84,200,10464.589409
4144.996746,0.635,0.65,200,10468.983723
4698.532874,0.66,0.675,200,10473.555115
5763.969833,0.84,0.85,200,10477.993551
5739.336583,0.835,0.835,200,10482.47719
5680.411994,0.795,0.795,200,10486.869134
5623.935974,0.815,0.815,200,10491.386861
5671.987179,0.825,0.825,200,10496.081456
5690.119359,0.81,0.81,200,10502.902634
5780.16118,0.865,0.88,200,10507.575796
5712.934295,0.83,0.84,200,10512.046994
5680.343607,0.795,0.795,200,10516.561401
5674.747459,0.85,0.88,200,10521.238623
5724.478877,0.835,0.835,200,10525.752817
5743.206539,0.845,0.845,200,10530.540695
5557.761096,0.8,0.8,200,10535.185417
5642.42498,0.845,0.85,200,10539.939513
5701.642635,0.825,0.83,200,10544.488976
5451.048134,0.865,0.88,200,10551.447604
5739.202655,0.83,0.83,200,10555.976258
5573.023979,0.865,0.875,200,10560.581659
5746.556191,0.84,0.85,200,10565.202302
4638.41732,0.86,0.86,200,10569.964087
5749.556427,0.835,0.845,200,10574.687188
5715.343553,0.835,0.835,200,10579.285115
5666.765837,0.82,0.835,200,10584.010832
5647.429474,0.81,0.82,200,10588.660935
5633.537778,0.82,0.82,200,10593.36195
5739.830622,0.85,0.865,200,10600.270543
5599.680907,0.855,0.855,200,10604.880468
5759.59961,0.85,0.85,200,10609.533908
5669.57973,0.84,0.84,200,10614.194371
5725.656269,0.83,0.84,200,10618.891017
5644.168729,0.85,0.85,200,10623.58992
5562.912707,0.84,0.84,200,10628.171194
5775.796738,0.86,0.865,200,10632.907072
5269.657315,0.845,0.85,200,10637.602369
5674.000074,0.805,0.82,200,10642.318139
5739.447351,0.85,0.86,200,10649.280053
5695.2125,0.86,0.87,200,10654.03056
5667.35293,0.82,0.83,200,10658.667994
5666.857249,0.845,0.845,200,10663.368256
5123.992168,0.85,0.86,200,10667.919566
5666.095334,0.82,0.82,200,10672.588373
5708.83658,0.83,0.835,200,10677.401544
5690.090241,0.83,0.83,200,10681.915534
5208.196723,0.84,0.855,200,10686.502156
4517.901907,0.865,0.865,200,10691.219016
5765.950864,0.845,0.86,200,10698.214974
5684.470906,0.82,0.82,200,10702.996571
5729.383833,0.86,0.86,200,10707.712585
5013.794182,0.855,0.855,200,10712.41142
5696.72579,0.805,0.81,200,10717.100888
5633.558985,0.84,0.845,200,10721.754293
5761.324934,0.85,0.85,200,10726.393682
5773.113711,0.855,0.865,200,10731.092087
5765.108089,0.855,0.87,200,10735.822041
5689.306661,0.815,0.815,200,10740.50694
5675.202688,0.835,0.845,200,10747.617283
5022.020755,0.845,0.845,200,10752.377008
5686.614809,0.81,0.81,200,10757.053241
5693.593036,0.86,0.875,200,10761.771754
5695.121618,0.815,0.815,200,10766.507002
4810.523431,0.87,0.87,200,10771.221671
5721.200419,0.855,0.865,200,10775.853051
5703.11674,0.82,0.82,200,10780.482669
5634.079289,0.835,0.835,200,10785.278393
5772.331025,0.855,0.86,200,10789.918735
5756.865047,0.845,0.85,200,10796.659202
5687.272227,0.835,0.835,200,10801.373877
5670.034097,0.87,0.87,200,10806.110976
5693.081368,0.82,0.82,200,10810.827871
5702.700253,0.81,0.81,200,10815.478896
5625.192648,0.86,0.86,200,10820.146534
5514.395346,0.77,0.77,200,10824.914588
5663.213452,0.845,0.845,200,10829.600814
5142.476829,0.87,0.875,200,10834.262806
5534.493978,0.845,0.86,200,10838.960552
5731.270495,0.86,0.87,200,10846.006907
5687.278551,0.835,0.835,200,10850.667949
5776.29048,0.855,0.86,200,10855.303959
5641.14873,0.805,0.82,200,10859.884549
5660.021535,0.835,0.845,200,10864.524065
5728.10055,0.87,0.87,200,10869.377119
5004.91089,0.86,0.86,200,10874.035587
5014.495265,0.83,0.85,200,10878.666424
5654.960005,0.84,0.84,200,10883.348479
5583.586869,0.84,0.84,200,10888.112417
4453.784137,0.87,0.87,200,10895.174642
5618.438551,0.79,0.805,200,10899.927331
4659.364445,0.855,0.865,200,10904.732357
5699.699752,0.835,0.835,200,10909.431844
5575.575877,0.79,0.79,200,10914.048799
5776.787946,0.865,0.87,200,10918.838651
5777.821086,0.865,0.87,200,10923.665551
5656.686934,0.815,0.815,200,10928.320132
5718.14349,0.835,0.835,200,10932.995734
5780.945814,0.87,0.87,200,10937.629108
5696.65584,0.86,0.865,200,10944.391569
5657.956372,0.84,0.855,200,10949.042382
5596.937699,0.785,0.81,200,10953.674903
5772.646293,0.845,0.855,200,10958.30302
5759.774859,0.83,0.845,200,10962.758646
5769.619627,0.86,0.86,200,10967.375411
5642.194036,0.825,0.825,200,10971.905045
5773.838627,0.86,0.86,200,10976.530504
4659.37802,0.855,0.865,200,10981.11671
5142.032913,0.83,0.845,200,10985.803801
3715.454371,0.865,0.875,200,10992.575678
5776.978557,0.855,0.865,200,10997.194796
5773.753734,0.86,0.86,200,11001.81198
5758.93971,0.855,0.86,200,11006.535987
5768.779965,0.845,0.855,200,11011.212083
5784.357417,0.88,0.895,200,11015.77834
5747.550259,0.855,0.855,200,11020.307798
5673.295177,0.825,0.83,200,11024.899072
5678.454807,0.85,0.855,200,11029.615824
5410.238987,0.84,0.855,200,11034.105662
5681.694999,0.835,0.835,200,11040.973569
5692.921136,0.805,0.805,200,11045.554659
5651.12775,0.81,0.81,200,11050.295227
5689.091159,0.855,0.865,200,11055.044168
5680.473882,0.815,0.815,200,11059.918181
5730.287154,0.835,0.84,200,11064.666432
5765.140916,0.865,0.875,200,11069.345201
5719.579941,0.825,0.835,200,11074.015983
5691.253507,0.805,0.805,200,11078.790119
5742.353312,0.86,0.865,200,11083.411814
5782.058023,0.87,0.885,200,11090.100292
3453.96724,0.885,0.89,200,11094.702605
5737.590198,0.85,0.86,200,11099.264828
5699.485393,0.815,0.815,200,11103.985118
5740.001959,0.84,0.85,200,11108.74379
5698.439527,0.82,0.82,200,11113.372078
5682.163974,0.84,0.84,200,11118.139082
5765.712188,0.87,0.875,200,11122.827921
5698.554996,0.82,0.83,200,11127.523609
4967.369771,0.85,0.87,200,11132.302398
5704.416482,0.84,0.84,200,11139.324899
5781.245008,0.865,0.87,200,11143.985927
5768.222389,0.88,0.89,200,11148.591999
5643.566402,0.825,0.835,200,11153.318016
5681.122826,0.805,0.805,200,11158.068074
5682.510883,0.825,0.825,200,11162.855654
5583.282559,0.845,0.845,200,11167.478397
5686.439752,0.8,0.8,200,11172.089243
5774.01559,0.88,0.88,200,11176.711597
5691.806933,0.83,0.83,200,11181.283755
5091.359741,0.87,0.87,200,11188.026986
5682.499846,0.845,0.845,200,11192.739128
5374.705936,0.855,0.855,200,11197.245179
5666.683566,0.83,0.83,200,11202.012329
5708.718642,0.83,0.83,200,11206.636931
5511.335354,0.835,0.845,200,11211.177552
5580.164312,0.825,0.825,200,11215.622154
5695.45485,0.815,0.835,200,11220.296741
5692.195817,0.82,0.82,200,11224.896768
5740.765485,0.845,0.845,200,11229.526036
5689.631669,0.86,0.865,200,11236.275791
5712.713775,0.83,0.84,200,11240.812548
5684.291598,0.805,0.81,200,11245.405941
5765.063083,0.855,0.86,200,11249.918157
5769.446876,0.855,0.855,200,11254.318259
5681.525148,0.8,0.8,200,11258.820065
5723.189176,0.845,0.845,200,11263.352525
5447.318808,0.83,0.84,200,11267.902665
5756.550275,0.865,0.875,200,11272.399372
4769.491674,0.865,0.875,200,11277.098002
5123.645249,0.84,0.84,200,11283.726142
5721.967887,0.875,0.875,200,11288.119709
5698.543404,0.815,0.815,200,11292.660099
5714.018989,0.86,0.865,200,11297.219641
5759.64561,0.845,0.855,200,11301.893003
5760.866256,0.87,0.88,200,11306.425172
5699.271706,0.81,0.82,200,11310.864772
5717.755158,0.83,0.83,200,11315.472608
5079.054375,0.865,0.89,200,11320.070597
5673.268016,0.815,0.82,200,11324.743646
5682.267354,0.855,0.87,200,11331.627356
5199.35123,0.835,0.845,200,11336.385849
5696.760046,0.84,0.84,200,11341.093773
5591.358755,0.795,0.81,200,11345.6511
5732.867751,0.86,0.865,200,11350.342236
5716.285357,0.865,0.87,200,11354.917769
5758.786716,0.855,0.855,200,11359.565468
5627.524388,0.81,0.82,200,11364.270068
5763.548669,0.85,0.855,200,11368.858366
5663.580949,0.83,0.83,200,11373.495435
5741.271048,0.845,0.845,200,11380.63308
5752.883934,0.83,0.85,200,11385.313993
4887.026528,0.85,0.865,200,11389.782241
5760.596779,0.84,0.85,200,11394.379345
5704.411818,0.82,0.82,200,11399.081139
5609.33531,0.805,0.81,200,11403.855894
5755.386239,0.84,0.84,200,11408.469437
5764.603407,0.845,0.85,200,11413.26326
5687.595695,0.805,0.805,200,11418.019213
5748.861672,0.845,0.85,200,11422.710495
5699.822879,0.83,0.835,200,11429.471308
4017.076675,0.465,0.465,200,11434.10757
5759.846729,0.85,0.85,200,11438.828205
5719.071525,0.86,0.875,200,11443.501513
3974.857829,0.71,0.72,200,11448.151097
5682.891608,0.83,0.835,200,11452.710266
4804.728027,0.83,0.85,200,11457.080854
5678.367728,0.825,0.83,200,11461.564713
5769.587861,0.865,0.87,200,11466.073853
5542.47673,0.845,0.845,200,11470.509553
5651.890504,0.84,0.84,200,11477.277024
4667.435801,0.87,0.87,200,11481.865175
5257.316127,0.85,0.85,200,11486.505686
5663.978754,0.79,0.79,200,11491.167772
5746.363895,0.84,0.84,200,11495.937414
5703.573481,0.82,0.82,200,11500.642134
5589.928094,0.8,0.805,200,11505.216515
5697.787775,0.835,0.835,200,11509.7902
5759.18389,0.86,0.865,200,11514.528949
5163.82552,0.84,0.85,200,11519.265539
5635.666317,0.83,0.83,200,11526.251754
5751.503536,0.86,0.86,200,11530.848817
5667.164449,0.835,0.835,200,11535.503189
5736.736593,0.835,0.84,200,11540.128978
4886.556171,0.85,0.86,200,11544.658704
5686.877058,0.83,0.83,200,11549.410947
5745.55038,0.855,0.86,200,11554.043384
5752.670173,0.86,0.865,200,11558.652988
5646.194637,0.85,0.85,200,11563.339772
5688.588688,0.825,0.825,200,11568.136659
5768.110114,0.85,0.855,200,11575.169399
5150.758345,0.675,0.705,200,11579.80146
5687.943892,0.81,0.825,200,11584.483468
5757.350992,0.85,0.855,200,11589.137571
5741.617593,0.85,0.85,200,11593.842419
5717.015098,0.835,0.835,200,11598.548712
5591.759378,0.845,0.85,200,11603.380338
5674.243031,0.835,0.84,200,11608.032506
5700.92367,0.82,0.82,200,11612.741792
5712.960651,0.865,0.875,200,11617.39177
5699.536876,0.815,0.815,200,11624.137493
5768.383834,0.85,0.88,200,11628.882898
5658.465195,0.85,0.87,200,11633.51318
5565.208424,0.88,0.88,200,11638.091824
5624.155942,0.825,0.825,200,11642.684217
5630.804507,0.82,0.82,200,11647.237981
5771.189291,0.85,0.855,200,11651.903855
5733.221359,0.865,0.885,200,11656.568277
5772.141266,0.86,0.87,200,11661.264824
5761.261579,0.85,0.86,200,11666.000384
5554.084464,0.84,0.845,200,11672.771511
5669.2418,0.84,0.845,200,11677.448504
5003.959533,0.705,0.71,200,11682.081492
5751.792191,0.84,0.845,200,11686.677066
5494.683583,0.85,0.86,200,11691.292932
5723.223396,0.83,0.83,200,11695.926225
5698.180773,0.815,0.815,200,11700.66871
5473.512033,0.835,0.84,200,11705.403814
5654.026393,0.835,0.835,200,11710.031517
5703.541182,0.83,0.83,200,11714.747296
4215.361389,0.655,0.685,200,11721.735202
5651.262833,0.855,0.865,200,11726.279143
5629.741263,0.84,0.845,200,11730.828593
3984.863026,0.855,0.87,200,11735.443309
5760.797996,0.85,0.85,200,11740.170225
5748.631178,0.845,0.845,200,11744.757715
4351.682352,0.87,0.87,200,11749.473029
5773.718984,0.85,0.865,200,11754.326245
5012.86724,0.845,0.865,200,11758.985549
5698.226844,0.82,0.82,200,11763.829724
5358.118774,0.67,0.675,200,11770.752852
5775.487965,0.86,0.87,200,11775.639127
5723.493923,0.83,0.83,200,11780.376721
5739.743807,0.86,0.86,200,11785.090212
5230.86237,0.84,0.855,200,11789.86818
5688.661135,0.805,0.805,200,11794.684988
5600.887336,0.855,0.855,200,11799.411712
5582.681236,0.86,0.865,200,11804.125919
5673.74737,0.835,0.835,200,11808.878637
5651.852892,0.84,0.85,200,11813.735686
5750.159355,0.84,0.845,200,11820.726258
5650.006584,0.84,0.84,200,11825.403888
5737.502636,0.83,0.83,200,11830.184895
5781.399846,0.865,0.865,200,11834.918004
4837.533493,0.85,0.87,200,11839.749275
5641.00182,0.865,0.865,200,11844.593617
5698.11052,0.83,0.84,200,11849.272571
5697.620883,0.81,0.81,200,11854.050784
5099.823273,0.84,0.845,200,11858.727918
5680.14285,0.815,0.815,200,11863.568651
5755.780677,0.85,0.86,200,11870.655101
5740.865592,0.865,0.89,200,11875.367215
5693.772419,0.83,0.83,200,11879.961507
5758.602735,0.865,0.865,200,11884.687874
4492.995815,0.645,0.675,200,11889.458286
5725.926576,0.86,0.87,200,11894.22273
5756.752786,0.86,0.86,200,11899.11226
5598.261942,0.85,0.875,200,11903.788126
5686.028692,0.83,0.83,200,11908.651352
4876.668644,0.815,0.82,200,11913.470368
5645.040002,0.845,0.85,200,11920.454164
4675.253615,0.87,0.87,200,11925.127569
5757.62524,0.865,0.87,200,11929.952245
5752.6741,0.845,0.855,200,11934.845629
5717.332116,0.835,0.845,200,11939.631437
5765.294267,0.855,0.855,200,11944.429948
5741.650427,0.83,0.835,200,11949.15064
5687.760178,0.82,0.82,200,11953.861803
5766.316972,0.86,0.875,200,11958.735644
5657.720716,0.83,0.83,200,11963.418328
5728.898504,0.835,0.84,200,11970.340102
5677.08843,0.845,0.845,200,11975.065286
5771.297263,0.855,0.865,200,11979.758122
5681.152609,0.835,0.85,200,11984.606866
5665.21924,0.835,0.84,200,11989.381336
5732.924518,0.855,0.855,200,11994.01865
5754.507232,0.85,0.85,200,11998.727912
5006.597855,0.85,0.865,200,12003.498958
5659.711212,0.845,0.85,200,12008.147752
5712.749345,0.835,0.835,200,12012.699918
5626.562614,0.835,0.84,200,12019.615756
5693.405338,0.86,0.87,200,12024.078203
5654.584231,0.84,0.85,200,12028.738645
5682.488179,0.865,0.87,200,12033.385108
5763.824175,0.855,0.855,200,12037.973611
5752.699683,0.85,0.85,200,12042.645452
5745.767817,0.855,0.86,200,12047.338012
5650.661609,0.84,0.855,200,12052.043177
4150.374866,0.87,0.87,200,12056.671097
5689.617962,0.815,0.815,200,12061.286837
5723.747366,0.84,0.845,200,12068.218807
5740.566125,0.865,0.865,200,12072.796487
4608.622703,0.845,0.85,200,12077.49056
5055.56189,0.825,0.85,200,12082.015442
5584.17312,0.835,0.835,200,12086.559096
5707.234051,0.82,0.83,200,12091.01197
5677.796593,0.835,0.835,200,12095.562296
5719.628328,0.825,0.835,200,12099.869337
5767.973837,0.85,0.86,200,12104.364723
5663.542351,0.84,0.865,200,12108.927346
5668.734947,0.825,0.83,200,12115.610313
5718.593024,0.87,0.875,200,12120.058739
5746.084145,0.84,0.85,200,12124.624283
5765.221431,0.845,0.855,200,12129.201058
5735.417313,0.87,0.875,200,12133.750309
5747.943437,0.83,0.85,200,12138.343641
5708.738644,0.865,0.87,200,12142.809048
5733.373687,0.865,0.885,200,12147.357569
5714.443498,0.82,0.835,200,12152.039724
5327.645463,0.8,0.8,200,12156.511622
5724.986391,0.83,0.83,200,12163.207066
5696.413587,0.825,0.825,200,12167.833352
5705.819557,0.82,0.82,200,12172.627176
5687.57068,0.83,0.83,200,12177.117072
5610.932497,0.845,0.865,200,12181.640879
5701.878336,0.825,0.825,200,12186.230705
5491.141352,0.85,0.85,200,12190.905314
5691.170734,0.82,0.82,200,12195.419001
5701.730597,0.815,0.82,200,12200.021159
4424.789359,0.865,0.875,200,12204.789525
5682.378596,0.795,0.8,200,12211.872132
5650.889893,0.845,0.85,200,12216.499792
5785.124476,0.87,0.875,200,12220.996293
5740.257308,0.86,0.865,200,12225.51182
5724.95171,0.82,0.84,200,12230.050887
5661.092309,0.83,0.83,200,12234.446323
5696.274782,0.835,0.84,200,12238.99441
5637.181671,0.81,0.82,200,12243.563887
5785.63683,0.87,0.87,200,12248.196495
4803.12105,0.85,0.85,200,12252.858339
5744.446208,0.865,0.87,200,12259.705397
5306.718098,0.855,0.86,200,12264.336531
5775.113437,0.865,0.87,200,12269.010798
5683.594679,0.825,0.825,200,12273.559685
5709.18628,0.825,0.84,200,12278.116141
5715.954426,0.84,0.84,200,12282.539218
5636.99899,0.845,0.85,200,12287.260531
5682.061451,0.815,0.815,200,12291.981212
5724.565893,0.845,0.86,200,12296.66786
5670.141755,0.825,0.83,200,12301.227576
5176.356715,0.88,0.88,200,12307.916172
4727.63453,0.87,0.87,200,12312.543787
5737.907004,0.865,0.87,200,12317.119233
5659.476257,0.85,0.86,200,12321.784443
4433.239831,0.855,0.855,200,12326.544585
5681.470446,0.825,0.835,200,12331.099315
5747.637706,0.86,0.86,200,12335.775961
5738.815498,0.855,0.87,200,12340.488018
5736.336577,0.86,0.875,200,12345.252416
5331.305064,0.84,0.85,200,12349.878006
3600.758681,0.87,0.87,200,12356.764562
5757.557078,0.845,0.845,200,12361.555524
5764.124123,0.85,0.855,200,12366.310489
5696.62601,0.83,0.83,200,12370.870407
5727.39502,0.84,0.84,200,12375.425205
5757.90237,0.845,0.855,200,12379.818275
5681.654419,0.82,0.83,200,12384.34211
5760.913347,0.85,0.855,200,12389.010858
5756.310731,0.845,0.855,200,12393.698684
4605.032937,0.855,0.855,200,12398.295431
4039.832459,0.825,0.85,200,12405.076044
5756.604813,0.845,0.85,200,12409.603048
5727.08944,0.835,0.845,200,12414.32156
5758.470912,0.84,0.85,200,12418.855464
4086.562326,0.86,0.875,200,12423.465833
5779.620437,0.865,0.865,200,12427.946126
5771.472739,0.845,0.86,200,12432.604896
5749.360312,0.855,0.87,200,12437.287822
5678.2181,0.825,0.825,200,12441.877895
5755.403873,0.87,0.875,200,12446.521309
5760.808349,0.85,0.855,200,12453.402107
5568.814954,0.845,0.85,200,12457.920447
5680.696588,0.815,0.815,200,12462.490505
4669.421491,0.875,0.875,200,12467.003799
5705.42996,0.815,0.815,200,12471.644881
5712.826396,0.83,0.83,200,12476.282727
5779.683067,0.855,0.865,200,12480.874483
5776.119964,0.865,0.875,200,12485.492499
5521.535549,0.835,0.85,200,12490.087697
5657.416264,0.82,0.825,200,12494.841709
5421.159266,0.845,0.855,200,12501.503468
5786.242931,0.865,0.87,200,12506.083124
5697.023985,0.82,0.825,200,12510.750407
5649.204966,0.795,0.81,200,12515.406631
5751.21822,0.845,0.845,200,12520.140569
5773.403742,0.86,0.86,200,12524.811131
5747.986986,0.86,0.86,200,12529.432679
5699.161342,0.835,0.835,200,12534.051555
5740.310805,0.86,0.875,200,12538.576006
5628.555654,0.815,0.815,200,12543.241879
5795.29845,0.875,0.88,200,12550.007029
5694.566294,0.835,0.835,200,12554.606539
5606.788667,0.805,0.805,200,12559.139971
5419.096789,0.85,0.85,200,12563.774958
5663.508921,0.81,0.81,200,12568.301316
5091.749995,0.86,0.865,200,12572.893273
5775.52576,0.86,0.865,200,12577.551693
5774.569089,0.865,0.87,200,12582.247801
5687.574404,0.855,0.855,200,12586.952081
5724.684782,0.85,0.86,200,12591.524919
5580.671084,0.845,0.875,200,12598.356231
5742.004941,0.84,0.85,200,12602.892318
5693.283484,0.815,0.815,200,12607.462775
5556.788563,0.775,0.795,200,12611.97479
5196.583272,0.865,0.865,200,12616.472915
5252.837922,0.865,0.865,200,12620.85921
5665.340246,0.83,0.83,200,12625.393055
4976.110684,0.865,0.865,200,12629.720561
5766.416275,0.855,0.855,200,12634.177467
5197.313813,0.84,0.86,200,12638.724729
5708.903077,0.815,0.82,200,12645.409533
5687.740405,0.825,0.835,200,12649.674449
5701.85715,0.815,0.815,200,12654.152799
5702.719876,0.82,0.82,200,12658.82791
5599.900406,0.8,0.8,200,12663.388519
5756.488231,0.86,0.86,200,12667.955572
5752.528462,0.845,0.855,200,12672.603029
5660.023489,0.845,0.845,200,12677.199085
5653.979647,0.85,0.85,200,12681.993762
5687.434683,0.855,0.865,200,12686.657405
5638.806732,0.805,0.81,200,12693.510412
5676.791157,0.845,0.85,200,12698.156287
5728.349872,0.87,0.88,200,12702.752527
5780.595595,0.86,0.87,200,12707.287806
5774.7545,0.85,0.865,200,12711.650826
5444.427468,0.875,0.895,200,12716.274991
5678.949551,0.805,0.805,200,12720.69453
4960.79844,0.865,0.865,200,12725.333843
5781.769409,0.87,0.87,200,12730.065217
5522.067392,0.87,0.87,200,12734.675533
5705.544925,0.82,0.82,200,12741.592218
5666.36006,0.84,0.84,200,12746.254549
5683.267672,0.855,0.86,200,12750.683282
5770.320291,0.845,0.855,200,12755.19305
5779.733155,0.865,0.87,200,12759.844193
5703.56006,0.835,0.835,200,12764.405663
5673.991508,0.835,0.835,200,12769.075539
5596.918403,0.79,0.815,200,12773.640348
5633.900652,0.87,0.885,200,12778.121898
5689.412661,0.82,0.835,200,12782.615749
5717.687591,0.835,0.84,200,12789.242765
5631.144577,0.86,0.87,200,12793.872316
5722.394187,0.855,0.855,200,12798.532326
5669.592761,0.8,0.8,200,12803.138985
5672.854958,0.815,0.82,200,12807.632301
5636.824177,0.84,0.845,200,12812.178664
5685.06826,0.805,0.805,200,12816.801334
5583.199632,0.785,0.8,200,12821.457795
5686.998427,0.825,0.825,200,12825.971992
5699.007098,0.815,0.815,200,12830.483522
5683.801872,0.845,0.85,200,12837.213138
5679.013001,0.825,0.85,200,12841.784621
5746.622119,0.845,0.845,200,12846.287503
5690.072291,0.815,0.815,200,12850.79619
5709.56091,0.82,0.82,200,12855.19526
4459.910985,0.87,0.87,200,12859.692818
5766.893612,0.86,0.865,200,12864.339468
5703.678566,0.825,0.825,200,12868.789368
5688.94394,0.815,0.815,200,12873.471869
5692.172686,0.82,0.82,200,12877.968487
4903.703263,0.85,0.865,200,12884.699241
5610.29608,0.83,0.835,200,12889.290483
5764.493699,0.86,0.86,200,12893.793053
5723.802126,0.86,0.86,200,12898.297041
5692.403012,0.805,0.81,200,12902.820829
5696.280177,0.805,0.82,200,12907.456481
5781.181407,0.865,0.865,200,12912.003453
5727.563725,0.835,0.84,200,12916.559197
5636.401436,0.82,0.82,200,12920.999685
5773.860493,0.865,0.87,200,12925.564224
5698.531213,0.815,0.815,200,12932.337662
5745.745101,0.84,0.84,200,12936.92554
4786.664723,0.855,0.865,200,12941.488014
5763.658135,0.845,0.855,200,12946.132457
5690.283561,0.825,0.825,200,12950.623329
5380.320484,0.845,0.845,200,12955.146296
4863.187361,0.86,0.86,200,12959.675412
5689.081892,0.8,0.8,200,12964.398247
5689.926613,0.83,0.83,200,12969.081613
5779.844778,0.855,0.855,200,12973.892759
5740.450141,0.87,0.87,200,12980.764005
5523.036965,0.835,0.84,200,12985.535783
5700.317241,0.85,0.855,200,12990.287472
5454.126515,0.825,0.86,200,12994.899467
5045.957669,0.855,0.855,200,12999.43245
5762.643313,0.86,0.86,200,13004.061276
5702.297943,0.825,0.835,200,13008.751358
5649.540397,0.815,0.82,200,13013.504565
5743.844755,0.845,0.845,200,13018.127235
5725.603295,0.83,0.83,200,13022.853595
3772.246148,0.87,0.87,200,13029.725302
5708.076093,0.835,0.835,200,13034.408622
3360.483731,0.86,0.88,200,13039.035944
4432.180947,0.865,0.865,200,13043.681907
5718.293139,0.82,0.825,200,13048.38036
5686.202652,0.845,0.855,200,13053.016565
5613.57905,0.855,0.865,200,13057.679867
5512.366856,0.86,0.875,200,13062.451222
5756.762886,0.84,0.855,200,13067.228014
4142.786039,0.875,0.875,200,13071.97741
5777.254691,0.86,0.86,200,13078.83312
5663.08206,0.83,0.83,200,13083.453488
5016.111935,0.86,0.86,200,13088.222235
5458.053467,0.845,0.85,200,13092.923805
5598.7654,0.84,0.84,200,13097.60636
5753.829122,0.85,0.85,200,13102.290315
5601.939364,0.795,0.805,200,13106.924352
5719.99605,0.855,0.865,200,13111.543864
5721.533839,0.835,0.84,200,13116.34327
5665.270255,0.845,0.845,200,13120.937828
5678.785089,0.86,0.875,200,13127.917853
5715.379512,0.815,0.83,200,13132.531625
5690.604724,0.83,0.83,200,13137.240393
4926.606223,0.835,0.85,200,13141.977314
5465.403204,0.865,0.875,200,13146.636317
5581.670426,0.85,0.85,200,13151.372147
5705.829193,0.845,0.86,200,13156.174276
5688.313871,0.825,0.825,200,13160.924921
4753.593504,0.855,0.865,200,13165.646643
5682.000536,0.835,0.84,200,13170.492293
5504.180341,0.845,0.855,200,13177.222649
5711.491699,0.865,0.865,200,13181.959
5725.584849,0.85,0.855,200,13186.782564
4769.743276,0.29,0.295,200,13191.426467
5766.137963,0.85,0.855,200,13196.105385
5492.771778,0.84,0.845,200,13200.86146
5657.982565,0.83,0.83,200,13205.520766
5682.070655,0.86,0.86,200,13210.070791
5745.850511,0.855,0.86,200,13214.672284
5785.360698,0.86,0.87,200,13219.419684
4447.275085,0.575,0.59,200,13226.260223
5698.833888,0.81,0.815,200,13231.022048
5296.139143,0.845,0.845,200,13235.708457
5613.499642,0.815,0.815,200,13240.412079
5302.43492,0.85,0.85,200,13245.059922
5725.95732,0.855,0.855,200,13249.773607
4733.611331,0.865,0.875,200,13254.544505
5770.438376,0.855,0.855,200,13259.245805
5784.871294,0.88,0.88,200,13264.05987
5403.220046,0.845,0.845,200,13268.794835
5705.308061,0.815,0.815,200,13275.742987
5728.280667,0.86,0.86,200,13280.301523
5723.614731,0.865,0.875,200,13284.776744
5760.461685,0.865,0.865,200,13289.484428
5420.62931,0.875,0.88,200,13294.049748
5739.774127,0.84,0.845,200,13298.634927
5759.342648,0.85,0.85,200,13303.17332
4966.794166,0.855,0.86,200,13307.833221
5687.793255,0.82,0.83,200,13312.552269
5745.475264,0.835,0.85,200,13317.212006
5689.15809,0.805,0.805,200,13324.202929
5494.34449,0.84,0.87,200,13328.842305
5430.512928,0.86,0.865,200,13333.584253
5777.172092,0.875,0.88,200,13338.214908
5721.459274,0.83,0.85,200,13343.08428
5753.646811,0.845,0.85,200,13347.69076
5696.399236,0.8,0.815,200,13352.219419
5782.389072,0.865,0.87,200,13356.824329
5704.656779,0.83,0.83,200,13361.522169
2362.900982,0.095,0.1,200,13366.123255
5738.215514,0.855,0.855,200,13372.92359
5662.303819,0.845,0.85,200,13377.661691
5739.553582,0.875,0.885,200,13382.37018
5734.212928,0.87,0.875,200,13386.979912
5645.172764,0.825,0.825,200,13391.607766
5770.738926,0.86,0.86,200,13396.369054
5731.328069,0.865,0.87,200,13401.093661
5653.231659,0.83,0.83,200,13405.8408
5682.187183,0.79,0.795,200,13410.719424
5682.673127,0.825,0.835,200,13415.393152
5739.16108,0.855,0.86,200,13422.21291
5664.68709,0.845,0.855,200,13426.892947
5721.648509,0.84,0.84,200,13431.43767
5081.014901,0.885,0.885,200,13436.090026
4382.338991,0.87,0.87,200,13440.625431
5715.506791,0.86,0.86,200,13445.213428
5536.711106,0.87,0.89,200,13449.886975
5365.74811,0.845,0.855,200,13454.622209
3155.791759,0.23,0.245,200,13459.174963
5707.48186,0.805,0.835,200,13463.909948
4822.925323,0.835,0.86,200,13470.905147
5781.397935,0.87,0.87,200,13475.611017
5682.194191,0.815,0.82,200,13480.278398
5745.923556,0.855,0.855,200,13484.937497
5742.681023,0.835,0.85,200,13489.523876
5567.615733,0.865,0.88,200,13494.069416
5712.589903,0.83,0.845,200,13498.764831
5080.626692,0.36,0.36,200,13503.429174
5151.39955,0.73,0.755,200,13508.051539
5791.492681,0.87,0.88,200,13512.521713
5752.084073,0.85,0.855,200,13519.378037
5675.455313,0.845,0.85,200,13524.043301
5647.505782,0.805,0.815,200,13528.674229
5782.163012,0.87,0.87,200,13533.374478
5393.334639,0.86,0.865,200,13538.122023
5671.174536,0.835,0.835,200,13542.795916
5655.280574,0.845,0.845,200,13547.407234
5698.094561,0.82,0.82,200,13552.053746
5707.092305,0.865,0.87,200,13556.70749
5236.328996,0.845,0.845,200,13561.143218
5778.950367,0.875,0.875,200,13568.133976
5659.756492,0.85,0.855,200,13572.821117
5753.452581,0.87,0.87,200,13577.413805
5771.547867,0.86,0.86,200,13582.080737
5697.878482,0.835,0.845,200,13586.742443
5671.625259,0.875,0.875,200,13591.528231
5375.12252,0.84,0.84,200,13596.278333
4786.396754,0.875,0.875,200,13601.09876
5626.29911,0.84,0.84,200,13605.657162
5778.278063,0.85,0.865,200,13610.335655
5678.720278,0.86,0.87,200,13617.165235
5730.992144,0.835,0.84,200,13621.854866
5749.183927,0.86,0.865,200,13626.591897
5076.734742,0.865,0.865,200,13631.320784
5766.032105,0.86,0.865,200,13635.954537
5708.310657,0.855,0.86,200,13640.653531
5777.503315,0.865,0.865,200,13645.291275
5640.562312,0.805,0.805,200,13649.750842
5627.723458,0.845,0.85,200,13654.387948
5261.019158,0.84,0.86,200,13658.919413
4908.426763,0.855,0.87,200,13665.708805
5710.032747,0.835,0.835,200,13670.35486
4487.147061,0.865,0.865,200,13674.913838
5657.636405,0.82,0.82,200,13679.390061
5748.060873,0.845,0.85,200,13683.90336
5771.966396,0.855,0.855,200,13688.434998
5788.340273,0.86,0.875,200,13693.041152
5678.463037,0.84,0.845,200,13697.655471
4434.724288,0.865,0.87,200,13702.165276
5618.014168,0.82,0.82,200,13706.644793
5686.20798,0.8,0.8,200,13713.458548
5775.749964,0.86,0.86,200,13717.964453
5756.998051,0.865,0.875,200,13722.534549
5649.527588,0.8,0.82,200,13727.011678
5677.422615,0.835,0.855,200,13731.573524
5768.798077,0.85,0.855,200,13736.11209
5397.94682,0.83,0.835,200,13740.599053
5565.469195,0.86,0.86,200,13745.074349
5760.887929,0.86,0.86,200,13749.753003
5739.553516,0.87,0.875,200,13754.314709
5729.296192,0.835,0.845,200,13760.998927
5384.444583,0.81,0.855,200,13765.594579
4957.644172,0.64,0.665,200,13770.204372
4888.79008,0.85,0.865,200,13774.854268
5775.43503,0.855,0.865,200,13779.601888
5718.139132,0.83,0.84,200,13784.213874
5701.62455,0.85,0.855,200,13788.693833
5661.689774,0.86,0.86,200,13793.369102
5363.541743,0.84,0.865,200,13798.060932
5767.291885,0.87,0.875,200,13802.75711
5698.150533,0.815,0.815,200,13809.588698
5654.804601,0.85,0.875,200,13814.253904
5761.197209,0.86,0.88,200,13818.897338
5590.664437,0.795,0.8,200,13823.546427
5688.404038,0.835,0.835,200,13828.214631
5714.09601,0.83,0.835,200,13832.880409
5767.479748,0.865,0.87,200,13837.387434
5690.687418,0.81,0.815,200,13842.084107
5778.834699,0.86,0.865,200,13846.690581
5756.909921,0.86,0.86,200,13851.372481
4497.299684,0.86,0.86,200,13858.312201
5667.603585,0.85,0.855,200,13862.993545
5650.790738,0.855,0.855,200,13867.647791
5695.906297,0.815,0.815,200,13872.216884
5564.987214,0.855,0.88,200,13876.789217
5649.938507,0.815,0.815,200,13881.536215
4416.732076,0.69,0.69,200,13886.089653
5408.411569,0.85,0.85,200,13890.773613
5607.260327,0.795,0.81,200,13895.421222
5781.062958,0.865,0.87,200,13899.990783
5718.161677,0.845,0.845,200,13906.650228
5700.310069,0.855,0.865,200,13911.293281
5746.682995,0.85,0.86,200,13915.880159
5751.885155,0.86,0.86,200,13920.493758
5692.722585,0.865,0.87,200,13925.250687
5042.610552,0.42,0.42,200,13929.806991
5706.491125,0.83,0.835,200,13934.345157
5668.499504,0.845,0.845,200,13938.992644
5630.324495,0.855,0.855,200,13943.738493
5624.378611,0.81,0.81,200,13948.323454
5742.855784,0.86,0.865,200,13955.114921
4928.727385,0.875,0.875,200,13959.490459
5715.829283,0.845,0.855,200,13964.073692
5684.948983,0.83,0.83,200,13968.680233
5711.221844,0.855,0.86,200,13973.395653
4429.402964,0.72,0.76,200,13977.842063
5538.278046,0.845,0.87,200,13982.441556
5705.009362,0.805,0.815,200,13987.139367
5773.70367,0.845,0.86,200,13991.671806
5681.001678,0.825,0.83,200,13996.357151
5700.928144,0.84,0.84,200,14003.171074
4524.393969,0.86,0.86,200,14007.978948
5631.483949,0.86,0.86,200,14012.653434
5705.005774,0.825,0.83,200,14017.285998
5623.651337,0.82,0.82,200,14021.887534
5750.299377,0.84,0.84,200,14026.667504
5732.068118,0.85,0.85,200,14031.378213
5637.567441,0.805,0.805,200,14036.099054
5706.408767,0.82,0.825,200,14040.668708
5721.514478,0.83,0.83,200,14045.353768
5642.574507,0.815,0.82,200,14052.277486
5768.980291,0.845,0.865,200,14056.756429
5733.995751,0.83,0.835,200,14061.38921
5715.222754,0.825,0.835,200,14066.0381
5682.420265,0.845,0.845,200,14070.546767
5706.802806,0.855,0.86,200,14075.261167
5694.822833,0.825,0.835,200,14079.907856
5745.850596,0.865,0.885,200,14084.51616
5657.141808,0.85,0.855,200,14089.215229
5711.287601,0.825,0.84,200,14093.737703
5587.252515,0.835,0.835,200,14100.445179
5680.13694,0.835,0.835,200,14105.095155
5741.305543,0.84,0.845,200,14109.701932
5762.455854,0.855,0.86,200,14114.366768
5738.161445,0.83,0.84,200,14119.032411
5764.091682,0.855,0.86,200,14123.601411
5726.148541,0.865,0.87,200,14128.183247
5670.37964,0.83,0.83,200,14132.936314
5732.601882,0.875,0.88,200,14137.512773
5547.867739,0.83,0.875,200,14142.07163
5651.491297,0.86,0.87,200,14148.794603
5692.897698,0.825,0.84,200,14153.458183
5760.206498,0.86,0.875,200,14158.052384
5684.376146,0.845,0.85,200,14162.69102
5716.365283,0.825,0.83,200,14167.41079
5691.100105,0.815,0.835,200,14172.102111
5751.034052,0.84,0.855,200,14176.693811
5693.020616,0.855,0.855,200,14181.529119
5716.197042,0.845,0.845,200,14186.085428
5582.860389,0.85,0.85,200,14190.61796
5707.42192,0.815,0.82,200,14197.457837
5136.266213,0.86,0.86,200,14202.114369
5248.846802,0.845,0.85,200,14206.795324
5744.57637,0.84,0.84,200,14211.539255
5764.321511,0.85,0.865,200,14216.16181
5761.033012,0.855,0.87,200,14220.854231
5745.275172,0.855,0.855,200,14225.570981
5694.380609,0.84,0.84,200,14230.210502
5038.861209,0.86,0.875,200,14234.872327
5707.55215,0.825,0.825,200,14239.637185
5764.961767,0.86,0.86,200,14246.50369
5764.390507,0.86,0.86,200,14251.18826
3561.821099,0.875,0.88,200,14255.862894
5757.352916,0.845,0.845,200,14260.569876
4563.139602,0.86,0.86,200,14265.323548
5701.23201,0.82,0.82,200,14269.993519
5081.947498,0.845,0.845,200,14274.592216
5573.33008,0.85,0.86,200,14279.248616
5755.290597,0.855,0.86,200,14283.932676
5710.594847,0.845,0.845,200,14288.609835
5756.455596,0.84,0.85,200,14295.3537
5691.664367,0.82,0.835,200,14300.086802
5662.564641,0.815,0.825,200,14304.740507
5700.333058,0.84,0.84,200,14309.478741
5696.953362,0.84,0.84,200,14314.106122
5782.183105,0.865,0.865,200,14318.760743
5645.498254,0.835,0.84,200,14323.364677
4451.251354,0.865,0.865,200,14327.961773
5708.193591,0.83,0.83,200,14332.63384
5770.165012,0.875,0.875,200,14337.246306
5733.103141,0.86,0.86,200,14344.156646
5694.742185,0.83,0.84,200,14348.832092
5751.559933,0.845,0.85,200,14353.479892
5627.205995,0.815,0.815,200,14358.217408
5788.588349,0.865,0.875,200,14362.844044
5762.111849,0.85,0.85,200,14367.513026
5734.916684,0.855,0.865,200,14372.195929
5783.61724,0.87,0.87,200,14376.764544
5743.003103,0.845,0.845,200,14381.492976
5599.46141,0.845,0.875,200,14386.205962
5681.482305,0.825,0.83,200,14393.084205
5662.785092,0.825,0.825,200,14397.850381
5624.006102,0.85,0.855,200,14402.580624
5701.239993,0.825,0.83,200,14407.283504
5673.82494,0.84,0.845,200,14412.093974
5639.305011,0.81,0.81,200,14416.718296
5691.964901,0.81,0.81,200,14421.341981
5627.910577,0.85,0.87,200,14426.087618
5712.428318,0.845,0.845,200,14430.730936
5715.20907,0.855,0.87,200,14435.424878
5724.367935,0.875,0.88,200,14442.335921
5096.339912,0.845,0.86,200,14447.003938
5699.557677,0.81,0.82,200,14451.61803
5730.973733,0.86,0.865,200,14456.258167
5718.604484,0.86,0.86,200,14460.969145
5701.074503,0.815,0.815,200,14465.624122
5757.697005,0.855,0.86,200,14470.301577
5767.813678,0.865,0.865,200,14474.926945
5774.063921,0.865,0.865,200,14479.539057
5725.709929,0.855,0.86,200,14484.22415
5753.271719,0.85,0.855,200,14490.874996
5766.432019,0.855,0.855,200,14495.412085
5700.104524,0.865,0.87,200,14500.009302
5769.301055,0.85,0.865,200,14504.548506
5694.576988,0.85,0.85,200,14509.107885
5768.748125,0.86,0.86,200,14513.690528
5703.688507,0.825,0.83,200,14518.132446
5714.443181,0.83,0.835,200,14522.814837
5737.354633,0.845,0.845,200,14527.510741
5735.589917,0.84,0.86,200,14532.07146
5637.79439,0.8,0.815,200,14539.016227
5744.939285,0.855,0.865,200,14543.663756
5736.386768,0.865,0.87,200,14548.244399
5747.004128,0.855,0.855,200,14552.773334
5777.152004,0.85,0.865,200,14557.39159
4639.565195,0.59,0.61,200,14561.848022
5696.066603,0.8,0.805,200,14566.436202
5746.838451,0.86,0.86,200,14570.976471
5573.167029,0.845,0.885,200,14575.638665
5464.478187,0.845,0.85,200,14580.204218
5754.51661,0.835,0.845,200,14587.085533
5699.863143,0.825,0.825,200,14591.736731
5715.739263,0.835,0.855,200,14596.278386
5619.693134,0.835,0.855,200,14600.7958
5302.208099,0.865,0.865,200,14605.406032
5603.285927,0.855,0.875,200,14610.139321
4054.932124,0.14,0.14,200,14614.760993
5744.113163,0.855,0.855,200,14619.493433
5773.461127,0.87,0.88,200,14624.084831
5705.75249,0.81,0.815,200,14628.54698
5687.195791,0.835,0.835,200,14635.549472
5784.047091,0.875,0.875,200,14640.285139
5714.101336,0.82,0.83,200,14644.975179
5763.876592,0.85,0.85,200,14649.706101
5703.641165,0.815,0.815,200,14654.323139
5691.773055,0.81,0.81,200,14659.089373
5763.84707,0.85,0.855,200,14663.826418
5770.358154,0.87,0.88,200,14668.355384
5686.582092,0.83,0.84,200,14673.013876
5610.046417,0.865,0.875,200,14677.579512
5328.305558,0.85,0.85,200,14684.292093
5774.061548,0.87,0.87,200,14689.023531
5714.109088,0.815,0.825,200,14693.72226
5768.718629,0.86,0.86,200,14698.301973
5781.493298,0.88,0.88,200,14702.973728
5695.249633,0.82,0.82,200,14707.555754
5168.791267,0.87,0.87,200,14712.105357
5723.41161,0.865,0.885,200,14716.838885
5521.708931,0.865,0.865,200,14721.469603
5711.334123,0.83,0.84,200,14726.229997
5714.363735,0.855,0.87,200,14733.121812
5642.845291,0.8,0.815,200,14737.762008
5665.134358,0.85,0.85,200,14742.475845
5206.340659,0.73,0.74,200,14747.028349
5753.501997,0.86,0.87,200,14751.663278
5575.057967,0.835,0.87,200,14756.356144
5692.422416,0.85,0.855,200,14760.984912
5730.154418,0.865,0.87,200,14765.551016
5694.702722,0.825,0.825,200,14770.05795
5753.520273,0.855,0.855,200,14774.786795
5743.614832,0.86,0.87,200,14781.520359
4750.015824,0.865,0.865,200,14786.107947
5767.042363,0.86,0.87,200,14790.760189
5701.227732,0.84,0.84,200,14795.291322
5656.94746,0.815,0.82,200,14799.917897
5768.701352,0.86,0.87,200,14804.626171
5760.636324,0.855,0.855,200,14809.352891
5715.355796,0.86,0.875,200,14814.000413
5784.546493,0.865,0.875,200,14818.668785
5730.246951,0.86,0.87,200,14823.368129
3271.191009,0.865,0.87,200,14830.302088
5060.868825,0.7,0.715,200,14834.900007
5675.096419,0.855,0.865,200,14839.443877
5611.579348,0.855,0.855,200,14843.974897
5762.981836,0.86,0.865,200,14848.539492
5690.127753,0.855,0.87,200,14853.317462
5773.843974,0.85,0.865,200,14857.760902
5652.572052,0.825,0.825,200,14862.254136
5721.626594,0.855,0.86,200,14866.847606
5689.280241,0.84,0.84,200,14871.525316
5302.618529,0.685,0.685,200,14878.158326
5692.283398,0.81,0.815,200,14882.690801
5732.347059,0.865,0.875,200,14887.224779
5768.139737,0.855,0.855,200,14891.661961
5780.170007,0.865,0.87,200,14896.202212
5776.109579,0.85,0.87,200,14900.653756
5777.768241,0.855,0.86,200,14905.054157
5770.341662,0.86,0.86,200,14909.562246
5614.151482,0.84,0.845,200,14913.936692
5733.473074,0.865,0.875,200,14918.361851
5098.603295,0.835,0.86,200,14925.086387
3890.959607,0.885,0.885,200,14929.512365
5697.978285,0.86,0.865,200,14933.986691
5617.837111,0.805,0.81,200,14938.494126
5708.387542,0.825,0.83,200,14943.112717
5663.201804,0.84,0.845,200,14947.822173
5727.583918,0.84,0.84,200,14952.322717
5761.92518,0.89,0.89,200,14956.915784
5657.436718,0.815,0.825,200,14961.353098
4987.399427,0.865,0.865,200,14965.728049
5710.033309,0.825,0.83,200,14972.226294
5751.085611,0.85,0.85,200,14976.766848
5702.855978,0.82,0.84,200,14981.400501
5690.39877,0.865,0.865,200,14985.886702
5674.066436,0.845,0.87,200,14990.459868
5635.337681,0.81,0.815,200,14994.974964
5748.254121,0.86,0.87,200,14999.315335
5699.604809,0.825,0.83,200,15003.881672
5780.961007,0.865,0.87,200,15008.4248
5714.514912,0.84,0.84,200,15012.86763
5712.36409,0.82,0.82,200,15019.716825
5636.244944,0.855,0.875,200,15024.00762
5721.85526,0.875,0.885,200,15028.436133
5769.697589,0.865,0.865,200,15033.160703
5691.504079,0.84,0.85,200,15037.678717
5771.832899,0.855,0.86,200,15042.259506
5694.293742,0.82,0.825,200,15046.932153
4990.683918,0.84,0.84,200,15051.531715
5726.730077,0.835,0.845,200,15055.995349
5707.863693,0.825,0.825,200,15060.518895
5705.798,0.84,0.84,200,15067.537534
5709.392785,0.825,0.825,200,15072.049803
5047.107445,0.855,0.855,200,15076.669463
5519.598158,0.85,0.855,200,15081.219689
5743.319332,0.85,0.85,200,15085.904355
5643.857988,0.82,0.82,200,15090.725827
5748.377384,0.84,0.855,200,15095.447959
5638.26601,0.81,0.82,200,15100.057257
5768.33312,0.855,0.87,200,15104.552814
5782.576885,0.885,0.885,200,15109.146014
5766.128837,0.875,0.875,200,15115.62743
5713.270545,0.83,0.83,200,15120.078186
5693.259881,0.835,0.84,200,15124.476074
5756.288292,0.845,0.85,200,15128.771767
5645.459924,0.865,0.875,200,15133.069092
3764.330087,0.28,0.28,200,15137.584301
4505.357756,0.775,0.785,200,15141.889684
5671.697689,0.855,0.87,200,15146.375918
5751.838061,0.875,0.88,200,15150.886036
5761.494422,0.845,0.85,200,15155.502514
5698.18788,0.81,0.81,200,15162.062624
5691.156819,0.82,0.835,200,15166.405712
5731.769054,0.83,0.835,200,15171.035501
5716.910134,0.835,0.84,200,15175.524644
4943.357566,0.86,0.865,200,15180.217888
5523.378934,0.85,0.85,200,15184.883508
5631.407182,0.805,0.815,200,15189.411201
5447.205274,0.785,0.84,200,15193.993145
5693.058684,0.835,0.835,200,15198.534814
4820.508905,0.865,0.865,200,15203.058121
4706.719406,0.855,0.855,200,15209.917554
5593.526495,0.8,0.81,200,15214.389357
5498.876473,0.835,0.875,200,15218.943909
5201.144231,0.815,0.825,200,15223.371555
5769.916611,0.865,0.865,200,15227.841451
5762.408489,0.86,0.87,200,15232.336163
5773.379462,0.87,0.87,200,15236.783049
5697.273751,0.815,0.815,200,15241.21946
5627.805891,0.86,0.86,200,15245.671023
5757.303041,0.84,0.85,200,15250.107305
5722.405777,0.865,0.87,200,15256.460195
5696.826475,0.835,0.84,200,15260.685982
5724.062924,0.835,0.835,200,15265.216244
5678.303531,0.865,0.865,200,15269.733202
5580.867776,0.86,0.86,200,15274.303948
4715.313394,0.46,0.46,200,15278.624004
5320.224397,0.705,0.74,200,15283.055724
5656.031502,0.85,0.87,200,15287.569602
5661.126393,0.845,0.845,200,15292.220235
5564.121128,0.835,0.875,200,15296.920595
5761.342813,0.855,0.855,200,15303.566987
4602.358636,0.88,0.88,200,15308.210368
5690.884626,0.84,0.84,200,15312.883884
5676.731397,0.795,0.795,200,15317.39594
5712.019319,0.825,0.825,200,15321.925335
5778.568124,0.875,0.88,200,15326.542681
5695.503591,0.815,0.815,200,15331.235353
5038.230314,0.86,0.86,200,15335.943674
5421.887439,0.835,0.835,200,15340.631871
5767.387481,0.855,0.855,200,15345.360114
5667.825209,0.815,0.815,200,15352.365376
5648.77945,0.8,0.815,200,15357.082232
5748.64237,0.865,0.865,200,15361.854737
5545.795032,0.865,0.865,200,15366.620602
5692.143228,0.82,0.825,200,15371.264041
5249.751235,0.85,0.85,200,15375.999319
5749.523934,0.865,0.87,200,15380.73212
5758.784692,0.87,0.885,200,15385.488991
5682.385132,0.845,0.855,200,15389.973404
5607.627591,0.805,0.805,200,15394.743777
5679.39671,0.815,0.83,200,15401.190965
5471.393489,0.845,0.855,200,15405.831658
5604.470989,0.795,0.795,200,15410.50971
5659.372709,0.805,0.815,200,15415.195836
5680.566011,0.845,0.85,200,15419.708351
5690.274256,0.835,0.84,200,15424.312896
5786.818211,0.865,0.875,200,15428.687912
5791.657146,0.87,0.885,200,15433.34157
5521.268451,0.85,0.875,200,15438.041823
5710.270064,0.825,0.825,200,15442.665632
5789.331474,0.875,0.875,200,15449.596228
5785.930284,0.875,0.875,200,15454.327773
5644.475395,0.88,0.88,200,15458.937787
5758.946603,0.86,0.87,200,15463.577093
5628.568609,0.84,0.855,200,15468.290771
5752.463142,0.86,0.865,200,15472.94233
5779.089766,0.85,0.865,200,15477.706676
5557.341177,0.855,0.855,200,15482.398359
5694.776513,0.865,0.875,200,15487.151582
5754.219389,0.845,0.845,200,15491.930953
5708.183191,0.825,0.825,200,15498.858419
5644.854336,0.86,0.875,200,15503.405831
5670.032059,0.79,0.805,200,15508.06235
5484.028662,0.855,0.89,200,15512.743927
5673.681888,0.825,0.825,200,15517.489154
5446.762525,0.83,0.855,200,15522.162941
5773.551684,0.86,0.865,200,15526.94741
5731.367624,0.865,0.865,200,15531.705308
5704.162995,0.81,0.815,200,15536.458765
5596.195065,0.8,0.805,200,15541.15043
5751.278027,0.865,0.88,200,15548.052234
5696.09813,0.825,0.85,200,15552.718394
5701.664658,0.83,0.835,200,15557.470138
5777.853165,0.855,0.87,200,15562.281118
5638.758354,0.82,0.82,200,15567.008355
5784.786401,0.875,0.875,200,15571.840343
5784.196354,0.875,0.875,200,15576.656232
5718.543048,0.825,0.84,200,15581.445426
5783.645502,0.875,0.875,200,15586.160402
5689.292418,0.825,0.825,200,15590.787881
5717.506184,0.86,0.865,200,15597.465281
5692.399468,0.86,0.885,200,15602.161684
5702.749697,0.86,0.86,200,15606.846051
5741.628738,0.84,0.85,200,15611.498004
5773.341612,0.865,0.865,200,15616.332964
5754.703852,0.845,0.845,200,15621.047464
5782.093568,0.865,0.88,200,15625.736469
5757.586252,0.855,0.855,200,15630.480313
4567.689252,0.87,0.875,200,15635.173964
5709.958339,0.83,0.83,200,15639.978717
5707.389269,0.835,0.835,200,15646.991042
5743.808254,0.86,0.87,200,15651.73393
5770.565242,0.855,0.86,200,15656.440505
4957.364327,0.86,0.86,200,15661.234199
4912.939984,0.855,0.875,200,15665.959757
5689.84792,0.805,0.805,200,15670.690004
5743.51428,0.87,0.875,200,15675.370541
5755.579468,0.84,0.845,200,15680.081594
5266.834387,0.85,0.85,200,15684.710304
5769.732825,0.86,0.86,200,15689.384584
5380.515876,0.84,0.85,200,15696.335843
5704.940337,0.825,0.83,200,15701.11843
5711.194759,0.845,0.85,200,15705.785084
5705.287728,0.825,0.825,200,15710.441934
5698.690092,0.805,0.81,200,15715.179747
5711.992619,0.825,0.825,200,15719.840305
5466.368031,0.86,0.865,200,15724.519468
5274.30342,0.845,0.85,200,15729.215183
5658.467404,0.865,0.88,200,15733.949346
5726.24637,0.845,0.845,200,15738.652061
5726.663601,0.83,0.835,200,15745.594267
5661.341698,0.82,0.825,200,15750.311387
5709.275247,0.83,0.83,200,15755.107774
5639.897486,0.82,0.82,200,15759.782205
5712.699632,0.835,0.84,200,15764.442218
5284.661054,0.85,0.865,200,15769.267768
5772.510952,0.85,0.865,200,15773.967049
5723.914637,0.865,0.875,200,15778.653257
5074.24444,0.865,0.865,200,15783.318576
5734.672267,0.84,0.84,200,15787.95243
5765.47703,0.845,0.85,200,15794.908535
5743.063949,0.865,0.87,200,15799.521956
5696.935051,0.85,0.87,200,15804.171184
5682.65485,0.79,0.81,200,15808.94863
5759.320577,0.875,0.875,200,15813.628931
5756.300467,0.87,0.87,200,15818.386447
4899.584868,0.87,0.87,200,15823.187341
5695.365413,0.84,0.84,200,15827.838516
5685.213459,0.825,0.83,200,15832.535911
5107.304514,0.87,0.88,200,15837.304877
5693.310978,0.85,0.85,200,15844.248733
5780.497501,0.865,0.88,200,15849.104034
5774.485997,0.865,0.865,200,15853.760413
5498.912337,0.855,0.855,200,15858.410002
5754.57054,0.865,0.875,200,15863.207002
5708.385172,0.81,0.825,200,15867.745028
5637.986807,0.85,0.855,200,15872.501725
5689.088517,0.81,0.82,200,15877.291896
5777.029564,0.87,0.88,200,15882.094613
5660.549753,0.82,0.83,200,15886.839428
5761.292812,0.85,0.85,200,15893.629321
5765.527281,0.845,0.85,200,15898.389548
5616.997012,0.845,0.845,200,15903.191404
5102.803917,0.605,0.62,200,15907.84745
5366.102149,0.855,0.875,200,15912.583748
5688.429985,0.85,0.85,200,15917.293015
5726.862271,0.845,0.845,200,15922.056171
5788.768672,0.875,0.875,200,15926.782252
5796.198213,0.865,0.875,200,15931.445282
5699.989118,0.805,0.815,200,15936.245767
5781.914006,0.87,0.87,200,15943.112784
5594.217632,0.86,0.865,200,15947.757744
5775.893765,0.865,0.865,200,15952.489016
5695.746915,0.815,0.815,200,15957.402349
5161.69148,0.845,0.87,200,15962.086174
5777.831335,0.85,0.865,200,15966.836383
5670.248986,0.845,0.85,200,15971.477287
5770.977148,0.89,0.895,200,15976.227891
5720.894944,0.85,0.87,200,15981.042161
5700.436322,0.865,0.88,200,15985.729492
3866.427006,0.875,0.885,200,15992.824571
5705.034812,0.84,0.84,200,15997.566069
5697.724723,0.86,0.86,200,16002.363963
5218.201661,0.73,0.735,200,16007.111472
5149.467753,0.855,0.875,200,16011.843652
5673.488148,0.825,0.83,200,16016.502917
5776.065052,0.865,0.865,200,16021.100582
5363.887819,0.855,0.855,200,16025.812232
5694.56215,0.845,0.85,200,16030.580902
5609.363292,0.86,0.895,200,16035.294368
5682.31157,0.83,0.83,200,16042.328033
5738.995988,0.845,0.845,200,16047.076051
5136.249991,0.87,0.87,200,16051.756835
5787.970645,0.865,0.875,200,16056.434763
5723.083073,0.84,0.845,200,16061.204189
5350.190609,0.845,0.845,200,16065.928717
5670.56913,0.865,0.865,200,16070.798663
5719.341816,0.825,0.84,200,16075.53247
5787.761909,0.87,0.87,200,16080.275838
5733.701967,0.845,0.845,200,16084.917377
5414.470478,0.855,0.855,200,16091.64361
5543.375747,0.84,0.875,200,16096.283539
4402.893931,0.885,0.885,200,16101.048746
5734.718811,0.85,0.85,200,16105.708772
5709.372008,0.81,0.815,200,16110.504678
5699.14129,0.805,0.815,200,16115.300416
5264.323469,0.86,0.86,200,16120.030381
5770.115839,0.855,0.855,200,16124.750442
5718.613743,0.84,0.845,200,16129.426078
5687.888576,0.86,0.875,200,16134.120962
5714.788203,0.82,0.83,200,16141.322757
3734.588571,0.31,0.32,200,16146.125172
5671.265266,0.845,0.845,200,16150.897776
5680.856225,0.835,0.835,200,16155.745103
5747.586198,0.865,0.865,200,16160.437141
5709.450752,0.815,0.82,200,16165.327772
5736.524039,0.865,0.875,200,16170.029791
5643.003076,0.85,0.855,200,16174.863012
5718.094417,0.83,0.83,200,16179.684825
5788.675367,0.875,0.89,200,16184.44678
5127.974167,0.87,0.87,200,16191.437601
5706.464064,0.82,0.825,200,16196.19065
5552.90972,0.865,0.87,200,16200.93452
5693.94905,0.81,0.81,200,16205.769055
5512.976802,0.855,0.865,200,16210.513677
5659.754743,0.835,0.855,200,16215.34422
5691.161969,0.85,0.85,200,16220.09397
5778.652965,0.875,0.875,200,16224.94747
5550.164453,0.845,0.885,200,16229.658005
5123.566857,0.825,0.85,200,16234.465877
5782.546399,0.855,0.865,200,16241.504868
5746.666322,0.84,0.85,200,16246.277586
4844.18117,0.855,0.855,200,16250.993693
5576.561222,0.85,0.885,200,16255.728682
5694.466356,0.85,0.86,200,16260.350674
5196.34627,0.875,0.875,200,16265.001344
5669.82734,0.845,0.845,200,16269.622796
5782.740938,0.865,0.88,200,16274.230052
5692.049292,0.8,0.8,200,16278.891769
5679.902837,0.865,0.87,200,16283.588883
5659.293056,0.855,0.855,200,16290.496233
5709.387466,0.855,0.855,200,16295.314111
5772.34022,0.865,0.87,200,16300.156241
4905.981774,0.875,0.875,200,16304.935834
5674.82013,0.84,0.845,200,16309.635596
5340.21697,0.875,0.875,200,16314.300194
5754.881473,0.85,0.85,200,16319.119107
3969.180607,0.88,0.88,200,16323.78149
5159.054383,0.86,0.86,200,16328.367579
5666.490918,0.845,0.85,200,16333.008304
5653.514131,0.855,0.87,200,16339.874084
5799.796461,0.89,0.89,200,16344.556928
5709.296705,0.835,0.835,200,16349.191771
5682.888746,0.87,0.88,200,16353.8261
5171.925423,0.87,0.875,200,16358.454412
5699.621567,0.8,0.81,200,16363.199826
5715.287721,0.825,0.83,200,16367.951937
5603.131512,0.87,0.88,200,16372.672576
5700.273025,0.815,0.815,200,16377.217811
5735.365317,0.87,0.87,200,16381.899648
5454.592032,0.8,0.835,200,16388.853011
5706.100777,0.875,0.89,200,16393.536302
4915.161375,0.88,0.88,200,16398.34071
5688.216127,0.805,0.805,200,16403.027141
5706.240738,0.835,0.835,200,16407.830027
5367.80516,0.86,0.87,200,16412.547533
5698.429712,0.845,0.855,200,16417.322921
5621.807174,0.855,0.86,200,16422.026577
5700.134667,0.83,0.83,200,16426.701907
5609.735515,0.785,0.805,200,16431.527594
5752.749914,0.86,0.86,200,16438.442539
5782.471028,0.85,0.87,200,16443.29039
5787.060306,0.87,0.87,200,16448.031047
5669.678275,0.84,0.845,200,16452.674037
5540.040855,0.835,0.865,200,16457.295877
5784.187196,0.88,0.88,200,16461.96279
5673.34125,0.84,0.85,200,16466.652831
5532.273265,0.775,0.775,200,16471.393666
5779.713366,0.86,0.86,200,16476.060814
5710.268647,0.825,0.835,200,16480.64835
5619.173072,0.815,0.815,200,16487.427037
5708.282088,0.83,0.83,200,16492.146918
4854.350902,0.835,0.84,200,16496.786369
5670.746853,0.83,0.85,200,16501.454953
5651.557624,0.87,0.89,200,16506.156029
5682.710551,0.85,0.85,200,16510.842748
5713.810712,0.835,0.835,200,16515.485678
5722.679502,0.845,0.845,200,16520.225234
5669.85156,0.83,0.83,200,16524.852741
5536.882826,0.845,0.845,200,16529.505054
5698.753646,0.84,0.84,200,16536.451542
5696.955448,0.82,0.82,200,16541.219171
4909.886331,0.875,0.875,200,16545.901674
5025.726725,0.865,0.865,200,16550.6291
5370.979738,0.87,0.875,200,16555.332857
5063.717618,0.84,0.845,200,16559.935834
5206.216262,0.87,0.87,200,16564.596047
5393.526916,0.865,0.865,200,16569.212383
5559.033164,0.865,0.865,200,16574.011788
5791.68322,0.875,0.875,200,16578.797777
5760.914575,0.875,0.89,200,16585.947232
5395.096786,0.815,0.84,200,16590.779409
5613.795779,0.86,0.865,200,16595.648156
5672.348205,0.835,0.835,200,16600.343438
5699.490721,0.84,0.845,200,16605.175452
5392.902766,0.87,0.87,200,16609.933172
5603.656101,0.855,0.88,200,16614.615911
5699.054588,0.81,0.815,200,16619.329325
5551.083307,0.865,0.87,200,16623.99867
5766.211429,0.85,0.86,200,16628.717062
5640.063774,0.81,0.82,200,16635.606476
5696.652572,0.845,0.845,200,16640.388243
5770.196593,0.85,0.865,200,16645.133165
4619.132279,0.535,0.55,200,16649.741698
5671.403277,0.855,0.865,200,16654.480463
5705.102115,0.815,0.82,200,16659.070118
5739.943964,0.845,0.855,200,16663.701795
5714.880731,0.845,0.88,200,16668.366433
5623.994569,0.855,0.86,200,16673.110993
5720.183537,0.855,0.87,200,16677.754539
5707.583376,0.825,0.825,200,16684.505559
5685.436025,0.83,0.835,200,16689.208736
5645.96188,0.855,0.855,200,16693.939489
5680.857353,0.825,0.825,200,16698.569808
5695.545329,0.835,0.835,200,16703.192276
5714.556577,0.82,0.84,200,16707.971059
5761.413908,0.845,0.855,200,16712.662824
5697.06458,0.855,0.855,200,16717.385775
5790.479261,0.865,0.88,200,16722.081642
5750.505156,0.825,0.85,200,16726.645919
5715.145285,0.845,0.845,200,16733.60363
5736.971355,0.85,0.85,200,16738.338488
5705.755568,0.825,0.825,200,16743.042059
5699.44604,0.815,0.815,200,16747.790467
5691.49562,0.83,0.83,200,16752.576294
5671.000684,0.825,0.85,200,16757.239324
5774.915335,0.87,0.87,200,16761.955928
5726.224398,0.84,0.84,200,16766.607892
5790.704886,0.875,0.875,200,16771.259279
5803.567534,0.89,0.89,200,16776.087181
5741.07137,0.84,0.845,200,16782.978299
5642.338353,0.87,0.87,200,16787.871511
5683.087952,0.845,0.85,200,16792.573899
5687.795465,0.845,0.85,200,16797.18718
5742.369383,0.85,0.85,200,16801.784953
5704.353796,0.815,0.815,200,16806.621988
5788.483785,0.875,0.875,200,16811.323212
4746.548654,0.88,0.88,200,16816.092041
5716.839431,0.805,0.82,200,16820.865528
5736.786222,0.845,0.85,200,16825.624881
5597.6206,0.865,0.87,200,16832.505396
5717.011992,0.82,0.83,200,16837.285698
5712.037242,0.83,0.835,200,16841.860343
5753.454004,0.875,0.88,200,16846.609451
5778.310716,0.865,0.865,200,16851.28155
5657.416073,0.85,0.85,200,16855.937747
5707.772586,0.815,0.815,200,16860.722515
5661.93796,0.81,0.825,200,16865.346241
5782.321728,0.865,0.87,200,16869.87333
5682.269068,0.86,0.86,200,16874.569676
5759.70806,0.87,0.87,200,16881.549323
4859.127976,0.865,0.87,200,16886.176884
5631.96837,0.81,0.815,200,16890.793563
5679.24997,0.845,0.845,200,16895.555651
5796.50155,0.875,0.88,200,16900.36012
5703.091435,0.805,0.81,200,16905.115322
5113.853046,0.88,0.88,200,16909.874713
5435.133666,0.805,0.845,200,16914.52791
5690.325958,0.83,0.845,200,16919.277873
5669.541423,0.79,0.79,200,16923.859694
5595.505174,0.855,0.855,200,16930.75573
5407.454673,0.855,0.865,200,16935.452331
5718.858537,0.825,0.835,200,16940.000153
5739.074134,0.855,0.87,200,16944.617478
5495.841832,0.845,0.85,200,16949.345616
5773.320429,0.875,0.88,200,16954.097768
5783.462018,0.865,0.87,200,16958.89634
5691.46927,0.835,0.855,200,16963.590056
5727.193889,0.85,0.85,200,16968.265587
5691.528656,0.825,0.83,200,16973.042821
5682.583126,0.82,0.83,200,16979.661378
5641.264038,0.855,0.89,200,16984.343021
5406.12953,0.86,0.87,200,16988.916255
5718.950575,0.83,0.83,200,16993.508151
5752.608363,0.87,0.885,200,16998.08777
5617.791882,0.815,0.815,200,17002.637554
5690.967778,0.835,0.845,200,17007.370938
5406.194197,0.86,0.86,200,17011.872887
5782.898104,0.86,0.87,200,17016.383209
5005.902495,0.865,0.88,200,17020.929867
5685.016065,0.805,0.805,200,17027.806133
5672.449509,0.81,0.82,200,17032.247835
5650.455015,0.825,0.825,200,17036.758701
5682.167801,0.855,0.855,200,17041.255955
5784.539392,0.865,0.87,200,17045.838928
5775.505069,0.865,0.865,200,17050.353153
5787.435743,0.85,0.87,200,17054.845325
5719.406222,0.825,0.84,200,17059.308145
4813.087942,0.85,0.87,200,17063.731501
5790.469803,0.88,0.88,200,17068.309268
5608.273469,0.845,0.86,200,17075.106906
5163.995453,0.865,0.865,200,17079.592347
5702.963027,0.835,0.835,200,17084.186666
5658.852916,0.845,0.85,200,17088.629523
5610.454287,0.82,0.86,200,17093.111669
5786.56216,0.87,0.875,200,17097.791782
5778.86089,0.86,0.865,200,17102.44025
5549.458409,0.88,0.88,200,17107.088053
4583.137454,0.86,0.87,200,17111.57592
5158.261624,0.88,0.88,200,17116.081693
5382.324882,0.85,0.87,200,17122.947115
5697.452407,0.85,0.865,200,17127.654827
5704.353108,0.82,0.82,200,17132.250379
5765.219558,0.865,0.865,200,17136.83024
5197.428452,0.865,0.87,200,17141.434856
5814.980858,0.895,0.895,200,17146.140276
5766.764123,0.86,0.86,200,17150.599429
5672.530047,0.82,0.82,200,17155.211442
5659.099288,0.87,0.895,200,17159.757308
5632.840003,0.815,0.815,200,17164.311867
5370.051278,0.87,0.87,200,17170.954772
4970.995236,0.87,0.87,200,17175.506897
5723.972732,0.845,0.845,200,17180.14045
5206.576525,0.86,0.88,200,17184.726706
5771.675224,0.86,0.865,200,17189.383241
5787.889881,0.87,0.875,200,17194.045872
5363.902643,0.87,0.87,200,17198.458669
5687.684262,0.86,0.875,200,17203.206455
5640.566983,0.815,0.82,200,17208.021219
5773.454543,0.86,0.875,200,17212.842923
5768.5222,0.855,0.865,200,17219.742274
5184.482547,0.855,0.88,200,17224.446537
5780.903477,0.87,0.87,200,17229.159686
5488.815113,0.865,0.865,200,17233.901809
5702.453677,0.855,0.855,200,17238.582432
5710.125647,0.855,0.86,200,17243.374945
5775.950333,0.87,0.875,200,17248.103354
5707.244976,0.845,0.845,200,17252.925833
5714.380981,0.835,0.84,200,17257.662423
5689.81281,0.855,0.885,200,17262.347762
5628.509291,0.845,0.875,200,17269.458576
5691.400456,0.86,0.875,200,17274.194878
5796.992743,0.875,0.88,200,17278.925517
4166.152507,0.885,0.885,200,17283.545612
5684.1494,0.84,0.84,200,17288.225926
5005.572722,0.875,0.875,200,17292.976383
5702.745438,0.825,0.845,200,17297.798682
5692.098342,0.885,0.885,200,17302.552035
5625.071771,0.86,0.88,200,17307.334095
5605.079061,0.8,0.805,200,17311.978285
5679.439348,0.84,0.84,200,17318.951039
5698.155387,0.83,0.835,200,17323.704311
5675.326583,0.86,0.865,200,17328.259816
5712.158872,0.845,0.845,200,17333.012028
5742.408135,0.87,0.87,200,17337.763428
5686.221442,0.85,0.855,200,17342.459139
5711.825367,0.825,0.825,200,17347.273087
5707.57682,0.84,0.84,200,17352.027901
5782.283656,0.865,0.87,200,17356.735882
5681.006381,0.825,0.825,200,17361.465514
5688.922414,0.805,0.81,200,17368.370657
5788.139989,0.875,0.875,200,17372.95669
5678.741431,0.87,0.88,200,17377.559869
5686.209577,0.865,0.865,200,17382.123017
5637.863091,0.815,0.815,200,17386.813962
5754.254201,0.875,0.875,200,17391.4492
5698.673228,0.815,0.815,200,17396.096846
5654.983373,0.855,0.88,200,17400.758623
5713.272698,0.85,0.855,200,17405.216297
5765.966237,0.865,0.865,200,17409.938269
5671.208984,0.81,0.825,200,17416.536378
5713.84615,0.83,0.84,200,17421.087814
5738.479621,0.845,0.845,200,17425.737344
5525.941527,0.805,0.87,200,17430.28281
5667.145055,0.81,0.825,200,17434.941601
5701.882506,0.845,0.845,200,17439.412801
5699.910665,0.815,0.815,200,17444.004044
5689.34563,0.83,0.85,200,17448.437674
5698.982108,0.82,0.82,200,17452.875649
5714.540693,0.835,0.835,200,17457.271704
5793.512873,0.88,0.88,200,17464.045679
5758.510716,0.86,0.86,200,17468.662011
5670.547676,0.85,0.85,200,17473.098292
5785.597424,0.855,0.87,200,17477.676033
5750.789186,0.865,0.865,200,17482.21927
5790.609347,0.87,0.87,200,17486.664228
5594.12182,0.845,0.875,200,17491.249461
5668.798806,0.845,0.855,200,17495.673037
5702.886914,0.85,0.85,200,17500.202545
5780.177553,0.86,0.865,200,17504.571668
5580.396778,0.85,0.85,200,17511.201786
5722.936547,0.84,0.84,200,17515.698418
5700.965652,0.825,0.835,200,17520.291378
5690.462031,0.81,0.81,200,17524.900342
5705.117898,0.835,0.835,200,17529.443324
4357.235271,0.875,0.875,200,17534.057695
5762.643576,0.88,0.88,200,17538.637179
5717.549381,0.87,0.88,200,17543.226102
5707.130097,0.825,0.835,200,17547.811638
5776.891473,0.865,0.865,200,17552.488325
5208.369052,0.68,0.68,200,17559.258003
5688.200561,0.8,0.805,200,17563.876244
5329.846141,0.89,0.89,200,17568.512533
5711.50086,0.845,0.845,200,17573.08083
5774.486122,0.865,0.88,200,17577.766268
5780.654937,0.86,0.865,200,17582.270306
5712.027591,0.82,0.82,200,17586.844985
5573.368278,0.855,0.875,200,17591.529201
5732.918868,0.865,0.88,200,17596.01423
5411.342733,0.87,0.88,200,17600.702523
5757.445684,0.86,0.865,200,17607.590532
5719.455324,0.835,0.84,200,17612.235465
5773.857049,0.865,0.87,200,17616.873076
5677.664415,0.83,0.85,200,17621.46467
5770.787517,0.865,0.895,200,17626.020019
5766.031991,0.855,0.855,200,17630.622456
5684.208694,0.825,0.83,200,17635.22989
5626.846234,0.865,0.875,200,17639.778014
5674.045546,0.875,0.89,200,17644.42982
5712.428371,0.83,0.83,200,17649.141428
5698.729921,0.825,0.825,200,17656.03679
5781.214951,0.865,0.87,200,17660.682792
5175.577901,0.855,0.855,200,17665.312976
5702.127999,0.845,0.845,200,17669.836635
5788.624081,0.865,0.87,200,17674.276219
5733.607292,0.87,0.875,200,17678.804384
5651.02947,0.84,0.865,200,17683.451419
5675.594931,0.825,0.83,200,17688.08688
4898.953512,0.875,0.875,200,17692.829234
5649.642781,0.84,0.845,200,17697.495314
5695.220559,0.805,0.81,200,17704.234444
5800.550325,0.885,0.89,200,17708.822435
5723.818933,0.85,0.875,200,17713.279277
5528.234074,0.82,0.87,200,17717.909888
5733.346212,0.855,0.86,200,17722.431326
5671.610018,0.85,0.865,200,17726.973811
5692.819412,0.85,0.85,200,17731.455165
4974.41455,0.695,0.725,200,17736.038172
5749.619505,0.855,0.855,200,17740.559515
5682.905836,0.85,0.86,200,17744.92831
5773.727175,0.86,0.86,200,17751.59107
5417.077885,0.87,0.87,200,17756.182796
5707.804915,0.82,0.825,200,17760.780005
5776.712391,0.86,0.875,200,17765.248384
5701.426986,0.845,0.845,200,17769.777664
5785.843922,0.865,0.875,200,17774.191637
5670.829369,0.825,0.83,200,17778.814456
5712.222798,0.85,0.865,200,17783.461993
5711.634577,0.82,0.82,200,17788.0379
5694.009328,0.86,0.865,200,17792.628108
5732.57756,0.845,0.845,200,17799.424697
5681.114483,0.83,0.83,200,17804.040711
5776.224786,0.88,0.885,200,17808.67636
5724.505113,0.845,0.845,200,17813.211125
5795.387628,0.875,0.885,200,17817.748737
5782.561144,0.87,0.87,200,17822.269631
5765.715527,0.865,0.87,200,17826.905649
5677.393846,0.84,0.85,200,17831.458078
5724.163017,0.88,0.88,200,17836.120891
5780.683116,0.88,0.88,200,17840.565784
5570.230966,0.805,0.875,200,17847.308005
5704.866656,0.85,0.865,200,17851.775915
5741.58291,0.86,0.865,200,17856.253839
5692.371234,0.81,0.81,200,17860.721973
5671.584671,0.815,0.815,200,17865.247752
5694.413654,0.83,0.83,200,17869.810793
5765.539316,0.865,0.87,200,17874.332672
5643.315013,0.87,0.88,200,17878.98986
5565.322668,0.815,0.855,200,17883.448783
5242.713845,0.87,0.87,200,17887.988388
5618.066104,0.865,0.865,200,17894.586186
5706.068923,0.85,0.85,200,17899.162713
5696.088052,0.825,0.825,200,17903.750243
5692.745627,0.825,0.83,200,17908.274379
5624.405638,0.805,0.81,200,17912.72993
5736.800089,0.85,0.85,200,17917.263527
5718.294705,0.835,0.865,200,17921.909712
5751.684596,0.86,0.86,200,17926.50566
5709.064969,0.825,0.825,200,17930.962941
5721.22738,0.86,0.865,200,17935.454445
5575.978065,0.855,0.875,200,17942.238806
5783.189011,0.875,0.875,200,17946.717012
5765.213268,0.85,0.86,200,17951.255327
5706.324229,0.84,0.84,200,17955.806142
5691.440316,0.865,0.875,200,17960.401575
5697.774095,0.815,0.815,200,17965.033865
5785.246073,0.87,0.87,200,17969.722955
5463.282659,0.805,0.865,200,17974.334541
5631.758906,0.845,0.89,200,17978.763302
5496.750351,0.87,0.87,200,17983.303069
5685.444552,0.855,0.865,200,17990.09802
5767.017499,0.86,0.86,200,17994.604645
5656.356329,0.865,0.87,200,17999.328972
5541.586225,0.87,0.875,200,18003.924005
5706.147197,0.835,0.835,200,18008.621639
5713.202828,0.845,0.845,200,18013.298051
5682.327971,0.825,0.825,200,18017.897175
5709.240566,0.84,0.845,200,18022.323291
5790.457792,0.87,0.88,200,18026.838962
5767.925804,0.87,0.87,200,18031.25723
5698.474795,0.84,0.845,200,18038.058096
5613.139334,0.845,0.85,200,18042.722289
5739.335787,0.835,0.85,200,18047.307612
5640.803376,0.855,0.86,200,18051.84798
5259.012106,0.86,0.865,200,18056.339502
5177.0428,0.88,0.88,200,18060.930285
5337.086434,0.815,0.815,200,18065.488611
5786.304099,0.87,0.87,200,18069.957637
5783.464954,0.87,0.87,200,18074.407749
5778.397051,0.865,0.88,200,18078.943042
5783.868011,0.875,0.88,200,18085.523741
5710.520145,0.835,0.84,200,18089.95466
5709.551875,0.86,0.875,200,18094.340796
5676.503009,0.82,0.82,200,18098.517009
5688.44996,0.805,0.81,200,18102.664952
5712.213861,0.835,0.835,200,18106.980551
5045.025104,0.865,0.87,200,18111.497464
5743.149804,0.865,0.875,200,18116.131649
5716.939314,0.83,0.84,200,18120.805606
5780.666384,0.865,0.865,200,18125.50984
5692.120316,0.855,0.855,200,18132.570528
5791.474881,0.86,0.875,200,18137.13492
5607.990719,0.865,0.89,200,18141.646771
5547.301596,0.86,0.865,200,18146.157669
4852.815538,0.875,0.875,200,18150.733074
5688.320622,0.835,0.835,200,18155.348119
5781.710338,0.86,0.865,200,18159.940984
5761.055128,0.865,0.875,200,18164.445546
5539.638176,0.855,0.86,200,18168.883891
5313.600866,0.86,0.87,200,18173.398793
5739.119102,0.845,0.86,200,18180.135918
5738.843052,0.855,0.855,200,18184.669862
5708.013316,0.815,0.815,200,18189.1939
5201.027335,0.855,0.86,200,18193.659456
5655.87329,0.86,0.86,200,18198.107727
5708.924309,0.83,0.83,200,18202.32041
5373.148316,0.87,0.87,200,18206.658817
5727.336498,0.865,0.865,200,18210.901357
5705.091777,0.83,0.83,200,18215.462977
5701.269366,0.83,0.835,200,18220.000119
5762.654962,0.855,0.86,200,18226.882508
5798.53226,0.88,0.88,200,18231.50596
5708.070596,0.83,0.835,200,18236.100492
5472.535966,0.835,0.875,200,18240.766342
5782.466002,0.87,0.87,200,18245.311268
5084.946691,0.87,0.89,200,18249.816949
5785.834079,0.87,0.87,200,18254.501476
5778.400079,0.865,0.865,200,18259.084695
5491.670343,0.86,0.865,200,18263.76653
5705.976754,0.835,0.835,200,18268.39687
5770.536305,0.875,0.875,200,18274.976141
5693.764607,0.805,0.81,200,18279.555611
5677.507034,0.82,0.825,200,18284.177993
5739.07252,0.845,0.845,200,18288.820833
5788.758619,0.875,0.885,200,18293.521943
5659.992867,0.81,0.81,200,18298.204529
5627.415713,0.86,0.86,200,18302.896787
5740.248473,0.865,0.87,200,18307.443557
5462.408146,0.87,0.87,200,18312.06733
5250.13424,0.89,0.89,200,18316.769878
5420.222563,0.73,0.735,200,18323.65292
5628.608404,0.805,0.81,200,18328.323583
5756.844313,0.87,0.88,200,18332.906316
5777.951094,0.855,0.86,200,18337.589892
5646.909647,0.81,0.825,200,18342.244059
5705.547856,0.815,0.82,200,18346.858853
5736.683144,0.85,0.85,200,18351.64898
5695.052376,0.865,0.865,200,18356.444169
5714.916038,0.83,0.84,200,18361.09601
5715.677708,0.865,0.875,200,18365.82378
5695.301277,0.81,0.815,200,18372.800798
5721.529165,0.845,0.855,200,18377.39075
5808.217017,0.89,0.89,200,18382.173082
5214.073182,0.865,0.865,200,18386.982829
5758.968828,0.855,0.855,200,18391.733981
5693.823581,0.835,0.835,200,18396.578442
5663.285427,0.82,0.82,200,18401.163841
5753.57786,0.85,0.865,200,18405.791876
5457.74085,0.87,0.87,200,18410.432719
5633.562773,0.815,0.815,200,18415.13876
5756.507478,0.855,0.855,200,18421.877917
5318.344271,0.875,0.875,200,18426.349763
5682.7854,0.86,0.875,200,18430.903609
5790.391705,0.87,0.87,200,18435.542323
5515.022331,0.86,0.86,200,18440.216787
5632.278864,0.875,0.88,200,18444.870008
4224.160391,0.88,0.885,200,18449.568634
5562.65288,0.86,0.88,200,18454.207769
5791.601123,0.865,0.875,200,18459.018187
5578.746635,0.855,0.875,200,18463.703858
5723.659895,0.855,0.855,200,18470.489779
4880.72735,0.885,0.885,200,18475.13406
5724.131862,0.855,0.87,200,18479.848338
5548.319505,0.86,0.87,200,18484.607672
5779.451089,0.86,0.865,200,18489.300497
5703.352773,0.84,0.85,200,18494.046289
5708.284978,0.86,0.885,200,18498.716962
5759.626173,0.87,0.87,200,18503.430965
5794.463288,0.895,0.895,200,18508.042882
5743.426589,0.85,0.85,200,18512.670516
5703.223656,0.835,0.835,200,18519.565759
5703.581543,0.825,0.825,200,18524.215096
5702.290394,0.81,0.815,200,18528.991675
5756.504707,0.86,0.86,200,18533.740811
5704.031978,0.845,0.85,200,18538.344244
5740.175345,0.855,0.855,200,18542.96949
5282.587249,0.645,0.66,200,18547.559553
5738.299011,0.845,0.845,200,18552.127587
5597.559027,0.855,0.875,200,18556.611374
5666.122062,0.865,0.87,200,18560.920844
5784.367673,0.88,0.885,200,18567.734433
5664.018311,0.85,0.86,200,18572.303592
5694.369858,0.8,0.81,200,18576.964156
5678.044902,0.82,0.82,200,18581.565902
5791.866566,0.87,0.87,200,18586.215043
5617.801779,0.85,0.86,200,18590.985315
5707.287412,0.84,0.84,200,18595.642242
5597.426855,0.795,0.81,200,18600.394003
5630.508769,0.845,0.88,200,18605.044991
5713.18127,0.845,0.85,200,18609.588759
5781.05181,0.875,0.88,200,18616.487609
5721.822555,0.855,0.865,200,18621.218163
5804.885694,0.88,0.89,200,18625.91377
5775.29648,0.865,0.865,200,18630.583964
5700.15493,0.82,0.82,200,18635.366967
5682.200872,0.83,0.83,200,18640.030337
5706.228295,0.815,0.815,200,18644.636446
5724.546508,0.855,0.86,200,18649.165627
5663.622675,0.865,0.865,200,18653.575487
5756.313157,0.86,0.86,200,18658.016423
5719.526666,0.865,0.875,200,18664.59344
5404.074812,0.86,0.86,200,18669.059629
5793.900605,0.88,0.88,200,18673.527877
5600.706277,0.865,0.865,200,18677.882124
5419.169705,0.875,0.88,200,18682.366826
4560.441888,0.805,0.82,200,18686.858712
5787.393625,0.865,0.87,200,18691.353365
5733.645856,0.855,0.855,200,18695.96211
4959.069387,0.87,0.88,200,18700.509944
5809.335533,0.895,0.895,200,18705.032401
5536.880025,0.87,0.87,200,18711.816209
5717.073213,0.84,0.84,200,18716.370139
5638.603096,0.82,0.82,200,18720.863151
5617.580538,0.855,0.89,200,18725.349718
5792.207066,0.885,0.885,200,18729.818409
5390.44142,0.875,0.875,200,18734.487752
5712.535499,0.825,0.825,200,18739.216088
5779.778522,0.865,0.865,200,18743.759702
5620.985998,0.8,0.82,200,18748.438108
5665.245431,0.825,0.825,200,18753.026926
5776.367197,0.87,0.875,200,18759.61544
5653.134843,0.85,0.875,200,18764.324646
5778.325634,0.87,0.875,200,18768.887431
5741.996085,0.855,0.855,200,18773.564152
5785.724914,0.885,0.885,200,18778.080252
5770.81753,0.855,0.86,200,18782.709447
5717.673326,0.845,0.845,200,18787.39951
5735.878765,0.875,0.88,200,18791.851762
5183.741282,0.85,0.86,200,18796.283748
5777.102727,0.885,0.89,200,18800.654876
5718.892826,0.83,0.83,200,18807.191532
5036.084242,0.725,0.76,200,18811.610732
5801.723569,0.89,0.89,200,18816.10421
5714.159882,0.85,0.88,200,18820.681909
5530.714549,0.865,0.865,200,18825.15748
5643.056486,0.855,0.875,200,18829.583465
5789.617226,0.87,0.875,200,18834.053281
5692.283182,0.855,0.855,200,18838.493167
5726.236666,0.845,0.845,200,18842.927084
5751.338662,0.87,0.875,200,18847.42107
5706.775772,0.845,0.845,200,18854.397105
5649.368556,0.81,0.815,200,18859.106942
5797.140767,0.89,0.89,200,18863.603569
5712.989186,0.86,0.865,200,18868.082623
5572.399663,0.85,0.865,200,18872.685316
4895.192904,0.7,0.725,200,18877.097928
5691.435942,0.865,0.87,200,18881.558324
5439.634702,0.725,0.725,200,18885.92395
5091.266037,0.88,0.88,200,18890.463777
5699.897958,0.815,0.815,200,18895.037931
5475.682158,0.82,0.865,200,18901.876818
5760.350317,0.86,0.86,200,18906.598906
5647.504506,0.81,0.855,200,18911.036922
5501.465535,0.84,0.885,200,18915.501518
5700.779248,0.82,0.84,200,18919.977025
5730.364772,0.83,0.845,200,18924.499107
5794.522303,0.875,0.88,200,18929.008907
5713.920351,0.83,0.83,200,18933.522894
5712.171712,0.855,0.86,200,18938.008387
5764.647061,0.87,0.87,200,18942.526706
5773.553276,0.865,0.865,200,18949.130855
5679.865993,0.855,0.865,200,18953.609547
5675.598646,0.86,0.87,200,18958.105968
5788.662609,0.86,0.87,200,18962.796623
5721.17433,0.875,0.88,200,18967.585088
5629.994572,0.81,0.815,200,18972.310096
5766.599919,0.865,0.87,200,18977.007989
5717.872173,0.84,0.84,200,18981.790949
5702.606589,0.835,0.845,200,18986.341659
5786.605022,0.885,0.885,200,18990.842806
5697.215148,0.845,0.845,200,18997.711879
5688.865054,0.805,0.805,200,19002.246069
5692.321831,0.845,0.85,200,19006.811861
5785.148773,0.865,0.865,200,19011.299246
5730.954774,0.85,0.85,200,19015.891819
5707.830596,0.805,0.83,200,19020.47989
5367.293719,0.84,0.86,200,19025.025596
5606.95781,0.85,0.88,200,19029.592471
5715.763332,0.865,0.865,200,19034.25272
5784.669372,0.88,0.88,200,19038.759212
5803.942548,0.89,0.895,200,19045.74082
5765.613672,0.86,0.86,200,19050.270303
5649.429456,0.85,0.85,200,19054.798863
5738.110528,0.84,0.84,200,19059.47187
5699.332844,0.81,0.81,200,19064.220005
5675.460227,0.825,0.825,200,19068.681018
5728.303798,0.845,0.85,200,19073.175928
5674.770626,0.865,0.88,200,19077.6886
5659.507567,0.825,0.825,200,19082.198016
5783.772645,0.86,0.865,200,19086.769803
5577.907957,0.835,0.86,200,19093.460405
5687.402701,0.795,0.81,200,19097.981063
5670.582893,0.83,0.83,200,19102.510916
5717.694255,0.845,0.845,200,19106.984706
5792.384538,0.875,0.88,200,19111.453968
5781.709007,0.87,0.87,200,19115.956317
5224.315121,0.88,0.88,200,19120.327127
5550.963455,0.845,0.88,200,19124.77209
5736.291594,0.835,0.845,200,19129.408251
5543.578426,0.825,0.88,200,19133.853681
5763.407703,0.845,0.855,200,19140.472105
5761.26469,0.845,0.855,200,19145.012556
5706.658087,0.845,0.845,200,19149.568887
5354.544354,0.855,0.89,200,19154.061688
5722.833057,0.855,0.865,200,19158.606638
5699.010644,0.81,0.815,200,19163.176403
5775.751035,0.88,0.88,200,19167.689599
5744.033319,0.835,0.85,200,19172.149003
5793.306112,0.875,0.88,200,19176.713649
5708.098659,0.82,0.82,200,19181.327974
5652.980227,0.82,0.82,200,19188.213142
5788.733299,0.885,0.885,200,19192.731803
5617.498931,0.86,0.885,200,19197.204645
5686.597611,0.86,0.86,200,19201.845966
5697.664305,0.86,0.86,200,19206.317315
5194.042132,0.865,0.88,200,19211.045781
5700.580165,0.82,0.835,200,19215.565971
4915.451217,0.665,0.71,200,19220.177331
5711.816295,0.825,0.83,200,19224.716228
5696.794855,0.855,0.855,200,19229.235092
5605.040076,0.87,0.87,200,19236.066329
5762.774537,0.865,0.865,200,19240.574736
5716.172122,0.845,0.845,200,19245.136487
5449.33476,0.86,0.865,200,19249.629545
5707.143312,0.81,0.82,200,19254.173583
5720.023752,0.835,0.855,200,19258.736029
5366.848309,0.805,0.805,200,19263.336906
3925.543354,0.485,0.49,200,19267.956454
5695.284141,0.83,0.83,200,19272.528359
5702.793599,0.85,0.85,200,19277.211826
5480.580063,0.89,0.89,200,19283.980573
5796.965264,0.875,0.875,200,19288.538414
5735.009484,0.845,0.85,200,19293.162469
5631.698824,0.82,0.82,200,19297.786532
5156.446065,0.875,0.875,200,19302.390841
5781.645001,0.87,0.88,200,19306.891341
5718.887784,0.83,0.84,200,19311.269118
5283.689089,0.875,0.875,200,19315.704638
5735.691772,0.85,0.85,200,19320.133218
5690.749908,0.835,0.835,200,19324.643761
5743.426068,0.845,0.855,200,19331.304534
5765.666393,0.875,0.885,200,19335.844767
5785.667649,0.865,0.87,200,19340.392528
5779.593474,0.865,0.865,200,19345.03468
5776.405988,0.87,0.88,200,19349.580118
5790.886329,0.87,0.88,200,19354.163945
5804.703544,0.88,0.885,200,19358.497007
5749.122335,0.86,0.865,200,19363.128619
3921.739283,0.31,0.335,200,19367.67518
5614.123758,0.855,0.855,200,19372.161922
5570.714733,0.85,0.865,200,19378.857239
5723.359338,0.845,0.845,200,19383.314845
5692.37502,0.855,0.875,200,19387.850859
5162.34083,0.875,0.88,200,19392.489655
5650.053843,0.865,0.865,200,19397.13788
5743.601778,0.84,0.85,200,19401.753376
5765.79795,0.87,0.87,200,19406.310835
5718.491614,0.82,0.83,200,19410.730678
5619.428629,0.86,0.86,200,19415.474405
5690.910464,0.81,0.81,200,19420.10501
5706.245686,0.815,0.815,200,19426.891313
5702.003016,0.85,0.855,200,19431.425127
5763.681144,0.88,0.885,200,19436.101842
5713.652756,0.82,0.825,200,19440.743874
5710.209034,0.85,0.855,200,19445.385618
5678.373685,0.84,0.855,200,19450.06104
5777.414986,0.85,0.865,200,19454.758575
5684.804457,0.865,0.865,200,19459.286824
5795.249847,0.89,0.89,200,19463.784745
5629.778863,0.785,0.785,200,19468.453267
5710.520096,0.825,0.825,200,19475.461282
5576.102872,0.89,0.89,200,19480.138827
5278.077962,0.86,0.86,200,19484.779721
5699.630014,0.83,0.84,200,19489.496786
5669.518533,0.825,0.825,200,19494.122315
5726.647839,0.845,0.845,200,19498.740885
5717.850234,0.855,0.87,200,19503.401716
5450.19076,0.87,0.875,200,19508.132006
5771.956829,0.85,0.86,200,19512.741093
5293.323381,0.58,0.585,200,19517.443177
5060.420616,0.86,0.875,200,19524.300024
5231.974873,0.625,0.63,200,19528.984414
5735.080984,0.86,0.885,200,19533.498371
5510.560742,0.845,0.875,200,19538.174529
5792.482145,0.875,0.875,200,19542.81944
5777.927612,0.865,0.865,200,19547.46544
5777.89645,0.87,0.88,200,19552.135397
5600.380572,0.86,0.86,200,19556.676332
5731.436493,0.865,0.87,200,19561.246298
5744.335971,0.875,0.89,200,19565.83159
5725.45707,0.845,0.845,200,19572.419383
5773.044181,0.88,0.885,200,19577.051394
5666.737638,0.83,0.83,200,19581.599985
5753.031366,0.87,0.88,200,19586.18717
5768.97446,0.86,0.885,200,19590.824032
5782.996554,0.87,0.87,200,19595.582069
5712.99104,0.82,0.84,200,19600.240238
5708.173638,0.84,0.84,200,19604.834198
5625.976098,0.85,0.885,200,19609.525026
5780.609586,0.86,0.86,200,19614.308439
5710.689524,0.83,0.83,200,19621.207545
4833.362279,0.87,0.87,200,19625.684657
5664.383439,0.87,0.875,200,19630.371034
5787.162255,0.87,0.87,200,19634.94354
5704.023231,0.84,0.85,200,19639.697032
5762.10129,0.875,0.88,200,19644.297206
5755.803176,0.855,0.855,200,19648.991176
5645.959284,0.88,0.885,200,19653.690878
5789.22151,0.88,0.88,200,19658.415626
5784.671412,0.85,0.87,200,19663.072032
5766.033584,0.86,0.86,200,19669.909974
5796.767289,0.875,0.875,200,19674.63338
5754.26864,0.85,0.85,200,19679.285419
5647.65493,0.845,0.875,200,19683.863308
5690.892858,0.825,0.825,200,19688.363894
5766.414632,0.85,0.86,200,19693.004685
5715.055054,0.845,0.845,200,19697.508305
4021.450554,0.455,0.52,200,19702.107081
5757.36922,0.87,0.88,200,19706.757999
5783.816713,0.865,0.885,200,19711.344635
5720.288255,0.83,0.83,200,19718.135047
5777.849208,0.87,0.875,200,19722.759762
3972.855573,0.69,0.7,200,19727.271957
5764.92374,0.87,0.88,200,19731.976945
5758.077276,0.865,0.87,200,19736.473996
5724.26312,0.865,0.865,200,19741.031685
5535.863808,0.855,0.88,200,19745.588095
5688.64733,0.845,0.855,200,19750.312977
5700.50214,0.84,0.855,200,19754.90208
5674.793562,0.85,0.855,200,19759.596784
5704.772906,0.83,0.83,200,19766.47524
5771.582899,0.865,0.865,200,19771.036298
5723.225242,0.835,0.835,200,19775.775141
5780.851412,0.87,0.87,200,19780.478647
5745.532755,0.845,0.845,200,19785.075832
5785.186757,0.86,0.87,200,19789.620374
5247.705758,0.855,0.875,200,19794.251212
5684.340408,0.825,0.825,200,19798.87023
5713.13489,0.84,0.84,200,19803.612104
5679.320934,0.865,0.875,200,19808.298805
5726.578586,0.845,0.85,200,19815.389018
5694.543083,0.805,0.805,200,19820.188524
5084.642595,0.57,0.575,200,19824.89742
5629.815342,0.81,0.81,200,19829.539917
5705.109826,0.825,0.825,200,19834.260779
5797.089844,0.88,0.88,200,19838.917695
5742.888652,0.855,0.855,200,19843.496207
5792.993661,0.865,0.875,200,19848.196671
5672.187626,0.86,0.86,200,19852.803888
5743.179258,0.86,0.86,200,19857.516903
5746.143324,0.85,0.85,200,19864.107174
5710.618734,0.83,0.83,200,19868.524772
5789.906891,0.87,0.875,200,19873.133835
5478.708482,0.855,0.855,200,19877.59165
5787.255189,0.875,0.88,200,19881.97862
5128.700623,0.715,0.715,200,19886.431682
5766.598343,0.865,0.865,200,19890.988867
5701.36696,0.86,0.865,200,19895.564941
5795.155096,0.865,0.88,200,19900.143144
5711.153871,0.855,0.865,200,19904.779734
4891.095694,0.875,0.88,200,19911.692687
5654.52955,0.87,0.87,200,19916.142926
5801.043824,0.885,0.885,200,19920.708531
5639.82574,0.815,0.815,200,19925.144951
5692.993307,0.815,0.815,200,19929.804451
5747.154179,0.86,0.875,200,19934.482056
5762.338002,0.86,0.86,200,19939.232733
5700.235148,0.815,0.815,200,19943.913334
5782.946147,0.86,0.87,200,19948.576795
5707.659101,0.805,0.825,200,19953.215251
5649.752008,0.81,0.82,200,19960.139994
5801.405327,0.875,0.885,200,19964.876487
5648.896151,0.865,0.87,200,19969.650094
5771.192175,0.855,0.87,200,19974.344252
5625.056772,0.815,0.815,200,19979.048507
5297.034176,0.865,0.865,200,19983.689261
5716.641645,0.825,0.825,200,19988.201656
5662.761076,0.82,0.82,200,19992.90357
5799.99184,0.87,0.88,200,19997.44322
5653.861051,0.865,0.87,200,20002.133929
5788.20326,0.86,0.875,200,20008.985935
5754.596346,0.865,0.88,200,20013.494306
5510.299519,0.87,0.87,200,20018.241233
5756.31269,0.85,0.855,200,20022.96793
5702.337718,0.795,0.815,200,20027.554168
5249.222047,0.875,0.875,200,20032.219636
5708.368411,0.82,0.825,200,20036.819099
5710.986354,0.81,0.82,200,20041.461545
5710.989996,0.83,0.835,200,20046.067016
5781.089904,0.87,0.87,200,20050.50265
5719.580026,0.845,0.845,200,20057.146707
5572.482559,0.865,0.865,200,20061.774091
5782.665274,0.87,0.875,200,20066.327722
5704.614414,0.81,0.81,200,20070.926867
5779.358559,0.88,0.9,200,20075.537306
5694.66514,0.84,0.84,200,20080.137567
5785.302083,0.86,0.865,200,20084.848951
5628.690181,0.865,0.865,200,20089.357938
5688.586652,0.865,0.865,200,20093.840204
5729.945062,0.855,0.865,200,20098.390585
5671.243563,0.81,0.825,200,20105.259261
5116.618831,0.875,0.875,200,20109.75674
5491.134855,0.87,0.87,200,20114.398981
5689.590557,0.85,0.88,200,20119.127499
5724.44234,0.86,0.86,200,20123.740844
5755.274446,0.87,0.88,200,20128.419729
5728.203137,0.85,0.87,200,20132.905261
5781.072623,0.855,0.87,200,20137.175888
5704.314613,0.815,0.825,200,20141.754923
5754.135168,0.85,0.855,200,20146.31223
5648.295496,0.84,0.88,200,20153.155666
5774.586261,0.875,0.88,200,20157.596689
5789.941908,0.865,0.88,200,20162.133411
5783.108832,0.88,0.89,200,20166.616217
5780.39641,0.87,0.87,200,20171.211068
5724.238063,0.86,0.87,200,20175.826759
5619.638629,0.835,0.86,200,20180.45815
5354.380162,0.86,0.86,200,20185.101557
5740.823732,0.845,0.85,200,20189.696405
5715.542869,0.84,0.84,200,20194.31589
4385.828075,0.87,0.87,200,20201.29132
5732.476972,0.845,0.845,200,20205.864598
5632.999,0.86,0.86,200,20210.287872
5775.569484,0.875,0.875,200,20214.753387
5712.785496,0.84,0.84,200,20219.390877
5713.115167,0.82,0.83,200,20223.955486
5701.252614,0.825,0.835,200,20228.63218
5793.36185,0.88,0.885,200,20233.178907
5783.296185,0.885,0.89,200,20237.742803
5686.325611,0.84,0.86,200,20242.260429
